MODELO_URNA,NM_MUNICIPIO,ZONA,SECAO,NUMERO_URNA,LOCAL_VOTACAO,ENDERECO,BAIRRO,CEP,LATITUDE,LONGITUDE,TOTAL_ELEITORES,ACESSIBILIDADE,DATA_CARGA,CODIGO_CARGA
UE2015 (Anterior),SANTO AMARO,178,198,1680770,ESCOLA MUNICIPAL VISCONDE DE SÃO LOURENCO,POVOADO TANQUE DE SENZALA - ZONA RURAL,DISTRITO OLIVEIRA DOS CAMPINHOS,44200000,-12.3839005,-38.8150829,309,Sem acessibilidade,2026-09-25 12:46:00,538199131828201983128613
UE2015 (Anterior),SANTO AMARO,178,199,1699672,ESCOLA MUNICIPAL CORONEL JOSÉ ANTÔNIO TORRES,"PRAÇA 2 DE JULHO, S/N - ZONA RURAL",DISTRITO ACUPE,44200000,-12.6599808,-38.7466721,364,Sem acessibilidade,2026-09-25 13:02:00,124058838087261280800347
UE2015 (Anterior),SANTO AMARO,178,202,1682068,CENTRO EDUCACIONAL SENADOR PEDRO LAGO (UFRB-CECULT),"PRAÇA DOS EX-COMBATENTES, S/N - ZONA URBANA",SACRAMENTO,44200000,-12.545395,-38.7099771,315,Sem acessibilidade,2026-09-25 13:14:00,33149439878405379780603
UE2015 (Anterior),SANTO AMARO,178,203,1655053,CENTRO EDUCACIONAL MUNICIPAL JOÃO CÂNCIO,SÍTIO CAMAÇARI - ZONA RURAL,POVOADO SÍTIO CAMACARI,44200000,-12.5781325,-38.7896165,307,Sem acessibilidade,2026-09-25 13:26:00,366482876911964183381006
UE2015 (Anterior),SANTO AMARO,178,204,1655078,ESCOLA MUNICIPAL PROFESSORA MARIA NAZARETH FERREIRA FALCÃO,"RUA ALTO DO CRUZEIRO, S/N - ZONA URBANA",CANDOLÂNDIA,44200000,-12.5483202,-38.7025047,397,Sem acessibilidade,2026-09-25 13:39:00,2846620075909371158642
UE2015 (Anterior),SANTO AMARO,178,205,1656710,ESCOLA MUNICIPAL PROFESSORA MARIA DOS ANJOS SALLES BRASIL,"RUA CAMPO DA INVASÃO DA NOVA SANTO AMARO, N 46 - ZONA URBANA",NOVA SANTO AMARO,44200000,-12.5609199,-38.7013371,349,Sem acessibilidade,2026-09-25 14:20:00,103856833085390607172492
UE2015 (Anterior),SANTO AMARO,178,206,1675453,CENTRO EDUCACIONAL MUNICIPAL PROFESSORA STELA MUTTI,"PRAÇA DA PURIFICAÇÃO, S/N - ZONA URBANA",CENTRO,44200000,-12.5466231,-38.7112681,185,Sem acessibilidade,2026-09-25 14:02:00,881634727163138699832368
UE2015 (Anterior),SANTO AMARO,178,207,1676494,IFBA INST FED DE EDUC CIÊNC E TECNOL DA BAHIA-CAMPUS STO AMARO,TRAVESSA SANTO AMARO N 44 -  ZONA URBANA,BOMFIM,44200000,-12.5453763,-38.7215552,317,Sem acessibilidade,2026-09-25 14:40:00,972543924272448493927766
UE2015 (Anterior),SANTO AMARO,178,208,1672213,ESCOLA MUNICIPAL PROFESSORA MARIA ALELUIA DE OLIVEIRA,POVOADO FAZENDA PITINGA - ZONA RURAL,POVOADO PITINGA,44200000,-12.5692051,-38.7128644,202,Sem acessibilidade,2026-09-25 14:51:00,346280403209976883177195
UE2015 (Anterior),SANTO AMARO,178,209,1657647,CENTRO EDUCACIONAL MUNICIPAL LUÍS EDUARDO MAGALHÃES,"RUA DA RODAGEM, S/N - ZONA URBANA",DERBA,44200000,-12.5517754,-38.6904604,379,Sem acessibilidade,2026-09-25 15:20:00,952341121370359341840970
UE2015 (Anterior),SANTO AMARO,178,210,1666110,ESCOLA PRADO VALADARES,"RUA GENERAL OSÓRIO, S/N - ZONA URBANA",TRAPICHE DE BAIXO,44200000,-12.5576865,-38.6998652,338,Sem acessibilidade,2026-09-25 15:30:00,437189683218928008416174
UE2015 (Anterior),SANTO AMARO,178,211,1651204,IFBA INST FED DE EDUC CIÊNC E TECNOL DA BAHIA-CAMPUS STO AMARO,TRAVESSA SANTO AMARO N 44 -  ZONA URBANA,BOMFIM,44200000,-12.5453763,-38.7215552,334,Sem acessibilidade,2026-09-25 15:40:00,760422124151341153071041
UE2015 (Anterior),SANTO AMARO,178,212,1651364,IFBA INST FED DE EDUC CIÊNC E TECNOL DA BAHIA-CAMPUS STO AMARO,TRAVESSA SANTO AMARO N 44 -  ZONA URBANA,BOMFIM,44200000,-12.5453763,-38.7215552,340,Sem acessibilidade,2026-09-25 15:51:00,952341423370690596784174
UE2015 (Anterior),SANTO AMARO,178,213,1658351,ESCOLA MUNICIPAL PROFESSORA MARIA DOS ANJOS SALLES BRASIL,"RUA CAMPO DA INVASÃO DA NOVA SANTO AMARO, N 46 - ZONA URBANA",NOVA SANTO AMARO,44200000,-12.5609199,-38.7013371,349,Sem acessibilidade,2026-09-25 16:00:00,12947596476344419918231
UE2015 (Anterior),SANTO AMARO,178,214,1652952,IFBA INST FED DE EDUC CIÊNC E TECNOL DA BAHIA-CAMPUS STO AMARO,TRAVESSA SANTO AMARO N 44 -  ZONA URBANA,BOMFIM,44200000,-12.5453763,-38.7215552,215,Sem acessibilidade,2026-09-25 16:13:00,800826494055437571409092
UE2015 (Anterior),SANTO AMARO,178,215,1656045,IFBA INST FED DE EDUC CIÊNC E TECNOL DA BAHIA-CAMPUS STO AMARO,TRAVESSA SANTO AMARO N 44 -  ZONA URBANA,BOMFIM,44200000,-12.5453763,-38.7215552,216,Sem acessibilidade,2026-09-25 16:25:00,235169037298091645170696
UE2015 (Anterior),SANTO AMARO,178,216,1682182,ESCOLA MUNICIPAL FAZENDA CANOA,POVOADO CANOA - ZONA RURAL,DISTRITO OLIVEIRA DOS CAMPINHOS,44200000,-12.4528463,-38.7652068,208,Sem acessibilidade,2026-09-25 16:35:00,12947927176964909912273
UE2015 (Anterior),SANTO AMARO,178,217,1650263,ESCOLA MUNICIPAL JOSÉ DE OLIVEIRA TEIXEIRA,POVOADO CEPEL - ZONA RURAL,POVOADO CEPEL,44200000,-12.5433463,-38.8530077,178,Sem acessibilidade,2026-09-25 16:45:00,113957132486157231874786
UE2015 (Anterior),SANTO AMARO,178,219,1658226,COMPLEXO EDUC MUNIC Mª LUZIA COSTA DOS SANTOS(COMPLEXO MALU),ENTRADA DA PEDRA - ZONA RURAL,POVOADO JERICÓ,44200000,-12.5304043,-38.7336974,109,Sem acessibilidade,2026-09-25 16:58:00,487694721623826143958592
UE2015 (Anterior),SANTO AMARO,178,220,1657250,ESCOLA MUNICIPAL CORONEL JOSÉ ANTÔNIO TORRES,"PRAÇA 2 DE JULHO, S/N - ZONA RURAL",DISTRITO ACUPE,44200000,-12.6599808,-38.7466721,213,Sem acessibilidade,2026-09-25 17:15:00,447290768219321032353926
UE2015 (Anterior),SANTO ESTEVÃO,143,55,1767623,ESCOLA MUNICIPAL MARIA ORLANDA MAGALHÃES DE OLIVEIRA ,"AV. CASTRO ALVES, 303",CENTRO,44190000,-12.4292229,-39.2542698,395,Com acessibilidade,2026-09-23 08:17:00,960566867482842429358634
UE2015 (Anterior),SANTO ESTEVÃO,143,56,1768207,COLÉGIO ESTADUAL DE TEMPO INTEGRAL PROFESSORA EDITE FERREIRA FONSECA,"PRAÇA HUMBERTO ALVES NOGUEIRA, S/N, CENTRO",CENTRO,44190000,-12.4330532,-39.2514083,338,Com acessibilidade,2026-09-23 08:28:00,263596279912309276597946
UE2015 (Anterior),SANTO ESTEVÃO,143,57,1765130,COLÉGIO ESTADUAL DE TEMPO INTEGRAL PROFESSORA EDITE FERREIRA FONSECA,"PRAÇA HUMBERTO ALVES NOGUEIRA, S/N, CENTRO",CENTRO,44190000,-12.4330532,-39.2514083,338,Com acessibilidade,2026-09-23 08:38:00,374607494623504974678049
UE2015 (Anterior),SANTO ESTEVÃO,143,58,1764620,COLÉGIO ESTADUAL DE TEMPO INTEGRAL PROFESSORA EDITE FERREIRA FONSECA,"PRAÇA HUMBERTO ALVES NOGUEIRA, S/N, CENTRO",CENTRO,44190000,-12.4330532,-39.2514083,336,Com acessibilidade,2026-09-23 08:48:00,970667202183191941899224
UE2015 (Anterior),SANTO ESTEVÃO,143,59,1796280,COLÉGIO ESTADUAL DE TEMPO INTEGRAL PROFESSORA EDITE FERREIRA FONSECA,"PRAÇA HUMBERTO ALVES NOGUEIRA, S/N, CENTRO",CENTRO,44190000,-12.4330532,-39.2514083,338,Com acessibilidade,2026-09-23 08:58:00,798849139265101965276437
UE2015 (Anterior),SANTO ESTEVÃO,143,60,1765074,COLÉGIO ESTADUAL DE TEMPO INTEGRAL PROFESSORA EDITE FERREIRA FONSECA,"PRAÇA HUMBERTO ALVES NOGUEIRA, S/N, CENTRO",CENTRO,44190000,-12.4330532,-39.2514083,341,Com acessibilidade,2026-09-23 09:08:00,808950226266773766613647
UE2015 (Anterior),SANTO ESTEVÃO,143,61,1764758,COLÉGIO ESTADUAL DE TEMPO INTEGRAL PROFESSORA EDITE FERREIRA FONSECA,"PRAÇA HUMBERTO ALVES NOGUEIRA, S/N, CENTRO",CENTRO,44190000,-12.4330532,-39.2514083,339,Com acessibilidade,2026-09-23 09:18:00,81778614494149542608807
UE2015 (Anterior),SANTO ESTEVÃO,143,62,1766051,COLÉGIO ESTADUAL DE TEMPO INTEGRAL PROFESSORA EDITE FERREIRA FONSECA,"PRAÇA HUMBERTO ALVES NOGUEIRA, S/N, CENTRO",CENTRO,44190000,-12.4330532,-39.2514083,338,Com acessibilidade,2026-09-23 09:29:00,536223179539759947483415
UE2015 (Anterior),SANTO ESTEVÃO,143,63,1764381,COLÉGIO ESTADUAL DE TEMPO INTEGRAL PROFESSORA EDITE FERREIRA FONSECA,"PRAÇA HUMBERTO ALVES NOGUEIRA, S/N, CENTRO",CENTRO,44190000,-12.4330532,-39.2514083,339,Com acessibilidade,2026-09-23 09:39:00,899859646775208764537943
UE2015 (Anterior),SANTO ESTEVÃO,143,64,1765752,COLÉGIO ESTADUAL DE TEMPO INTEGRAL PROFESSORA EDITE FERREIRA FONSECA,"PRAÇA HUMBERTO ALVES NOGUEIRA, S/N, CENTRO",CENTRO,44190000,-12.4330532,-39.2514083,339,Com acessibilidade,2026-09-23 09:48:00,980768848984315856465142
UE2015 (Anterior),SANTO ESTEVÃO,143,65,1769721,COLÉGIO ESTADUAL DE TEMPO INTEGRAL PROFESSORA EDITE FERREIRA FONSECA,"PRAÇA HUMBERTO ALVES NOGUEIRA, S/N, CENTRO",CENTRO,44190000,-12.4330532,-39.2514083,336,Com acessibilidade,2026-09-23 10:00:00,51475029091542333680482
UE2015 (Anterior),SANTO ESTEVÃO,143,66,1764654,COLÉGIO ESTADUAL DE TEMPO INTEGRAL DE SANTO ESTEVÃO,"RUA DR. ANÍSIO MOREIRA ALVES, 79, CENTRO - ZONA URBANA",CENTRO,44190000,-12.4327661,-39.2532377,398,Com acessibilidade,2026-09-23 10:09:00,455415533831573409425804
UE2015 (Anterior),SANTO ESTEVÃO,143,67,1848257,COLÉGIO ESTADUAL DE TEMPO INTEGRAL DE SANTO ESTEVÃO,"RUA DR. ANÍSIO MOREIRA ALVES, 79, CENTRO - ZONA URBANA",CENTRO,44190000,-12.4327661,-39.2532377,395,Com acessibilidade,2026-09-23 10:18:00,758445948861894148024337
UE2015 (Anterior),SANTO ESTEVÃO,143,68,1767647,COLÉGIO ESTADUAL DE TEMPO INTEGRAL DE SANTO ESTEVÃO,"RUA DR. ANÍSIO MOREIRA ALVES, 79, CENTRO - ZONA URBANA",CENTRO,44190000,-12.4327661,-39.2532377,398,Com acessibilidade,2026-09-23 10:28:00,354405657121588345413610
UE2015 (Anterior),SANTO ESTEVÃO,143,69,1824279,COLÉGIO ESTADUAL DE TEMPO INTEGRAL DE SANTO ESTEVÃO,"RUA DR. ANÍSIO MOREIRA ALVES, 79, CENTRO - ZONA URBANA",CENTRO,44190000,-12.4327661,-39.2532377,400,Com acessibilidade,2026-09-23 10:38:00,31273449889358062994095
UE2015 (Anterior),SANTO ESTEVÃO,143,70,1842495,COLÉGIO ESTADUAL DE TEMPO INTEGRAL DE SANTO ESTEVÃO,"RUA DR. ANÍSIO MOREIRA ALVES, 79, CENTRO - ZONA URBANA",CENTRO,44190000,-12.4327661,-39.2532377,397,Com acessibilidade,2026-09-23 10:48:00,970499986414489078045
UE2015 (Anterior),SANTO ESTEVÃO,143,71,1763278,ESCOLA MUNICIPAL PROFESSORA MARIELZA SILVA COSTA,RUA D LOTEAMENTO BOM VIVER- LAGOA DOURADA - ZONA URBANA,CENTRO,44190000,-12.4335559,-39.2445986,242,Com acessibilidade,2026-09-23 10:59:00,970601486572191621957
UE2015 (Anterior),SANTO ESTEVÃO,143,72,1765024,ESCOLA MUNICIPAL PROFESSORA MARIELZA SILVA COSTA,RUA D LOTEAMENTO BOM VIVER- LAGOA DOURADA - ZONA URBANA,CENTRO,44190000,-12.4335559,-39.2445986,241,Com acessibilidade,2026-09-23 11:08:00,536223248039693292570961
UE2015 (Anterior),SANTO ESTEVÃO,143,73,1769623,ESCOLA MUNICIPAL PROFESSORA MARIELZA SILVA COSTA,RUA D LOTEAMENTO BOM VIVER- LAGOA DOURADA - ZONA URBANA,CENTRO,44190000,-12.4335559,-39.2445986,268,Com acessibilidade,2026-09-23 11:18:00,859455678171106530373994
UE2015 (Anterior),SANTO ESTEVÃO,143,74,1772513,ESCOLA MUNICIPAL DOM PEDRO I,AV GETÚLIO VARGAS CENTRO ,CENTRO,44190000,-12.4332973,-39.2493323,331,Com acessibilidade,2026-09-23 11:29:00,930263861979344674167287
UE2015 (Anterior),SANTO ESTEVÃO,143,75,1833629,ESCOLA MUNICIPAL DOM PEDRO I,AV GETÚLIO VARGAS CENTRO ,CENTRO,44190000,-12.4332973,-39.2493323,335,Com acessibilidade,2026-09-23 11:38:00,829152865268256659748077
UE2015 (Anterior),SANTO ESTEVÃO,143,76,1770048,ESCOLA MUNICIPAL DOM PEDRO I,AV GETÚLIO VARGAS CENTRO ,CENTRO,44190000,-12.4332973,-39.2493323,334,Com acessibilidade,2026-09-23 11:49:00,344304498520933290243329
UE2015 (Anterior),SANTO ESTEVÃO,143,77,1769420,ESCOLA MUNICIPAL DOM PEDRO I,AV GETÚLIO VARGAS CENTRO ,CENTRO,44190000,-12.4332973,-39.2493323,332,Com acessibilidade,2026-09-23 11:59:00,384708649324062501730371
UE2015 (Anterior),SANTO ESTEVÃO,143,78,1767598,ESCOLA MUNICIPAL DOM PEDRO I,AV GETÚLIO VARGAS CENTRO ,CENTRO,44190000,-12.4332973,-39.2493323,334,Com acessibilidade,2026-09-23 12:09:00,819051187467155768108407
UE2015 (Anterior),SANTO ESTEVÃO,143,79,1764999,ESCOLA MUNICIPAL DOM PEDRO I,AV GETÚLIO VARGAS CENTRO ,CENTRO,44190000,-12.4332973,-39.2493323,336,Com acessibilidade,2026-09-23 12:18:00,930263419679292824879874
UE2015 (Anterior),SANTO ESTEVÃO,143,80,1757676,GRUPO ESCOLAR ISAURO BORGES CABRAL,"PRAÇA 21 DE SETEMBRO, S/N  - ZONA URBANA",CENTRO,44190000,-12.4354342,-39.2544114,367,Com acessibilidade,2026-09-23 12:28:00,606930160946052241738106
UE2015 (Anterior),SANTO ESTEVÃO,143,81,1763943,GRUPO ESCOLAR ISAURO BORGES CABRAL,"PRAÇA 21 DE SETEMBRO, S/N  - ZONA URBANA",CENTRO,44190000,-12.4354342,-39.2544114,366,Com acessibilidade,2026-09-23 12:38:00,728142395758263470465876
UE2015 (Anterior),SANTO ESTEVÃO,143,82,1765099,GRUPO ESCOLAR ISAURO BORGES CABRAL,"PRAÇA 21 DE SETEMBRO, S/N  - ZONA URBANA",CENTRO,44190000,-12.4354342,-39.2544114,365,Com acessibilidade,2026-09-23 12:49:00,505920289936202676831343
UE2015 (Anterior),SANTO ESTEVÃO,143,83,1764989,GRUPO ESCOLAR ISAURO BORGES CABRAL,"PRAÇA 21 DE SETEMBRO, S/N  - ZONA URBANA",CENTRO,44190000,-12.4354342,-39.2544114,365,Com acessibilidade,2026-09-23 12:59:00,101980990296891361488236
UE2015 (Anterior),SANTO ESTEVÃO,143,84,1758150,ESCOLA MUNICIPAL PROFESSOR JOSÉ AGNALDO BARRETO DE ALMEIDA ,AVENIDA LUIZ VIANA   - ZONA URBANA,CENTRO,44190000,-12.4288496,-39.2471695,203,Com acessibilidade,2026-09-23 13:08:00,546324540140929284824859
UE2015 (Anterior),SANTO ESTEVÃO,143,85,1767059,ESCOLA MUNICIPAL PROFESSOR JOSÉ AGNALDO BARRETO DE ALMEIDA ,AVENIDA LUIZ VIANA   - ZONA URBANA,CENTRO,44190000,-12.4288496,-39.2471695,204,Com acessibilidade,2026-09-23 13:19:00,354405465821890507912679
UE2015 (Anterior),SANTO ESTEVÃO,143,86,1837717,ESCOLA MUNICIPAL PROFESSOR JOSÉ AGNALDO BARRETO DE ALMEIDA ,AVENIDA LUIZ VIANA   - ZONA URBANA,CENTRO,44190000,-12.4288496,-39.2471695,203,Com acessibilidade,2026-09-23 13:29:00,667536885052293245113387
UE2015 (Anterior),SANTO ESTEVÃO,143,87,1755421,ESCOLA MUNICIPAL PROFESSOR JOSÉ AGNALDO BARRETO DE ALMEIDA ,AVENIDA LUIZ VIANA   - ZONA URBANA,CENTRO,44190000,-12.4288496,-39.2471695,203,Com acessibilidade,2026-09-23 13:38:00,707940038756355757936191
UE2015 (Anterior),SANTO ESTEVÃO,143,88,1781418,ESCOLA MUNICIPAL DOM PEDRO I,AV GETÚLIO VARGAS CENTRO ,CENTRO,44190000,-12.4332973,-39.2493323,336,Com acessibilidade,2026-09-23 13:48:00,778647214363512090652299
UE2015 (Anterior),SANTO ESTEVÃO,143,89,1765687,ESCOLA MUNICIPAL DOM PEDRO I,AV GETÚLIO VARGAS CENTRO ,CENTRO,44190000,-12.4332973,-39.2493323,335,Com acessibilidade,2026-09-23 13:59:00,586728132044487029464249
UE2015 (Anterior),SANTO ESTEVÃO,143,90,1769815,COLÉGIO ESTADUAL DE TEMPO INTEGRAL DE SANTO ESTEVÃO,"RUA DR. ANÍSIO MOREIRA ALVES, 79, CENTRO - ZONA URBANA",CENTRO,44190000,-12.4327661,-39.2532377,396,Com acessibilidade,2026-09-23 14:08:00,11071641887500550487512
UE2015 (Anterior),SANTO ESTEVÃO,143,91,1764464,COLÉGIO ESTADUAL DE TEMPO INTEGRAL DE SANTO ESTEVÃO,"RUA DR. ANÍSIO MOREIRA ALVES, 79, CENTRO - ZONA URBANA",CENTRO,44190000,-12.4327661,-39.2532377,399,Com acessibilidade,2026-09-23 14:19:00,374607112723021854863044
UE2015 (Anterior),SANTO ESTEVÃO,143,92,1766026,COLÉGIO ESTADUAL DE TEMPO INTEGRAL DE SANTO ESTEVÃO,"RUA DR. ANÍSIO MOREIRA ALVES, 79, CENTRO - ZONA URBANA",CENTRO,44190000,-12.4327661,-39.2532377,399,Com acessibilidade,2026-09-23 14:29:00,425112279628161204184263
UE2015 (Anterior),SANTO ESTEVÃO,143,93,1766482,COLÉGIO ESTADUAL DE TEMPO INTEGRAL DE SANTO ESTEVÃO,"RUA DR. ANÍSIO MOREIRA ALVES, 79, CENTRO - ZONA URBANA",CENTRO,44190000,-12.4327661,-39.2532377,400,Com acessibilidade,2026-09-23 14:39:00,546324506640378848183555
UE2015 (Anterior),SANTO ESTEVÃO,143,94,1765257,ESCOLA MUNICIPAL RAQUEL SENA LEITE,POVOADO DO URUÇU,POVOADO URUÇU,44190000,-12.4479655,-39.3571794,200,Com acessibilidade,2026-09-23 14:49:00,51475120691978287495771
UE2015 (Anterior),SANTO ESTEVÃO,143,95,1769971,ESCOLA MUNICIPAL PROFESSOR JOSÉ DE OLIVEIRA ARAPIRACA,POVOADO PAIAIA - ZONA RURAL,POVOADO PAIAIA,44190000,-12.4305271,-39.249307,304,Com acessibilidade,2026-09-23 14:59:00,415011599527429537009846
UE2015 (Anterior),SANTO ESTEVÃO,143,96,1777871,ESCOLA MUNICIPAL LINÉSIO BASTOS DE SANTANA,POVOADO KM 50 - ZONA RURAL,POVOADO KM 50,44190000,-12.4960057,-39.3394461,332,Com acessibilidade,2026-09-23 15:09:00,455415748531122369260927
UE2015 (Anterior),SANTO ESTEVÃO,143,97,1767149,ESCOLA MUNICIPAL JOÃO VITORINO DE MOURA,POVOADO LAGOA PEQUENA - ZONA RURAL,POVOADO LAGOA PEQUENA,44190000,-12.5079389,-39.3207861,329,Com acessibilidade,2026-09-23 15:20:00,606930007946824933748937
UE2015 (Anterior),SANTO ESTEVÃO,143,98,1767166,ESCOLA MUNICIPAL ANTONIA OLIVEIRA SILVA ARAÚJO,POVOADO VÁRZEA DA CASA - ZONA RURAL,POVOADO VÁRZEA SUJA,44190000,-12.4750806,-39.2400022,133,Com acessibilidade,2026-09-23 15:31:00,839253349769219935475560
UE2015 (Anterior),SANTO ESTEVÃO,143,99,1762055,ESCOLA MUNICIPAL RAMIRO JÚLIO DA PAIXÃO,POVOADO CAATINGUINHA - ZONA RURAL,POVOADO CAATINGUINHA,44190000,-12.4631788,-39.1918832,305,Com acessibilidade,2026-09-23 15:41:00,162586785802631826154189
UE2015 (Anterior),SANTO ESTEVÃO,143,100,1767576,ESCOLA MUNICIPAL RAMIRO JÚLIO DA PAIXÃO,POVOADO CAATINGUINHA - ZONA RURAL,POVOADO CAATINGUINHA,44190000,-12.4631788,-39.1918832,302,Com acessibilidade,2026-09-23 15:51:00,657435741851211017714089
UE2015 (Anterior),SANTO ESTEVÃO,143,101,1824881,ESCOLA MUNICIPAL PROFESSORA MARIELZA SILVA COSTA,RUA D LOTEAMENTO BOM VIVER- LAGOA DOURADA - ZONA URBANA,CENTRO,44190000,-12.4335559,-39.2445986,276,Com acessibilidade,2026-09-23 16:00:00,738243934959888184654418
UE2015 (Anterior),SANTO ESTEVÃO,143,102,1766957,ESCOLA MUNICIPAL PROFESSORA AUTA PEREIRA DE AZEVEDO,POVOADO SÍTIO DO ARAGÃO - ZONA RURAL,POVOADO SÍTIO DO ARAGÃO,44190000,-12.4345837,-39.3156037,302,Com acessibilidade,2026-09-23 16:10:00,202990517906449457705340
UE2015 (Anterior),SANTO ESTEVÃO,143,103,1774765,ESCOLA MUNICIPAL PROFESSORA AUTA PEREIRA DE AZEVEDO,POVOADO SÍTIO DO ARAGÃO - ZONA RURAL,POVOADO SÍTIO DO ARAGÃO,44190000,-12.4345837,-39.3156037,302,Com acessibilidade,2026-09-23 16:21:00,546324968540949410381207
UE2015 (Anterior),SANTO ESTEVÃO,143,104,1767998,ESCOLA MUNICIPAL ODILTON OLIVEIRA,POVOADO DIQUE  - ZONA RURAL,POVOADO DIQUE,44190000,-12.4909635,-39.2790388,327,Com acessibilidade,2026-09-23 16:31:00,627132158348112305140033
UE2015 (Anterior),SANTO ESTEVÃO,143,106,1769731,ESCOLA MUNICIPAL PROFESSORA NEUZA MARIA PIRES DA SILVA,POVOADO VÁRZEA DA CASA - ZONA RURAL,POVOADO VÁRZEA DA CASA,44190000,-12.4747923,-39.2406372,396,Com acessibilidade,2026-09-23 16:42:00,516021264737164309671279
UE2015 (Anterior),SANTO ESTEVÃO,143,107,1809374,ESCOLA MUNICIPAL PROFESSORA NEUZA MARIA PIRES DA SILVA,POVOADO VÁRZEA DA CASA - ZONA RURAL,POVOADO VÁRZEA DA CASA,44190000,-12.4747923,-39.2406372,396,Com acessibilidade,2026-09-23 16:51:00,223192080208898967506963
UE2015 (Anterior),SANTO ESTEVÃO,143,108,1769116,COLÉGIO ESTADUAL DE TEMPO INTEGRAL DE SANTO ESTEVÃO,"RUA DR. ANÍSIO MOREIRA ALVES, 79, CENTRO - ZONA URBANA",CENTRO,44190000,-12.4327661,-39.2532377,398,Com acessibilidade,2026-09-23 17:02:00,192889169605591467755843
UE2015 (Anterior),SANTO ESTEVÃO,143,109,1769529,COLÉGIO ESTADUAL DE TEMPO INTEGRAL DE SANTO ESTEVÃO,"RUA DR. ANÍSIO MOREIRA ALVES, 79, CENTRO - ZONA URBANA",CENTRO,44190000,-12.4327661,-39.2532377,391,Com acessibilidade,2026-09-23 17:12:00,596829670245089232711209
UE2015 (Anterior),SANTO ESTEVÃO,143,110,1765217,ESCOLA MUNICIPAL PROFESSORA AUTA PEREIRA DE AZEVEDO,POVOADO SÍTIO DO ARAGÃO - ZONA RURAL,POVOADO SÍTIO DO ARAGÃO,44190000,-12.4345837,-39.3156037,301,Com acessibilidade,2026-09-23 17:21:00,223192387908734707628644
UE2015 (Anterior),SANTO ESTEVÃO,143,113,1766764,ESCOLA MUNICIPAL ANTONIA OLIVEIRA SILVA ARAÚJO,POVOADO VÁRZEA DA CASA - ZONA RURAL,POVOADO VÁRZEA SUJA,44190000,-12.4750806,-39.2400022,218,Com acessibilidade,2026-09-23 17:31:00,970667462683578655454423
UE2015 (Anterior),SANTO ESTEVÃO,143,116,1765724,COLÉGIO ESTADUAL DE TEMPO INTEGRAL DE SANTO ESTEVÃO,"RUA DR. ANÍSIO MOREIRA ALVES, 79, CENTRO - ZONA URBANA",CENTRO,44190000,-12.4327661,-39.2532377,400,Com acessibilidade,2026-09-23 17:43:00,768546585262597554132969
UE2015 (Anterior),SANTO ESTEVÃO,143,117,1795376,COLÉGIO ESTADUAL DE TEMPO INTEGRAL DE SANTO ESTEVÃO,"RUA DR. ANÍSIO MOREIRA ALVES, 79, CENTRO - ZONA URBANA",CENTRO,44190000,-12.4327661,-39.2532377,398,Com acessibilidade,2026-09-23 17:52:00,718041642557569237440485
UE2015 (Anterior),SANTO ESTEVÃO,143,121,1750215,COLÉGIO ESTADUAL DE TEMPO INTEGRAL DE SANTO ESTEVÃO,"RUA DR. ANÍSIO MOREIRA ALVES, 79, CENTRO - ZONA URBANA",CENTRO,44190000,-12.4327661,-39.2532377,396,Com acessibilidade,2026-09-23 18:01:00,526122863538967455457581
UE2015 (Anterior),SANTO ESTEVÃO,143,124,1766987,COLÉGIO ESTADUAL DE TEMPO INTEGRAL PROFESSORA EDITE FERREIRA FONSECA,"PRAÇA HUMBERTO ALVES NOGUEIRA, S/N, CENTRO",CENTRO,44190000,-12.4330532,-39.2514083,338,Com acessibilidade,2026-09-23 18:11:00,798849467165325731776161
UE2015 (Anterior),SANTO ESTEVÃO,143,125,1767592,COLÉGIO ESTADUAL DE TEMPO INTEGRAL DE SANTO ESTEVÃO,"RUA DR. ANÍSIO MOREIRA ALVES, 79, CENTRO - ZONA URBANA",CENTRO,44190000,-12.4327661,-39.2532377,396,Com acessibilidade,2026-09-23 08:20:00,475617258626954317356443
UE2015 (Anterior),SANTO ESTEVÃO,143,126,1757293,COLÉGIO ESTADUAL DE TEMPO INTEGRAL DE SANTO ESTEVÃO,"RUA DR. ANÍSIO MOREIRA ALVES, 79, CENTRO - ZONA URBANA",CENTRO,44190000,-12.4327661,-39.2532377,397,Com acessibilidade,2026-09-23 08:33:00,505920396629289621655882
UE2015 (Anterior),SANTO ESTEVÃO,143,127,1754225,ESCOLA MUNICIPAL LINÉSIO BASTOS DE SANTANA,POVOADO KM 50 - ZONA RURAL,POVOADO KM 50,44190000,-12.4960057,-39.3394461,335,Com acessibilidade,2026-09-23 08:46:00,101980104089185735450507
UE2015 (Anterior),SANTO ESTEVÃO,143,128,1835988,COLÉGIO ESTADUAL DE TEMPO INTEGRAL DE SANTO ESTEVÃO,"RUA DR. ANÍSIO MOREIRA ALVES, 79, CENTRO - ZONA URBANA",CENTRO,44190000,-12.4327661,-39.2532377,397,Com acessibilidade,2026-09-23 09:02:00,303900419609852896266291
UE2015 (Anterior),SANTO ESTEVÃO,143,129,1767063,COLÉGIO ESTADUAL DE TEMPO INTEGRAL DE SANTO ESTEVÃO,"RUA DR. ANÍSIO MOREIRA ALVES, 79, CENTRO - ZONA URBANA",CENTRO,44190000,-12.4327661,-39.2532377,398,Com acessibilidade,2026-09-23 09:13:00,465516682625176365581994
UE2015 (Anterior),SANTO ESTEVÃO,143,134,1761935,ESCOLA MUNICIPAL PROFESSOR JOSÉ DE OLIVEIRA ARAPIRACA,POVOADO PAIAIA - ZONA RURAL,POVOADO PAIAIA,44190000,-12.4305271,-39.249307,298,Com acessibilidade,2026-09-23 09:23:00,293899030308092741854600
UE2015 (Anterior),SANTO ESTEVÃO,143,138,1782246,ESCOLA MUNICIPAL RAMIRO JÚLIO DA PAIXÃO,POVOADO CAATINGUINHA - ZONA RURAL,POVOADO CAATINGUINHA,44190000,-12.4631788,-39.1918832,304,Com acessibilidade,2026-09-23 09:34:00,445314622023402978810217
UE2015 (Anterior),SANTO ESTEVÃO,143,139,1775399,ESCOLA MUNICIPAL REITOR EDGAR SANTOS,POVOADO LAMARÃO - ZONA RURAL,POVOADO LAMARÃO,44190000,-12.4132611,-39.2894959,243,Com acessibilidade,2026-09-23 09:45:00,960566257775082746516493
UE2015 (Anterior),SANTO ESTEVÃO,143,140,1779018,ESCOLA MUNICIPAL JOSÉ FERREIRA CONCEIÇÃO ,POVOADO JUAZEIRO - ZONA RURAL,POVOADO JUAZEIRO,44190000,-12.4443223,-39.1952554,288,Com acessibilidade,2026-09-23 09:56:00,21172390181307225726927
UE2015 (Anterior),SANTO ESTEVÃO,143,141,1764667,ESCOLA MUNICIPAL MONSENHOR JOSÉ WALDIR DE SOUZA,AVENIDA RIO BAHIA - ZONA URBANA,TRIÂNGULO,44190000,-12.4476157,-39.2431428,391,Com acessibilidade,2026-09-23 10:07:00,152485634694138817318071
UE2015 (Anterior),SANTO ESTEVÃO,143,142,1769288,ESCOLA MUNICIPAL ODILTON OLIVEIRA,POVOADO DIQUE  - ZONA RURAL,POVOADO DIQUE,44190000,-12.4909635,-39.2790388,326,Com acessibilidade,2026-09-23 10:18:00,283798870707424540786797
UE2015 (Anterior),SANTO ESTEVÃO,143,143,1822044,ESCOLA MUNICIPAL ANTONIA OLIVEIRA SILVA ARAÚJO,POVOADO VÁRZEA DA CASA - ZONA RURAL,POVOADO VÁRZEA SUJA,44190000,-12.4750806,-39.2400022,199,Com acessibilidade,2026-09-23 10:29:00,718041415650016324563001
UE2015 (Anterior),SANTO ESTEVÃO,143,144,1754131,ESCOLA MUNICIPAL REITOR EDGAR SANTOS,POVOADO LAMARÃO - ZONA RURAL,POVOADO LAMARÃO,44190000,-12.4132611,-39.2894959,242,Com acessibilidade,2026-09-23 10:40:00,606930415839458626143623
UE2015 (Anterior),SANTO ESTEVÃO,143,150,1765153,ESCOLA MUNICIPAL MARIA ORLANDA MAGALHÃES DE OLIVEIRA ,"AV. CASTRO ALVES, 303",CENTRO,44190000,-12.4292229,-39.2542698,395,Com acessibilidade,2026-09-23 10:51:00,415011859920429480885279
UE2015 (Anterior),SANTO ESTEVÃO,143,151,1764489,ESCOLA MUNICIPAL JOÃO VITORINO DE MOURA,POVOADO LAGOA PEQUENA - ZONA RURAL,POVOADO LAGOA PEQUENA,44190000,-12.5079389,-39.3207861,329,Com acessibilidade,2026-09-23 11:03:00,344304899113153366893750
UE2015 (Anterior),SANTO ESTEVÃO,143,154,1763844,ESCOLA MUNICIPAL MARIA ORLANDA MAGALHÃES DE OLIVEIRA ,"AV. CASTRO ALVES, 303",CENTRO,44190000,-12.4292229,-39.2542698,392,Com acessibilidade,2026-09-23 11:14:00,61576949385034660412583
UE2015 (Anterior),SANTO ESTEVÃO,143,160,1763769,COLÉGIO ESTADUAL DE TEMPO INTEGRAL DE SANTO ESTEVÃO,"RUA DR. ANÍSIO MOREIRA ALVES, 79, CENTRO - ZONA URBANA",CENTRO,44190000,-12.4327661,-39.2532377,400,Com acessibilidade,2026-09-23 11:25:00,516021029830640409044997
UE2015 (Anterior),SANTO ESTEVÃO,143,161,1833298,ESCOLA MUNICIPAL MARIA ORLANDA MAGALHÃES DE OLIVEIRA ,"AV. CASTRO ALVES, 303",CENTRO,44190000,-12.4292229,-39.2542698,393,Com acessibilidade,2026-09-23 11:35:00,910061530170130573862880
UE2015 (Anterior),SANTO ESTEVÃO,143,164,1776580,COLÉGIO ESTADUAL DE TEMPO INTEGRAL DE SANTO ESTEVÃO,"RUA DR. ANÍSIO MOREIRA ALVES, 79, CENTRO - ZONA URBANA",CENTRO,44190000,-12.4327661,-39.2532377,399,Com acessibilidade,2026-09-23 11:47:00,687738638047139893625467
UE2015 (Anterior),SANTO ESTEVÃO,143,165,1765039,ESCOLA MUNICIPAL PROF AMENAIDE DE CARVALHO,POVOADO MODELO - ZONA RURAL,POVOADO MODELO,44190000,-12.4167965,-39.2304513,272,Com acessibilidade,2026-09-23 11:57:00,112081179490654054786679
UE2015 (Anterior),SANTO ESTEVÃO,143,166,1765842,ESCOLA MUNICIPAL DOM PEDRO I,AV GETÚLIO VARGAS CENTRO ,CENTRO,44190000,-12.4332973,-39.2493323,336,Com acessibilidade,2026-09-23 12:10:00,314001481810118014780540
UE2015 (Anterior),SANTO ESTEVÃO,143,168,1765567,ESCOLA MUNICIPAL MONSENHOR JOSÉ WALDIR DE SOUZA,AVENIDA RIO BAHIA - ZONA URBANA,TRIÂNGULO,44190000,-12.4476157,-39.2431428,392,Com acessibilidade,2026-09-23 13:10:00,41374433783952655731410
UE2015 (Anterior),SANTO ESTEVÃO,143,169,1767624,ESCOLA MUNICIPAL DOM PEDRO I,AV GETÚLIO VARGAS CENTRO ,CENTRO,44190000,-12.4332973,-39.2493323,332,Com acessibilidade,2026-09-23 13:21:00,223192720901297277363497
UE2015 (Anterior),SANTO ESTEVÃO,143,171,1765490,ESCOLA MUNICIPAL DOM PEDRO I,AV GETÚLIO VARGAS CENTRO ,CENTRO,44190000,-12.4332973,-39.2493323,336,Com acessibilidade,2026-09-23 13:32:00,465516154225695997607239
UE2015 (Anterior),SANTO ESTEVÃO,143,172,1768309,ESCOLA MUNICIPAL PROFESSORA AUTA PEREIRA DE AZEVEDO,POVOADO SÍTIO DO ARAGÃO - ZONA RURAL,POVOADO SÍTIO DO ARAGÃO,44190000,-12.4345837,-39.3156037,301,Com acessibilidade,2026-09-23 13:42:00,162586961495485303697011
UE2015 (Anterior),SANTO ESTEVÃO,143,173,1766657,ESCOLA MUNICIPAL MARIZELIA DE JESUS ROCHA LEAL,"RUA MARECHAL FLORIANO PEIXOTO, S/N - ZONA URBANA",CENTRO,44190000,-12.4324297,-39.2513979,306,Com acessibilidade,2026-09-23 13:53:00,758445661354236790270111
UE2015 (Anterior),SANTO ESTEVÃO,143,174,1767317,ESCOLA MUNICIPAL PROFESSORA AUTA PEREIRA DE AZEVEDO,POVOADO SÍTIO DO ARAGÃO - ZONA RURAL,POVOADO SÍTIO DO ARAGÃO,44190000,-12.4345837,-39.3156037,301,Com acessibilidade,2026-09-23 14:05:00,899859917168172960791014
UE2015 (Anterior),SANTO ESTEVÃO,143,175,1762633,ESCOLA MUNICIPAL TANCREDO NEVES,POVOADO PAU DE VELA - ZONA RURAL,POVOADO PAU DE VELA,44190000,-12.4372289,-39.2300649,378,Com acessibilidade,2026-09-23 14:17:00,71677205186588307549416
UE2015 (Anterior),SANTO ESTEVÃO,143,176,1813818,ESCOLA MUNICIPAL RAQUEL SENA LEITE,POVOADO DO URUÇU,POVOADO URUÇU,44190000,-12.4479655,-39.3571794,255,Com acessibilidade,2026-09-23 14:28:00,526122769431194924606076
UE2015 (Anterior),SANTO ESTEVÃO,143,177,1795558,ESCOLA MUNICIPAL MARIA AMÉLIA DO CONDE CARDOSO,POVOADO BARAÚNAS - ZONA RURAL,POVOADO BARAÚNAS,44190000,-12.4577114,-39.2678053,386,Com acessibilidade,2026-09-23 14:39:00,435213780722269088140092
UE2015 (Anterior),SANTO ESTEVÃO,143,178,1761082,ESCOLA MUNICIPAL CLARA DE ASSIS,POVOADO SÍTIO DO ARAGÃO - ZONA RURAL,POVOADO VARGINHA,44190000,-12.4345961,-39.312514,128,Com acessibilidade,2026-09-23 14:50:00,869556322565245213704534
UE2015 (Anterior),SANTO ESTEVÃO,143,179,1766315,ESCOLA MUNICIPAL JOSÉ DE JESUS ROCHA,POVOADO CONGA - ZONA RURAL,POVOADO CONGA,44190000,-12.447214,-39.2170153,375,Com acessibilidade,2026-09-23 15:02:00,970575579184536577259
UE2015 (Anterior),SANTO ESTEVÃO,143,180,1753426,ESCOLA MUNICIPAL MARIZELIA DE JESUS ROCHA LEAL,"RUA MARECHAL FLORIANO PEIXOTO, S/N - ZONA URBANA",CENTRO,44190000,-12.4324297,-39.2513979,308,Com acessibilidade,2026-09-23 15:13:00,11071664580358381145309
UE2015 (Anterior),SANTO ESTEVÃO,143,181,1766975,ESCOLA MUNICIPAL PROFESSORA NEUZA MARIA PIRES DA SILVA,POVOADO VÁRZEA DA CASA - ZONA RURAL,POVOADO VÁRZEA DA CASA,44190000,-12.4747923,-39.2406372,397,Com acessibilidade,2026-09-23 15:23:00,819051574460240900532778
UE2015 (Anterior),SANTO ESTEVÃO,143,182,1751262,ESCOLA MUNICIPAL MARIZELIA DE JESUS ROCHA LEAL,"RUA MARECHAL FLORIANO PEIXOTO, S/N - ZONA URBANA",CENTRO,44190000,-12.4324297,-39.2513979,309,Com acessibilidade,2026-09-23 15:33:00,263596134605781130078330
UE2015 (Anterior),SANTO ESTEVÃO,143,185,1750756,ESCOLA MUNICIPAL MARIZELIA DE JESUS ROCHA LEAL,"RUA MARECHAL FLORIANO PEIXOTO, S/N - ZONA URBANA",CENTRO,44190000,-12.4324297,-39.2513979,308,Com acessibilidade,2026-09-23 15:44:00,71677277886759340215547
UE2015 (Anterior),SANTO ESTEVÃO,143,186,1762045,ESCOLA MUNICIPAL REITOR EDGAR SANTOS,POVOADO LAMARÃO - ZONA RURAL,POVOADO LAMARÃO,44190000,-12.4132611,-39.2894959,242,Com acessibilidade,2026-09-23 15:55:00,303900616109147315921175
UE2015 (Anterior),SANTO ESTEVÃO,143,188,1766696,ESCOLA MUNICIPAL MARIZELIA DE JESUS ROCHA LEAL,"RUA MARECHAL FLORIANO PEIXOTO, S/N - ZONA URBANA",CENTRO,44190000,-12.4324297,-39.2513979,308,Com acessibilidade,2026-09-23 09:51:00,920162456568852934035339
UE2015 (Anterior),SANTO ESTEVÃO,143,192,1779122,ESCOLA MUNICIPAL JOSÉ DE JESUS ROCHA,POVOADO CONGA - ZONA RURAL,POVOADO CONGA,44190000,-12.447214,-39.2170153,368,Com acessibilidade,2026-09-23 10:02:00,617031552437247448343993
UE2015 (Anterior),SANTO ESTEVÃO,143,193,1769066,ESCOLA MUNICIPAL MONSENHOR JOSÉ WALDIR DE SOUZA,AVENIDA RIO BAHIA - ZONA URBANA,TRIÂNGULO,44190000,-12.4476157,-39.2431428,391,Com acessibilidade,2026-09-23 10:11:00,839253880859483241754162
UE2015 (Anterior),SANTO ESTEVÃO,143,194,1768127,ESCOLA MUNICIPAL JOSÉ FERREIRA CONCEIÇÃO ,POVOADO JUAZEIRO - ZONA RURAL,POVOADO JUAZEIRO,44190000,-12.4443223,-39.1952554,290,Com acessibilidade,2026-09-23 10:21:00,344304502210087355770042
UE2015 (Anterior),SANTO ESTEVÃO,143,195,1762151,ESCOLA MUNICIPAL TANCREDO NEVES,POVOADO PAU DE VELA - ZONA RURAL,POVOADO PAU DE VELA,44190000,-12.4372289,-39.2300649,363,Com acessibilidade,2026-09-23 10:43:00,920162190568983697562086
UE2015 (Anterior),SANTO ESTEVÃO,143,196,1765880,ESCOLA MUNICIPAL RAQUEL SENA LEITE,POVOADO DO URUÇU,POVOADO URUÇU,44190000,-12.4479655,-39.3571794,251,Com acessibilidade,2026-09-23 10:53:00,283798664104435723576678
UE2015 (Anterior),SANTO ESTEVÃO,143,198,1755901,ESCOLA MUNICIPAL PROFESSORA NEUZA MARIA PIRES DA SILVA,POVOADO VÁRZEA DA CASA - ZONA RURAL,POVOADO VÁRZEA DA CASA,44190000,-12.4747923,-39.2406372,397,Com acessibilidade,2026-09-23 11:03:00,404910007016217217908487
UE2015 (Anterior),SANTO ESTEVÃO,143,199,1774954,COLÉGIO ESTADUAL DE TEMPO INTEGRAL DE SANTO ESTEVÃO,"RUA DR. ANÍSIO MOREIRA ALVES, 79, CENTRO - ZONA URBANA",CENTRO,44190000,-12.4327661,-39.2532377,400,Com acessibilidade,2026-09-23 11:14:00,516021227627484208509436
UE2015 (Anterior),SANTO ESTEVÃO,143,200,1824327,COLÉGIO ESTADUAL DE TEMPO INTEGRAL DE SANTO ESTEVÃO,"RUA DR. ANÍSIO MOREIRA ALVES, 79, CENTRO - ZONA URBANA",CENTRO,44190000,-12.4327661,-39.2532377,397,Com acessibilidade,2026-09-23 11:24:00,930263112269991885080410
UE2015 (Anterior),SANTO ESTEVÃO,143,203,1753933,ESCOLA MUNICIPAL MARIA AMÉLIA DO CONDE CARDOSO,POVOADO BARAÚNAS - ZONA RURAL,POVOADO BARAÚNAS,44190000,-12.4577114,-39.2678053,386,Com acessibilidade,2026-09-23 11:33:00,51475566881133823670423
UE2015 (Anterior),SANTO ESTEVÃO,143,204,1809197,ESCOLA MUNICIPAL PROF AMENAIDE DE CARVALHO,POVOADO MODELO - ZONA RURAL,POVOADO MODELO,44190000,-12.4167965,-39.2304513,221,Com acessibilidade,2026-09-23 11:41:00,526122146728556916226310
UE2015 (Anterior),SANTO ESTEVÃO,143,205,1769614,ESCOLA MUNICIPAL MARIZELIA DE JESUS ROCHA LEAL,"RUA MARECHAL FLORIANO PEIXOTO, S/N - ZONA URBANA",CENTRO,44190000,-12.4324297,-39.2513979,312,Com acessibilidade,2026-09-23 11:50:00,687738416244731263848374
UE2015 (Anterior),SANTO ESTEVÃO,143,206,1768898,GRUPO ESCOLAR ISAURO BORGES CABRAL,"PRAÇA 21 DE SETEMBRO, S/N  - ZONA URBANA",CENTRO,44190000,-12.4354342,-39.2544114,369,Com acessibilidade,2026-09-23 11:59:00,516021357427197353950098
UE2015 (Anterior),SANTO ESTEVÃO,143,207,1772125,ESCOLA MUNICIPAL RAMIRO JÚLIO DA PAIXÃO,POVOADO CAATINGUINHA - ZONA RURAL,POVOADO CAATINGUINHA,44190000,-12.4631788,-39.1918832,303,Com acessibilidade,2026-09-23 12:12:00,404910356716346542339222
UE2015 (Anterior),SANTO ESTEVÃO,143,208,1765645,ESCOLA MUNICIPAL ODILTON OLIVEIRA,POVOADO DIQUE  - ZONA RURAL,POVOADO DIQUE,44190000,-12.4909635,-39.2790388,329,Com acessibilidade,2026-09-23 13:14:00,788748847854972068297627
UE2015 (Anterior),SANTO ESTEVÃO,143,209,1766325,ESCOLA MUNICIPAL PROFESSORA MARIELZA SILVA COSTA,RUA D LOTEAMENTO BOM VIVER- LAGOA DOURADA - ZONA URBANA,CENTRO,44190000,-12.4335559,-39.2445986,266,Com acessibilidade,2026-09-23 13:24:00,41374217080324363462175
UE2015 (Anterior),SANTO ESTEVÃO,143,211,1765248,ESCOLA MUNICIPAL JOSÉ DE JESUS ROCHA,POVOADO CONGA - ZONA RURAL,POVOADO CONGA,44190000,-12.447214,-39.2170153,366,Com acessibilidade,2026-09-23 13:33:00,849354208360148557225519
UE2015 (Anterior),SANTO ESTEVÃO,143,212,1795642,COLÉGIO ESTADUAL DE TEMPO INTEGRAL DE SANTO ESTEVÃO,"RUA DR. ANÍSIO MOREIRA ALVES, 79, CENTRO - ZONA URBANA",CENTRO,44190000,-12.4327661,-39.2532377,399,Com acessibilidade,2026-09-23 13:45:00,930263409969460551881093
UE2015 (Anterior),SANTO ESTEVÃO,143,223,1764559,COLÉGIO ESTADUAL DE TEMPO INTEGRAL DE SANTO ESTEVÃO,"RUA DR. ANÍSIO MOREIRA ALVES, 79, CENTRO - ZONA URBANA",CENTRO,44190000,-12.4327661,-39.2532377,399,Sem acessibilidade,2026-09-23 13:55:00,707940350146325314866434
UE2015 (Anterior),SANTO ESTEVÃO,143,225,1766232,ESCOLA MUNICIPAL ÂNGELO MAGALHÃES,"RUA D, S/N, CONJUNTO URBIS",CENTRO,44190000,-12.4423644,-39.2441229,175,Sem acessibilidade,2026-09-23 14:04:00,829152692558037753274701
UE2015 (Anterior),SANTO ESTEVÃO,143,226,1762543,ESCOLA MUNICIPAL TANCREDO NEVES,POVOADO PAU DE VELA - ZONA RURAL,POVOADO PAU DE VELA,44190000,-12.4372289,-39.2300649,163,Sem acessibilidade,2026-09-23 14:13:00,303900287806539511036295
UE2015 (Anterior),SANTO ESTEVÃO,143,227,1765219,ESCOLA MUNICIPAL JOSÉ DE JESUS ROCHA,POVOADO CONGA - ZONA RURAL,POVOADO CONGA,44190000,-12.447214,-39.2170153,153,Sem acessibilidade,2026-09-23 14:28:00,283798370304950935750543
UE2015 (Anterior),SANTO ESTEVÃO,143,230,1766728,ESCOLA MUNICIPAL FRANCELINO PEREIRA DE ASSIS,POVOADO CABOCLO - ZONA RURAL,POVOADO CABOCLO,44190000,-12.4961108,-39.2634567,168,Sem acessibilidade,2026-09-23 14:37:00,101980493186797726454635
UE2015 (Anterior),SAUBARA,178,124,1653315,CENTRO EDUCACIONAL  MANOEL CASTRO,"RUA ANANIAS REQUIÃO, S/N - ZONA URBANA",CENTRO,44220000,-12.7380987,-38.7647897,396,Sem acessibilidade,2026-09-24 08:30:00,350181024586014551405942
UE2015 (Anterior),SAUBARA,178,125,1653848,CENTRO EDUCACIONAL  MANOEL CASTRO,"RUA ANANIAS REQUIÃO, S/N - ZONA URBANA",CENTRO,44220000,-12.7380987,-38.7647897,398,Sem acessibilidade,2026-09-24 08:40:00,57151831056804373349757
UE2015 (Anterior),SAUBARA,178,126,1656275,CENTRO EDUCACIONAL  MANOEL CASTRO,"RUA ANANIAS REQUIÃO, S/N - ZONA URBANA",CENTRO,44220000,-12.7380987,-38.7647897,399,Sem acessibilidade,2026-09-24 08:52:00,855131748136837686759052
UE2015 (Anterior),SAUBARA,178,127,1669822,CENTRO EDUCACIONAL  MANOEL CASTRO,"RUA ANANIAS REQUIÃO, S/N - ZONA URBANA",CENTRO,44220000,-12.7380987,-38.7647897,397,Sem acessibilidade,2026-09-24 09:04:00,360282363087144786011658
UE2015 (Anterior),SAUBARA,178,128,1657487,CENTRO EDUCACIONAL MARCO ANTÔNIO DO CARMO,"RUA ANANIAS REQUIÃO, N. 59  - ZONA URBANA",CENTRO,44220000,-12.7384128,-38.7657538,312,Sem acessibilidade,2026-09-24 09:13:00,208666316871003329344333
UE2015 (Anterior),SAUBARA,178,129,1656231,CENTRO EDUCACIONAL MARCO ANTÔNIO DO CARMO,"RUA ANANIAS REQUIÃO, N. 59  - ZONA URBANA",CENTRO,44220000,-12.7384128,-38.7657538,312,Sem acessibilidade,2026-09-24 09:23:00,643010868015538517168599
UE2015 (Anterior),SAUBARA,178,130,1679864,CENTRO EDUCACIONAL MARCO ANTÔNIO DO CARMO,"RUA ANANIAS REQUIÃO, N. 59  - ZONA URBANA",CENTRO,44220000,-12.7384128,-38.7657538,312,Sem acessibilidade,2026-09-24 09:32:00,531999832004447713233583
UE2015 (Anterior),SAUBARA,178,131,1668190,CENTRO EDUCACIONAL MARCO ANTÔNIO DO CARMO,"RUA ANANIAS REQUIÃO, N. 59  - ZONA URBANA",CENTRO,44220000,-12.7384128,-38.7657538,310,Sem acessibilidade,2026-09-24 09:42:00,168262571167162084105132
UE2015 (Anterior),SAUBARA,178,132,1656680,CENTRO EDUCACIONAL MARCO ANTÔNIO DO CARMO,"RUA ANANIAS REQUIÃO, N. 59  - ZONA URBANA",CENTRO,44220000,-12.7384128,-38.7657538,309,Sem acessibilidade,2026-09-24 09:54:00,976343498748203437513508
UE2015 (Anterior),SAUBARA,178,133,1655630,CENTRO EDUCACIONAL MARCO ANTÔNIO DO CARMO,"RUA ANANIAS REQUIÃO, N. 59  - ZONA URBANA",CENTRO,44220000,-12.7384128,-38.7657538,307,Sem acessibilidade,2026-09-24 10:03:00,16747642752809615310519
UE2015 (Anterior),SAUBARA,178,134,1682184,CENTRO EDUCACIONAL MARCO ANTÔNIO DO CARMO,"RUA ANANIAS REQUIÃO, N. 59  - ZONA URBANA",CENTRO,44220000,-12.7384128,-38.7657538,311,Sem acessibilidade,2026-09-24 10:14:00,148060880265098321000289
UE2015 (Anterior),SAUBARA,178,135,1667426,ESCOLA MUNICIPAL PROFª  ZILMAR GARCIA FERREIRA,"RUA SÃO JOSÉ, S/N  - ZONA RURAL",DISTRITO BOM JESUS DOS POBRES,44220000,-12.81388817,-38.78018384,330,Sem acessibilidade,2026-09-24 10:24:00,855131706936892666318812
UE2015 (Anterior),SAUBARA,178,136,1656964,ESCOLA MUNICIPAL PROFª  ZILMAR GARCIA FERREIRA,"RUA SÃO JOSÉ, S/N  - ZONA RURAL",DISTRITO BOM JESUS DOS POBRES,44220000,-12.81388817,-38.78018384,329,Sem acessibilidade,2026-09-24 10:33:00,168262124167229366522583
UE2015 (Anterior),SAUBARA,178,137,1654488,ESCOLA MUNICIPAL LUIS VIANA FILHO,"RUA DO PRÉDIO, S/N - ZONA RURAL",DISTRITO CABUÇU,44220000,-12.78006019,-38.77292505,351,Sem acessibilidade,2026-09-24 10:42:00,855131921536936470911894
UE2015 (Anterior),SAUBARA,178,138,1650880,ESCOLA MUNICIPAL LUIS VIANA FILHO,"RUA DO PRÉDIO, S/N - ZONA RURAL",DISTRITO CABUÇU,44220000,-12.78006019,-38.77292505,352,Sem acessibilidade,2026-09-24 10:52:00,238969417374405696028380
UE2015 (Anterior),SAUBARA,178,139,1651628,ESCOLA MUNICIPAL LUIS VIANA FILHO,"RUA DO PRÉDIO, S/N - ZONA RURAL",DISTRITO CABUÇU,44220000,-12.78006019,-38.77292505,353,Sem acessibilidade,2026-09-24 11:02:00,117757406262948376198874
UE2015 (Anterior),SAUBARA,178,140,1679816,ESCOLA MUNICIPAL  IVONE ALMERINDA DA CRUZ,"LOTEAMENTO RIO DE CABUÇU, S/N - ZONA RURAL",DISTRITO CABUÇU,44220000,-12.77803388,-38.77264554,353,Sem acessibilidade,2026-09-24 11:16:00,673313049718876184501400
UE2015 (Anterior),SAUBARA,178,141,1681967,COLÉGIO ESTADUAL DE TEMPO INTEGRAL RICARDO CAMARA DA SILVA,"RUA DA VALA,S/N - ZONA URBANA",CENTRO,44220000,-12.7331201,-38.7669996,371,Sem acessibilidade,2026-09-24 11:26:00,905636383041191961344241
UE2015 (Anterior),SAUBARA,178,142,1651769,COLÉGIO ESTADUAL DE TEMPO INTEGRAL RICARDO CAMARA DA SILVA,"RUA DA VALA,S/N - ZONA URBANA",CENTRO,44220000,-12.7331201,-38.7669996,370,Sem acessibilidade,2026-09-24 11:40:00,57151641656100568198714
UE2015 (Anterior),SAUBARA,178,143,1672374,COLÉGIO ESTADUAL DE TEMPO INTEGRAL RICARDO CAMARA DA SILVA,"RUA DA VALA,S/N - ZONA URBANA",CENTRO,44220000,-12.7331201,-38.7669996,372,Sem acessibilidade,2026-09-24 11:51:00,410787112192625156892782
UE2015 (Anterior),SAUBARA,178,145,1674866,COLÉGIO ESTADUAL DE TEMPO INTEGRAL RICARDO CAMARA DA SILVA,"RUA DA VALA,S/N - ZONA URBANA",CENTRO,44220000,-12.7331201,-38.7669996,373,Sem acessibilidade,2026-09-24 12:00:00,238969156374031230474157
UE2015 (Anterior),SAUBARA,178,146,1657875,ESCOLA MUNICIPAL ISAURA BARROSO,"RUA DA IGREJA, S/N - ZONA RURAL",DISTRITO BOM JESUS DOS POBRES,44220000,-12.81024681,-38.77786794,333,Sem acessibilidade,2026-09-24 12:10:00,441090479195330572735651
UE2015 (Anterior),SAUBARA,178,158,1665605,ESCOLA MUNICIPAL ISAURA BARROSO,"RUA DA IGREJA, S/N - ZONA RURAL",DISTRITO BOM JESUS DOS POBRES,44220000,-12.81024681,-38.77786794,335,Sem acessibilidade,2026-09-24 12:20:00,188464506769168609744069
UE2015 (Anterior),SAUBARA,178,163,1665637,CENTRO EDUCACIONAL MARCO ANTÔNIO DO CARMO,"RUA ANANIAS REQUIÃO, N. 59  - ZONA URBANA",CENTRO,44220000,-12.7384128,-38.7657538,309,Com acessibilidade,2026-09-24 13:10:00,451191294596459057926543
UE2015 (Anterior),SAUBARA,178,168,1657301,COLÉGIO ESTADUAL DE TEMPO INTEGRAL RICARDO CAMARA DA SILVA,"RUA DA VALA,S/N - ZONA URBANA",CENTRO,44220000,-12.7331201,-38.7669996,374,Sem acessibilidade,2026-09-24 13:23:00,693515086820994679758145
UE2015 (Anterior),SAUBARA,178,176,1653319,COLÉGIO ESTADUAL DE TEMPO INTEGRAL RICARDO CAMARA DA SILVA,"RUA DA VALA,S/N - ZONA URBANA",CENTRO,44220000,-12.7331201,-38.7669996,369,Sem acessibilidade,2026-09-24 13:40:00,6646244651273017949631
UE2015 (Anterior),SAUBARA,178,177,1666328,ESCOLA MUNICIPAL ISAURA BARROSO,"RUA DA IGREJA, S/N - ZONA RURAL",DISTRITO BOM JESUS DOS POBRES,44220000,-12.81024681,-38.77786794,333,Sem acessibilidade,2026-09-24 13:53:00,26848378853590239915876
UE2015 (Anterior),SAUBARA,178,178,1674227,ESCOLA MUNICIPAL PROF. CAIO MOURA,"RUA ANANIAS REQUIÃO, N. 52 - ZONA URBANA",CENTRO,44220000,-12.7389887,-38.7673481,384,Sem acessibilidade,2026-09-24 14:05:00,855131314836221294458395
UE2015 (Anterior),SAUBARA,178,179,1656755,ESCOLA MUNICIPAL PROF. CAIO MOURA,"RUA ANANIAS REQUIÃO, N. 52 - ZONA URBANA",CENTRO,44220000,-12.7389887,-38.7673481,384,Sem acessibilidade,2026-09-24 14:21:00,562202136507836395099389
UE2015 (Anterior),SAUBARA,178,181,1657749,ESCOLA MUNICIPAL  IVONE ALMERINDA DA CRUZ,"LOTEAMENTO RIO DE CABUÇU, S/N - ZONA RURAL",DISTRITO CABUÇU,44220000,-12.77803388,-38.77264554,347,Sem acessibilidade,2026-09-24 14:32:00,723818481523156372563910
UE2015 (Anterior),SAUBARA,178,186,1666798,ESCOLA MUNICIPAL  IVONE ALMERINDA DA CRUZ,"LOTEAMENTO RIO DE CABUÇU, S/N - ZONA RURAL",DISTRITO CABUÇU,44220000,-12.77803388,-38.77264554,349,Sem acessibilidade,2026-09-24 14:43:00,834929147434429488334776
UE2015 (Anterior),SAUBARA,178,187,1665609,ESCOLA MUNICIPAL PROF. CAIO MOURA,"RUA ANANIAS REQUIÃO, N. 52 - ZONA URBANA",CENTRO,44220000,-12.7389887,-38.7673481,388,Sem acessibilidade,2026-09-24 14:53:00,228868640773902100522683
UE2015 (Anterior),SAUBARA,178,188,1671813,COLÉGIO ESTADUAL DE TEMPO INTEGRAL RICARDO CAMARA DA SILVA,"RUA DA VALA,S/N - ZONA URBANA",CENTRO,44220000,-12.7331201,-38.7669996,372,Sem acessibilidade,2026-09-24 15:21:00,935939462444317891222117
UE2015 (Anterior),SAUBARA,178,189,1656761,ESCOLA MUNICIPAL PROF. CAIO MOURA,"RUA ANANIAS REQUIÃO, N. 52 - ZONA URBANA",CENTRO,44220000,-12.7389887,-38.7673481,386,Sem acessibilidade,2026-09-24 15:33:00,895535537340503432242946
UE2015 (Anterior),SAUBARA,178,192,1676315,ESCOLA MUNICIPAL ISAURA BARROSO,"RUA DA IGREJA, S/N - ZONA RURAL",DISTRITO BOM JESUS DOS POBRES,44220000,-12.81024681,-38.77786794,333,Sem acessibilidade,2026-09-24 15:45:00,360282309587204189561133
UE2015 (Anterior),SAUBARA,178,193,1666275,ESCOLA MUNICIPAL PROFª  ZILMAR GARCIA FERREIRA,"RUA SÃO JOSÉ, S/N  - ZONA RURAL",DISTRITO BOM JESUS DOS POBRES,44220000,-12.81388817,-38.78018384,326,Sem acessibilidade,2026-09-24 15:57:00,309676353781376862028793
UE2015 (Anterior),SAUBARA,178,201,1650863,CENTRO EDUCACIONAL  MANOEL CASTRO,"RUA ANANIAS REQUIÃO, S/N - ZONA URBANA",CENTRO,44220000,-12.7380987,-38.7647897,394,Sem acessibilidade,2026-09-24 16:08:00,309676598581101482489028
UE2015 (Anterior),SAUBARA,178,218,1668412,CENTRO EDUCACIONAL  MANOEL CASTRO,"RUA ANANIAS REQUIÃO, S/N - ZONA URBANA",CENTRO,44220000,-12.7380987,-38.7647897,398,Sem acessibilidade,2026-09-24 16:19:00,380484518489348112893155
UE2015 (Anterior),SERRA DO RAMALHO,71,83,1759007,ESCOLA MUNICIPAL SÃO SEBASTIÃO,POVOADO BOA VISTA - ZONA RURAL,POVOADO BOA VISTA,47630000,-13.4966234,-43.4498394,275,Com acessibilidade,2026-09-21 09:52:00,729332612998549947332690
UE2015 (Anterior),SERRA DO RAMALHO,71,84,1808539,ESCOLA ENGRO DESDEDIT C. V. SILVA,AGROVILA 01 - ZONA RURAL,AGROVILA 01,47630000,-13.2988867,-43.514595,237,Com acessibilidade,2026-09-21 10:16:00,385998382464201605845092
UE2015 (Anterior),SERRA DO RAMALHO,71,85,1772372,ESCOLA ENGRO DESDEDIT C. V. SILVA,AGROVILA 01 - ZONA RURAL,AGROVILA 01,47630000,-13.2988867,-43.514595,235,Com acessibilidade,2026-09-21 10:35:00,688928793794618418855567
UE2015 (Anterior),SERRA DO RAMALHO,71,86,1774605,ESCOLA ENGRO DESDEDIT C. V. SILVA,AGROVILA 01 - ZONA RURAL,AGROVILA 01,47630000,-13.2988867,-43.514595,237,Com acessibilidade,2026-09-21 09:33:00,426302640042134856299507
UE2015 (Anterior),SERRA DO RAMALHO,71,87,1825377,ESCOLA ENGRO DESDEDIT C. V. SILVA,AGROVILA 01 - ZONA RURAL,AGROVILA 01,47630000,-13.2988867,-43.514595,237,Com acessibilidade,2026-09-21 10:44:00,790039127279741690568376
UE2015 (Anterior),SERRA DO RAMALHO,71,88,1761953,ESCOLA MUNICIPAL SÃO FRANCISCO,AGROVILA 02 - ZONA RURAL,AGROVILA 02,47630000,-13.2835011,-43.5833971,397,Com acessibilidade,2026-09-21 10:54:00,466706902446501624874170
UE2015 (Anterior),SERRA DO RAMALHO,71,89,1807312,ESCOLA MUNICIPAL SÃO FRANCISCO,AGROVILA 02 - ZONA RURAL,AGROVILA 02,47630000,-13.2835011,-43.5833971,396,Com acessibilidade,2026-09-21 11:03:00,325392871032956704128332
UE2015 (Anterior),SERRA DO RAMALHO,71,90,1824369,ESCOLA MUNICIPAL SÃO FRANCISCO,AGROVILA 02 - ZONA RURAL,AGROVILA 02,47630000,-13.2835011,-43.5833971,397,Com acessibilidade,2026-09-21 11:11:00,264786891726843723974946
UE2015 (Anterior),SERRA DO RAMALHO,71,91,1769755,ESCOLA MUNICIPAL FREI FRANCISCO DA SOLEDADE,AGROVILA 03 - ZONA RURAL,AGROVILA 03,47630000,-13.3752999,-43.5326391,269,Com acessibilidade,2026-09-21 11:20:00,416201159541012090531817
UE2015 (Anterior),SERRA DO RAMALHO,71,92,1762307,ESCOLA MUNICIPAL FREI FRANCISCO DA SOLEDADE,AGROVILA 03 - ZONA RURAL,AGROVILA 03,47630000,-13.3752999,-43.5326391,269,Com acessibilidade,2026-09-21 11:29:00,567716418256793281406408
UE2015 (Anterior),SERRA DO RAMALHO,71,93,1772045,ESCOLA MUNICIPAL FREI FRANCISCO DA SOLEDADE,AGROVILA 03 - ZONA RURAL,AGROVILA 03,47630000,-13.3752999,-43.5326391,270,Com acessibilidade,2026-09-21 11:35:00,971857933997019608734043
UE2015 (Anterior),SERRA DO RAMALHO,71,94,1791681,ESCOLA MUNICIPAL GETÚLIO VARGAS,AGROVILA 04 - ZONA RURAL,AGROVILA 04,47630000,-13.3458033,-43.5980617,292,Com acessibilidade,2026-09-21 11:45:00,961756030196095957752889
UE2015 (Anterior),SERRA DO RAMALHO,71,96,1830392,ESCOLA MUNICIPAL GETÚLIO VARGAS,AGROVILA 04 - ZONA RURAL,AGROVILA 04,47630000,-13.3458033,-43.5980617,290,Com acessibilidade,2026-09-21 11:55:00,840544132084064833425107
UE2015 (Anterior),SERRA DO RAMALHO,71,97,1836461,ESCOLA MUNICIPAL PROFESSOR JOÃO BATISTA DA COSTA,AGROVILA 05 - ZONA RURAL,AGROVILA 05,47630000,-13.4403817,-43.5475767,248,Com acessibilidade,2026-09-21 12:03:00,517211910651255960984488
UE2015 (Anterior),SERRA DO RAMALHO,71,98,1758191,ESCOLA MUNICIPAL PROFESSOR JOÃO BATISTA DA COSTA,AGROVILA 05 - ZONA RURAL,AGROVILA 05,47630000,-13.4403817,-43.5475767,246,Com acessibilidade,2026-09-21 12:12:00,153675661515917480421474
UE2015 (Anterior),SERRA DO RAMALHO,71,99,1781336,ESCOLA MUNICIPAL RUY BARBOSA,AGROVILA 06 - ZONA RURAL,AGROVILA 06,47630000,-13.4092112,-43.6130541,221,Com acessibilidade,2026-09-21 12:20:00,72867697007782054308747
UE2015 (Anterior),SERRA DO RAMALHO,71,100,1767002,ESCOLA MUNICIPAL RUY BARBOSA,AGROVILA 06 - ZONA RURAL,AGROVILA 06,47630000,-13.4092112,-43.6130541,222,Com acessibilidade,2026-09-21 12:29:00,214281302621557905944347
UE2015 (Anterior),SERRA DO RAMALHO,71,101,1769954,ESCOLA MUNICIPAL RUY BARBOSA,AGROVILA 06 - ZONA RURAL,AGROVILA 06,47630000,-13.4092112,-43.6130541,220,Com acessibilidade,2026-09-21 12:36:00,992059195899212865233406
UE2015 (Anterior),SERRA DO RAMALHO,71,102,1824563,ESCOLA MUNICIPAL BOM JESUS,AGROVILA 07 - ZONA RURAL,AGROVILA 07,47630000,-13.4848,-43.5595017,323,Com acessibilidade,2026-09-21 14:20:00,436403749443361102513118
UE2015 (Anterior),SERRA DO RAMALHO,71,103,1824793,ESCOLA MUNICIPAL BOM JESUS,AGROVILA 07 - ZONA RURAL,AGROVILA 07,47630000,-13.4848,-43.5595017,323,Com acessibilidade,2026-09-21 14:29:00,668726086466221732496730
UE2015 (Anterior),SERRA DO RAMALHO,71,104,1809456,ESCOLA MUNICIPAL BOM JESUS,AGROVILA 07 - ZONA RURAL,AGROVILA 07,47630000,-13.4848,-43.5595017,321,Com acessibilidade,2026-09-21 14:36:00,678827205067110845912931
UE2015 (Anterior),SERRA DO RAMALHO,71,105,1779514,ESCOLA MUNICIPAL NOSSA SENHORA APARECIDA,AGROVILA 08 - ZONA RURAL,AGROVILA 08,47630000,-13.4790069,-43.6295284,199,Com acessibilidade,2026-09-21 14:46:00,103170740810639706733187
UE2015 (Anterior),SERRA DO RAMALHO,71,107,1773626,ESCOLA MUNICIPAL NOSSA SENHORA APARECIDA,AGROVILA 08 - ZONA RURAL,AGROVILA 08,47630000,-13.4790069,-43.6295284,198,Com acessibilidade,2026-09-21 14:57:00,234483090323926994265608
UE2015 (Anterior),SERRA DO RAMALHO,71,108,1840162,ESCOLA DE PRIMEIRO GRAU CASTRO ALVES,AGROVILA 09 - ZONA URBANA,AGROVILA 09,47630000,-13.54134,-43.5793833,248,Com acessibilidade,2026-09-21 15:03:00,860746838686937758719608
UE2015 (Anterior),SERRA DO RAMALHO,71,109,1756696,ESCOLA DE PRIMEIRO GRAU CASTRO ALVES,AGROVILA 09 - ZONA URBANA,AGROVILA 09,47630000,-13.54134,-43.5793833,262,Com acessibilidade,2026-09-21 15:13:00,72867156907230682926027
UE2015 (Anterior),SERRA DO RAMALHO,71,110,1769628,ESCOLA DE PRIMEIRO GRAU CASTRO ALVES,AGROVILA 09 - ZONA URBANA,AGROVILA 09,47630000,-13.54134,-43.5793833,244,Com acessibilidade,2026-09-21 15:20:00,971857133897019241153442
UE2015 (Anterior),SERRA DO RAMALHO,71,111,1675294,ESCOLA MUNICIPAL SAGRADO CORAÇÃO DE JESUS,AGROVILA 10 - ZONA RURAL,AGROVILA 10,47630000,-13.53259,-43.642195,348,Com acessibilidade,2026-09-21 15:29:00,406100676240075397834298
UE2015 (Anterior),SERRA DO RAMALHO,71,112,1676604,ESCOLA MUNICIPAL SAGRADO CORAÇÃO DE JESUS,AGROVILA 10 - ZONA RURAL,AGROVILA 10,47630000,-13.53259,-43.642195,348,Com acessibilidade,2026-09-21 15:37:00,486908860848107567272208
UE2015 (Anterior),SERRA DO RAMALHO,71,113,1669550,ESCOLA MUNICIPAL SAGRADO CORAÇÃO DE JESUS,AGROVILA 10 - ZONA RURAL,AGROVILA 10,47630000,-13.53259,-43.642195,349,Com acessibilidade,2026-09-21 15:45:00,466706953446031474145028
UE2015 (Anterior),SERRA DO RAMALHO,71,115,1771186,ESCOLA MUNICIPAL PADRE JOSÉ DE ANCHIETA,AGROVILA 11 - ZONA RURAL,AGROVILA 11,47630000,-13.5886583,-43.6510233,344,Com acessibilidade,2026-09-21 15:54:00,446504153744038870390503
UE2015 (Anterior),SERRA DO RAMALHO,71,116,1795908,ESCOLA DE PRIMEIRO GRAU SERRA DO RAMALHO,AGROVILA 12 - ZONA RURAL,AGROVILA 12,47630000,-13.5735517,-43.7108567,126,Com acessibilidade,2026-09-21 09:06:00,557615379248209302760934
UE2015 (Anterior),SERRA DO RAMALHO,71,118,1771160,ESCOLA MUNICIPAL JOAQUIM JOSÉ DA SILVA XAVIER,AGROVILA 13 - ZONA RURAL,AGROVILA 13,47630000,-13.6472225,-43.7270002,353,Com acessibilidade,2026-09-21 09:17:00,608120647753418605802367
UE2015 (Anterior),SERRA DO RAMALHO,71,120,1811532,ESCOLA MUNICIPAL JOÃO PAULO II,AGROVILA 14 - ZONA RURAL,AGROVILA 14,47630000,-13.6990818,-43.7352299,229,Com acessibilidade,2026-09-21 09:28:00,385998610931354842302962
UE2015 (Anterior),SERRA DO RAMALHO,71,122,1765803,EDUCANDÁRIO SENHOR DO BONFIM,AGROVILA 18 - ZONA RURAL,AGROVILA 18,47630000,-13.3813723,-43.6911685,206,Com acessibilidade,2026-09-21 09:41:00,375897828930031994670057
UE2015 (Anterior),SERRA DO RAMALHO,71,124,1773024,EDUCANDÁRIO SENHOR DO BONFIM,AGROVILA 18 - ZONA RURAL,AGROVILA 18,47630000,-13.3813723,-43.6911685,206,Com acessibilidade,2026-09-21 09:52:00,810241480174639752157321
UE2015 (Anterior),SERRA DO RAMALHO,71,127,1757913,ESCOLA MUNICIPAL 19 DE ABRIL,AGROVILA 19 - ZONA RURAL,AGROVILA 19,47630000,-13.3865503,-43.7577327,249,Com acessibilidade,2026-09-21 10:04:00,416201411834003095664428
UE2015 (Anterior),SERRA DO RAMALHO,71,128,1764238,ESCOLA MUNICIPAL DOIS DE JULHO,AGROVILA 20 - ZONA RURAL,AGROVILA 20,47630000,-13.3223367,-43.7401433,355,Com acessibilidade,2026-09-21 10:14:00,547514653347229666480581
UE2015 (Anterior),SERRA DO RAMALHO,71,129,1760717,ESCOLA IRMÃ PETRONILA MULLER AGROVILA 21,AGROVILA 21 - ZONA RURAL,AGROVILA 21,47630000,-13.7240354,-43.6557388,136,Com acessibilidade,2026-09-21 10:24:00,284988507521057102337927
UE2015 (Anterior),SERRA DO RAMALHO,71,131,1847661,ESCOLA MUNICIPAL MANOEL BANDEIRA,AGROVILA 22 - ZONA RURAL,AGROVILA 22,47630000,-13.6654883,-43.6517167,130,Com acessibilidade,2026-09-21 10:38:00,497009903842639628655422
UE2015 (Anterior),SERRA DO RAMALHO,71,133,1835416,ESCOLA IRMÃ PETRONILA MULLER AGROVILA 21,AGROVILA 21 - ZONA RURAL,AGROVILA 21,47630000,-13.7240354,-43.6557388,138,Com acessibilidade,2026-09-21 10:48:00,254685886118481381309572
UE2015 (Anterior),SERRA DO RAMALHO,71,140,1781038,ESCOLA MUNICIPAL SÃO SEBASTIÃO,POVOADO BOA VISTA - ZONA RURAL,POVOADO BOA VISTA,47630000,-13.4966234,-43.4498394,276,Com acessibilidade,2026-09-21 10:57:00,860746234679113457561019
UE2015 (Anterior),SERRA DO RAMALHO,71,141,1762816,ESCOLA MUNICIPAL PROFESSOR JOÃO BATISTA DA COSTA,AGROVILA 05 - ZONA RURAL,AGROVILA 05,47630000,-13.4403817,-43.5475767,248,Com acessibilidade,2026-09-21 11:05:00,769736243969536785138205
UE2015 (Anterior),SERRA DO RAMALHO,71,142,1823683,ESCOLA DE PRIMEIRO GRAU CASTRO ALVES,AGROVILA 09 - ZONA URBANA,AGROVILA 09,47630000,-13.54134,-43.5793833,253,Com acessibilidade,2026-09-21 11:14:00,345594930527137665292672
UE2015 (Anterior),SERRA DO RAMALHO,71,143,1768471,ESCOLA DE PRIMEIRO GRAU SERRA DO RAMALHO,AGROVILA 12 - ZONA RURAL,AGROVILA 12,47630000,-13.5735517,-43.7108567,126,Com acessibilidade,2026-09-21 11:23:00,820342529275637542550970
UE2015 (Anterior),SERRA DO RAMALHO,71,144,1837178,ESCOLA MUNICIPAL MARIA QUITÉRIA DE JESUS MEDEIROS,AGROVILA 17 - ZONA RURAL,AGROVILA 17,47630000,-13.4604417,-43.7206733,187,Com acessibilidade,2026-09-21 11:44:00,486908296541540665281775
UE2015 (Anterior),SERRA DO RAMALHO,71,165,1773621,ESCOLA MUNICIPAL JOÃO PAULO II,AGROVILA 14 - ZONA RURAL,AGROVILA 14,47630000,-13.6990818,-43.7352299,233,Com acessibilidade,2026-09-21 11:53:00,517211578644598322356191
UE2015 (Anterior),SERRA DO RAMALHO,71,166,1811552,ESCOLA MUNICIPAL MANOEL BANDEIRA,AGROVILA 22 - ZONA RURAL,AGROVILA 22,47630000,-13.6654883,-43.6517167,129,Com acessibilidade,2026-09-21 12:03:00,608120775353345230607059
UE2015 (Anterior),SERRA DO RAMALHO,71,167,1769052,ESCOLA MUNICIPAL MARIA QUITÉRIA DE JESUS MEDEIROS,AGROVILA 17 - ZONA RURAL,AGROVILA 17,47630000,-13.4604417,-43.7206733,185,Com acessibilidade,2026-09-21 12:13:00,234483510116069492609425
UE2015 (Anterior),SERRA DO RAMALHO,71,173,1775896,ESCOLA DE PRIMEIRO GRAU CASTRO ALVES,AGROVILA 09 - ZONA URBANA,AGROVILA 09,47630000,-13.54134,-43.5793833,255,Com acessibilidade,2026-09-21 12:24:00,12261929094005586181671
UE2015 (Anterior),SERRA DO RAMALHO,71,178,1786356,ESCOLA MUNICIPAL SÃO SEBASTIÃO,POVOADO BOA VISTA - ZONA RURAL,POVOADO BOA VISTA,47630000,-13.4966234,-43.4498394,272,Com acessibilidade,2026-09-21 12:33:00,234483695316242712531223
UE2015 (Anterior),SERRA DO RAMALHO,71,179,1784092,ESCOLA ENGRO DESDEDIT C. V. SILVA,AGROVILA 01 - ZONA RURAL,AGROVILA 01,47630000,-13.2988867,-43.514595,238,Com acessibilidade,2026-09-21 12:42:00,234483802216265744646475
UE2015 (Anterior),SERRA DO RAMALHO,71,180,1807453,ESCOLA MUNICIPAL SÃO FRANCISCO,AGROVILA 02 - ZONA RURAL,AGROVILA 02,47630000,-13.2835011,-43.5833971,397,Com acessibilidade,2026-09-21 12:53:00,396099047732581962228700
UE2015 (Anterior),SERRA DO RAMALHO,71,181,1809892,ESCOLA MUNICIPAL FREI FRANCISCO DA SOLEDADE,AGROVILA 03 - ZONA RURAL,AGROVILA 03,47630000,-13.3752999,-43.5326391,268,Com acessibilidade,2026-09-21 13:39:00,850645610478398593661079
UE2015 (Anterior),SERRA DO RAMALHO,71,183,1810203,ESCOLA MUNICIPAL PROFESSOR JOÃO BATISTA DA COSTA,AGROVILA 05 - ZONA RURAL,AGROVILA 05,47630000,-13.4403817,-43.5475767,248,Com acessibilidade,2026-09-21 13:59:00,860746840379584722900354
UE2015 (Anterior),SERRA DO RAMALHO,71,184,1839639,ESCOLA MUNICIPAL RUY BARBOSA,AGROVILA 06 - ZONA RURAL,AGROVILA 06,47630000,-13.4092112,-43.6130541,221,Com acessibilidade,2026-09-21 14:10:00,476807568240318304874122
UE2015 (Anterior),SERRA DO RAMALHO,71,185,1755054,ESCOLA MUNICIPAL BOM JESUS,AGROVILA 07 - ZONA RURAL,AGROVILA 07,47630000,-13.4848,-43.5595017,321,Com acessibilidade,2026-09-21 14:19:00,234483437216700925318162
UE2015 (Anterior),SERRA DO RAMALHO,71,187,1750797,ESCOLA DE PRIMEIRO GRAU CASTRO ALVES,AGROVILA 09 - ZONA URBANA,AGROVILA 09,47630000,-13.54134,-43.5793833,255,Com acessibilidade,2026-09-21 14:29:00,628322048655189605285211
UE2015 (Anterior),SERRA DO RAMALHO,71,188,1757260,ESCOLA MUNICIPAL SAGRADO CORAÇÃO DE JESUS,AGROVILA 10 - ZONA RURAL,AGROVILA 10,47630000,-13.53259,-43.642195,344,Com acessibilidade,2026-09-21 14:38:00,365796899229947700936044
UE2015 (Anterior),SERRA DO RAMALHO,71,189,1809085,ESCOLA MUNICIPAL PADRE JOSÉ DE ANCHIETA,AGROVILA 11 - ZONA RURAL,AGROVILA 11,47630000,-13.5886583,-43.6510233,344,Com acessibilidade,2026-09-21 14:47:00,224382860115829229734442
UE2015 (Anterior),SERRA DO RAMALHO,71,191,1794043,ESCOLA MUNICIPAL JOAQUIM JOSÉ DA SILVA XAVIER,AGROVILA 13 - ZONA RURAL,AGROVILA 13,47630000,-13.6472225,-43.7270002,352,Com acessibilidade,2026-09-21 14:55:00,749534573867298245424745
UE2015 (Anterior),SERRA DO RAMALHO,71,192,1774754,ESCOLA MUNICIPAL JOÃO PAULO II,AGROVILA 14 - ZONA RURAL,AGROVILA 14,47630000,-13.6990818,-43.7352299,231,Com acessibilidade,2026-09-21 14:15:00,456605395632645777846898
UE2015 (Anterior),SERRA DO RAMALHO,71,193,1781032,EDUCANDÁRIO SENHOR DO BONFIM,AGROVILA 18 - ZONA RURAL,AGROVILA 18,47630000,-13.3813723,-43.6911685,207,Com acessibilidade,2026-09-21 14:24:00,42564091091254557020659
UE2015 (Anterior),SERRA DO RAMALHO,71,196,1834841,ESCOLA MUNICIPAL DOIS DE JULHO,AGROVILA 20 - ZONA RURAL,AGROVILA 20,47630000,-13.3223367,-43.7401433,354,Com acessibilidade,2026-09-21 14:32:00,618221990448772627122073
UE2015 (Anterior),SERRA DO RAMALHO,71,199,1837878,ESCOLA MUNICIPAL JOSÉ CARAÍBAS,POVOADO CAMPINHOS - ZONA RURAL,POVOADO CAMPINHOS,47630000,-13.6238245,-43.5483089,305,Com acessibilidade,2026-09-21 14:41:00,789938494465962944388220
UE2015 (Anterior),SERRA DO RAMALHO,71,237,1841800,ESCOLA DE PRIMEIRO GRAU SERRA DO RAMALHO,AGROVILA 12 - ZONA RURAL,AGROVILA 12,47630000,-13.5735517,-43.7108567,126,Com acessibilidade,2026-09-21 14:58:00,507110662437265781955575
UE2015 (Anterior),SERRA DO RAMALHO,71,244,1763227,ESCOLA MUNICIPAL GETÚLIO VARGAS,AGROVILA 04 - ZONA RURAL,AGROVILA 04,47630000,-13.3458033,-43.5980617,288,Com acessibilidade,2026-09-21 15:06:00,517211410138793811783374
UE2015 (Anterior),SERRA DO RAMALHO,71,246,1824711,ESCOLA DE PRIMEIRO GRAU CASTRO ALVES,AGROVILA 09 - ZONA URBANA,AGROVILA 09,47630000,-13.54134,-43.5793833,260,Com acessibilidade,2026-09-21 15:14:00,234483351510460725658867
UE2015 (Anterior),SERRA DO RAMALHO,71,248,1768053,ESCOLA DE PRIMEIRO GRAU CASTRO ALVES,AGROVILA 09 - ZONA URBANA,AGROVILA 09,47630000,-13.54134,-43.5793833,263,Com acessibilidade,2026-09-21 15:23:00,981958327685231282469022
UE2015 (Anterior),SERRA DO RAMALHO,71,258,1776089,COLÉGIO ESTADUAL ANÍSIO HONORATO GODOY,"AVENIDA NORTE, S/N - ZONA URBANA",AGROVILA 09,47630000,-13.5420867,-43.5810683,321,Com acessibilidade,2026-09-21 15:32:00,385998799625653948129821
UE2015 (Anterior),SERRA DO RAMALHO,71,268,1809626,ESCOLA MUNICIPAL TOM JOBIM,FAZENDA GENIPAPO - ZONA RURAL,DISTRITO SEDE,47630000,-13.2249283,-43.7948235,240,Com acessibilidade,2026-09-21 15:42:00,305190789417665700392007
UE2015 (Anterior),SERRA DO RAMALHO,71,269,1775799,ESCOLA MUNICIPAL BARTOLOMEU GUEDES,POVOADO FECHADINHA - ZONA RURAL,POVOADO FECHADINHA,47630000,-13.283705,-43.4673333,254,Com acessibilidade,2026-09-21 15:50:00,52665641492366313525173
UE2015 (Anterior),SERRA DO RAMALHO,71,270,1762334,ESCOLA MUNICIPAL PAULO MARTINS DE CARVALHO,POVOADO TAQUARI - ZONA RURAL,POVOADO TAQUARI,47630000,-13.5494567,-43.7958283,202,Com acessibilidade,2026-09-21 16:00:00,981958653085956689474571
UE2015 (Anterior),SERRA DO RAMALHO,71,271,1790404,ESCOLA MUNICIPAL AIRTON SENNA,POVOADO BARREIRO GRANDE - ZONA RURAL,POVOADO BARREIRO GRANDE,47630000,-13.766345,-43.598295,154,Com acessibilidade,2026-09-21 16:09:00,729332509359321108839192
UE2015 (Anterior),SERRA DO RAMALHO,71,272,1838811,ESCOLA MUNICIPAL NOSSA SENHORA APARECIDA,POVOADO PAMBÚ - ZONA RURAL,povoado pambú,47630000,-13.3603686,-43.4784293,266,Com acessibilidade,2026-09-21 16:18:00,315291207718933462106123
UE2015 (Anterior),SERRA DO RAMALHO,71,273,1792547,ESCOLA MUNICIPAL NOSSA SENHORA DE FÁTIMA,POVOADO ÁGUA FRIA - ZONA RURAL,POVOADO ÁGUA FRIA,47630000,-13.68045,-43.568885,169,Com acessibilidade,2026-09-21 16:27:00,810241819868451460423107
UE2015 (Anterior),SERRA DO RAMALHO,71,274,1846117,ESCOLA DE PRIMEIRO GRAU CASTRO ALVES,AGROVILA 09 - ZONA URBANA,AGROVILA 09,47630000,-13.54134,-43.5793833,255,Com acessibilidade,2026-09-21 16:35:00,325392437619917035219347
UE2015 (Anterior),SERRA DO RAMALHO,71,280,1835891,COLÉGIO ESTADUAL ANÍSIO HONORATO GODOY,"AVENIDA NORTE, S/N - ZONA URBANA",AGROVILA 09,47630000,-13.5420867,-43.5810683,327,Com acessibilidade,2026-09-21 16:44:00,981958720585597893230027
UE2015 (Anterior),SERRA DO RAMALHO,71,284,1837811,COLÉGIO ESTADUAL ANÍSIO HONORATO GODOY,"AVENIDA NORTE, S/N - ZONA URBANA",AGROVILA 09,47630000,-13.5420867,-43.5810683,327,Com acessibilidade,2026-09-21 16:53:00,971857153484600493619766
UE2015 (Anterior),SERRA DO RAMALHO,71,285,1766010,ESCOLA MUNICIPAL SÃO FRANCISCO,AGROVILA 02 - ZONA RURAL,AGROVILA 02,47630000,-13.2835011,-43.5833971,398,Com acessibilidade,2026-09-21 17:01:00,840544137371998404695150
UE2015 (Anterior),SERRA DO RAMALHO,71,289,1809553,COLÉGIO ESTADUAL ANÍSIO HONORATO GODOY,"AVENIDA NORTE, S/N - ZONA URBANA",AGROVILA 09,47630000,-13.5420867,-43.5810683,324,Com acessibilidade,2026-09-21 17:13:00,709130433357084613226313
UE2015 (Anterior),SERRA DO RAMALHO,71,295,1815349,COLÉGIO ESTADUAL ANÍSIO HONORATO GODOY,"AVENIDA NORTE, S/N - ZONA URBANA",AGROVILA 09,47630000,-13.5420867,-43.5810683,325,Com acessibilidade,2026-09-21 17:22:00,325392689919724211163626
UE2015 (Anterior),SERRA DO RAMALHO,71,301,1809801,COLÉGIO ESTADUAL ANÍSIO HONORATO GODOY,"AVENIDA NORTE, S/N - ZONA URBANA",AGROVILA 09,47630000,-13.5420867,-43.5810683,338,Com acessibilidade,2026-09-21 17:22:00,880948269996288465788265
UE2015 (Anterior),SERRA DO RAMALHO,71,305,1771292,COLÉGIO ESTADUAL ANÍSIO HONORATO GODOY,"AVENIDA NORTE, S/N - ZONA URBANA",AGROVILA 09,47630000,-13.5420867,-43.5810683,328,Com acessibilidade,2026-09-21 16:06:00,658625474073046221870051
UE2015 (Anterior),SERRA DO RAMALHO,71,308,1767515,ESCOLA MUNICIPAL SÃO FRANCISCO,AGROVILA 02 - ZONA RURAL,AGROVILA 02,47630000,-13.2835011,-43.5833971,398,Com acessibilidade,2026-09-21 16:15:00,264786410434674160347496
UE2015 (Anterior),SERRA DO RAMALHO,71,309,1751388,COLÉGIO ESTADUAL ANÍSIO HONORATO GODOY,"AVENIDA NORTE, S/N - ZONA URBANA",AGROVILA 09,47630000,-13.5420867,-43.5810683,338,Com acessibilidade,2026-09-21 16:24:00,426302684550850249130276
UE2015 (Anterior),SERRA DO RAMALHO,71,314,1837493,COLÉGIO ESTADUAL ANÍSIO HONORATO GODOY,"AVENIDA NORTE, S/N - ZONA URBANA",AGROVILA 09,47630000,-13.5420867,-43.5810683,326,Com acessibilidade,2026-09-21 16:35:00,476807256255068382622441
UE2015 (Anterior),SERRA DO RAMALHO,71,317,1766389,ESCOLA MUNICIPAL MARCOS FREIRE,"COMUNIDADE CSB, BR 349, KM 779, SERRA DO RAMALHO / BA - ZONA RURAL",DISTRITO SEDE,47630000,-13.2733681,-43.6472571,173,Sem acessibilidade,2026-09-21 16:43:00,911251025999459876569780
UE2015 (Anterior),SERRA DO RAMALHO,71,327,1764860,ESCOLA MUNICIPAL PROFESSOR FÁBIO SANTOS BARBOSA,"RUA CANAÃ, II, BAIXADA FLUMINENSE",AGROVILA 09,47630000,-13.547675,-43.57438,399,Sem acessibilidade,2026-09-21 16:52:00,517211693359073382881283
UE2015 (Anterior),SERRA DO RAMALHO,71,336,1760666,ESCOLA MUNICIPAL PROFESSOR FÁBIO SANTOS BARBOSA,"RUA CANAÃ, II, BAIXADA FLUMINENSE",AGROVILA 09,47630000,-13.547675,-43.57438,395,Sem acessibilidade,2026-09-21 17:01:00,729332865880873362682959
UE2015 (Anterior),SERRA DO RAMALHO,71,339,1809999,ESCOLA MUNICIPAL PROFESSOR FÁBIO SANTOS BARBOSA,"RUA CANAÃ, II, BAIXADA FLUMINENSE",AGROVILA 09,47630000,-13.547675,-43.57438,393,Sem acessibilidade,2026-09-21 17:10:00,668726135574837087525065
UE2015 (Anterior),SERRA DOURADA,190,30,1774563,COLÉGIO MUNICÍPAL MAURO RODRIGUES DE SOUZA,AV. SÃO CRISTÓVÃO -  ZONA URBANA,SERRA DOURADINHA,47740000,-12.7549283,-43.9507983,297,Com acessibilidade,2026-09-25 10:20:00,395311603846240043503002
UE2015 (Anterior),SERRA DOURADA,190,31,1824351,COLÉGIO MUNICÍPAL MAURO RODRIGUES DE SOUZA,AV. SÃO CRISTÓVÃO -  ZONA URBANA,SERRA DOURADINHA,47740000,-12.7549283,-43.9507983,300,Com acessibilidade,2026-09-25 11:15:00,223694543029447013074770
UE2015 (Anterior),SERRA DOURADA,190,32,1793984,ESCOLA ESTADUAL SÃO GONÇALO,AVENIDA MANSO CABRAL -  ZONA URBANA,CENTRO,47740000,-12.7621283,-43.9516733,397,Com acessibilidade,2026-09-25 10:41:00,425614851349526956129192
UE2015 (Anterior),SERRA DOURADA,190,33,1754789,ESCOLA ESTADUAL SÃO GONÇALO,AVENIDA MANSO CABRAL -  ZONA URBANA,CENTRO,47740000,-12.7621283,-43.9516733,391,Com acessibilidade,2026-09-25 10:54:00,132785678020536082321696
UE2015 (Anterior),SERRA DOURADA,190,34,1795847,ESCOLA ESTADUAL SÃO GONÇALO,AVENIDA MANSO CABRAL -  ZONA URBANA,CENTRO,47740000,-12.7621283,-43.9516733,395,Com acessibilidade,2026-09-25 11:06:00,567028212163765802444496
UE2015 (Anterior),SERRA DOURADA,190,35,1834600,ESCOLA ESTADUAL SÃO GONÇALO,AVENIDA MANSO CABRAL -  ZONA URBANA,CENTRO,47740000,-12.7621283,-43.9516733,396,Com acessibilidade,2026-09-25 11:28:00,31775797910556015343569
UE2015 (Anterior),SERRA DOURADA,190,36,1791366,COLÉGIO MUNICÍPAL MAURO RODRIGUES DE SOUZA,AV. SÃO CRISTÓVÃO -  ZONA URBANA,SERRA DOURADINHA,47740000,-12.7549283,-43.9507983,296,Com acessibilidade,2026-09-25 11:39:00,264098133355948000703060
UE2015 (Anterior),SERRA DOURADA,190,37,1781008,COLÉGIO MUNICÍPAL MAURO RODRIGUES DE SOUZA,AV. SÃO CRISTÓVÃO -  ZONA URBANA,SERRA DOURADINHA,47740000,-12.7549283,-43.9507983,295,Com acessibilidade,2026-09-25 11:45:00,253997235232743200008823
UE2015 (Anterior),SERRA DOURADA,190,38,1824759,ESCOLA MUNICIPAL ELIEZER PEREIRA DA SILVA,"PRAÇA PEDRO JOSE DE AQUINO, S/N -  ZONA URBANA",CENTRO,47740000,-12.762645,-43.9540617,272,Com acessibilidade,2026-09-25 11:50:00,546826636283771754588774
UE2015 (Anterior),SERRA DOURADA,190,39,1811289,ESCOLA MUNICIPAL ELIEZER PEREIRA DA SILVA,"PRAÇA PEDRO JOSE DE AQUINO, S/N -  ZONA URBANA",CENTRO,47740000,-12.762645,-43.9540617,268,Com acessibilidade,2026-09-25 11:55:00,455917651352035553234575
UE2015 (Anterior),SERRA DOURADA,190,40,1841061,ESCOLA MUNICIPAL ELIEZER PEREIRA DA SILVA,"PRAÇA PEDRO JOSE DE AQUINO, S/N -  ZONA URBANA",CENTRO,47740000,-12.762645,-43.9540617,273,Com acessibilidade,2026-09-25 12:00:00,839755117612726513998847
UE2015 (Anterior),SERRA DOURADA,190,41,1809062,ESCOLA MUNICIPAL ELIEZER PEREIRA DA SILVA,"PRAÇA PEDRO JOSE DE AQUINO, S/N -  ZONA URBANA",CENTRO,47740000,-12.762645,-43.9540617,271,Com acessibilidade,2026-09-25 12:06:00,132785524320440024593865
UE2015 (Anterior),SERRA DOURADA,190,42,1821309,ESCOLA MUNICIPAL ELIEZER PEREIRA DA SILVA,"PRAÇA PEDRO JOSE DE AQUINO, S/N -  ZONA URBANA",CENTRO,47740000,-12.762645,-43.9540617,275,Com acessibilidade,2026-09-25 12:11:00,253997752354304746211914
UE2015 (Anterior),SERRA DOURADA,190,43,1774461,ESCOLA MINICÍPAL MONSENHOR FÉLIX,PRACA FRANCISCO J. DE AQUINO -  ZONA URBANA,CENTRO,47740000,-12.7626633,-43.9541767,300,Com acessibilidade,2026-09-25 12:15:00,859957465992189031156997
UE2015 (Anterior),SERRA DOURADA,190,44,1807196,ESCOLA MINICÍPAL MONSENHOR FÉLIX,PRACA FRANCISCO J. DE AQUINO -  ZONA URBANA,CENTRO,47740000,-12.7626633,-43.9541767,301,Com acessibilidade,2026-09-25 12:21:00,860058587415006402602822
UE2015 (Anterior),SERRA DOURADA,190,45,1788409,COLÉGIO MUNICÍPAL MAURO RODRIGUES DE SOUZA,AV. SÃO CRISTÓVÃO -  ZONA URBANA,SERRA DOURADINHA,47740000,-12.7549283,-43.9507983,296,Com acessibilidade,2026-09-25 12:25:00,556927388262978440819211
UE2015 (Anterior),SERRA DOURADA,190,46,1775580,COLÉGIO MUNICÍPAL MAURO RODRIGUES DE SOUZA,AV. SÃO CRISTÓVÃO -  ZONA URBANA,SERRA DOURADINHA,47740000,-12.7549283,-43.9507983,299,Com acessibilidade,2026-09-25 12:30:00,708442647399866841402059
UE2015 (Anterior),SERRA DOURADA,190,48,1837305,PREDIO ESCOLAR JOAO LUIZ DE FRANCA,POVOADO MORRINHOS -  ZONA RURAL,POVOADO MORRINHOS,47740000,-12.9120067,-43.8425533,257,Com acessibilidade,2026-09-25 12:35:00,82280243515596416489064
UE2015 (Anterior),SERRA DOURADA,190,49,1770448,PREDIO ESCOLAR JOAO LUIZ DE FRANCA,POVOADO MORRINHOS -  ZONA RURAL,POVOADO MORRINHOS,47740000,-12.9120067,-43.8425533,252,Com acessibilidade,2026-09-25 12:39:00,587230853787377123495457
UE2015 (Anterior),SERRA DOURADA,190,50,1795744,POSTO DE SAÚDE MARIA ROSA - ESF,POVOADO RIACHÃO - ZONA RURAL,POVOADO RIACHÃO,47740000,-12.8999667,-43.890375,265,Com acessibilidade,2026-09-25 12:44:00,92381444016623940670446
UE2015 (Anterior),SERRA DOURADA,190,51,1762984,POSTO DE SAÚDE MARIA ROSA - ESF,POVOADO RIACHÃO - ZONA RURAL,POVOADO RIACHÃO,47740000,-12.8999667,-43.890375,264,Com acessibilidade,2026-09-25 13:36:00,31775493210722262337289
UE2015 (Anterior),SERRA DOURADA,190,52,1791514,PREDIO ESCOLAR PRESIDENTE MEDICI,DISTRITO  TRAIRAS -  ZONA RURAL,DISTRITO TRAIRAS,47740000,-12.8642067,-43.6893583,301,Com acessibilidade,2026-09-25 13:37:00,243896817253008088112605
UE2015 (Anterior),SERRA DOURADA,190,53,1767176,PREDIO ESCOLAR PRESIDENTE MEDICI,DISTRITO  TRAIRAS -  ZONA RURAL,DISTRITO TRAIRAS,47740000,-12.8642067,-43.6893583,299,Com acessibilidade,2026-09-25 14:23:00,31775712810533165092818
UE2015 (Anterior),SERRA DOURADA,190,54,1770341,PREDIO ESCOLAR PRESIDENTE MEDICI,DISTRITO  TRAIRAS -  ZONA RURAL,DISTRITO TRAIRAS,47740000,-12.8642067,-43.6893583,300,Com acessibilidade,2026-09-25 14:25:00,728644518101365841375632
UE2015 (Anterior),SERRA DOURADA,190,55,1765215,PREDIO ESCOLAR PRESIDENTE MEDICI,DISTRITO  TRAIRAS -  ZONA RURAL,DISTRITO TRAIRAS,47740000,-12.8642067,-43.6893583,299,Com acessibilidade,2026-09-25 14:33:00,567028469563154332846374
UE2015 (Anterior),SERRA DOURADA,190,56,1751533,PREDIO ESCOLAR MANOEL JOAQUIM DOS SANTOS,POVOADO POCO DO JUA -  ZONA RURAL,POVOADO POÇO DO JUÁ,47740000,-12.8335117,-43.9354967,294,Com acessibilidade,2026-09-25 14:35:00,738745749002462878850898
UE2015 (Anterior),SERRA DOURADA,190,57,1836867,PREDIO ESCOLAR MANOEL JOAQUIM DOS SANTOS,POVOADO POCO DO JUA -  ZONA RURAL,POVOADO POÇO DO JUÁ,47740000,-12.8335117,-43.9354967,289,Com acessibilidade,2026-09-25 10:23:00,476119598402538271553626
UE2015 (Anterior),SERRA DOURADA,190,58,1766440,COLÉGIO MUNICIPAL SARAPIÃO DIAS DA COSTA,POVOADO BOQUEIRAO -  ZONA RURAL,POVOADO BOQUEIRÃO,47740000,-12.795665,-44.0599067,241,Com acessibilidade,2026-09-25 10:32:00,819553043136890885015400
UE2015 (Anterior),SERRA DOURADA,190,60,1836368,COLÉGIO MUNICIPAL SARAPIÃO DIAS DA COSTA,POVOADO BOQUEIRAO -  ZONA RURAL,POVOADO BOQUEIRÃO,47740000,-12.795665,-44.0599067,242,Com acessibilidade,2026-09-25 10:42:00,455917875600627769638587
UE2015 (Anterior),SERRA DOURADA,190,61,1774615,PREDIO ESCOLAR FRANCISCO TELES,POVOADO TELES -  ZONA RURAL,POVOADO TELES,47740000,-12.7968933,-44.04604,109,Com acessibilidade,2026-09-25 10:56:00,354907880490899914647503
UE2015 (Anterior),SERRA DOURADA,190,62,1763266,ESCOLA MUNICIPAL JOSÉ PEREIRA DA SILVA,POVOADO PORTEIRA DE SANTA CRUZ -  ZONA RURAL,POVOADO PORTEIRA DE SANTA CRUZ,47740000,-12.8216583,-44.1232717,192,Com acessibilidade,2026-09-25 11:09:00,758947396030168223458707
UE2015 (Anterior),SERRA DOURADA,190,64,1766193,PREDIO ESCOLAR MUNICIPAL LAZARO MEDRADO,POVOADO VÁRZEA DE BAIXO -  ZONA RURAL,SERRA DOURADINHA,47740000,-12.7696517,-43.9974933,247,Com acessibilidade,2026-09-25 11:21:00,617533477216640723103109
UE2015 (Anterior),SERRA DOURADA,190,65,1795541,PREDIO ESCOLAR LOURISVALDO ALVES DE ARAUJO,POVOADO FEIRINHA -  ZONA RURAL,POVOADO FEIRINHA,47740000,-12.784915,-44.002555,297,Com acessibilidade,2026-09-25 11:36:00,385210352893855853527852
UE2015 (Anterior),SERRA DOURADA,190,68,1773878,PREDIO ESCOLAR ANTONIO MANUEL SOARES,POVOADO PONTA D'AGUA -  ZONA RURAL,POVOADO PONTA D'AGUA,47740000,-12.7787433,-44.0385083,137,Com acessibilidade,2026-09-25 11:45:00,51977357260541796421323
UE2015 (Anterior),SERRA DOURADA,190,70,1793225,GRUPO ESCOLAR DAMAZIO,POVOADO DAMAZIO -  ZONA RURAL,POVOADO DAMAZIO,47740000,-12.8632933,-43.9032883,285,Com acessibilidade,2026-09-25 11:45:00,738745223873220658992131
UE2015 (Anterior),SERRA DOURADA,190,71,1789228,ESCOLA MUNICIPAL MIGUEL MOREIRA DOS SANTOS,POVOADO LAGOA DO LORA -  ZONA RURAL,POVOADO LAGOA DO LORA,47740000,-12.7927767,-43.7318217,319,Com acessibilidade,2026-09-25 11:54:00,41876643959552244151986
UE2015 (Anterior),SERRA DOURADA,190,73,1835215,PREDIO ESCOLAR JOAO LUIZ DE FRANCA,POVOADO MORRINHOS -  ZONA RURAL,POVOADO MORRINHOS,47740000,-12.9120067,-43.8425533,253,Com acessibilidade,2026-09-25 11:55:00,556927376855137588848585
UE2015 (Anterior),SERRA DOURADA,190,75,1810045,ESCOLA MUNICIPAL ELIEZER PEREIRA DA SILVA,"PRAÇA PEDRO JOSE DE AQUINO, S/N -  ZONA URBANA",CENTRO,47740000,-12.762645,-43.9540617,272,Com acessibilidade,2026-09-25 12:03:00,82280127363186973222217
UE2015 (Anterior),SERRA DOURADA,190,76,1774687,ESCOLA SAO PEDRO,POVOADO TORRADAS -  ZONA RURAL,POVOADO TORRADAS,47740000,-12.80556,-44.0952033,340,Com acessibilidade,2026-09-25 12:05:00,395311540339636276165313
UE2015 (Anterior),SERRA DOURADA,190,77,1756053,ESCOLA MINICÍPAL MONSENHOR FÉLIX,PRACA FRANCISCO J. DE AQUINO -  ZONA URBANA,CENTRO,47740000,-12.7626633,-43.9541767,299,Com acessibilidade,2026-09-25 12:13:00,92381355864284848905329
UE2015 (Anterior),SERRA DOURADA,190,78,1809917,COLÉGIO MUNICÍPAL MAURO RODRIGUES DE SOUZA,AV. SÃO CRISTÓVÃO -  ZONA URBANA,SERRA DOURADINHA,47740000,-12.7549283,-43.9507983,297,Com acessibilidade,2026-09-25 12:30:00,476119843047633311065192
UE2015 (Anterior),SERRA DOURADA,190,117,1837663,COLÉGIO MUNICIPAL SARAPIÃO DIAS DA COSTA,POVOADO BOQUEIRAO -  ZONA RURAL,POVOADO BOQUEIRÃO,47740000,-12.795665,-44.0599067,236,Com acessibilidade,2026-09-25 12:30:00,597331525514756490931900
UE2015 (Anterior),SERRA DOURADA,190,119,1809310,PREDIO ESCOLAR LOURISVALDO ALVES DE ARAUJO,POVOADO FEIRINHA -  ZONA RURAL,POVOADO FEIRINHA,47740000,-12.784915,-44.002555,298,Com acessibilidade,2026-09-25 12:40:00,809452955835052589512730
UE2015 (Anterior),SERRA DOURADA,190,124,1776803,ESCOLA ESTADUAL SÃO GONÇALO,AVENIDA MANSO CABRAL -  ZONA URBANA,CENTRO,47740000,-12.7621283,-43.9516733,391,Com acessibilidade,2026-09-25 12:40:00,334705000533586036797722
UE2015 (Anterior),SERRA DOURADA,190,127,1789852,ESCOLA MUNICIPAL JOSÉ PEREIRA DA SILVA,POVOADO PORTEIRA DE SANTA CRUZ -  ZONA RURAL,POVOADO PORTEIRA DE SANTA CRUZ,47740000,-12.8216583,-44.1232717,191,Com acessibilidade,2026-09-25 13:36:00,314503318731007550800939
UE2015 (Anterior),SERRA DOURADA,190,131,1765905,ESCOLA MUNICIPAL ELIEZER PEREIRA DA SILVA,"PRAÇA PEDRO JOSE DE AQUINO, S/N -  ZONA URBANA",CENTRO,47740000,-12.762645,-43.9540617,269,Com acessibilidade,2026-09-25 13:39:00,809452215735707476008440
UE2015 (Anterior),SERRA DOURADA,190,134,1791142,PREDIO ESCOLAR MUNICIPAL LAZARO MEDRADO,POVOADO VÁRZEA DE BAIXO -  ZONA RURAL,SERRA DOURADINHA,47740000,-12.7696517,-43.9974933,247,Com acessibilidade,2026-09-25 13:53:00,880260622343542282958533
UE2015 (Anterior),SERRA DOURADA,190,135,1778768,PREDIO ESCOLAR SAO BENTO,POVOADO TAUA - ZONA RURAL,POVOADO TAUA,47740000,-12.814915,-44.055455,200,Com acessibilidade,2026-09-25 13:54:00,779149627177504084887888
UE2015 (Anterior),SERRA DOURADA,190,141,1803957,PREDIO ESCOLAR PRESIDENTE MEDICI,DISTRITO  TRAIRAS -  ZONA RURAL,DISTRITO TRAIRAS,47740000,-12.8642067,-43.6893583,299,Com acessibilidade,2026-09-25 14:03:00,890361376289215312028373
UE2015 (Anterior),SERRA DOURADA,190,143,1819474,PRÉDIO ESCOLAR DA LAGOA DA ONÇA,POVOADO LAGOA DA ONÇA (ENTRE D. TRAÍRAS E P. LAGOA DA LORA)-ZONA RURAL,POVOADO LAGOA DA ONÇA,47740000,-12.8045167,-43.6664283,258,Com acessibilidade,2026-09-25 14:04:00,718543416926100509418666
UE2015 (Anterior),SERRA DOURADA,190,145,1791475,ESCOLA MUNICIPAL JOSÉ LUIZ DA SILVA,POVOADO LAGOA DO CANTO - ZONA RURAL,POVOADO LAGOA DO CANTO,47740000,-12.7694617,-43.9124783,152,Com acessibilidade,2026-09-25 14:13:00,72179992307486091811725
UE2015 (Anterior),SERRA DOURADA,190,148,1824868,ESCOLA MINICÍPAL MONSENHOR FÉLIX,PRACA FRANCISCO J. DE AQUINO -  ZONA URBANA,CENTRO,47740000,-12.7626633,-43.9541767,298,Com acessibilidade,2026-09-25 14:14:00,950967201250434364718557
UE2015 (Anterior),SERRA PRETA,155,802,1760511,ESCOLA MUNICIPAL PAPA JOÃO PAULO I,RUA AGRIPINO MACÊDO S/N - DISTRITO DO BRAVO - ZONA RURAL,DISTRITO BRAVO,44660000,-12.1555027,-39.4588787,319,Com acessibilidade,2026-09-25 08:51:00,141413089376148244940303
UE2015 (Anterior),SERRA PRETA,155,803,1766748,ESCOLA MUNICIPAL PAPA JOÃO PAULO I,RUA AGRIPINO MACÊDO S/N - DISTRITO DO BRAVO - ZONA RURAL,DISTRITO BRAVO,44660000,-12.1555027,-39.4588787,318,Com acessibilidade,2026-09-25 09:00:00,898988943251485048509282
UE2015 (Anterior),SERRA PRETA,155,804,1809131,ESCOLA MUNICIPAL PAPA JOÃO PAULO I,RUA AGRIPINO MACÊDO S/N - DISTRITO DO BRAVO - ZONA RURAL,DISTRITO BRAVO,44660000,-12.1555027,-39.4588787,318,Com acessibilidade,2026-09-25 09:09:00,353534513097575560632660
UE2015 (Anterior),SERRA PRETA,155,805,1769738,ESCOLA MUNICIPAL PAPA JOÃO PAULO I,RUA AGRIPINO MACÊDO S/N - DISTRITO DO BRAVO - ZONA RURAL,DISTRITO BRAVO,44660000,-12.1555027,-39.4588787,319,Com acessibilidade,2026-09-25 09:18:00,191918467881431260374045
UE2015 (Anterior),SERRA PRETA,155,806,1767169,ESCOLA MUNICIPAL NOSSA SENHORA DO BOM CONSELHO,RUA CORONEL JOÃO REIS S/N - ZONA URBANA,CENTRO,44660000,-12.1616303,-39.3328475,272,Sem acessibilidade,2026-09-25 09:36:00,555554939617835094383724
UE2015 (Anterior),SERRA PRETA,155,807,1769083,ESCOLA MUNICIPAL NOSSA SENHORA DO BOM CONSELHO,RUA CORONEL JOÃO REIS S/N - ZONA URBANA,CENTRO,44660000,-12.1616303,-39.3328475,270,Sem acessibilidade,2026-09-25 09:45:00,505049997012806516039241
UE2015 (Anterior),SERRA PRETA,155,808,1766141,ESCOLA ESTADUAL NOSSA SENHORA DE LOURDES,RUA DOUTOR MANOEL ARAÚJO 167 - ZONA RURAL,DISTRITO PONTO,44660000,-12.1369524,-39.3329395,219,Sem acessibilidade,2026-09-25 09:54:00,828281422044140077250676
UE2015 (Anterior),SERRA PRETA,155,809,1767201,ESCOLA ESTADUAL NOSSA SENHORA DE LOURDES,RUA DOUTOR MANOEL ARAÚJO 167 - ZONA RURAL,DISTRITO PONTO,44660000,-12.1369524,-39.3329395,219,Sem acessibilidade,2026-09-25 10:03:00,333332044395218015796742
UE2015 (Anterior),SERRA PRETA,155,810,1765208,ESCOLA ESTADUAL NOSSA SENHORA DE LOURDES,RUA DOUTOR MANOEL ARAÚJO 167 - ZONA RURAL,DISTRITO PONTO,44660000,-12.1369524,-39.3329395,218,Sem acessibilidade,2026-09-25 10:13:00,393938189401361252273256
UE2015 (Anterior),SERRA PRETA,155,811,1765234,ESCOLA ESTADUAL NOSSA SENHORA DE LOURDES,RUA DOUTOR MANOEL ARAÚJO 167 - ZONA RURAL,DISTRITO PONTO,44660000,-12.1369524,-39.3329395,218,Sem acessibilidade,2026-09-25 10:22:00,101009006272090112867293
UE2015 (Anterior),SERRA PRETA,155,812,1762254,ESCOLA ESTADUAL NOSSA SENHORA DE LOURDES,RUA DOUTOR MANOEL ARAÚJO 167 - ZONA RURAL,DISTRITO PONTO,44660000,-12.1369524,-39.3329395,214,Sem acessibilidade,2026-09-25 10:31:00,262625277388277963885683
UE2015 (Anterior),SERRA PRETA,155,813,1830754,COLEGIO ESTADUAL RENATO MEDEIROS NETO,AVENIDA CONTORNO S/N - ZONA RURAL,DISTRITO BRAVO,44660000,-12.1564559,-39.4578896,363,Sem acessibilidade,2026-09-25 10:39:00,828281942044394916242113
UE2015 (Anterior),SERRA PRETA,155,814,1782031,COLEGIO ESTADUAL RENATO MEDEIROS NETO,AVENIDA CONTORNO S/N - ZONA RURAL,DISTRITO BRAVO,44660000,-12.1564559,-39.4578896,375,Sem acessibilidade,2026-09-25 10:48:00,80807311470673063678106
UE2015 (Anterior),SERRA PRETA,155,815,1766132,COLEGIO ESTADUAL RENATO MEDEIROS NETO,AVENIDA CONTORNO S/N - ZONA RURAL,DISTRITO BRAVO,44660000,-12.1564559,-39.4578896,363,Sem acessibilidade,2026-09-25 10:57:00,747473081036359065604551
UE2015 (Anterior),SERRA PRETA,155,816,1816806,COLEGIO ESTADUAL RENATO MEDEIROS NETO,AVENIDA CONTORNO S/N - ZONA RURAL,DISTRITO BRAVO,44660000,-12.1564559,-39.4578896,355,Sem acessibilidade,2026-09-25 11:07:00,40403494466312961670502
UE2015 (Anterior),SERRA PRETA,155,817,1809616,ESCOLA MUNICIPAL CIPRIANO SOARES,PRAÇA DA MATRIZ S/N - ZONA RURAL,POVOADO LAGOA DA CAIÇARA,44660000,-12.0223873,-39.4840368,149,Sem acessibilidade,2026-09-25 11:16:00,747473302736030137832518
UE2015 (Anterior),SERRA PRETA,155,819,1782426,ESCOLA MUNICIPAL CIPRIANO SOARES,PRAÇA DA MATRIZ S/N - ZONA RURAL,POVOADO LAGOA DA CAIÇARA,44660000,-12.0223873,-39.4840368,150,Sem acessibilidade,2026-09-25 11:25:00,777776554539081512825168
UE2015 (Anterior),SERRA PRETA,155,821,1764062,ESCOLA MUNICIPAL CIPRIANO SOARES,PRAÇA DA MATRIZ S/N - ZONA RURAL,POVOADO LAGOA DA CAIÇARA,44660000,-12.0223873,-39.4840368,148,Sem acessibilidade,2026-09-25 11:34:00,818180782543149407028273
UE2015 (Anterior),SERRA PRETA,155,823,1765302,ESCOLA MUNICIPAL EDITH MACHADO BOA VENTURA,RUA MELQUIADES FIGUEREDO 35 - DISTRITO DO BRAVO - ZONA RURAL,DISTRITO BRAVO,44660000,-12.1540711,-39.455578,371,Sem acessibilidade,2026-09-25 11:44:00,575756766519992973400400
UE2015 (Anterior),SERRA PRETA,155,824,1836532,ESCOLA MUNICIPAL EDITH MACHADO BOA VENTURA,RUA MELQUIADES FIGUEREDO 35 - DISTRITO DO BRAVO - ZONA RURAL,DISTRITO BRAVO,44660000,-12.1540711,-39.455578,367,Sem acessibilidade,2026-09-25 11:53:00,666665960428103613068106
UE2015 (Anterior),SERRA PRETA,155,825,1796184,ESCOLA MUNICIPAL EDITH MACHADO BOA VENTURA,RUA MELQUIADES FIGUEREDO 35 - DISTRITO DO BRAVO - ZONA RURAL,DISTRITO BRAVO,44660000,-12.1540711,-39.455578,367,Sem acessibilidade,2026-09-25 12:02:00,131312545575162837147859
UE2015 (Anterior),SERRA PRETA,155,826,1785638,ESCOLA MUNICIPAL EDITH MACHADO BOA VENTURA,RUA MELQUIADES FIGUEREDO 35 - DISTRITO DO BRAVO - ZONA RURAL,DISTRITO BRAVO,44660000,-12.1540711,-39.455578,368,Sem acessibilidade,2026-09-25 12:11:00,90908614771141595434310
UE2015 (Anterior),SERRA PRETA,155,827,1765858,ESCOLA MUNICIPAL FELIPE VIEIRA,POVOADO CAROCHA - ZONA RURAL,POVOADO CAROCHA,44660000,-12.0642513,-39.5097323,205,Sem acessibilidade,2026-09-25 12:21:00,787877413040925343399247
UE2015 (Anterior),SERRA PRETA,155,828,1791962,ESCOLA MUNICIPAL FELIPE VIEIRA,POVOADO CAROCHA - ZONA RURAL,POVOADO CAROCHA,44660000,-12.0642513,-39.5097323,204,Sem acessibilidade,2026-09-25 12:30:00,323231064594480908349949
UE2015 (Anterior),SERRA PRETA,155,829,1824858,ESCOLA MUNICIPAL FILOMENO CUSTÓDIO DA COSTA,"POVOADO PISTOLA, S/N - ZONA RURAL",POVOADO PISTOLA,44660000,-12.0086193,-39.3278998,163,Sem acessibilidade,2026-09-25 12:39:00,525251375814314992576646
UE2015 (Anterior),SERRA PRETA,155,831,1767943,ESCOLA MUNICIPAL FLÁVIO MERCES,PRAÇA DA MATRIZ SN - ZONA RURAL,POVOADO MORRO DO CURRAL,44660000,-12.0183747,-39.3704835,198,Sem acessibilidade,2026-09-25 12:49:00,80807122970968900777421
UE2015 (Anterior),SERRA PRETA,155,833,1766504,ESCOLA MUNICIPAL FLÁVIO MERCES,PRAÇA DA MATRIZ SN - ZONA RURAL,POVOADO MORRO DO CURRAL,44660000,-12.0183747,-39.3704835,200,Sem acessibilidade,2026-09-25 12:59:00,545453800316512680744562
UE2015 (Anterior),SERRA PRETA,155,835,1807928,ESCOLA MUNICIPAL JOÃO GUALBERTO DE LIMA,"POVOADO ARATICUM, S/N - ZONA RURAL",POVOADO ARATICUM,44660000,-12.0446306,-39.3075716,177,Sem acessibilidade,2026-09-25 13:08:00,141413629976702768423959
UE2015 (Anterior),SERRA PRETA,155,837,1790424,ESCOLA MUNICIPAL LUIZ CORREIA COSTA,PRAÇA CENTRAL SN - POV. BURACO DAGUA - ZONA RURAL,POVOADO BURACO D'ÁGUA,44660000,-12.0975554,-39.2884157,258,Sem acessibilidade,2026-09-25 13:19:00,686867381130403995166783
UE2015 (Anterior),SERRA PRETA,155,838,1765367,ESCOLA MUNICIPAL LUIZ CORREIA COSTA,PRAÇA CENTRAL SN - POV. BURACO DAGUA - ZONA RURAL,POVOADO BURACO D'ÁGUA,44660000,-12.0975554,-39.2884157,260,Sem acessibilidade,2026-09-25 13:28:00,767675579538501368130468
UE2015 (Anterior),SERRA PRETA,155,839,1766588,ESCOLA MUNICIPAL LUIZ CORREIA COSTA,PRAÇA CENTRAL SN - POV. BURACO DAGUA - ZONA RURAL,POVOADO BURACO D'ÁGUA,44660000,-12.0975554,-39.2884157,259,Sem acessibilidade,2026-09-25 13:37:00,171716099079933700867972
UE2015 (Anterior),SERRA PRETA,155,840,1765337,ESCOLA MUNICIPAL ALCIDES ISIDRO GONÇALVES,"PRAÇA DA MATRIZ SN, POVOADO BOM JESUS- ZONA RURAL",POVOADO BOM JESUS,44660000,-12.2334847,-39.4119136,242,Sem acessibilidade,2026-09-25 13:46:00,323231321894108669156230
UE2015 (Anterior),SERRA PRETA,155,841,1793436,ESCOLA MUNICIPAL ALCIDES ISIDRO GONÇALVES,"PRAÇA DA MATRIZ SN, POVOADO BOM JESUS- ZONA RURAL",POVOADO BOM JESUS,44660000,-12.2334847,-39.4119136,237,Sem acessibilidade,2026-09-25 13:55:00,30302140265837334161803
UE2015 (Anterior),SERRA PRETA,155,842,1768412,ESCOLA MUNICIPAL MACÁRIO DIAS,PRAÇA DA MATRIZ S/N - ZONA RURAL,POVOADO CABAÇEIRA,44660000,-12.1026983,-39.3526593,305,Sem acessibilidade,2026-09-25 14:06:00,929291144554451095455984
UE2015 (Anterior),SERRA PRETA,155,843,1765312,ESCOLA MUNICIPAL MACÁRIO DIAS,PRAÇA DA MATRIZ S/N - ZONA RURAL,POVOADO CABAÇEIRA,44660000,-12.1026983,-39.3526593,305,Sem acessibilidade,2026-09-25 14:16:00,969695291558582204378338
UE2015 (Anterior),SERRA PRETA,155,844,1761778,ESCOLA MUNICIPAL LIBERINO FERREIRA,POVOADO CABEÇA DO BOI - ZONA RURAL,POVOADO CABEÇA DO BOI,44660000,-12.086557,-39.2382264,238,Sem acessibilidade,2026-09-25 14:26:00,545453988516254455383626
UE2015 (Anterior),SERRA PRETA,155,845,1756928,ESCOLA MUNICIPAL SENHOR DO BONFIM,POVOADO DESCANSO - ZONA RURAL,POVOADO DESCANSO,44660000,-11.9969179,-39.3823191,259,Sem acessibilidade,2026-09-25 14:36:00,282827835290088410805717
UE2015 (Anterior),SERRA PRETA,155,846,1765174,ESCOLA MUNICIPAL JONAS FERNANDES DE BRITO,POVOADO PÉ DE SERRA - ZONA RURAL,POVOADO PÉ DE SERRA,44660000,-12.0408412,-39.3736665,327,Sem acessibilidade,2026-09-25 14:46:00,181817840780074654281082
UE2015 (Anterior),SERRA PRETA,155,847,1769387,ESCOLA MUNICIPAL MARINA RIBEIRO BELA,CONTORNO DO BRAVO S/N - ZONA RURAL,POVOADO CONTORNO DO BRAVO,44660000,-12.1808781,-39.4515389,235,Sem acessibilidade,2026-09-25 14:55:00,828281595944739558932741
UE2015 (Anterior),SERRA PRETA,155,848,1764322,ESCOLA MUNICIPAL MARINA RIBEIRO BELA,CONTORNO DO BRAVO S/N - ZONA RURAL,POVOADO CONTORNO DO BRAVO,44660000,-12.1808781,-39.4515389,233,Sem acessibilidade,2026-09-25 15:05:00,959594831657524818237623
UE2015 (Anterior),SERRA PRETA,155,849,1752921,ESCOLA MUNICIPAL ALCIDES FIGUEREDO LEITE,AV. CONTORNO DO BRAVO S/N - ZONA RURAL,DISTRITO BRAVO,44660000,-12.1588482,-39.4565481,272,Sem acessibilidade,2026-09-25 15:14:00,454544447007043973599060
UE2015 (Anterior),SERRA PRETA,155,850,1751248,ESCOLA MUNICIPAL ALCIDES FIGUEREDO LEITE,AV. CONTORNO DO BRAVO S/N - ZONA RURAL,DISTRITO BRAVO,44660000,-12.1588482,-39.4565481,273,Sem acessibilidade,2026-09-25 15:25:00,363635438898112007084988
UE2015 (Anterior),SERRA PRETA,155,851,1766419,ESCOLA MUNICIPAL ALCIDES FIGUEREDO LEITE,AV. CONTORNO DO BRAVO S/N - ZONA RURAL,DISTRITO BRAVO,44660000,-12.1588482,-39.4565481,272,Sem acessibilidade,2026-09-25 15:35:00,969695149458809253533774
UE2015 (Anterior),SERRA PRETA,155,852,1767560,ESCOLA MUNICIPAL ALCIDES FIGUEREDO LEITE,AV. CONTORNO DO BRAVO S/N - ZONA RURAL,DISTRITO BRAVO,44660000,-12.1588482,-39.4565481,270,Sem acessibilidade,2026-09-25 15:44:00,868685157448721813827007
UE2015 (Anterior),SERRA PRETA,155,853,1764997,ESCOLA MUNICIPAL ALCIDES FIGUEREDO LEITE,AV. CONTORNO DO BRAVO S/N - ZONA RURAL,DISTRITO BRAVO,44660000,-12.1588482,-39.4565481,269,Sem acessibilidade,2026-09-25 15:53:00,60605469168942757734297
UE2015 (Anterior),SERRA PRETA,155,854,1766955,ESCOLA MUNICIPAL NOSSA SENHORA DO BOM CONSELHO,RUA CORONEL JOÃO REIS S/N - ZONA URBANA,CENTRO,44660000,-12.1616303,-39.3328475,274,Sem acessibilidade,2026-09-25 16:03:00,929291433354462708211382
UE2015 (Anterior),SERRA PRETA,155,855,1772602,ESCOLA MUNICIPAL NOSSA SENHORA DO BOM CONSELHO,RUA CORONEL JOÃO REIS S/N - ZONA URBANA,CENTRO,44660000,-12.1616303,-39.3328475,271,Sem acessibilidade,2026-09-25 16:12:00,959594570857519441361328
UE2015 (Anterior),SERRA PRETA,155,856,1757431,COMPLEXO ESCOLAR RAULINDA GOMES DE ARAÚJO SILVA,"RUA DOUTOR MANOEL ARAÚJO, S/N - ZONA RURAL",DISTRITO PONTO,44660000,-12.1373662,-39.3322778,180,Sem acessibilidade,2026-09-25 16:23:00,50504785167771376022118
UE2015 (Anterior),SERRA PRETA,155,858,1765523,COMPLEXO ESCOLAR RAULINDA GOMES DE ARAÚJO SILVA,"RUA DOUTOR MANOEL ARAÚJO, S/N - ZONA RURAL",DISTRITO PONTO,44660000,-12.1373662,-39.3322778,182,Sem acessibilidade,2026-10-03 11:41:00,282827238190173960155545
UE2015 (Anterior),SERRA PRETA,155,860,1786613,ESCOLA MUNICIPAL GENY MARIA DE SOUZA ALMEIDA,RUA MOACYR CERQUEIRA S/N - DISTRITO DO PONTO - ZONA RURAL,DISTRITO PONTO,44660000,-12.1359594,-39.3356967,217,Sem acessibilidade,2026-09-25 16:42:00,232322370385064689974660
UE2015 (Anterior),SERRA PRETA,155,861,1767293,ESCOLA MUNICIPAL GENY MARIA DE SOUZA ALMEIDA,RUA MOACYR CERQUEIRA S/N - DISTRITO DO PONTO - ZONA RURAL,DISTRITO PONTO,44660000,-12.1359594,-39.3356967,218,Sem acessibilidade,2026-09-25 16:52:00,161615414378084037430698
UE2015 (Anterior),SERRA PRETA,155,862,1764637,ESCOLA MUNICIPAL GENY MARIA DE SOUZA ALMEIDA,RUA MOACYR CERQUEIRA S/N - DISTRITO DO PONTO - ZONA RURAL,DISTRITO PONTO,44660000,-12.1359594,-39.3356967,219,Sem acessibilidade,2026-09-25 14:53:00,808079167809578481455090
UE2015 (Anterior),SERRA PRETA,155,863,1765639,UNIDADE BÁSICA DE SAÚDE - BOM JESUS,POVOADO BOM JESUS - ZONA RURAL,POVOADO BOM JESUS,44660000,-12.2338518,-39.411813,277,Sem acessibilidade,2026-09-25 15:02:00,131312603842491495525318
UE2015 (Anterior),SERRA PRETA,155,864,1767209,UNIDADE BÁSICA DE SAÚDE DO BURACO D'ÁGUA,PRAÇA CENTRAL - POVOADO BURACO D'AGUA - ZONA RURAL,POVOADO BURACO D'ÁGUA,44660000,-12.0973618,-39.2883323,262,Sem acessibilidade,2026-09-25 15:11:00,141413729643521665410105
UE2015 (Anterior),SERRA PRETA,155,865,1765982,JOSÉ CALISTO DOS SANTOS,"PRAÇA DA MATRIZ, S/N - ZONA RURAL",POVOADO JACÚ,44660000,-12.0301976,-39.3107349,201,Sem acessibilidade,2026-09-25 15:20:00,171716865546572028094825
UE2015 (Anterior),SERRA PRETA,155,867,1766205,ESCOLA MUNICIPAL TEODORO CARDOSO ALBANO,POVOADO PEIXE S/N - ZONA RURAL,POVOADO PEIXE,44660000,-12.0687622,-39.3888483,331,Sem acessibilidade,2026-09-25 08:56:00,575756489482928487712597
UE2015 (Anterior),SERRA PRETA,155,868,1767670,ESCOLA MUNICIPAL LEÃO SIMÕES LEITE,POVOADO LAGOA DO BATISTA S/N - ZONA RURAL,POVOADO LAGOA DO BATISTA,44660000,-12.0568979,-39.292768,238,Sem acessibilidade,2026-09-25 09:09:00,818180838706030035700062
UE2015 (Anterior),SERRA PRETA,155,869,1753639,ESCOLA MUNICIPAL PAPA JOÃO PAULO I,RUA AGRIPINO MACÊDO S/N - DISTRITO DO BRAVO - ZONA RURAL,DISTRITO BRAVO,44660000,-12.1555027,-39.4588787,317,Com acessibilidade,2026-09-25 09:17:00,898988028514063666839934
UE2015 (Anterior),SERRA PRETA,155,870,1757063,POSTO DE SAÚDE DA CAROCHA,POVOADO CAROCHA - ZONA RURAL,POVOADO CAROCHA,44660000,-12.0641708,-39.5098462,210,Sem acessibilidade,2026-09-25 09:26:00,434342641268620549946665
UE2015 (Anterior),SERRA PRETA,155,877,1769204,COLEGIO ESTADUAL RENATO MEDEIROS NETO,AVENIDA CONTORNO S/N - ZONA RURAL,DISTRITO BRAVO,44660000,-12.1564559,-39.4578896,352,Sem acessibilidade,2026-09-25 09:46:00,292928278454662504781918
UE2015 (Anterior),SERRINHA,150,1,1765689,COLÉGIO ESTADUAL DE TEMPO INTEGRAL DE SERRINHA (CETIS),"RUA ÁLVARO AUGUSTO, S/N - ZONA URBANA",GINÁSIO,48700000,-11.6662486,-39.0064441,223,Com acessibilidade,2026-09-29 11:38:00,543998653421513686429663
UE2015 (Anterior),SERRINHA,150,2,1765838,COLÉGIO ESTADUAL DE TEMPO INTEGRAL DE SERRINHA (CETIS),"RUA ÁLVARO AUGUSTO, S/N - ZONA URBANA",GINÁSIO,48700000,-11.6662486,-39.0064441,222,Com acessibilidade,2026-09-29 11:49:00,210665435188343113750329
UE2015 (Anterior),SERRINHA,150,3,1778368,COLÉGIO ESTADUAL DE TEMPO INTEGRAL DE SERRINHA (CETIS),"RUA ÁLVARO AUGUSTO, S/N - ZONA URBANA",GINÁSIO,48700000,-11.6662486,-39.0064441,219,Com acessibilidade,2026-09-29 11:58:00,493493821516649975601004
UE2015 (Anterior),SERRINHA,150,4,1766309,COLÉGIO ESTADUAL DE TEMPO INTEGRAL DE SERRINHA (CETIS),"RUA ÁLVARO AUGUSTO, S/N - ZONA URBANA",GINÁSIO,48700000,-11.6662486,-39.0064441,225,Com acessibilidade,2026-09-29 12:44:00,99453538976988436202173
UE2015 (Anterior),SERRINHA,150,5,1762754,COMERCIAL KIDS,"RUA ANTONIO PINHEIRO DA MOTA, SN - ZONA URBANA",CENTRO,48700000,-11.6614338,-39.0106494,286,Com acessibilidade,2026-09-29 12:52:00,978241527964810565596297
UE2015 (Anterior),SERRINHA,150,7,1795759,COMERCIAL KIDS,"RUA ANTONIO PINHEIRO DA MOTA, SN - ZONA URBANA",CENTRO,48700000,-11.6614338,-39.0106494,285,Com acessibilidade,2026-09-29 13:01:00,846928617151275413516892
UE2015 (Anterior),SERRINHA,150,9,1785093,ESCOLA MUNICIPAL 30 DE JUNHO,"RUA GETÚLIO VARGAS, S/N - ZONA URBANA",ESTAÇÃO,48700000,-11.6634962,-39.0122619,187,Sem acessibilidade,2026-09-29 13:10:00,79251062474528108340277
UE2015 (Anterior),SERRINHA,150,10,1796317,COLÉGIO ESTADUAL DE TEMPO INTEGRAL DE SERRINHA (CETIS),"RUA ÁLVARO AUGUSTO, S/N - ZONA URBANA",GINÁSIO,48700000,-11.6662486,-39.0064441,223,Com acessibilidade,2026-09-29 13:25:00,412685484708302239084296
UE2015 (Anterior),SERRINHA,150,11,1811136,COLÉGIO ESTADUAL DE TEMPO INTEGRAL DE SERRINHA (CETIS),"RUA ÁLVARO AUGUSTO, S/N - ZONA URBANA",GINÁSIO,48700000,-11.6662486,-39.0064441,223,Com acessibilidade,2026-09-29 13:35:00,857029036452832445174067
UE2015 (Anterior),SERRINHA,150,12,1763025,COLÉGIO ESTADUAL DE TEMPO INTEGRAL DE SERRINHA (CETIS),"RUA ÁLVARO AUGUSTO, S/N - ZONA URBANA",GINÁSIO,48700000,-11.6662486,-39.0064441,221,Com acessibilidade,2026-09-29 13:43:00,968140251463890911323969
UE2015 (Anterior),SERRINHA,150,13,1794083,COLÉGIO ESTADUAL DE TEMPO INTEGRAL DE SERRINHA (CETIS),"RUA ÁLVARO AUGUSTO, S/N - ZONA URBANA",GINÁSIO,48700000,-11.6662486,-39.0064441,221,Com acessibilidade,2026-09-29 13:52:00,402584804807354346520110
UE2015 (Anterior),SERRINHA,150,14,1766128,COLÉGIO ESTADUAL DE TEMPO INTEGRAL DE SERRINHA (CETIS),"RUA ÁLVARO AUGUSTO, S/N - ZONA URBANA",GINÁSIO,48700000,-11.6662486,-39.0064441,224,Com acessibilidade,2026-09-29 14:02:00,453089962412068163192813
UE2015 (Anterior),SERRINHA,150,15,1804700,COLÉGIO ESTADUAL DE TEMPO INTEGRAL DE SERRINHA (CETIS),"RUA ÁLVARO AUGUSTO, S/N - ZONA URBANA",GINÁSIO,48700000,-11.6662486,-39.0064441,223,Com acessibilidade,2026-09-29 14:10:00,675211291734232550952304
UE2015 (Anterior),SERRINHA,150,16,1753261,COLÉGIO ESTADUAL DE TEMPO INTEGRAL DE SERRINHA (CETIS),"RUA ÁLVARO AUGUSTO, S/N - ZONA URBANA",GINÁSIO,48700000,-11.6662486,-39.0064441,222,Com acessibilidade,2026-09-29 14:18:00,119655844078235535022498
UE2015 (Anterior),SERRINHA,150,17,1755223,COLÉGIO ESTADUAL DE TEMPO INTEGRAL DE SERRINHA (CETIS),"RUA ÁLVARO AUGUSTO, S/N - ZONA URBANA",GINÁSIO,48700000,-11.6662486,-39.0064441,223,Com acessibilidade,2026-09-29 14:27:00,887332720955029519610722
UE2015 (Anterior),SERRINHA,150,18,1758641,COLÉGIO ESTADUAL DE TEMPO INTEGRAL DE SERRINHA (CETIS),"RUA ÁLVARO AUGUSTO, S/N - ZONA URBANA",GINÁSIO,48700000,-11.6662486,-39.0064441,224,Com acessibilidade,2026-09-29 14:36:00,907534857057062973683358
UE2015 (Anterior),SERRINHA,150,19,1775778,COLÉGIO ESTADUAL DE TEMPO INTEGRAL DE SERRINHA (CETIS),"RUA ÁLVARO AUGUSTO, S/N - ZONA URBANA",GINÁSIO,48700000,-11.6662486,-39.0064441,223,Com acessibilidade,2026-09-29 14:51:00,877231936554868365490379
UE2015 (Anterior),SERRINHA,150,20,1767616,COLÉGIO ESTADUAL DE TEMPO INTEGRAL DE SERRINHA (CETIS),"RUA ÁLVARO AUGUSTO, S/N - ZONA URBANA",GINÁSIO,48700000,-11.6662486,-39.0064441,224,Com acessibilidade,2026-09-29 15:00:00,28746169669607655937937
UE2015 (Anterior),SERRINHA,150,21,1769908,CPCT - CENTRO DE PESQUISA CIÊNCIA E TECNOLOGIA,"PRAÇA ASTROGILDA GUIMARÃES, S/N - ZONA URBANA",GINÁSIO,48700000,-11.6630954,-39.0059109,157,Com acessibilidade,2026-09-29 15:08:00,48948294471183829732554
UE2015 (Anterior),SERRINHA,150,23,1676516,ESCOLA NORMAL DE SERRINHA,RUA ANDRÉ NEGREIROS FALCÃO - ZONA URBANA,GINÁSIO,48700000,-11.66361566,-39.00557083,235,Sem acessibilidade,2026-09-29 15:17:00,907534377257065665553452
UE2015 (Anterior),SERRINHA,150,24,1671355,ESCOLA NORMAL DE SERRINHA,RUA ANDRÉ NEGREIROS FALCÃO - ZONA URBANA,GINÁSIO,48700000,-11.66361566,-39.00557083,237,Sem acessibilidade,2026-09-29 15:25:00,392483979706500528996647
UE2015 (Anterior),SERRINHA,150,25,1675114,ESCOLA NORMAL DE SERRINHA,RUA ANDRÉ NEGREIROS FALCÃO - ZONA URBANA,GINÁSIO,48700000,-11.66361566,-39.00557083,236,Sem acessibilidade,2026-09-29 15:34:00,412685106808540303841713
UE2015 (Anterior),SERRINHA,150,26,1650689,ESCOLA NORMAL DE SERRINHA,RUA ANDRÉ NEGREIROS FALCÃO - ZONA URBANA,GINÁSIO,48700000,-11.66361566,-39.00557083,238,Sem acessibilidade,2026-09-29 15:49:00,311675114898886479567698
UE2015 (Anterior),SERRINHA,150,27,1769405,ESCOLA NORMAL DE SERRINHA,RUA ANDRÉ NEGREIROS FALCÃO - ZONA URBANA,GINÁSIO,48700000,-11.66361566,-39.00557083,235,Sem acessibilidade,2026-09-29 15:57:00,392483301706917369653191
UE2015 (Anterior),SERRINHA,150,28,1789234,ESCOLA MUNICIPAL HERMÍLIA BASTOS CARNEIRO DA SILVA,"RUA PEDRO IRUJO, 280 - ZONA URBANA",COLINA DAS MANGUEIRAS,48700000,-11.6573012,-39.0003837,369,Com acessibilidade,2026-09-29 16:05:00,281372303895321348812549
UE2015 (Anterior),SERRINHA,150,29,1765170,ESCOLA MUNICIPAL ANA OLIVEIRA,"RUA MANOEL NOVAIS, 1150 - ZONA URBANA",BOA ESPERANÇA,48700000,-11.6556163,-39.0019199,379,Com acessibilidade,2026-09-29 16:13:00,523796650519519652961596
UE2015 (Anterior),SERRINHA,150,30,1679543,ESCOLA NORMAL DE SERRINHA,RUA ANDRÉ NEGREIROS FALCÃO - ZONA URBANA,GINÁSIO,48700000,-11.66361566,-39.00557083,235,Sem acessibilidade,2026-09-29 16:22:00,644908857931655464016022
UE2015 (Anterior),SERRINHA,150,31,1670513,ESCOLA NORMAL DE SERRINHA,RUA ANDRÉ NEGREIROS FALCÃO - ZONA URBANA,GINÁSIO,48700000,-11.66361566,-39.00557083,234,Sem acessibilidade,2026-09-29 16:31:00,38847350470060466504714
UE2015 (Anterior),SERRINHA,150,32,1779685,ESCOLA NORMAL DE SERRINHA,RUA ANDRÉ NEGREIROS FALCÃO - ZONA URBANA,GINÁSIO,48700000,-11.66361566,-39.00557083,236,Sem acessibilidade,2026-09-29 07:28:00,745918176595212640690250
UE2015 (Anterior),SERRINHA,150,33,1836625,ESCOLA MUNICIPAL AUREA NOGUEIRA,"RUA LEOVIGILDO RIBEIRO, 434 - ZONA URBANA",BOMBA,48700000,-11.6576032,-39.0112499,329,Sem acessibilidade,2026-09-29 07:38:00,655009192686210119196777
UE2015 (Anterior),SERRINHA,150,34,1805301,ESCOLA MUNICIPAL AUREA NOGUEIRA,"RUA LEOVIGILDO RIBEIRO, 434 - ZONA URBANA",BOMBA,48700000,-11.6576032,-39.0112499,326,Sem acessibilidade,2026-09-29 07:47:00,978241623718557061001083
UE2015 (Anterior),SERRINHA,150,35,1814897,ESCOLA MUNICIPAL GRACILIANO DE FREITAS,"PRAÇA LAURO DE FREITAS, N 45 - ZONA URBANA",ESTAÇÃO,48700000,-11.6621391,-39.0119587,231,Com acessibilidade,2026-09-29 07:56:00,170261934738779422741996
UE2015 (Anterior),SERRINHA,150,36,1764850,ESCOLA MUNICIPAL GRACILIANO DE FREITAS,"PRAÇA LAURO DE FREITAS, N 45 - ZONA URBANA",ESTAÇÃO,48700000,-11.6621391,-39.0119587,232,Com acessibilidade,2026-09-29 08:05:00,836827705404022501447449
UE2015 (Anterior),SERRINHA,150,37,1763679,ESCOLA MUNICIPAL GRACILIANO DE FREITAS,"PRAÇA LAURO DE FREITAS, N 45 - ZONA URBANA",ESTAÇÃO,48700000,-11.6621391,-39.0119587,231,Com acessibilidade,2026-09-29 08:18:00,998443975020488656818652
UE2015 (Anterior),SERRINHA,150,38,1752805,ESCOLA MUNICIPAL GRACILIANO DE FREITAS,"PRAÇA LAURO DE FREITAS, N 45 - ZONA URBANA",ESTAÇÃO,48700000,-11.6621391,-39.0119587,231,Com acessibilidade,2026-09-29 08:26:00,978241062918413850383325
UE2015 (Anterior),SERRINHA,150,39,1762614,ESCOLA MUNICIPAL GRACILIANO DE FREITAS,"PRAÇA LAURO DE FREITAS, N 45 - ZONA URBANA",ESTAÇÃO,48700000,-11.6621391,-39.0119587,229,Com acessibilidade,2026-09-29 08:35:00,644908849585102580279636
UE2015 (Anterior),SERRINHA,150,40,1759260,ESCOLA MUNICIPAL 30 DE JUNHO,"RUA GETÚLIO VARGAS, S/N - ZONA URBANA",ESTAÇÃO,48700000,-11.6634962,-39.0122619,188,Sem acessibilidade,2026-09-29 08:51:00,89352368229443389492805
UE2015 (Anterior),SERRINHA,150,42,1766102,ESCOLA MUNICIPAL IVETE OLIVEIRA,"RUA BASÍLIO CORDEIRO, S/N - ZONA URBANA",OSÉAS,48700000,-11.6548147,-39.0030315,393,Com acessibilidade,2026-09-29 09:00:00,321776823553270242326433
UE2015 (Anterior),SERRINHA,150,43,1765146,ESCOLA MUNICIPAL IVETE OLIVEIRA,"RUA BASÍLIO CORDEIRO, S/N - ZONA URBANA",OSÉAS,48700000,-11.6548147,-39.0030315,394,Com acessibilidade,2026-09-29 09:08:00,705514314491215108646717
UE2015 (Anterior),SERRINHA,150,44,1761066,ESCOLA MUNICIPAL IVETE OLIVEIRA,"RUA BASÍLIO CORDEIRO, S/N - ZONA URBANA",OSÉAS,48700000,-11.6548147,-39.0030315,394,Com acessibilidade,2026-09-29 09:17:00,200564927341736643121769
UE2015 (Anterior),SERRINHA,150,45,1769850,ESCOLA MUNICIPAL IVETE OLIVEIRA,"RUA BASÍLIO CORDEIRO, S/N - ZONA URBANA",OSÉAS,48700000,-11.6548147,-39.0030315,394,Com acessibilidade,2026-09-29 09:26:00,119655942732669372509712
UE2015 (Anterior),SERRINHA,150,46,1764948,ESCOLA MUNICIPAL IVETE OLIVEIRA,"RUA BASÍLIO CORDEIRO, S/N - ZONA URBANA",OSÉAS,48700000,-11.6548147,-39.0030315,393,Com acessibilidade,2026-09-29 09:35:00,887332822709459969206387
UE2015 (Anterior),SERRINHA,150,47,1767174,ESCOLA MUNICIPAL IVETE OLIVEIRA,"RUA BASÍLIO CORDEIRO, S/N - ZONA URBANA",OSÉAS,48700000,-11.6548147,-39.0030315,393,Com acessibilidade,2026-09-29 09:44:00,311675363852900550948609
UE2015 (Anterior),SERRINHA,150,48,1795766,ESCOLA MUNICIPAL HERMÍLIA BASTOS CARNEIRO DA SILVA,"RUA PEDRO IRUJO, 280 - ZONA URBANA",COLINA DAS MANGUEIRAS,48700000,-11.6573012,-39.0003837,366,Com acessibilidade,2026-09-29 09:53:00,160160328737776066047141
UE2015 (Anterior),SERRINHA,150,49,1769497,ESCOLA MUNICIPAL HERMÍLIA BASTOS CARNEIRO DA SILVA,"RUA PEDRO IRUJO, 280 - ZONA URBANA",COLINA DAS MANGUEIRAS,48700000,-11.6573012,-39.0003837,370,Com acessibilidade,2026-09-29 10:01:00,917635188612017562389960
UE2015 (Anterior),SERRINHA,150,50,1760556,ESCOLA MUNICIPAL ANA OLIVEIRA,"RUA MANOEL NOVAIS, 1150 - ZONA URBANA",BOA ESPERANÇA,48700000,-11.6556163,-39.0019199,378,Com acessibilidade,2026-09-29 10:10:00,968140316417083512383548
UE2015 (Anterior),SERRINHA,150,51,1796156,ESCOLA MUNICIPAL LEOBINO CARDOSO RIBEIRO,"RUA LUIZ VIANA FILHO, 1041 - ZONA URBANA",GINÁSIO,48700000,-11.6629091,-39.0036421,259,Com acessibilidade,2026-09-29 10:19:00,958039412216701421315314
UE2015 (Anterior),SERRINHA,150,52,1766807,ESCOLA MUNICIPAL LEOBINO CARDOSO RIBEIRO,"RUA LUIZ VIANA FILHO, 1041 - ZONA URBANA",GINÁSIO,48700000,-11.6629091,-39.0036421,260,Com acessibilidade,2026-09-29 10:27:00,301574872751003193179895
UE2015 (Anterior),SERRINHA,150,53,1766925,ESCOLA MUNICIPAL LEOBINO CARDOSO RIBEIRO,"RUA LUIZ VIANA FILHO, 1041 - ZONA URBANA",GINÁSIO,48700000,-11.6629091,-39.0036421,262,Com acessibilidade,2026-09-29 11:10:00,523796206073758364060104
UE2015 (Anterior),SERRINHA,150,54,1757767,ESCOLA MUNICIPAL LEOBINO CARDOSO RIBEIRO,"RUA LUIZ VIANA FILHO, 1041 - ZONA URBANA",GINÁSIO,48700000,-11.6629091,-39.0036421,259,Com acessibilidade,2026-09-29 10:52:00,69150856027681058474418
UE2015 (Anterior),SERRINHA,150,55,1756574,ESCOLA MUNICIPAL LEOBINO CARDOSO RIBEIRO,"RUA LUIZ VIANA FILHO, 1041 - ZONA URBANA",GINÁSIO,48700000,-11.6629091,-39.0036421,259,Com acessibilidade,2026-09-29 11:01:00,846928749905050240475755
UE2015 (Anterior),SERRINHA,150,56,1793536,ESCOLA MUNICIPAL LEOBINO CARDOSO RIBEIRO,"RUA LUIZ VIANA FILHO, 1041 - ZONA URBANA",GINÁSIO,48700000,-11.6629091,-39.0036421,260,Com acessibilidade,2026-09-29 11:22:00,786322798499249319828190
UE2015 (Anterior),SERRINHA,150,57,1765300,ESCOLA MUNICIPAL LEOBINO CARDOSO RIBEIRO,"RUA LUIZ VIANA FILHO, 1041 - ZONA URBANA",GINÁSIO,48700000,-11.6629091,-39.0036421,260,Com acessibilidade,2026-09-29 11:34:00,18645139122706320104329
UE2015 (Anterior),SERRINHA,150,58,1811668,COMERCIAL KIDS,"RUA ANTONIO PINHEIRO DA MOTA, SN - ZONA URBANA",CENTRO,48700000,-11.6614338,-39.0106494,284,Com acessibilidade,2026-09-29 11:43:00,644908872985355926153458
UE2015 (Anterior),SERRINHA,150,60,1769547,COMERCIAL KIDS,"RUA ANTONIO PINHEIRO DA MOTA, SN - ZONA URBANA",CENTRO,48700000,-11.6614338,-39.0106494,284,Com acessibilidade,2026-09-29 11:52:00,998443414620723048404716
UE2015 (Anterior),SERRINHA,150,62,1766329,ESCOLA MUNICIPAL AUREA NOGUEIRA,"RUA LEOVIGILDO RIBEIRO, 434 - ZONA URBANA",BOMBA,48700000,-11.6576032,-39.0112499,327,Sem acessibilidade,2026-09-29 12:02:00,281372923049676381034672
UE2015 (Anterior),SERRINHA,150,63,1757680,ESCOLA MUNICIPAL AUREA NOGUEIRA,"RUA LEOVIGILDO RIBEIRO, 434 - ZONA URBANA",BOMBA,48700000,-11.6576032,-39.0112499,331,Sem acessibilidade,2026-09-29 11:38:00,998443740557969087242499
UE2015 (Anterior),SERRINHA,150,64,1774432,ESCOLA MUNICIPAL AUREA NOGUEIRA,"RUA LEOVIGILDO RIBEIRO, 434 - ZONA URBANA",BOMBA,48700000,-11.6576032,-39.0112499,327,Sem acessibilidade,2026-09-29 11:46:00,806524663038720425523386
UE2015 (Anterior),SERRINHA,150,65,1790359,ESCOLA NORMAL DE SERRINHA,RUA ANDRÉ NEGREIROS FALCÃO - ZONA URBANA,GINÁSIO,48700000,-11.66361566,-39.00557083,237,Sem acessibilidade,2026-09-29 11:54:00,160160133074031335827238
UE2015 (Anterior),SERRINHA,150,66,1765275,ESCOLA NORMAL DE SERRINHA,RUA ANDRÉ NEGREIROS FALCÃO - ZONA URBANA,GINÁSIO,48700000,-11.66361566,-39.00557083,233,Sem acessibilidade,2026-09-29 12:03:00,301574383588764845135247
UE2015 (Anterior),SERRINHA,150,67,1756946,ESCOLA NORMAL DE SERRINHA,RUA ANDRÉ NEGREIROS FALCÃO - ZONA URBANA,GINÁSIO,48700000,-11.66361566,-39.00557083,235,Sem acessibilidade,2026-09-29 12:49:00,614605808919854793550466
UE2015 (Anterior),SERRINHA,150,68,1815227,COLÉGIO MUNICIPAL CREUNITA SILVA BRIZOLARA PEREIRA (COLÉGIO MODELO),RUA SÃO MIGUEL ARCANJO - ZONA URBANA,VAQUEJADA,48700000,-11.6776909,-38.9918028,345,Sem acessibilidade,2026-09-29 12:59:00,725716029230055241536045
UE2015 (Anterior),SERRINHA,150,69,1789770,CENTRO TERRITORIAL DE EDUCAÇÃO PROFISSIONAL DO SISAL - CETEPS,"AVENIDA CIDADE DE ARACI, S/N - ZONA URBANA",CIDADE NOVA,48700000,-11.684058,-38.9971553,376,Com acessibilidade,2026-09-29 13:08:00,937837344651850268678605
UE2015 (Anterior),SERRINHA,150,70,1780738,CENTRO TERRITORIAL DE EDUCAÇÃO PROFISSIONAL DO SISAL - CETEPS,"AVENIDA CIDADE DE ARACI, S/N - ZONA URBANA",CIDADE NOVA,48700000,-11.684058,-38.9971553,378,Com acessibilidade,2026-09-29 13:18:00,129756611270132877109732
UE2015 (Anterior),SERRINHA,150,71,1823752,CENTRO TERRITORIAL DE EDUCAÇÃO PROFISSIONAL DO SISAL - CETEPS,"AVENIDA CIDADE DE ARACI, S/N - ZONA URBANA",CIDADE NOVA,48700000,-11.684058,-38.9971553,380,Com acessibilidade,2026-09-29 13:34:00,644908240022550762947163
UE2015 (Anterior),SERRINHA,150,72,1764767,CENTRO TERRITORIAL DE EDUCAÇÃO PROFISSIONAL DO SISAL - CETEPS,"AVENIDA CIDADE DE ARACI, S/N - ZONA URBANA",CIDADE NOVA,48700000,-11.684058,-38.9971553,381,Com acessibilidade,2026-09-29 13:43:00,180362895676113915003946
UE2015 (Anterior),SERRINHA,150,73,1764425,CENTRO TERRITORIAL DE EDUCAÇÃO PROFISSIONAL DO SISAL - CETEPS,"AVENIDA CIDADE DE ARACI, S/N - ZONA URBANA",CIDADE NOVA,48700000,-11.684058,-38.9971553,381,Com acessibilidade,2026-09-29 13:51:00,594403411417471699184126
UE2015 (Anterior),SERRINHA,150,74,1795606,CENTRO TERRITORIAL DE EDUCAÇÃO PROFISSIONAL DO SISAL - CETEPS,"AVENIDA CIDADE DE ARACI, S/N - ZONA URBANA",CIDADE NOVA,48700000,-11.684058,-38.9971553,379,Com acessibilidade,2026-09-29 14:00:00,362180293494831070307198
UE2015 (Anterior),SERRINHA,150,75,1810404,COLÉGIO ESTADUAL DE TEMPO INTEGRAL DE SERRINHA (CETIS),"RUA ÁLVARO AUGUSTO, S/N - ZONA URBANA",GINÁSIO,48700000,-11.6662486,-39.0064441,221,Com acessibilidade,2026-09-29 14:08:00,79251114765109936089474
UE2015 (Anterior),SERRINHA,150,77,1793754,COLÉGIO COOPEISE,"AVENIDA GETÚLIO VARGAS, 1585",ESTAÇÃO,48700000,-11.6694562,-39.0110133,210,Sem acessibilidade,2026-09-29 14:17:00,665110929024717139422915
UE2015 (Anterior),SERRINHA,150,78,1794849,COLÉGIO COOPEISE,"AVENIDA GETÚLIO VARGAS, 1585",ESTAÇÃO,48700000,-11.6694562,-39.0110133,209,Sem acessibilidade,2026-09-29 14:25:00,402584771498401878539349
UE2015 (Anterior),SERRINHA,150,79,1767561,COLÉGIO COOPEISE,"AVENIDA GETÚLIO VARGAS, 1585",ESTAÇÃO,48700000,-11.6694562,-39.0110133,207,Sem acessibilidade,2026-09-29 14:34:00,281372762586307726666241
UE2015 (Anterior),SERRINHA,150,80,1793253,COLÉGIO COOPEISE,"AVENIDA GETÚLIO VARGAS, 1585",ESTAÇÃO,48700000,-11.6694562,-39.0110133,259,Com acessibilidade,2026-09-29 14:43:00,543998103412589313406826
UE2015 (Anterior),SERRINHA,150,82,1760317,PRÉDIO ESCOLAR MUNICIPAL MIGUEL ARCANJO CARVALHO,POVOADO SALGADO - ZONA RURAL,POVOADO SALGADO,48700000,-11.5734226,-38.9277632,241,Com acessibilidade,2026-09-29 14:52:00,907534680948961560099971
UE2015 (Anterior),SERRINHA,150,83,1753930,COLÉGIO ESTADUAL ALOÍSIO CARNEIRO,POVOADO BELA VISTA - ZONA RURAL,POVOADO BELA VISTA,48700000,-11.6994937,-39.09438853,301,Com acessibilidade,2026-09-29 15:01:00,362180257294013745035290
UE2015 (Anterior),SERRINHA,150,84,1776746,COLÉGIO ESTADUAL ALOÍSIO CARNEIRO,POVOADO BELA VISTA - ZONA RURAL,POVOADO BELA VISTA,48700000,-11.6994937,-39.09438853,301,Com acessibilidade,2026-09-29 15:13:00,665110660224545105684834
UE2015 (Anterior),SERRINHA,150,85,1775523,COLÉGIO ESTADUAL ALOÍSIO CARNEIRO,POVOADO BELA VISTA - ZONA RURAL,POVOADO BELA VISTA,48700000,-11.6994937,-39.09438853,298,Com acessibilidade,2026-09-29 15:24:00,38847146761072803414658
UE2015 (Anterior),SERRINHA,150,86,1756856,COLÉGIO ESTADUAL ALOÍSIO CARNEIRO,POVOADO BELA VISTA - ZONA RURAL,POVOADO BELA VISTA,48700000,-11.6994937,-39.09438853,301,Com acessibilidade,2026-09-29 15:34:00,99453314167223570653268
UE2015 (Anterior),SERRINHA,150,87,1759267,ESCOLA MUNICIPAL ANTÔNIO ALVES DA SILVA,POVOADO CHAPADA - ZONA RURAL,POVOADO CHAPADA,48700000,-11.65866733,-39.09930862,185,Com acessibilidade,2026-09-29 15:44:00,887332212546101874965316
UE2015 (Anterior),SERRINHA,150,88,1764360,ESCOLA MUNICIPAL ANTÔNIO ALVES DA SILVA,POVOADO CHAPADA - ZONA RURAL,POVOADO CHAPADA,48700000,-11.65866733,-39.09930862,187,Com acessibilidade,2026-09-29 15:59:00,483392929506142511335261
UE2015 (Anterior),SERRINHA,150,89,1756430,ESCOLA MUNICIPAL ANTÔNIO ALVES DA SILVA,POVOADO CHAPADA - ZONA RURAL,POVOADO CHAPADA,48700000,-11.65866733,-39.09930862,184,Com acessibilidade,2026-09-29 16:08:00,897433441747149151405159
UE2015 (Anterior),SERRINHA,150,93,1795687,ESCOLA MUNICIPAL JONICE SILVA LIMA,POVOADO SUBAÉ - ZONA RURAL,POVOADO SUBAÉ,48700000,-11.62870741,-39.10867297,201,Com acessibilidade,2026-09-29 16:16:00,119655070669319287494206
UE2015 (Anterior),SERRINHA,150,94,1795300,ESCOLA MUNICIPAL JONICE SILVA LIMA,POVOADO SUBAÉ - ZONA RURAL,POVOADO SUBAÉ,48700000,-11.62870741,-39.10867297,201,Com acessibilidade,2026-09-29 16:26:00,655009728823945781783882
UE2015 (Anterior),SERRINHA,150,95,1765129,ESCOLA MUNICIPAL JONICE SILVA LIMA,POVOADO SUBAÉ - ZONA RURAL,POVOADO SUBAÉ,48700000,-11.62870741,-39.10867297,202,Com acessibilidade,2026-09-29 11:17:00,806524985902520044016051
UE2015 (Anterior),SERRINHA,150,96,1767140,CPCT - CENTRO DE PESQUISA CIÊNCIA E TECNOLOGIA,"PRAÇA ASTROGILDA GUIMARÃES, S/N - ZONA URBANA",GINÁSIO,48700000,-11.6630954,-39.0059109,159,Com acessibilidade,2026-09-29 11:27:00,705514990892518995288870
UE2015 (Anterior),SERRINHA,150,98,1765843,ESCOLA MUNICIPAL CARLOS DE FREITAS MOTA,"RUA XAVIER MARQUES, 33 - ZONA URBANA",NOVO HORIZONTE,48700000,-11.67373314,-39.012148,372,Com acessibilidade,2026-09-29 11:36:00,59049560127881408135477
UE2015 (Anterior),SERRINHA,150,99,1823352,ESCOLA MUNICIPAL CARLOS DE FREITAS MOTA,"RUA XAVIER MARQUES, 33 - ZONA URBANA",NOVO HORIZONTE,48700000,-11.67373314,-39.012148,366,Com acessibilidade,2026-09-29 11:46:00,220766843044148853035208
UE2015 (Anterior),SERRINHA,150,100,1794347,ESCOLA MUNICIPAL PLÍNIO CARNEIRO,"RUA F, QUADRA G, S/N - ZONA URBANA",URBIS I,48700000,-11.6687014,-39.003092,344,Com acessibilidade,2026-09-29 11:57:00,634807728485718175141021
UE2015 (Anterior),SERRINHA,150,101,1769502,ESCOLA MUNICIPAL PLÍNIO CARNEIRO,"RUA F, QUADRA G, S/N - ZONA URBANA",URBIS I,48700000,-11.6687014,-39.003092,359,Com acessibilidade,2026-09-29 13:33:00,644908842286488638833562
UE2015 (Anterior),SERRINHA,150,102,1776029,ESCOLA MUNICIPAL PLÍNIO CARNEIRO,"RUA F, QUADRA G, S/N - ZONA URBANA",URBIS I,48700000,-11.6687014,-39.003092,350,Com acessibilidade,2026-09-29 13:45:00,745918056696818539640230
UE2015 (Anterior),SERRINHA,150,103,1762503,ESCOLA MUNICIPAL MENINO DE JESUS,POVOADO ALTO DA BANDEIRA - ZONA RURAL,POVOADO ALTO DA BANDEIRA,48700000,-11.69375551,-39.01750848,370,Com acessibilidade,2026-09-29 13:56:00,786322208200010514164567
UE2015 (Anterior),SERRINHA,150,104,1792437,ESCOLA MUNICIPAL SÃO JORGE,POVOADO BOM JARDIM - ZONA RURAL,POVOADO BOM JARDIM,48700000,-11.6194317,-38.9864344,356,Com acessibilidade,2026-09-29 14:07:00,927736459114884301740784
UE2015 (Anterior),SERRINHA,150,105,1752894,ESCOLA MUNICIPAL JOSÉ EUTANÁZIO MOTA,POVOADO BREJO - ZONA RURAL,POVOADO BREJO,48700000,-11.6290155,-39.0356301,336,Com acessibilidade,2026-09-29 14:16:00,69150702828041190048018
UE2015 (Anterior),SERRINHA,150,106,1762843,ESCOLA MUNICIPAL MISAEL CUNHA,POVOADO CABECA DA VACA - ZONA RURAL,POVOADO CABEÇA DA VACA,48700000,-11.5592945,-39.0024586,210,Com acessibilidade,2026-09-29 14:28:00,281372039750495274659283
UE2015 (Anterior),SERRINHA,150,107,1830868,COLÉGIO ESTADUAL DE SANTANA,POVOADO CAJUEIRO - ZONA RURAL,POVOADO CAJUEIRO,48700000,-11.6045722,-39.0183863,383,Com acessibilidade,2026-09-29 14:40:00,362180222858198379667845
UE2015 (Anterior),SERRINHA,150,108,1768843,COLÉGIO ESTADUAL DE SANTANA,POVOADO CAJUEIRO - ZONA RURAL,POVOADO CAJUEIRO,48700000,-11.6045722,-39.0183863,385,Com acessibilidade,2026-09-29 14:49:00,766120739998220551074480
UE2015 (Anterior),SERRINHA,150,109,1757486,ESCOLA MUNCIIPAL GERÔNIMO PEREIRA,POVOADO CAMPO REDONDO - ZONA RURAL,POVOADO CAMPO REDONDO,48700000,-11.67913362,-39.04891335,218,Com acessibilidade,2026-09-29 14:58:00,665110741288140234447066
UE2015 (Anterior),SERRINHA,150,110,1790989,ESCOLA MUNICIPAL JOSÉ EUTANÁZIO MOTA,POVOADO BREJO - ZONA RURAL,POVOADO BREJO,48700000,-11.6290155,-39.0356301,289,Com acessibilidade,2026-09-29 15:10:00,978241138619648300000643
UE2015 (Anterior),SERRINHA,150,112,1754714,ESCOLA MUNICIPAL JOÃO DE LIMA CARNEIRO,POVOADO MOCAMBO - ZONA RURAL,POVOADO MOCAMBO,48700000,-11.6787947,-38.9420922,367,Com acessibilidade,2026-09-29 15:24:00,604504980582642051475519
UE2015 (Anterior),SERRINHA,150,113,1750579,ESCOLA MUNICIPAL JOÃO BATISTA DOS ANJOS,POVOADO BOA VISTA - ZONA RURAL,POVOADO BOA VISTA,48700000,-11.62161805,-39.09944861,260,Com acessibilidade,2026-09-29 15:33:00,564100056278620566094665
UE2015 (Anterior),SERRINHA,150,114,1794173,ESCOLA MUNICIPAL RURAL DA LAGE,POVOADO LAGE - ZONA RURAL,POVOADO LAGE,48700000,-11.70718171,-39.0756994,260,Com acessibilidade,2026-09-29 15:42:00,311675913553396825060641
UE2015 (Anterior),SERRINHA,150,115,1793384,ESCOLA MUNICIPAL DERMEVAL OLIVEIRA,POVOADO ALTO ALEGRE - ZONA RURAL,POVOADO ALTO ALEGRE,48700000,-11.5778672,-38.9783834,323,Com acessibilidade,2026-09-29 15:51:00,160160874538265352292284
UE2015 (Anterior),SERRINHA,150,116,1823976,ESCOLA MUNICIPAL GILBERTO FERREIRA,POVOADO MOMBAÇA VELHA - ZONA RURAL,POVOADO MOMBAÇA VELHA,48700000,-11.61944033,-38.9257636,386,Com acessibilidade,2026-09-29 16:01:00,281372103650044983782544
UE2015 (Anterior),SERRINHA,150,117,1768402,ESCOLA MUNICIPAL CARLOS DE FREITAS MOTA JÚNIOR,POVOADO MURICI - ZONA RURAL,POVOADO MURICI,48700000,-11.6409408,-39.0277396,257,Com acessibilidade,2026-09-29 16:12:00,432887368565351426020930
UE2015 (Anterior),SERRINHA,150,118,1795911,ESCOLA MUNICIPAL BILÁ DE CARVALHO,POVOADO MOMBAÇA NOVA - ZONA RURAL,POVOADO MOMBAÇA NOVA,48700000,-11.60677969,-38.93639289,349,Com acessibilidade,2026-09-29 16:22:00,240968280946252953865730
UE2015 (Anterior),SERRINHA,150,119,1766321,ESCOLA MUNICIPAL SANTO ANTÔNIO,POVOADO LAGOA DO CURRALINHO - ZONA RURAL,POVOADO LAGOA DO CURRALINHO,48700000,-11.71869193,-38.94612584,274,Com acessibilidade,2026-09-29 16:32:00,937837082315037296390818
UE2015 (Anterior),SERRINHA,150,120,1838634,CPCT - CENTRO DE PESQUISA CIÊNCIA E TECNOLOGIA,"PRAÇA ASTROGILDA GUIMARÃES, S/N - ZONA URBANA",GINÁSIO,48700000,-11.6630954,-39.0059109,157,Com acessibilidade,2026-09-29 16:41:00,836827066405952158874449
UE2015 (Anterior),SERRINHA,150,121,1769957,COLÉGIO ESTADUAL DE TEMPO INTEGRAL DE SERRINHA (CETIS),"RUA ÁLVARO AUGUSTO, S/N - ZONA URBANA",GINÁSIO,48700000,-11.6662486,-39.0064441,223,Com acessibilidade,2026-09-29 16:50:00,927736267814065455397150
UE2015 (Anterior),SERRINHA,150,122,1668210,ESCOLA NORMAL DE SERRINHA,RUA ANDRÉ NEGREIROS FALCÃO - ZONA URBANA,GINÁSIO,48700000,-11.66361566,-39.00557083,236,Sem acessibilidade,2026-09-29 16:59:00,473291926169248812409967
UE2015 (Anterior),SERRINHA,150,123,1655830,ESCOLA NORMAL DE SERRINHA,RUA ANDRÉ NEGREIROS FALCÃO - ZONA URBANA,GINÁSIO,48700000,-11.66361566,-39.00557083,238,Sem acessibilidade,2026-09-29 17:09:00,867130422608299401342703
UE2015 (Anterior),SERRINHA,150,124,1808860,ESCOLA MUNICIPAL INOCÊNCIO PEREIRA DE OLIVEIRA,POVOADO RECANTO - ZONA RURAL,POVOADO RECANTO,48700000,-11.67382063,-38.89658157,205,Com acessibilidade,2026-09-29 15:50:00,341978019304374633898527
UE2015 (Anterior),SERRINHA,150,125,1781492,ESCOLA MUNICIPAL INOCÊNCIO PEREIRA DE OLIVEIRA,POVOADO RECANTO - ZONA RURAL,POVOADO RECANTO,48700000,-11.67382063,-38.89658157,205,Com acessibilidade,2026-09-29 15:59:00,554099335525211147768149
UE2015 (Anterior),SERRINHA,150,126,1764365,CRECHE ESCOLA MUNICIPAL MARIA NAZARÉ CAMPOS ARAÚJO,"PRAÇA SÃO PEDRO, POVOADO TANQUE GRANDE",POVOADO TANQUE GRANDE,48700000,-11.67910973,-39.08958591,241,Com acessibilidade,2026-09-29 16:10:00,210665101391993904565876
UE2015 (Anterior),SERRINHA,150,127,1841221,CEDESCOM CENTRO DE DESENVOLVIMENTO SOCIAL COMUNITÁRIO DO SACO DO MOURA,POVOADO SACO DO MOURA - ZONA RURAL,POVOADO SACO DO MOURA,48700000,-11.73777863,-38.93906963,282,Com acessibilidade,2026-09-29 16:18:00,119655117481456917509404
UE2015 (Anterior),SERRINHA,150,128,1752780,ESCOLA MUNICIPAL MANOEL CORDEIRO,POVOADO ALTO DA TAMBURI - ZONA RURAL,POVOADO TAMBURI,48700000,-11.7898887,-39.0416436,147,Com acessibilidade,2026-09-29 16:26:00,372281480507665193276157
UE2015 (Anterior),SERRINHA,150,130,1751295,CRECHE ESCOLA MUNICIPAL MARIA NAZARÉ CAMPOS ARAÚJO,"PRAÇA SÃO PEDRO, POVOADO TANQUE GRANDE",POVOADO TANQUE GRANDE,48700000,-11.67910973,-39.08958591,240,Com acessibilidade,2026-09-29 16:36:00,240968540494626427643956
UE2015 (Anterior),SERRINHA,150,131,1764777,CRECHE ESCOLA MUNICIPAL MARIA NAZARÉ CAMPOS ARAÚJO,"PRAÇA SÃO PEDRO, POVOADO TANQUE GRANDE",POVOADO TANQUE GRANDE,48700000,-11.67910973,-39.08958591,242,Com acessibilidade,2026-09-29 16:45:00,331877748203730266726441
UE2015 (Anterior),SERRINHA,150,132,1754430,ESCOLA MUNICIPAL OTÁVIO COSTA,POVOADO TRÊS ESTRADAS - ZONA RURAL,POVOADO TRÊS ESTRADAS,48700000,-11.64334711,-38.92758099,250,Com acessibilidade,2026-09-29 16:54:00,523796046222949520429508
UE2015 (Anterior),SERRINHA,150,133,1813257,ESCOLA MUNICIPAL OTÁVIO COSTA,POVOADO TRÊS ESTRADAS - ZONA RURAL,POVOADO TRÊS ESTRADAS,48700000,-11.64334711,-38.92758099,251,Com acessibilidade,2026-09-29 17:05:00,442988077914595751125931
UE2015 (Anterior),SERRINHA,150,134,1762126,COLÉGIO MUNICIPAL DIONÍSIO FRANCISCO DA SILVA,POVOADO VERTENTE - ZONA RURAL,POVOADO VERTENTE,48700000,-11.5874845,-38.8960912,227,Com acessibilidade,2026-09-29 17:14:00,513695257621685982682763
UE2015 (Anterior),SERRINHA,150,135,1824959,COLÉGIO MUNICIPAL DIONÍSIO FRANCISCO DA SILVA,POVOADO VERTENTE - ZONA RURAL,POVOADO VERTENTE,48700000,-11.5874845,-38.8960912,226,Com acessibilidade,2026-09-29 17:22:00,149958993684268695403477
UE2015 (Anterior),SERRINHA,150,165,1833747,COLÉGIO MUNICIPAL FERNANDO CARNEIRO DA SILVA,POVOADO MATO GROSSO - ZONA RURAL,POVOADO MATO GROSSO,48700000,-11.63450826,-39.13750378,224,Com acessibilidade,2026-09-29 17:30:00,978241037867044258713103
UE2015 (Anterior),SERRINHA,150,168,1788221,ESCOLA MUNICIPAL JOSÉ SOARES DA SILVA,POVOADO FLORES - ZONA RURAL,POVOADO FLORES,48700000,-11.6404171,-38.9847261,274,Com acessibilidade,2026-09-29 17:39:00,190463588289895316042865
UE2015 (Anterior),SERRINHA,150,169,1751815,COLÉGIO MUNICIPAL CREUNITA SILVA BRIZOLARA PEREIRA (COLÉGIO MODELO),RUA SÃO MIGUEL ARCANJO - ZONA URBANA,VAQUEJADA,48700000,-11.6776909,-38.9918028,346,Sem acessibilidade,2026-09-29 17:49:00,594403099329386702686226
UE2015 (Anterior),SERRINHA,150,170,1769313,ESCOLA MUNICIPAL JOÃO BARBOSA DE OLIVEIRA,"RUA DO RECREIO, S/N - ZONA URBANA",RECREIO,48700000,-11.6558187,-39.0205109,333,Com acessibilidade,2026-09-29 17:57:00,170261758187913145979705
UE2015 (Anterior),SERRINHA,150,171,1753095,ESCOLA MUNICIPAL AURELINO VENANCIO DE ARAUJO,POVOADO JUAZEIRO GRANDE - ZONA RURAL,POVOADO JUAZEIRO GRANDE,48700000,-11.60681667,-38.94909646,220,Com acessibilidade,2026-09-29 18:06:00,372281062107708956302205
UE2015 (Anterior),SERRINHA,150,172,1768150,ESCOLA MUNICIPAL LUIZ PEDROSA NUNES,POVOADO LEVADA - ZONA RURAL,POVOADO LEVADA,48700000,-11.74165191,-38.97315507,285,Com acessibilidade,2026-09-29 19:17:00,543998341224141207951876
UE2015 (Anterior),SERRINHA,150,174,1764622,PRÉDIO ESCOLAR MUNICIPAL MIGUEL ARCANJO CARVALHO,POVOADO SALGADO - ZONA RURAL,POVOADO SALGADO,48700000,-11.5734226,-38.9277632,220,Com acessibilidade,2026-09-29 18:24:00,745918761644113078942549
UE2015 (Anterior),SERRINHA,150,175,1765658,CRECHE MUNICIPAL MARIA PAULA DAS VIRGENS,POVOADO MANDACARU - ZONA RURAL,POVOADO MANDACARU,48700000,-11.5832194,-38.9477375,398,Com acessibilidade,2026-09-29 18:38:00,917635042961652693127782
UE2015 (Anterior),SERRINHA,150,176,1768751,CEDESCOM CENTRO DE DESENVOLVIMENTO SOCIAL COMUNITÁRIO DO SACO DO MOURA,POVOADO SACO DO MOURA - ZONA RURAL,POVOADO SACO DO MOURA,48700000,-11.73777863,-38.93906963,283,Com acessibilidade,2026-09-29 18:47:00,150059392485916477430134
UE2015 (Anterior),SERRINHA,150,177,1789866,ESCOLA MUNICIPAL MANOEL CARNEIRO TUY,POVOADO CAJUEIRO GRANDE - ZONA RURAL,POVOADO CAJUEIRO GRANDE,48700000,-11.7159751,-38.8964961,177,Com acessibilidade,2026-09-29 19:26:00,513695865421138887844027
UE2015 (Anterior),SERRINHA,150,178,1781618,ESCOLA MUNICIPAL OTÁVIO COSTA,POVOADO TRÊS ESTRADAS - ZONA RURAL,POVOADO TRÊS ESTRADAS,48700000,-11.64334711,-38.92758099,252,Com acessibilidade,2026-09-29 19:34:00,8544468070575043113053
UE2015 (Anterior),SERRINHA,150,179,1766866,ESCOLA MUNICIPAL JOEL ALVES DE MORAES,POVOADO CANTO - ZONA RURAL,POVOADO CANTO,48700000,-11.5596485,-38.9932779,330,Com acessibilidade,2026-09-29 19:43:00,816625383551405713878867
UE2015 (Anterior),SERRINHA,150,182,1765544,ESCOLA MUNICIPAL MARIA ANUNCIAÇÃO DO NASCIMENTO,POVOADO MACAMBIRA - ZONA RURAL,POVOADO MACAMBIRA,48700000,-11.63952427,-38.91413624,301,Com acessibilidade,2026-09-29 19:53:00,897433767359575943344832
UE2015 (Anterior),SERRINHA,150,185,1791472,ESCOLA MUNICIPAL AMÉRICO PINHEIRO LIMA,POVOADO MARAVILHA - ZONA RURAL,POVOADO MARAVILHA,48700000,-11.5678155,-38.9235736,396,Com acessibilidade,2026-09-29 20:02:00,968140168566207254269705
UE2015 (Anterior),SERRINHA,150,220,1772095,ESCOLA MUNICIPAL LEOBINO CARDOSO RIBEIRO,"RUA LUIZ VIANA FILHO, 1041 - ZONA URBANA",GINÁSIO,48700000,-11.6629091,-39.0036421,259,Com acessibilidade,2026-09-29 20:11:00,574201895427838454674854
UE2015 (Anterior),SERRINHA,150,222,1774446,ESCOLA MUNICIPAL MENINO DE JESUS,POVOADO ALTO DA BANDEIRA - ZONA RURAL,POVOADO ALTO DA BANDEIRA,48700000,-11.69375551,-39.01750848,372,Com acessibilidade,2026-09-29 20:19:00,109554640780929868087373
UE2015 (Anterior),SERRINHA,150,223,1831436,ESCOLA MUNCIIPAL GERÔNIMO PEREIRA,POVOADO CAMPO REDONDO - ZONA RURAL,POVOADO CAMPO REDONDO,48700000,-11.67913362,-39.04891335,218,Com acessibilidade,2026-09-29 11:10:00,594403248129823996393833
UE2015 (Anterior),SERRINHA,150,224,1775834,ESCOLA MUNICIPAL JOÃO BARBOSA DE OLIVEIRA,"RUA DO RECREIO, S/N - ZONA URBANA",RECREIO,48700000,-11.6558187,-39.0205109,323,Com acessibilidade,2026-09-29 11:20:00,8544760570320107307683
UE2015 (Anterior),SERRINHA,150,230,1762831,CENTRO TERRITORIAL DE EDUCAÇÃO PROFISSIONAL DO SISAL - CETEPS,"AVENIDA CIDADE DE ARACI, S/N - ZONA URBANA",CIDADE NOVA,48700000,-11.684058,-38.9971553,379,Com acessibilidade,2026-09-29 11:29:00,150059545585103457757529
UE2015 (Anterior),SERRINHA,150,231,1825926,ESCOLA MUNICIPAL AUREA NOGUEIRA,"RUA LEOVIGILDO RIBEIRO, 434 - ZONA URBANA",BOMBA,48700000,-11.6576032,-39.0112499,327,Sem acessibilidade,2026-09-29 11:38:00,776221274847744303379757
UE2015 (Anterior),SERRINHA,150,233,1764611,ESCOLA MUNICIPAL DERMEVAL OLIVEIRA,POVOADO ALTO ALEGRE - ZONA RURAL,POVOADO ALTO ALEGRE,48700000,-11.5778672,-38.9783834,320,Com acessibilidade,2026-09-29 11:51:00,958039671765611906797315
UE2015 (Anterior),SERRINHA,150,234,1767694,COLÉGIO MUNICIPAL CREUNITA SILVA BRIZOLARA PEREIRA (COLÉGIO MODELO),RUA SÃO MIGUEL ARCANJO - ZONA URBANA,VAQUEJADA,48700000,-11.6776909,-38.9918028,343,Sem acessibilidade,2026-09-29 13:30:00,149958977884776486240998
UE2015 (Anterior),SERRINHA,150,235,1760747,ESCOLA MUNICIPAL LEOBINO CARDOSO RIBEIRO,"RUA LUIZ VIANA FILHO, 1041 - ZONA URBANA",GINÁSIO,48700000,-11.6629091,-39.0036421,262,Com acessibilidade,2026-09-29 13:41:00,230867170393021812223244
UE2015 (Anterior),SERRINHA,150,236,1841841,COLÉGIO ESTADUAL DE SANTANA,POVOADO CAJUEIRO - ZONA RURAL,POVOADO CAJUEIRO,48700000,-11.6045722,-39.0183863,386,Com acessibilidade,2026-09-29 13:52:00,160160214386111125296559
UE2015 (Anterior),SERRINHA,150,237,1781424,ESCOLA MUNICIPAL CARLOS DE FREITAS MOTA,"RUA XAVIER MARQUES, 33 - ZONA URBANA",NOVO HORIZONTE,48700000,-11.67373314,-39.012148,369,Com acessibilidade,2026-09-29 14:03:00,220766386392903343756149
UE2015 (Anterior),SERRINHA,150,238,1756906,ESCOLA MUNICIPAL JOEL ALVES DE MORAES,POVOADO CANTO - ZONA RURAL,POVOADO CANTO,48700000,-11.5596485,-38.9932779,328,Com acessibilidade,2026-09-29 14:13:00,372281642107147643440297
UE2015 (Anterior),SERRINHA,150,239,1776520,CRECHE MUNICIPAL CARLOS AUGUSTO VILALVA NEGREIROS FALCÃO,"RUA PRIMEIRO DE JANEIRO, S/N - ZONA URBANA",VILA DE FÁTIMA,48700000,-11.6553667,-39.0158499,365,Com acessibilidade,2026-09-29 14:21:00,38847414973755787391167
UE2015 (Anterior),SERRINHA,150,244,1810211,ESCOLA MUNICIPAL OTÁVIO COSTA,POVOADO TRÊS ESTRADAS - ZONA RURAL,POVOADO TRÊS ESTRADAS,48700000,-11.64334711,-38.92758099,248,Com acessibilidade,2026-09-29 14:30:00,826726729252565251955488
UE2015 (Anterior),SERRINHA,150,245,1767590,ESCOLA MUNICIPAL JOÃO DE LIMA CARNEIRO,POVOADO MOCAMBO - ZONA RURAL,POVOADO MOCAMBO,48700000,-11.6787947,-38.9420922,367,Com acessibilidade,2026-09-29 14:39:00,846928850554213059318927
UE2015 (Anterior),SERRINHA,150,246,1807688,ESCOLA MUNICIPAL PLÍNIO CARNEIRO,"RUA F, QUADRA G, S/N - ZONA URBANA",URBIS I,48700000,-11.6687014,-39.003092,354,Com acessibilidade,2026-09-29 14:48:00,352079476505741875184236
UE2015 (Anterior),SERRINHA,150,247,1783404,COLÉGIO MUNICIPAL FERNANDO CARNEIRO DA SILVA,POVOADO MATO GROSSO - ZONA RURAL,POVOADO MATO GROSSO,48700000,-11.63450826,-39.13750378,219,Com acessibilidade,2026-09-29 14:56:00,846928072154182845978652
UE2015 (Anterior),SERRINHA,150,249,1794616,ESCOLA MUNICIPAL SÃO VICENTE DA MOMBAÇA,POVOADO MOMBAÇA DE VALENTINA - ZONA RURAL,POVOADO MOMBAÇA DE VALENTINA,48700000,-11.62501608,-38.91211932,359,Com acessibilidade,2026-09-29 15:05:00,291473742999220617446611
UE2015 (Anterior),SERRINHA,150,250,1775483,ESCOLA MUNICIPAL ERALDO TINOCO,POVOADO LICURITUBA - ZONA RURAL,POVOADO LICURITUBA,48700000,-11.67566322,-38.90767523,318,Com acessibilidade,2026-09-29 15:14:00,261170794996219964665943
UE2015 (Anterior),SERRINHA,150,251,1831873,ESCOLA MUNICIPAL TEODORO DOS SANTOS RIBEIRO,TRAVESSA CRUZEIRO - ZONA URBANA,CRUZEIRO,48700000,-11.6631984,-39.0147001,389,Com acessibilidade,2026-09-29 15:26:00,170261818487352401970208
UE2015 (Anterior),SERRINHA,150,252,1795229,ESCOLA MUNICIPAL AVANI CORDEIRO,POVOADO MATO FINO - ZONA RURAL,POVOADO MATO FINO,48700000,-11.64101095,-39.13036078,268,Com acessibilidade,2026-09-29 15:36:00,503594256920771675612751
UE2015 (Anterior),SERRINHA,150,253,1762443,ESCOLA MUNICIPAL JOSÉ ROBERTO DOS SANTOS,POVOADO CAMPO LIMPO - ZONA RURAL,POVOADO CAMPO LIMPO,48700000,-11.5845672,-38.9978904,257,Com acessibilidade,2026-09-29 15:45:00,28746884372317840367810
UE2015 (Anterior),SERRINHA,150,254,1764939,ESCOLA MUNICIPAL ANTONIO PINHEIRO DA MOTA NETO,POVOADO ALTO DE FORA - ZONA RURAL,POVOADO ALTO DE FORA,48700000,-11.7294273,-38.99638272,313,Com acessibilidade,2026-09-29 15:57:00,230867206093750453688037
UE2015 (Anterior),SERRINHA,150,255,1769246,ESCOLA MUNICIPAL ARLETE SILVA LIMA,POVOADO CAMIRANGA - ZONA RURAL,POVOADO CAMIRANGA,48700000,-11.63309388,-38.90413309,205,Com acessibilidade,2026-09-29 16:06:00,18645091871122373509793
UE2015 (Anterior),SERRINHA,150,256,1839046,ESCOLA MUNICIPAL SANTO ANTÔNIO,POVOADO LAGOA DO CURRALINHO - ZONA RURAL,POVOADO LAGOA DO CURRALINHO,48700000,-11.71869193,-38.94612584,285,Com acessibilidade,2026-09-29 16:14:00,634807824033696506844063
UE2015 (Anterior),SERRINHA,150,257,1767938,ESCOLA MUNICIPAL JOSÉ XAVIER DE LIMA,POVOADO LAGOA SECA,POVOADO LAGOA SECA,48700000,-11.65032442,-38.90888899,348,Com acessibilidade,2026-09-29 16:25:00,937837234863152069466828
UE2015 (Anterior),SERRINHA,150,259,1789999,ESCOLA MUNICIPAL MARIA ANUNCIAÇÃO DO NASCIMENTO,POVOADO MACAMBIRA - ZONA RURAL,POVOADO MACAMBIRA,48700000,-11.63952427,-38.91413624,298,Com acessibilidade,2026-09-29 16:34:00,59049577575298950949831
UE2015 (Anterior),SERRINHA,150,260,1769525,ESCOLA MUNICIPAL MANOEL CORDEIRO,POVOADO ALTO DA TAMBURI - ZONA RURAL,POVOADO TAMBURI,48700000,-11.7898887,-39.0416436,146,Com acessibilidade,2026-09-29 16:42:00,331877934003527939016647
UE2015 (Anterior),SERRINHA,150,261,1761687,ESCOLA MUNICIPAL SOFIA KATEB PEREIRA DA SILVA,"AVENIDA SENHORA SANTANA, 593 - ZONA URBANA",SENHORA SANTANA,48700000,-11.6587026,-39.0011512,340,Com acessibilidade,2026-09-29 16:53:00,99453803579446035120995
UE2015 (Anterior),SERRINHA,150,262,1836648,COLÉGIO COOPEISE,"AVENIDA GETÚLIO VARGAS, 1585",ESTAÇÃO,48700000,-11.6694562,-39.0110133,207,Sem acessibilidade,2026-09-29 16:37:00,675211497767121508582006
UE2015 (Anterior),SERRINHA,150,263,1793634,ESCOLA MUNICIPAL FELIPE SANTIAGO DOS SANTOS,POVOADO BAIXA D'AGUA - ZONA RURAL,POVOADO BAIXA D'AGUA,48700000,-11.69296072,-39.00357773,346,Com acessibilidade,2026-09-29 16:47:00,998443929499533609358095
UE2015 (Anterior),SERRINHA,150,264,1768162,ESCOLA MUNICIPAL NOSSA SENHORA DA CONCEIÇÃO APARECIDA,APARECIDA - ZONA URBANA,APARECIDA,48700000,-11.683649,-38.9848456,271,Com acessibilidade,2026-09-29 16:55:00,846928887184336211914428
UE2015 (Anterior),SERRINHA,150,265,1761364,ESCOLA MUNICIPAL ANA OLIVEIRA,"RUA MANOEL NOVAIS, 1150 - ZONA URBANA",BOA ESPERANÇA,48700000,-11.6556163,-39.0019199,373,Com acessibilidade,2026-09-29 17:05:00,756019903175903547523841
UE2015 (Anterior),SERRINHA,150,266,1769462,ESCOLA MUNICIPAL LEOBINO CARDOSO RIBEIRO,"RUA LUIZ VIANA FILHO, 1041 - ZONA URBANA",GINÁSIO,48700000,-11.6629091,-39.0036421,262,Sem acessibilidade,2026-09-29 17:14:00,48948302104214481620658
UE2015 (Anterior),SERRINHA,150,269,1757122,CRECHE ESCOLA MUNICIPAL MARIA NAZARÉ CAMPOS ARAÚJO,"PRAÇA SÃO PEDRO, POVOADO TANQUE GRANDE",POVOADO TANQUE GRANDE,48700000,-11.67910973,-39.08958591,241,Com acessibilidade,2026-09-29 17:23:00,321776915532510242788435
UE2015 (Anterior),SERRINHA,150,271,1770082,CRECHE MUNICIPAL CORONEL NENENZINHO CARNEIRO,POVOADO DOIS IRMÃOS - ZONA RURAL,POVOADO DOIS IRMÃOS,48700000,-11.5740414,-38.9877832,172,Com acessibilidade,2026-09-29 17:31:00,574201359857714218940742
UE2015 (Anterior),SERRINHA,150,273,1775548,CENTRO TERRITORIAL DE EDUCAÇÃO PROFISSIONAL DO SISAL - CETEPS,"AVENIDA CIDADE DE ARACI, S/N - ZONA URBANA",CIDADE NOVA,48700000,-11.684058,-38.9971553,381,Com acessibilidade,2026-09-29 17:40:00,119655114211275967812344
UE2015 (Anterior),SERRINHA,150,274,1772780,ESCOLA MUNICIPAL HERMÍLIA BASTOS CARNEIRO DA SILVA,"RUA PEDRO IRUJO, 280 - ZONA URBANA",COLINA DAS MANGUEIRAS,48700000,-11.6573012,-39.0003837,369,Com acessibilidade,2026-09-29 17:55:00,453089563545055011099686
UE2015 (Anterior),SERRINHA,150,275,1761138,ESCOLA MUNICIPAL CARLOS DE FREITAS MOTA JÚNIOR,POVOADO MURICI - ZONA RURAL,POVOADO MURICI,48700000,-11.6409408,-39.0277396,259,Com acessibilidade,2026-09-29 18:04:00,8544224500195075064346
UE2015 (Anterior),SERRINHA,150,277,1770441,ESCOLA MUNICIPAL MARIA AMÉLIA ALVES GONÇALVES LIMA,POVOADO MALHADA DO ALTO - ZONA RURAL,POVOADO MALHADA DO ALTO,48700000,-11.65401452,-39.11382313,235,Com acessibilidade,2026-09-29 18:15:00,988342421498336794237241
UE2015 (Anterior),SERRINHA,150,278,1768209,ESCOLA MUNICIPAL ANA OLIVEIRA,"RUA MANOEL NOVAIS, 1150 - ZONA URBANA",BOA ESPERANÇA,48700000,-11.6556163,-39.0019199,379,Com acessibilidade,2026-09-29 18:23:00,331877882433633454089137
UE2015 (Anterior),SERRINHA,150,279,1780108,ESCOLA MUNICIPAL DE 1º GRAU ALOÍSIO CARNEIRO,"AV. GETÚLIO VARGAS, S/N - ZONA URBANA",TREZE,48700000,-11.65369,-39.0075046,274,Com acessibilidade,2026-09-29 18:32:00,372281036237690273706592
UE2015 (Anterior),SERRINHA,150,281,1758048,ESCOLA MUNICIPAL JESUS DE NAZARÉ,POVOADO MATINHA - ZONA RURAL,POVOADO MATINHA,48700000,-11.68766393,-39.06361066,364,Com acessibilidade,2026-09-29 18:44:00,99453941009645726287264
UE2015 (Anterior),SERRINHA,150,282,1808371,COLÉGIO MUNICIPAL CREUNITA SILVA BRIZOLARA PEREIRA (COLÉGIO MODELO),RUA SÃO MIGUEL ARCANJO - ZONA URBANA,VAQUEJADA,48700000,-11.6776909,-38.9918028,343,Sem acessibilidade,2026-09-29 18:54:00,846928802884480170290502
UE2015 (Anterior),SERRINHA,150,283,1752149,CRECHE MUNICIPAL CARLOS AUGUSTO VILALVA NEGREIROS FALCÃO,"RUA PRIMEIRO DE JANEIRO, S/N - ZONA URBANA",VILA DE FÁTIMA,48700000,-11.6553667,-39.0158499,362,Com acessibilidade,2026-09-29 19:14:00,745918813774135834651647
UE2015 (Anterior),SERRINHA,150,284,1774690,ESCOLA MUNICIPAL SOFIA KATEB PEREIRA DA SILVA,"AVENIDA SENHORA SANTANA, 593 - ZONA URBANA",SENHORA SANTANA,48700000,-11.6587026,-39.0011512,335,Com acessibilidade,2026-09-29 19:23:00,877231059987289323415950
UE2015 (Anterior),SERRINHA,150,288,1840986,CRECHE ESCOLA MUNICIPAL MARIA NAZARÉ CAMPOS ARAÚJO,"PRAÇA SÃO PEDRO, POVOADO TANQUE GRANDE",POVOADO TANQUE GRANDE,48700000,-11.67910973,-39.08958591,239,Com acessibilidade,2026-09-29 19:33:00,493493116349996222924399
UE2015 (Anterior),SERRINHA,150,289,1786742,CRECHE MUNICIPAL CARLOS AUGUSTO VILALVA NEGREIROS FALCÃO,"RUA PRIMEIRO DE JANEIRO, S/N - ZONA URBANA",VILA DE FÁTIMA,48700000,-11.6553667,-39.0158499,364,Com acessibilidade,2026-09-29 19:42:00,968140690796488571955228
UE2015 (Anterior),SERRINHA,150,290,1789983,ESCOLA MUNICIPAL GERÔNIMO JOSÉ LUCIANO,POVOADO CONTENDAS - ZONA RURAL,POVOADO CONTENDAS,48700000,-11.5910698,-39.0086776,360,Com acessibilidade,2026-09-29 19:50:00,139857941813603217181934
UE2015 (Anterior),SERRINHA,150,292,1757916,CENTRO TERRITORIAL DE EDUCAÇÃO PROFISSIONAL DO SISAL - CETEPS,"AVENIDA CIDADE DE ARACI, S/N - ZONA URBANA",CIDADE NOVA,48700000,-11.684058,-38.9971553,380,Com acessibilidade,2026-09-29 19:58:00,594403626359623877947063
UE2015 (Anterior),SERRINHA,150,293,1789934,ESCOLA MUNCIIPAL GERÔNIMO PEREIRA,POVOADO CAMPO REDONDO - ZONA RURAL,POVOADO CAMPO REDONDO,48700000,-11.67913362,-39.04891335,218,Com acessibilidade,2026-09-29 20:08:00,735817873273394823650030
UE2015 (Anterior),SERRINHA,150,294,1765150,ESCOLA MUNICIPAL MANOEL CARNEIRO TUY,POVOADO CAJUEIRO GRANDE - ZONA RURAL,POVOADO CAJUEIRO GRANDE,48700000,-11.7159751,-38.8964961,174,Com acessibilidade,2026-09-29 20:16:00,574201828857181532819556
UE2015 (Anterior),SERRINHA,150,297,1767829,ESCOLA MUNICIPAL JOSÉ SOARES DA SILVA,POVOADO FLORES - ZONA RURAL,POVOADO FLORES,48700000,-11.6404171,-38.9847261,185,Com acessibilidade,2026-09-29 20:25:00,574201150357208356963476
UE2015 (Anterior),SERRINHA,150,298,1656881,ESCOLA MUNICIPAL TEODORO DOS SANTOS RIBEIRO,TRAVESSA CRUZEIRO - ZONA URBANA,CRUZEIRO,48700000,-11.6631984,-39.0147001,390,Com acessibilidade,2026-09-29 20:33:00,240968933724823567045998
UE2015 (Anterior),SERRINHA,150,299,1651312,ESCOLA MUNICIPAL CARLOS DE FREITAS MOTA,"RUA XAVIER MARQUES, 33 - ZONA URBANA",NOVO HORIZONTE,48700000,-11.67373314,-39.012148,372,Com acessibilidade,2026-09-29 20:41:00,311675119631845694374925
UE2015 (Anterior),SERRINHA,150,300,1767368,ESCOLA MUNICIPAL PLÍNIO CARNEIRO,"RUA F, QUADRA G, S/N - ZONA URBANA",URBIS I,48700000,-11.6687014,-39.003092,347,Com acessibilidade,2026-09-29 20:49:00,18645284701103682947429
UE2015 (Anterior),SERRINHA,150,302,1756914,ESCOLA MUNICIPAL JOSÉ SOARES DA SILVA,POVOADO FLORES - ZONA RURAL,POVOADO FLORES,48700000,-11.6404171,-38.9847261,185,Com acessibilidade,2026-09-29 13:34:00,311675800891229252222674
UE2015 (Anterior),SERRINHA,150,305,1769970,ESCOLA MUNICIPAL AURELINO VENANCIO DE ARAUJO,POVOADO JUAZEIRO GRANDE - ZONA RURAL,POVOADO JUAZEIRO GRANDE,48700000,-11.60681667,-38.94909646,198,Com acessibilidade,2026-09-29 13:47:00,543998369914751604935916
UE2015 (Anterior),SERRINHA,150,306,1764542,ESCOLA MUNICIPAL MENINO DE JESUS,POVOADO ALTO DA BANDEIRA - ZONA RURAL,POVOADO ALTO DA BANDEIRA,48700000,-11.69375551,-39.01750848,372,Com acessibilidade,2026-09-29 14:04:00,887332814548633327720261
UE2015 (Anterior),SERRINHA,150,307,1810013,COLÉGIO MUNICIPAL CREUNITA SILVA BRIZOLARA PEREIRA (COLÉGIO MODELO),RUA SÃO MIGUEL ARCANJO - ZONA URBANA,VAQUEJADA,48700000,-11.6776909,-38.9918028,346,Sem acessibilidade,2026-09-29 14:13:00,463190506006236398065767
UE2015 (Anterior),SERRINHA,150,308,1780652,PRÉDIO ESCOLAR MUNICIPAL MIGUEL ARCANJO CARVALHO,POVOADO SALGADO - ZONA RURAL,POVOADO SALGADO,48700000,-11.5734226,-38.9277632,220,Com acessibilidade,2026-09-29 14:23:00,422786570302285102575856
UE2015 (Anterior),SERRINHA,150,309,1790367,ESCOLA MUNICIPAL DERMEVAL OLIVEIRA,POVOADO ALTO ALEGRE - ZONA RURAL,POVOADO ALTO ALEGRE,48700000,-11.5778672,-38.9783834,320,Com acessibilidade,2026-09-29 14:31:00,675211937427487272279053
UE2015 (Anterior),SERRINHA,150,310,1769376,ESCOLA MUNICIPAL LUIZ PEDROSA NUNES,POVOADO LEVADA - ZONA RURAL,POVOADO LEVADA,48700000,-11.74165191,-38.97315507,260,Com acessibilidade,2026-09-29 14:42:00,978241315457947590004627
UE2015 (Anterior),SERRINHA,150,311,1766447,COLÉGIO ESTADUAL DE SANTANA,POVOADO CAJUEIRO - ZONA RURAL,POVOADO CAJUEIRO,48700000,-11.6045722,-39.0183863,384,Com acessibilidade,2026-09-29 14:51:00,786322239138773966475953
UE2015 (Anterior),SERRINHA,150,314,1824840,CENTRO TERRITORIAL DE EDUCAÇÃO PROFISSIONAL DO SISAL - CETEPS,"AVENIDA CIDADE DE ARACI, S/N - ZONA URBANA",CIDADE NOVA,48700000,-11.684058,-38.9971553,379,Com acessibilidade,2026-09-29 15:17:00,614605398421776117485344
UE2015 (Anterior),SERRINHA,150,316,1795865,ESCOLA MUNICIPAL JOSÉ ROBERTO DOS SANTOS,POVOADO CAMPO LIMPO - ZONA RURAL,POVOADO CAMPO LIMPO,48700000,-11.5845672,-38.9978904,217,Com acessibilidade,2026-09-29 15:26:00,725716724132909579108381
UE2015 (Anterior),SERRINHA,150,317,1766834,COLÉGIO COMERCIAL DE SERRINHA,"RUA ANTÔNIO PINHEIRO DA MOTA, SN - ZONA URBANA",CENTRO,48700000,-11.6617631,-39.0108197,361,Sem acessibilidade,2026-09-29 15:36:00,634807746623906201471192
UE2015 (Anterior),SERRINHA,150,318,1842523,CENTRO TERRITORIAL DE EDUCAÇÃO PROFISSIONAL DO SISAL - CETEPS,"AVENIDA CIDADE DE ARACI, S/N - ZONA URBANA",CIDADE NOVA,48700000,-11.684058,-38.9971553,381,Com acessibilidade,2026-09-29 16:07:00,543998766514728259505869
UE2015 (Anterior),SERRINHA,150,319,1793262,ESCOLA MUNICIPAL HERMÍLIA BASTOS CARNEIRO DA SILVA,"RUA PEDRO IRUJO, 280 - ZONA URBANA",COLINA DAS MANGUEIRAS,48700000,-11.6573012,-39.0003837,371,Com acessibilidade,2026-09-29 16:16:00,685312015028887356609681
UE2015 (Anterior),SERRINHA,150,320,1764153,COLÉGIO MUNICIPAL CREUNITA SILVA BRIZOLARA PEREIRA (COLÉGIO MODELO),RUA SÃO MIGUEL ARCANJO - ZONA URBANA,VAQUEJADA,48700000,-11.6776909,-38.9918028,344,Sem acessibilidade,2026-09-29 16:27:00,59049465465410235376361
UE2015 (Anterior),SERRINHA,150,321,1768336,ESCOLA MUNICIPAL TEODORO DOS SANTOS RIBEIRO,TRAVESSA CRUZEIRO - ZONA URBANA,CRUZEIRO,48700000,-11.6631984,-39.0147001,391,Com acessibilidade,2026-09-29 16:36:00,48948560864424115409602
UE2015 (Anterior),SERRINHA,150,322,1788265,COLÉGIO COMERCIAL DE SERRINHA,"RUA ANTÔNIO PINHEIRO DA MOTA, SN - ZONA URBANA",CENTRO,48700000,-11.6617631,-39.0108197,361,Sem acessibilidade,2026-09-29 16:53:00,584302210118935183992237
UE2015 (Anterior),SERRINHA,150,323,1836160,ESCOLA MUNICIPAL ANTONIO PINHEIRO DA MOTA NETO,POVOADO ALTO DE FORA - ZONA RURAL,POVOADO ALTO DE FORA,48700000,-11.7294273,-38.99638272,310,Com acessibilidade,2026-09-29 17:05:00,887332621348039945858130
UE2015 (Anterior),SERRINHA,150,324,1765657,ESCOLA MUNICIPAL ANA OLIVEIRA,"RUA MANOEL NOVAIS, 1150 - ZONA URBANA",BOA ESPERANÇA,48700000,-11.6556163,-39.0019199,377,Com acessibilidade,2026-09-29 17:17:00,735817580233116376480543
UE2015 (Anterior),SERRINHA,150,325,1778090,ESCOLA MUNICIPAL CARLOS DE FREITAS MOTA,"RUA XAVIER MARQUES, 33 - ZONA URBANA",NOVO HORIZONTE,48700000,-11.67373314,-39.012148,370,Com acessibilidade,2026-09-29 17:25:00,725716687832055457813439
UE2015 (Anterior),SERRINHA,150,326,1766279,ESCOLA MUNICIPAL SOFIA KATEB PEREIRA DA SILVA,"AVENIDA SENHORA SANTANA, 593 - ZONA URBANA",SENHORA SANTANA,48700000,-11.6587026,-39.0011512,336,Com acessibilidade,2026-09-29 17:34:00,180362256878530014881888
UE2015 (Anterior),SERRINHA,150,327,1766080,ESCOLA MUNICIPAL LUIZ PEDROSA NUNES,POVOADO LEVADA - ZONA RURAL,POVOADO LEVADA,48700000,-11.74165191,-38.97315507,261,Com acessibilidade,2026-09-29 17:43:00,745918924034111677866679
UE2015 (Anterior),SERRINHA,150,328,1807860,COLÉGIO MUNICIPAL CREUNITA SILVA BRIZOLARA PEREIRA (COLÉGIO MODELO),RUA SÃO MIGUEL ARCANJO - ZONA URBANA,VAQUEJADA,48700000,-11.6776909,-38.9918028,342,Sem acessibilidade,2026-09-29 18:00:00,18645305161925620027567
UE2015 (Anterior),SERRINHA,150,331,1790091,COLÉGIO COOPEISE,"AVENIDA GETÚLIO VARGAS, 1585",ESTAÇÃO,48700000,-11.6694562,-39.0110133,224,Sem acessibilidade,2026-09-29 18:02:00,796423384439844722437932
UE2015 (Anterior),SERRINHA,150,332,1767052,CENTRO TERRITORIAL DE EDUCAÇÃO PROFISSIONAL DO SISAL - CETEPS,"AVENIDA CIDADE DE ARACI, S/N - ZONA URBANA",CIDADE NOVA,48700000,-11.684058,-38.9971553,380,Sem acessibilidade,2026-09-29 18:11:00,624706322222694897318731
UE2015 (Anterior),SERRINHA,150,333,1795702,ESCOLA MUNICIPAL JOÃO BARBOSA DE OLIVEIRA,"RUA DO RECREIO, S/N - ZONA URBANA",RECREIO,48700000,-11.6558187,-39.0205109,192,Sem acessibilidade,2026-09-29 18:33:00,200564018980598390482049
UE2015 (Anterior),SERRINHA,150,335,1794032,COLÉGIO MUNICIPAL CREUNITA SILVA BRIZOLARA PEREIRA (COLÉGIO MODELO),RUA SÃO MIGUEL ARCANJO - ZONA URBANA,VAQUEJADA,48700000,-11.6776909,-38.9918028,344,Sem acessibilidade,2026-09-29 18:42:00,675211701127082929157137
UE2015 (Anterior),SERRINHA,150,336,1761300,ESCOLA MUNICIPAL PLÍNIO CARNEIRO,"RUA F, QUADRA G, S/N - ZONA URBANA",URBIS I,48700000,-11.6687014,-39.003092,225,Sem acessibilidade,2026-09-29 18:50:00,543998680814903527925052
UE2015 (Anterior),SIMÕES FILHO,33,1,1651278,ESCOLA REITOR MIGUEL CALMON,"RUA GENERAL LABATUT, S/N - ZONA URBANA",PONTO DE PARADA,43713140,-12.7914267,-38.3994867,308,Sem acessibilidade,2026-09-25 09:07:00,202874319812288867706772
UE2015 (Anterior),SIMÕES FILHO,33,2,1673010,ESCOLA REITOR MIGUEL CALMON,"RUA GENERAL LABATUT, S/N - ZONA URBANA",PONTO DE PARADA,43713140,-12.7914267,-38.3994867,303,Sem acessibilidade,2026-09-25 09:25:00,990753216591117895322368
UE2015 (Anterior),SIMÕES FILHO,33,3,1673739,ESCOLA REITOR MIGUEL CALMON,"RUA GENERAL LABATUT, S/N - ZONA URBANA",PONTO DE PARADA,43713140,-12.7914267,-38.3994867,307,Sem acessibilidade,2026-09-25 09:35:00,122066453004331134573001
UE2015 (Anterior),SIMÕES FILHO,33,4,1666908,ESCOLA REITOR MIGUEL CALMON,"RUA GENERAL LABATUT, S/N - ZONA URBANA",PONTO DE PARADA,43713140,-12.7914267,-38.3994867,306,Sem acessibilidade,2026-09-25 09:46:00,364490804228730250010374
UE2015 (Anterior),SIMÕES FILHO,33,5,1666288,ESCOLA REITOR MIGUEL CALMON,"RUA GENERAL LABATUT, S/N - ZONA URBANA",PONTO DE PARADA,43713140,-12.7914267,-38.3994867,309,Sem acessibilidade,2026-09-25 09:56:00,556309100047018861529736
UE2015 (Anterior),SIMÕES FILHO,33,6,1681988,ESCOLA REITOR MIGUEL CALMON,"RUA GENERAL LABATUT, S/N - ZONA URBANA",PONTO DE PARADA,43713140,-12.7914267,-38.3994867,309,Sem acessibilidade,2026-09-25 10:07:00,970551636889135419898727
UE2015 (Anterior),SIMÕES FILHO,33,7,1670806,ESCOLA REITOR MIGUEL CALMON,"RUA GENERAL LABATUT, S/N - ZONA URBANA",PONTO DE PARADA,43713140,-12.7914267,-38.3994867,306,Sem acessibilidade,2026-09-25 10:19:00,717925480963105234260546
UE2015 (Anterior),SIMÕES FILHO,33,8,1657754,ESCOLA REITOR MIGUEL CALMON,"RUA GENERAL LABATUT, S/N - ZONA URBANA",PONTO DE PARADA,43713140,-12.7914267,-38.3994867,299,Sem acessibilidade,2026-09-25 10:29:00,616915497053097855621417
UE2015 (Anterior),SIMÕES FILHO,33,9,1656075,ESCOLA REITOR MIGUEL CALMON,"RUA GENERAL LABATUT, S/N - ZONA URBANA",PONTO DE PARADA,43713140,-12.7914267,-38.3994867,305,Sem acessibilidade,2026-09-25 10:44:00,455399442737766532421132
UE2015 (Anterior),SIMÕES FILHO,33,10,1657786,ESCOLA REITOR MIGUEL CALMON,"RUA GENERAL LABATUT, S/N - ZONA URBANA",PONTO DE PARADA,43713140,-12.7914267,-38.3994867,307,Sem acessibilidade,2026-09-25 10:54:00,869440934678260437385864
UE2015 (Anterior),SIMÕES FILHO,33,11,1651852,ESCOLA REITOR MIGUEL CALMON,"RUA GENERAL LABATUT, S/N - ZONA URBANA",PONTO DE PARADA,43713140,-12.7914267,-38.3994867,306,Sem acessibilidade,2026-09-25 11:16:00,950349133987241639922831
UE2015 (Anterior),SIMÕES FILHO,33,12,1675469,ESCOLA REITOR MIGUEL CALMON,"RUA GENERAL LABATUT, S/N - ZONA URBANA",PONTO DE PARADA,43713140,-12.7914267,-38.3994867,306,Sem acessibilidade,2026-09-25 11:28:00,485602779640003956600810
UE2015 (Anterior),SIMÕES FILHO,33,13,1682042,ESCOLA REITOR MIGUEL CALMON,"RUA GENERAL LABATUT, S/N - ZONA URBANA",PONTO DE PARADA,43713140,-12.7914267,-38.3994867,307,Sem acessibilidade,2026-09-25 11:41:00,849238240376056391345013
UE2015 (Anterior),SIMÕES FILHO,33,14,1672850,ESCOLA ALBERTO SILVA,"PRAÇA SETE DE NOVEMBRO, S/N - ZONA URBANA",CENTRO,43700102,-12.7882501,-38.3971494,331,Sem acessibilidade,2026-09-25 11:53:00,384692899530822873825873
UE2015 (Anterior),SIMÕES FILHO,33,15,1650890,ESCOLA ALBERTO SILVA,"PRAÇA SETE DE NOVEMBRO, S/N - ZONA URBANA",CENTRO,43700102,-12.7882501,-38.3971494,329,Sem acessibilidade,2026-09-25 12:07:00,960450585788343797821708
UE2015 (Anterior),SIMÕES FILHO,33,16,1670365,ESCOLA ALBERTO SILVA,"PRAÇA SETE DE NOVEMBRO, S/N - ZONA URBANA",CENTRO,43700102,-12.7882501,-38.3971494,329,Sem acessibilidade,2026-09-25 12:38:00,839137564375552333626241
UE2015 (Anterior),SIMÕES FILHO,33,17,1670351,ESCOLA ALBERTO SILVA,"PRAÇA SETE DE NOVEMBRO, S/N - ZONA URBANA",CENTRO,43700102,-12.7882501,-38.3971494,331,Sem acessibilidade,2026-09-25 12:51:00,627016467554037889150027
UE2015 (Anterior),SIMÕES FILHO,33,18,1675283,ESCOLA ALBERTO SILVA,"PRAÇA SETE DE NOVEMBRO, S/N - ZONA URBANA",CENTRO,43700102,-12.7882501,-38.3971494,329,Sem acessibilidade,2026-09-25 13:19:00,394793344131118690081277
UE2015 (Anterior),SIMÕES FILHO,33,19,1650694,ESCOLA ALBERTO SILVA,"PRAÇA SETE DE NOVEMBRO, S/N - ZONA URBANA",CENTRO,43700102,-12.7882501,-38.3971494,329,Sem acessibilidade,2026-09-25 13:32:00,738127795665144200049736
UE2015 (Anterior),SIMÕES FILHO,33,20,1675297,ESCOLA ALBERTO SILVA,"PRAÇA SETE DE NOVEMBRO, S/N - ZONA URBANA",CENTRO,43700102,-12.7882501,-38.3971494,329,Com acessibilidade,2026-09-25 13:53:00,798733932871458548323087
UE2015 (Anterior),SIMÕES FILHO,33,21,1654342,COLÉGIO ESTADUAL REGINA SIMÕES,AV WASHINGTON LUIZ 1079 - ZONA URBANA,ESTRADA DE CANDEIAS,43700090,-12.7787381,-38.3974149,367,Sem acessibilidade,2026-09-25 14:04:00,122066373704514736081168
UE2015 (Anterior),SIMÕES FILHO,33,22,1656424,COLÉGIO ESTADUAL REGINA SIMÕES,AV WASHINGTON LUIZ 1079 - ZONA URBANA,ESTRADA DE CANDEIAS,43700090,-12.7787381,-38.3974149,376,Sem acessibilidade,2026-09-25 14:13:00,374591738329786935517477
UE2015 (Anterior),SIMÕES FILHO,33,23,1674173,COLÉGIO ESTADUAL REGINA SIMÕES,AV WASHINGTON LUIZ 1079 - ZONA URBANA,ESTRADA DE CANDEIAS,43700090,-12.7787381,-38.3974149,369,Sem acessibilidade,2026-09-25 14:22:00,920046396784353987163614
UE2015 (Anterior),SIMÕES FILHO,33,24,1656448,COLÉGIO ESTADUAL REGINA SIMÕES,AV WASHINGTON LUIZ 1079 - ZONA URBANA,ESTRADA DE CANDEIAS,43700090,-12.7787381,-38.3974149,369,Sem acessibilidade,2026-09-25 14:32:00,677521257159198723926598
UE2015 (Anterior),SIMÕES FILHO,33,25,1680530,COLÉGIO ESTADUAL REGINA SIMÕES,AV WASHINGTON LUIZ 1079 - ZONA URBANA,ESTRADA DE CANDEIAS,43700090,-12.7787381,-38.3974149,379,Sem acessibilidade,2026-09-25 14:46:00,667420357358553409792422
UE2015 (Anterior),SIMÕES FILHO,33,26,1650796,ESCOLA MUNICIPAL CENTRO COMUNITÁRIO CRISTO REI,"RUA ALMIRANTE BARROSO, S/N - ZONA URBANA",CRISTO REI,43703075,-12.7763225,-38.3972674,362,Sem acessibilidade,2026-09-25 14:55:00,889642689680796794953670
UE2015 (Anterior),SIMÕES FILHO,33,27,1650936,COLÉGIO MUNICIPAL PADRE LUIZ PALMEIRA ,PRAÇA SETE DE NOVEMBRO S/N,CENTRO,43700110,-12.788265,-38.3989813,290,Sem acessibilidade,2026-09-25 15:04:00,778531683369278344626081
UE2015 (Anterior),SIMÕES FILHO,33,28,1656278,COLÉGIO MUNICIPAL PADRE LUIZ PALMEIRA ,PRAÇA SETE DE NOVEMBRO S/N,CENTRO,43700110,-12.788265,-38.3989813,290,Sem acessibilidade,2026-09-25 15:15:00,233177254615894328424087
UE2015 (Anterior),SIMÕES FILHO,33,29,1674821,COLÉGIO MUNICIPAL PADRE LUIZ PALMEIRA ,PRAÇA SETE DE NOVEMBRO S/N,CENTRO,43700110,-12.788265,-38.3989813,287,Sem acessibilidade,2026-09-25 15:24:00,122066256304801155188071
UE2015 (Anterior),SIMÕES FILHO,33,30,1673524,COLÉGIO MUNICIPAL PADRE LUIZ PALMEIRA ,PRAÇA SETE DE NOVEMBRO S/N,CENTRO,43700110,-12.788265,-38.3989813,289,Sem acessibilidade,2026-09-25 15:50:00,546208750246211896901429
UE2015 (Anterior),SIMÕES FILHO,33,31,1656981,COLÉGIO MUNICIPAL PADRE LUIZ PALMEIRA ,PRAÇA SETE DE NOVEMBRO S/N,CENTRO,43700110,-12.788265,-38.3989813,287,Sem acessibilidade,2026-09-25 16:00:00,172571493709502836448739
UE2015 (Anterior),SIMÕES FILHO,33,32,1650328,COLÉGIO MUNICIPAL PADRE LUIZ PALMEIRA ,PRAÇA SETE DE NOVEMBRO S/N,CENTRO,43700110,-12.788265,-38.3989813,289,Sem acessibilidade,2026-09-25 16:10:00,243278674516666103463769
UE2015 (Anterior),SIMÕES FILHO,33,33,1667474,COLÉGIO MUNICIPAL PADRE LUIZ PALMEIRA ,PRAÇA SETE DE NOVEMBRO S/N,CENTRO,43700110,-12.788265,-38.3989813,290,Sem acessibilidade,2026-09-25 16:19:00,414995956233464304083142
UE2015 (Anterior),SIMÕES FILHO,33,34,1655435,COLÉGIO MUNICIPAL PADRE LUIZ PALMEIRA ,PRAÇA SETE DE NOVEMBRO S/N,CENTRO,43700110,-12.788265,-38.3989813,287,Sem acessibilidade,2026-09-25 16:28:00,606814251752672445885404
UE2015 (Anterior),SIMÕES FILHO,33,35,1670882,COLÉGIO MUNICIPAL PADRE LUIZ PALMEIRA ,PRAÇA SETE DE NOVEMBRO S/N,CENTRO,43700110,-12.788265,-38.3989813,289,Sem acessibilidade,2026-09-25 16:38:00,303884062022465035294287
UE2015 (Anterior),SIMÕES FILHO,33,36,1667364,COLÉGIO MUNICIPAL PADRE LUIZ PALMEIRA ,PRAÇA SETE DE NOVEMBRO S/N,CENTRO,43700110,-12.788265,-38.3989813,289,Sem acessibilidade,2026-09-25 16:46:00,41258910796150903340894
UE2015 (Anterior),SIMÕES FILHO,33,37,1672155,COLÉGIO MUNICIPAL PADRE LUIZ PALMEIRA ,PRAÇA SETE DE NOVEMBRO S/N,CENTRO,43700110,-12.788265,-38.3989813,289,Sem acessibilidade,2026-09-25 16:55:00,465400449938598187877201
UE2015 (Anterior),SIMÕES FILHO,33,38,1667976,COLÉGIO MUNICIPAL PADRE LUIZ PALMEIRA ,PRAÇA SETE DE NOVEMBRO S/N,CENTRO,43700110,-12.788265,-38.3989813,290,Sem acessibilidade,2026-09-25 17:05:00,192773289311981693263180
UE2015 (Anterior),SIMÕES FILHO,33,39,1653462,COLÉGIO MUNICIPAL PADRE LUIZ PALMEIRA ,PRAÇA SETE DE NOVEMBRO S/N,CENTRO,43700110,-12.788265,-38.3989813,289,Sem acessibilidade,2026-09-25 17:15:00,728026921764600263734162
UE2015 (Anterior),SIMÕES FILHO,33,40,1658360,COLÉGIO MUNICIPAL PADRE LUIZ PALMEIRA ,PRAÇA SETE DE NOVEMBRO S/N,CENTRO,43700110,-12.788265,-38.3989813,287,Sem acessibilidade,2026-09-25 17:24:00,697723973461591651648911
UE2015 (Anterior),SIMÕES FILHO,33,41,1671326,COLÉGIO MUNICIPAL PADRE LUIZ PALMEIRA ,PRAÇA SETE DE NOVEMBRO S/N,CENTRO,43700110,-12.788265,-38.3989813,289,Sem acessibilidade,2026-09-25 17:33:00,546208938846466090373118
UE2015 (Anterior),SIMÕES FILHO,33,42,1650974,COLÉGIO MUNICIPAL PADRE LUIZ PALMEIRA ,PRAÇA SETE DE NOVEMBRO S/N,CENTRO,43700110,-12.788265,-38.3989813,289,Sem acessibilidade,2026-09-25 17:47:00,707824205262997316815526
UE2015 (Anterior),SIMÕES FILHO,33,43,1673373,COLÉGIO MUNICIPAL PADRE LUIZ PALMEIRA ,PRAÇA SETE DE NOVEMBRO S/N,CENTRO,43700110,-12.788265,-38.3989813,289,Sem acessibilidade,2026-09-25 18:06:00,202874810012170995807803
UE2015 (Anterior),SIMÕES FILHO,33,44,1652102,COLÉGIO MUNICIPAL PADRE LUIZ PALMEIRA ,PRAÇA SETE DE NOVEMBRO S/N,CENTRO,43700110,-12.788265,-38.3989813,288,Sem acessibilidade,2026-09-25 18:15:00,526006240144517745986799
UE2015 (Anterior),SIMÕES FILHO,33,45,1673941,COLÉGIO MUNICIPAL PADRE LUIZ PALMEIRA ,PRAÇA SETE DE NOVEMBRO S/N,CENTRO,43700110,-12.788265,-38.3989813,287,Sem acessibilidade,2026-09-25 18:36:00,970551806889218677154322
UE2015 (Anterior),SIMÕES FILHO,33,46,1650623,COLÉGIO MUNICIPAL PADRE LUIZ PALMEIRA ,PRAÇA SETE DE NOVEMBRO S/N,CENTRO,43700110,-12.788265,-38.3989813,288,Sem acessibilidade,2026-09-25 18:46:00,758329697267080280512304
UE2015 (Anterior),SIMÕES FILHO,33,47,1652431,COLÉGIO MUNICIPAL PADRE LUIZ PALMEIRA ,PRAÇA SETE DE NOVEMBRO S/N,CENTRO,43700110,-12.788265,-38.3989813,286,Sem acessibilidade,2026-09-25 18:55:00,778531827169127010933178
UE2015 (Anterior),SIMÕES FILHO,33,48,1676079,ESCOLA BERLINDO MAMEDE,RUA LOMANTO JUNIOR 71 - ZONA URBANA,PONTO DE PARADA,43713125,-12.7912514,-38.4023196,358,Sem acessibilidade,2026-09-25 19:04:00,253379416517197155044720
UE2015 (Anterior),SIMÕES FILHO,33,49,1654343,ESCOLA BERLINDO MAMEDE,RUA LOMANTO JUNIOR 71 - ZONA URBANA,PONTO DE PARADA,43713125,-12.7912514,-38.4023196,357,Sem acessibilidade,2026-09-25 19:14:00,273581546119301433303538
UE2015 (Anterior),SIMÕES FILHO,33,50,1671694,ESCOLA BERLINDO MAMEDE,RUA LOMANTO JUNIOR 71 - ZONA URBANA,PONTO DE PARADA,43713125,-12.7912514,-38.4023196,356,Sem acessibilidade,2026-09-25 19:23:00,303884654422352821459329
UE2015 (Anterior),SIMÕES FILHO,33,51,1657684,ESCOLA BERLINDO MAMEDE,RUA LOMANTO JUNIOR 71 - ZONA URBANA,PONTO DE PARADA,43713125,-12.7912514,-38.4023196,357,Sem acessibilidade,2026-09-25 09:08:00,101864564577254083383616
UE2015 (Anterior),SIMÕES FILHO,33,52,1675783,ESCOLA BERLINDO MAMEDE,RUA LOMANTO JUNIOR 71 - ZONA URBANA,PONTO DE PARADA,43713125,-12.7912514,-38.4023196,356,Sem acessibilidade,2026-09-25 09:18:00,606814179727849224390928
UE2015 (Anterior),SIMÕES FILHO,33,53,1670334,COLÉGIO ESTADUAL MANOEL DE JESUS ,PRAÇA DA BANDEIRA S/N,CENTRO,43702885,-12.7870093,-38.4019706,375,Sem acessibilidade,2026-09-25 09:28:00,172571853584503395390078
UE2015 (Anterior),SIMÕES FILHO,33,54,1653802,COLÉGIO ESTADUAL MANOEL DE JESUS ,PRAÇA DA BANDEIRA S/N,CENTRO,43702885,-12.7870093,-38.4019706,375,Sem acessibilidade,2026-09-25 09:37:00,556309346222901234103786
UE2015 (Anterior),SIMÕES FILHO,33,55,1656386,COLÉGIO ESTADUAL MANOEL DE JESUS ,PRAÇA DA BANDEIRA S/N,CENTRO,43702885,-12.7870093,-38.4019706,377,Sem acessibilidade,2026-09-25 09:47:00,51359952872499761897462
UE2015 (Anterior),SIMÕES FILHO,33,56,1670992,COLÉGIO ESTADUAL MANOEL DE JESUS ,PRAÇA DA BANDEIRA S/N,CENTRO,43702885,-12.7870093,-38.4019706,375,Sem acessibilidade,2026-09-25 09:57:00,283682293695810315326228
UE2015 (Anterior),SIMÕES FILHO,33,57,1654748,COLÉGIO ESTADUAL MANOEL DE JESUS ,PRAÇA DA BANDEIRA S/N,CENTRO,43702885,-12.7870093,-38.4019706,379,Sem acessibilidade,2026-09-25 10:13:00,253379373292228490445781
UE2015 (Anterior),SIMÕES FILHO,33,58,1656416,COLÉGIO ESTADUAL MANOEL DE JESUS ,PRAÇA DA BANDEIRA S/N,CENTRO,43702885,-12.7870093,-38.4019706,377,Sem acessibilidade,2026-09-25 10:24:00,980652215165119091368625
UE2015 (Anterior),SIMÕES FILHO,33,59,1677483,COLÉGIO ESTADUAL MANOEL DE JESUS ,PRAÇA DA BANDEIRA S/N,CENTRO,43702885,-12.7870093,-38.4019706,378,Sem acessibilidade,2026-09-25 10:35:00,81662424275374644249833
UE2015 (Anterior),SIMÕES FILHO,33,60,1674316,COLÉGIO ESTADUAL MANOEL DE JESUS ,PRAÇA DA BANDEIRA S/N,CENTRO,43702885,-12.7870093,-38.4019706,376,Sem acessibilidade,2026-09-25 10:44:00,425096849209739996346777
UE2015 (Anterior),SIMÕES FILHO,33,61,1675813,COLÉGIO ESTADUAL MANOEL DE JESUS ,PRAÇA DA BANDEIRA S/N,CENTRO,43702885,-12.7870093,-38.4019706,377,Sem acessibilidade,2026-09-25 11:06:00,818935344848016344971637
UE2015 (Anterior),SIMÕES FILHO,33,62,1672750,COLÉGIO ESTADUAL MANOEL DE JESUS ,PRAÇA DA BANDEIRA S/N,CENTRO,43702885,-12.7870093,-38.4019706,377,Sem acessibilidade,2026-09-25 11:15:00,788632422845006761077712
UE2015 (Anterior),SIMÕES FILHO,33,63,1656654,COLÉGIO ESTADUAL POLIVALENTE DE ARATÚ,AV ELMO SEREJO FARIAS S/N - ZONA URBANA,CIA II,43714030,-12.8015583,-38.3993383,388,Sem acessibilidade,2026-09-25 11:25:00,152369900882460522741224
UE2015 (Anterior),SIMÕES FILHO,33,64,1675847,COLÉGIO ESTADUAL POLIVALENTE DE ARATÚ,AV ELMO SEREJO FARIAS S/N - ZONA URBANA,CIA II,43714030,-12.8015583,-38.3993383,385,Sem acessibilidade,2026-09-25 11:36:00,854863667479895100939
UE2015 (Anterior),SIMÕES FILHO,33,65,1680414,COLÉGIO ESTADUAL POLIVALENTE DE ARATÚ,AV ELMO SEREJO FARIAS S/N - ZONA URBANA,CIA II,43714030,-12.8015583,-38.3993383,391,Sem acessibilidade,2026-09-25 11:45:00,556309526922049641085515
UE2015 (Anterior),SIMÕES FILHO,33,66,1670788,COLÉGIO ESTADUAL POLIVALENTE DE ARATÚ,AV ELMO SEREJO FARIAS S/N - ZONA URBANA,CIA II,43714030,-12.8015583,-38.3993383,389,Sem acessibilidade,2026-09-25 12:06:00,101864184777414506348776
UE2015 (Anterior),SIMÕES FILHO,33,67,1657941,COLÉGIO ESTADUAL POLIVALENTE DE ARATÚ,AV ELMO SEREJO FARIAS S/N - ZONA URBANA,CIA II,43714030,-12.8015583,-38.3993383,386,Sem acessibilidade,2026-09-25 12:18:00,687622875335220446890674
UE2015 (Anterior),SIMÕES FILHO,33,68,1673838,COLÉGIO ESTADUAL POLIVALENTE DE ARATÚ,AV ELMO SEREJO FARIAS S/N - ZONA URBANA,CIA II,43714030,-12.8015583,-38.3993383,390,Sem acessibilidade,2026-09-25 12:29:00,344288645001045117339234
UE2015 (Anterior),SIMÕES FILHO,33,69,1655426,COLÉGIO ESTADUAL POLIVALENTE DE ARATÚ,AV ELMO SEREJO FARIAS S/N - ZONA URBANA,CIA II,43714030,-12.8015583,-38.3993383,388,Sem acessibilidade,2026-09-25 12:39:00,495703900416282067512318
UE2015 (Anterior),SIMÕES FILHO,33,70,1675014,COLÉGIO ESTADUAL POLIVALENTE DE ARATÚ,AV ELMO SEREJO FARIAS S/N - ZONA URBANA,CIA II,43714030,-12.8015583,-38.3993383,387,Sem acessibilidade,2026-09-25 12:54:00,768430259643381646701413
UE2015 (Anterior),SIMÕES FILHO,33,71,1673951,COLÉGIO ESTADUAL POLIVALENTE DE ARATÚ,AV ELMO SEREJO FARIAS S/N - ZONA URBANA,CIA II,43714030,-12.8015583,-38.3993383,385,Sem acessibilidade,2026-09-25 13:06:00,899743497156314516747527
UE2015 (Anterior),SIMÕES FILHO,33,72,1657638,ESCOLA HUGO BALTAZAR DA SILVEIRA,RUA SAO PAULO LOTEAMENTO JARDIM ELDORADO - ZONA URBANA,KM 25,43705185,-12.7899178,-38.3884268,395,Sem acessibilidade,2026-09-25 13:16:00,91763802576600632813001
UE2015 (Anterior),SIMÕES FILHO,33,73,1656746,ESCOLA HUGO BALTAZAR DA SILVEIRA,RUA SAO PAULO LOTEAMENTO JARDIM ELDORADO - ZONA URBANA,KM 25,43705185,-12.7899178,-38.3884268,396,Sem acessibilidade,2026-09-25 13:26:00,404894224707000513870319
UE2015 (Anterior),SIMÕES FILHO,33,74,1658281,ESCOLA HUGO BALTAZAR DA SILVEIRA,RUA SAO PAULO LOTEAMENTO JARDIM ELDORADO - ZONA URBANA,KM 25,43705185,-12.7899178,-38.3884268,396,Sem acessibilidade,2026-09-25 13:38:00,455399383412287386313510
UE2015 (Anterior),SIMÕES FILHO,33,75,1675428,ESCOLA HUGO BALTAZAR DA SILVEIRA,RUA SAO PAULO LOTEAMENTO JARDIM ELDORADO - ZONA URBANA,KM 25,43705185,-12.7899178,-38.3884268,394,Sem acessibilidade,2026-09-25 13:47:00,818935857648662498228511
UE2015 (Anterior),SIMÕES FILHO,33,76,1664289,ESCOLA HUGO BALTAZAR DA SILVEIRA,RUA SAO PAULO LOTEAMENTO JARDIM ELDORADO - ZONA URBANA,KM 25,43705185,-12.7899178,-38.3884268,393,Sem acessibilidade,2026-09-25 13:57:00,404894557607349692626625
UE2015 (Anterior),SIMÕES FILHO,33,77,1656764,COLÉGIO ESTADUAL DE ARATU,"RUA COLÉGIO ESTADUAL DE ARATU, S/N, CIA I",CIA I,43716405,-12.8120197,-38.3923537,378,Sem acessibilidade,2026-09-25 14:08:00,384692644905051647222020
UE2015 (Anterior),SIMÕES FILHO,33,78,1663917,COLÉGIO ESTADUAL DE ARATU,"RUA COLÉGIO ESTADUAL DE ARATU, S/N, CIA I",CIA I,43716405,-12.8120197,-38.3923537,379,Sem acessibilidade,2026-09-25 14:19:00,889642256955712829230067
UE2015 (Anterior),SIMÕES FILHO,33,79,1655764,COLÉGIO ESTADUAL DE ARATU,"RUA COLÉGIO ESTADUAL DE ARATU, S/N, CIA I",CIA I,43716405,-12.8120197,-38.3923537,379,Sem acessibilidade,2026-09-25 14:29:00,940248429661869550543100
UE2015 (Anterior),SIMÕES FILHO,33,80,1667125,COLÉGIO ESTADUAL DE ARATU,"RUA COLÉGIO ESTADUAL DE ARATU, S/N, CIA I",CIA I,43716405,-12.8120197,-38.3923537,379,Sem acessibilidade,2026-09-25 14:39:00,566410121023572744237383
UE2015 (Anterior),SIMÕES FILHO,33,81,1675025,COLÉGIO ESTADUAL DE ARATU,"RUA COLÉGIO ESTADUAL DE ARATU, S/N, CIA I",CIA I,43716405,-12.8120197,-38.3923537,380,Sem acessibilidade,2026-09-25 14:48:00,303884977097337353250760
UE2015 (Anterior),SIMÕES FILHO,33,82,1657620,COLÉGIO ESTADUAL DE ARATU,"RUA COLÉGIO ESTADUAL DE ARATU, S/N, CIA I",CIA I,43716405,-12.8120197,-38.3923537,379,Sem acessibilidade,2026-09-25 15:42:00,556309338822270217001068
UE2015 (Anterior),SIMÕES FILHO,33,83,1674239,COLÉGIO ESTADUAL DE ARATU,"RUA COLÉGIO ESTADUAL DE ARATU, S/N, CIA I",CIA I,43716405,-12.8120197,-38.3923537,378,Sem acessibilidade,2026-09-25 15:10:00,566410454823871505775464
UE2015 (Anterior),SIMÕES FILHO,33,84,1666714,COLÉGIO ESTADUAL DE ARATU,"RUA COLÉGIO ESTADUAL DE ARATU, S/N, CIA I",CIA I,43716405,-12.8120197,-38.3923537,377,Sem acessibilidade,2026-09-25 15:21:00,616915612828085472615381
UE2015 (Anterior),SIMÕES FILHO,33,85,1658343,COLÉGIO ESTADUAL DE ARATU,"RUA COLÉGIO ESTADUAL DE ARATU, S/N, CIA I",CIA I,43716405,-12.8120197,-38.3923537,377,Sem acessibilidade,2026-09-25 15:32:00,71561187774704862982623
UE2015 (Anterior),SIMÕES FILHO,33,86,1673458,ESCOLA VEREADOR JOÃO DE OLIVEIRA CAMPOS ,AV ENGENHEIRO ELMO SEREJO DE FARIAS S/N - ZONA URBANA,CIA I,43715795,-12.8124994,-38.3915755,313,Sem acessibilidade,2026-09-25 15:51:00,879541099754615192816835
UE2015 (Anterior),SIMÕES FILHO,33,87,1667858,ESCOLA VEREADOR JOÃO DE OLIVEIRA CAMPOS ,AV ENGENHEIRO ELMO SEREJO DE FARIAS S/N - ZONA URBANA,CIA I,43715795,-12.8124994,-38.3915755,314,Sem acessibilidade,2026-09-25 16:01:00,61460396973469487106708
UE2015 (Anterior),SIMÕES FILHO,33,88,1657848,ESCOLA VEREADOR JOÃO DE OLIVEIRA CAMPOS ,AV ENGENHEIRO ELMO SEREJO DE FARIAS S/N - ZONA URBANA,CIA I,43715795,-12.8124994,-38.3915755,313,Sem acessibilidade,2026-09-25 16:13:00,233177676490868809384989
UE2015 (Anterior),SIMÕES FILHO,33,89,1653058,ESCOLA VEREADOR JOÃO DE OLIVEIRA CAMPOS ,AV ENGENHEIRO ELMO SEREJO DE FARIAS S/N - ZONA URBANA,CIA I,43715795,-12.8124994,-38.3915755,316,Sem acessibilidade,2026-09-25 16:24:00,101864657077895840772874
UE2015 (Anterior),SIMÕES FILHO,33,90,1670325,ESCOLA VEREADOR JOÃO DE OLIVEIRA CAMPOS ,AV ENGENHEIRO ELMO SEREJO DE FARIAS S/N - ZONA URBANA,CIA I,43715795,-12.8124994,-38.3915755,316,Sem acessibilidade,2026-09-25 16:39:00,960450591263192796787824
UE2015 (Anterior),SIMÕES FILHO,33,91,1656520,ESCOLA VEREADOR JOÃO DE OLIVEIRA CAMPOS ,AV ENGENHEIRO ELMO SEREJO DE FARIAS S/N - ZONA URBANA,CIA I,43715795,-12.8124994,-38.3915755,313,Sem acessibilidade,2026-09-25 17:07:00,485602226515417367431430
UE2015 (Anterior),SIMÕES FILHO,33,92,1657337,ESCOLA VEREADOR JOÃO DE OLIVEIRA CAMPOS ,AV ENGENHEIRO ELMO SEREJO DE FARIAS S/N - ZONA URBANA,CIA I,43715795,-12.8124994,-38.3915755,316,Sem acessibilidade,2026-09-25 17:17:00,253379101192277936642378
UE2015 (Anterior),SIMÕES FILHO,33,93,1656553,ESCOLA VEREADOR JOÃO DE OLIVEIRA CAMPOS ,AV ENGENHEIRO ELMO SEREJO DE FARIAS S/N - ZONA URBANA,CIA I,43715795,-12.8124994,-38.3915755,316,Sem acessibilidade,2026-09-25 17:27:00,839137796050944236439465
UE2015 (Anterior),SIMÕES FILHO,33,94,1656353,COLÉGIO MUNICIPAL GEORGINA DE SOUZA SIMÕES ,"AV. RIVALDO GOMES GUIMARÃES, S/N - CIA I",CIA I,43715865,-12.8100387,-38.3963781,395,Sem acessibilidade,2026-09-25 18:57:00,31157106670526189480900
UE2015 (Anterior),SIMÕES FILHO,33,95,1654792,COLÉGIO MUNICIPAL GEORGINA DE SOUZA SIMÕES ,"AV. RIVALDO GOMES GUIMARÃES, S/N - CIA I",CIA I,43715865,-12.8100387,-38.3963781,396,Sem acessibilidade,2026-09-25 17:48:00,10955190968379521298099
UE2015 (Anterior),SIMÕES FILHO,33,96,1654532,COLÉGIO MUNICIPAL GEORGINA DE SOUZA SIMÕES ,"AV. RIVALDO GOMES GUIMARÃES, S/N - CIA I",CIA I,43715865,-12.8100387,-38.3963781,393,Sem acessibilidade,2026-09-25 17:57:00,212975504988593957851722
UE2015 (Anterior),SIMÕES FILHO,33,97,1650924,COLÉGIO MUNICIPAL GEORGINA DE SOUZA SIMÕES ,"AV. RIVALDO GOMES GUIMARÃES, S/N - CIA I",CIA I,43715865,-12.8100387,-38.3963781,393,Sem acessibilidade,2026-09-25 18:09:00,313985715898498398604272
UE2015 (Anterior),SIMÕES FILHO,33,98,1657882,COLÉGIO MUNICIPAL GEORGINA DE SOUZA SIMÕES ,"AV. RIVALDO GOMES GUIMARÃES, S/N - CIA I",CIA I,43715865,-12.8100387,-38.3963781,393,Sem acessibilidade,2026-09-25 18:18:00,404894917107603768385372
UE2015 (Anterior),SIMÕES FILHO,33,99,1656877,COLÉGIO MUNICIPAL GEORGINA DE SOUZA SIMÕES ,"AV. RIVALDO GOMES GUIMARÃES, S/N - CIA I",CIA I,43715865,-12.8100387,-38.3963781,394,Sem acessibilidade,2026-09-25 18:27:00,707824322637926823320150
UE2015 (Anterior),SIMÕES FILHO,33,100,1675083,COLÉGIO MUNICIPAL GEORGINA DE SOUZA SIMÕES ,"AV. RIVALDO GOMES GUIMARÃES, S/N - CIA I",CIA I,43715865,-12.8100387,-38.3963781,391,Sem acessibilidade,2026-09-25 18:37:00,854098867318329967808
UE2015 (Anterior),SIMÕES FILHO,33,101,1657323,COLÉGIO MUNICIPAL GEORGINA DE SOUZA SIMÕES ,"AV. RIVALDO GOMES GUIMARÃES, S/N - CIA I",CIA I,43715865,-12.8100387,-38.3963781,400,Sem acessibilidade,2026-09-25 09:12:00,960450163537783257595717
UE2015 (Anterior),SIMÕES FILHO,33,102,1651928,COLÉGIO MUNICIPAL GEORGINA DE SOUZA SIMÕES ,"AV. RIVALDO GOMES GUIMARÃES, S/N - CIA I",CIA I,43715865,-12.8100387,-38.3963781,394,Sem acessibilidade,2026-09-25 09:21:00,384692691079225399175907
UE2015 (Anterior),SIMÕES FILHO,33,103,1656507,COLÉGIO MUNICIPAL GEORGINA DE SOUZA SIMÕES ,"AV. RIVALDO GOMES GUIMARÃES, S/N - CIA I",CIA I,43715865,-12.8100387,-38.3963781,391,Sem acessibilidade,2026-09-25 09:30:00,839137254124696898882151
UE2015 (Anterior),SIMÕES FILHO,33,104,1656210,ESCOLA MUNICIPAL ELANE DE SANTANA SANTOS,"RUA PRINCESA ISABEL, QD. 5, S/N - ZONA URBANA",CIA II,43714120,-12.7956533,-38.3959317,392,Sem acessibilidade,2026-09-25 09:40:00,960450498137918938422249
UE2015 (Anterior),SIMÕES FILHO,33,105,1674244,ESCOLA MUNICIPAL ELANE DE SANTANA SANTOS,"RUA PRINCESA ISABEL, QD. 5, S/N - ZONA URBANA",CIA II,43714120,-12.7956533,-38.3959317,393,Sem acessibilidade,2026-09-25 09:52:00,374591019578550834396993
UE2015 (Anterior),SIMÕES FILHO,33,106,1655530,ESCOLA MUNICIPAL PROFESSORA HERMELINA SOUZA,RUA EDMUNDO COSTA S/N - PITANGUINHA,PITANGUINHA,43711325,-12.8131622,-38.3839177,334,Sem acessibilidade,2026-09-25 10:01:00,91763842850832602476265
UE2015 (Anterior),SIMÕES FILHO,33,107,1682185,ESCOLA MUNICIPAL PROFESSORA HERMELINA SOUZA,RUA EDMUNDO COSTA S/N - PITANGUINHA,PITANGUINHA,43711325,-12.8131622,-38.3839177,332,Sem acessibilidade,2026-09-25 10:11:00,293783152670122311983483
UE2015 (Anterior),SIMÕES FILHO,33,108,1654524,ESCOLA MUNICIPAL PROFESSORA HERMELINA SOUZA,RUA EDMUNDO COSTA S/N - PITANGUINHA,PITANGUINHA,43711325,-12.8131622,-38.3839177,335,Sem acessibilidade,2026-09-25 10:21:00,829036791723747022499452
UE2015 (Anterior),SIMÕES FILHO,33,109,1655619,ESCOLA MUNICIPAL PROFESSORA HERMELINA SOUZA,RUA EDMUNDO COSTA S/N - PITANGUINHA,PITANGUINHA,43711325,-12.8131622,-38.3839177,333,Sem acessibilidade,2026-09-25 10:38:00,566410644197064375102429
UE2015 (Anterior),SIMÕES FILHO,33,110,1677114,ESCOLA MUNICIPAL PROFESSORA HERMELINA SOUZA,RUA EDMUNDO COSTA S/N - PITANGUINHA,PITANGUINHA,43711325,-12.8131622,-38.3839177,334,Sem acessibilidade,2026-09-25 10:52:00,152369316056411657901246
UE2015 (Anterior),SIMÕES FILHO,33,111,1656794,ESCOLA MUNICIPAL IDALIA CLEMENTE BRAGA BESTOSO,CONJUNTO ILHA DE SÃO JOÃO - ZONA RURAL,ILHA DE SÃO JOÃO,43724120,-12.8190218,-38.4587956,288,Sem acessibilidade,2026-09-25 11:02:00,101864375451020607267067
UE2015 (Anterior),SIMÕES FILHO,33,112,1657284,ESCOLA MUNICIPAL IDALIA CLEMENTE BRAGA BESTOSO,CONJUNTO ILHA DE SÃO JOÃO - ZONA RURAL,ILHA DE SÃO JOÃO,43724120,-12.8190218,-38.4587956,289,Sem acessibilidade,2026-09-25 11:11:00,970551350438912607558372
UE2015 (Anterior),SIMÕES FILHO,33,113,1654363,ESCOLA MUNICIPAL IDALIA CLEMENTE BRAGA BESTOSO,CONJUNTO ILHA DE SÃO JOÃO - ZONA RURAL,ILHA DE SÃO JOÃO,43724120,-12.8190218,-38.4587956,286,Sem acessibilidade,2026-09-25 11:21:00,526006010893558193720646
UE2015 (Anterior),SIMÕES FILHO,33,114,1656186,ESCOLA MUNICIPAL IDALIA CLEMENTE BRAGA BESTOSO,CONJUNTO ILHA DE SÃO JOÃO - ZONA RURAL,ILHA DE SÃO JOÃO,43724120,-12.8190218,-38.4587956,287,Sem acessibilidade,2026-09-25 11:30:00,324086924173379650556752
UE2015 (Anterior),SIMÕES FILHO,33,115,1658335,ESCOLA MUNICIPAL DE ARATU,"VIA PERIFÉRICA, S/Nº - ZONA RURAL",DISTRITO ARATU,43725740,-12.8049734,-38.4492266,132,Sem acessibilidade,2026-09-25 11:39:00,111965828852791023604347
UE2015 (Anterior),SIMÕES FILHO,33,118,1656409,ESCOLA MUNICIPAL DE ARATU,"VIA PERIFÉRICA, S/Nº - ZONA RURAL",DISTRITO ARATU,43725740,-12.8049734,-38.4492266,131,Sem acessibilidade,2026-09-25 11:49:00,849238885325616116727642
UE2015 (Anterior),SIMÕES FILHO,33,120,1670227,ESCOLA VEREADOR EDULINDO RIBEIRO MONTEIRO,"AV MAPELE, N 312 - ZONA RURAL",MAPELE,43726180,-12.7760847,-38.4450595,363,Sem acessibilidade,2026-09-25 12:22:00,960450192337178436314857
UE2015 (Anterior),SIMÕES FILHO,33,121,1656322,ESCOLA VEREADOR EDULINDO RIBEIRO MONTEIRO,"AV MAPELE, N 312 - ZONA RURAL",MAPELE,43726180,-12.7760847,-38.4450595,365,Sem acessibilidade,2026-09-25 12:33:00,586612927999951248889822
UE2015 (Anterior),SIMÕES FILHO,33,122,1654623,ESCOLA VEREADOR EDULINDO RIBEIRO MONTEIRO,"AV MAPELE, N 312 - ZONA RURAL",MAPELE,43726180,-12.7760847,-38.4450595,366,Sem acessibilidade,2026-09-25 12:49:00,930147382634811214436391
UE2015 (Anterior),SIMÕES FILHO,33,123,1654691,ESCOLA MUNICIPAL CASTELO BRANCO,"RUA DIRETA DE MAPELE, 21 - ZONA RURAL",MAPELE,43726220,-12.7922268,-38.4388118,397,Sem acessibilidade,2026-09-25 13:14:00,849238407625213850402827
UE2015 (Anterior),SIMÕES FILHO,33,124,1664375,ESCOLA MUNICIPAL CASTELO BRANCO,"RUA DIRETA DE MAPELE, 21 - ZONA RURAL",MAPELE,43726220,-12.7922268,-38.4388118,399,Sem acessibilidade,2026-09-25 13:25:00,344288013075874900827248
UE2015 (Anterior),SIMÕES FILHO,33,125,1656767,ESCOLA MUNICIPAL CASTELO BRANCO,"RUA DIRETA DE MAPELE, 21 - ZONA RURAL",MAPELE,43726220,-12.7922268,-38.4388118,398,Sem acessibilidade,2026-09-25 13:35:00,31157814144659236087533
UE2015 (Anterior),SIMÕES FILHO,33,126,1653884,ESCOLA MUNICIPAL ANTÔNIA SOUZA DE SANTANA,"AVENIDA POTY, S/N - ZONA RURAL",COTEGIPE,43718855,-12.7862401,-38.3989443,283,Sem acessibilidade,2026-09-25 13:47:00,51359941846905747108476
UE2015 (Anterior),SIMÕES FILHO,33,127,1669587,ESCOLA MUNICIPAL ANTÔNIA SOUZA DE SANTANA,"AVENIDA POTY, S/N - ZONA RURAL",COTEGIPE,43718855,-12.7862401,-38.3989443,281,Sem acessibilidade,2026-09-25 14:03:00,576511574198894666820189
UE2015 (Anterior),SIMÕES FILHO,33,128,1670786,ESCOLA MUNICIPAL PROFESSOR HILDÉRICO PINHEIRO DE OLIVEIRA ,"ESTRADA VELHA BAHIA-FEIRA, CIA SUL",SANTO ANTÔNIO DO RIO DAS PEDRAS,43721830,-12.850085,-38.411551,379,Sem acessibilidade,2026-09-25 14:15:00,536107647294083482625380
UE2015 (Anterior),SIMÕES FILHO,33,129,1667971,ESCOLA MUNICIPAL PROFESSOR HILDÉRICO PINHEIRO DE OLIVEIRA ,"ESTRADA VELHA BAHIA-FEIRA, CIA SUL",SANTO ANTÔNIO DO RIO DAS PEDRAS,43721830,-12.850085,-38.411551,384,Sem acessibilidade,2026-09-25 14:26:00,142268364355856951329904
UE2015 (Anterior),SIMÕES FILHO,33,130,1656276,ESCOLA MUNICIPAL PROFESSOR HILDÉRICO PINHEIRO DE OLIVEIRA ,"ESTRADA VELHA BAHIA-FEIRA, CIA SUL",SANTO ANTÔNIO DO RIO DAS PEDRAS,43721830,-12.850085,-38.411551,383,Sem acessibilidade,2026-09-25 14:36:00,101864401551903074614819
UE2015 (Anterior),SIMÕES FILHO,33,131,1658107,ESCOLA MUNICIPAL PROFESSOR HILDÉRICO PINHEIRO DE OLIVEIRA ,"ESTRADA VELHA BAHIA-FEIRA, CIA SUL",SANTO ANTÔNIO DO RIO DAS PEDRAS,43721830,-12.850085,-38.411551,376,Sem acessibilidade,2026-09-25 14:50:00,344288758275907352449687
UE2015 (Anterior),SIMÕES FILHO,33,132,1675810,ESCOLA MUNICIPAL PROFESSOR HILDÉRICO PINHEIRO DE OLIVEIRA ,"ESTRADA VELHA BAHIA-FEIRA, CIA SUL",SANTO ANTÔNIO DO RIO DAS PEDRAS,43721830,-12.850085,-38.411551,380,Sem acessibilidade,2026-09-25 18:16:00,455399978586514142459807
UE2015 (Anterior),SIMÕES FILHO,33,133,1656950,ESCOLA MUNICIPAL ANTONIA GONÇALVES DE SOUZA,"RUA DA ESCOLA, S/N - ZONA RURAL",PALMARES,43729050,-12.7013895,-38.3924243,391,Sem acessibilidade,2026-09-25 15:44:00,854637841864129096761
UE2015 (Anterior),SIMÕES FILHO,33,134,1656122,ESCOLA MUNICIPAL ANTONIA GONÇALVES DE SOUZA,"RUA DA ESCOLA, S/N - ZONA RURAL",PALMARES,43729050,-12.7013895,-38.3924243,387,Sem acessibilidade,2026-09-25 15:57:00,344288084175508066606209
UE2015 (Anterior),SIMÕES FILHO,33,135,1656066,ESCOLA MUNICIPAL ANTONIA GONÇALVES DE SOUZA,"RUA DA ESCOLA, S/N - ZONA RURAL",PALMARES,43729050,-12.7013895,-38.3924243,391,Sem acessibilidade,2026-09-25 16:07:00,152369009556977925277996
UE2015 (Anterior),SIMÕES FILHO,33,136,1656791,ESCOLA MUNICIPAL ANTONIA GONÇALVES DE SOUZA,"RUA DA ESCOLA, S/N - ZONA RURAL",PALMARES,43729050,-12.7013895,-38.3924243,388,Sem acessibilidade,2026-09-25 16:18:00,273581234468254597563464
UE2015 (Anterior),SIMÕES FILHO,33,137,1676209,CENTRO COMUNITÁRIO NOSSA ESPERANÇA ,RUA NOVA ESPERANÇA S/N - ZONA RURAL ,PITANGA DE PALMARES,43730390,-12.6824283,-38.3839796,357,Sem acessibilidade,2026-09-25 16:28:00,768430835317832742284967
UE2015 (Anterior),SIMÕES FILHO,33,138,1657846,CENTRO COMUNITÁRIO NOSSA ESPERANÇA ,RUA NOVA ESPERANÇA S/N - ZONA RURAL ,PITANGA DE PALMARES,43730390,-12.6824283,-38.3839796,358,Sem acessibilidade,2026-09-25 17:02:00,738127919614310014587154
UE2015 (Anterior),SIMÕES FILHO,33,139,1657138,ESCOLA LUIZ VIANA FILHO,"RUA VISCONDE DE MAUÁ, 316 - ZONA RURAL",GÓES CALMON,43708340,-12.7796372,-38.353667,251,Sem acessibilidade,2026-09-25 17:22:00,940248237535708701367828
UE2015 (Anterior),SIMÕES FILHO,33,140,1682021,ESCOLA LUIZ VIANA FILHO,"RUA VISCONDE DE MAUÁ, 316 - ZONA RURAL",GÓES CALMON,43708340,-12.7796372,-38.353667,252,Sem acessibilidade,2026-09-25 17:32:00,940248318235794943498872
UE2015 (Anterior),SIMÕES FILHO,33,141,1656447,ESCOLA LUIZ VIANA FILHO,"RUA VISCONDE DE MAUÁ, 316 - ZONA RURAL",GÓES CALMON,43708340,-12.7796372,-38.353667,251,Sem acessibilidade,2026-09-25 17:42:00,970551459238910301176890
UE2015 (Anterior),SIMÕES FILHO,33,142,1653885,ESCOLA LUIZ VIANA FILHO,"RUA VISCONDE DE MAUÁ, 316 - ZONA RURAL",GÓES CALMON,43708340,-12.7796372,-38.353667,251,Sem acessibilidade,2026-09-25 17:52:00,455399046786482970758013
UE2015 (Anterior),SIMÕES FILHO,33,143,1651817,ESCOLA LUIZ VIANA FILHO,"RUA VISCONDE DE MAUÁ, 316 - ZONA RURAL",GÓES CALMON,43708340,-12.7796372,-38.353667,251,Sem acessibilidade,2026-09-25 18:06:00,728026421713693920055600
UE2015 (Anterior),SIMÕES FILHO,33,144,1654768,ESCOLA LUIZ VIANA FILHO,"RUA VISCONDE DE MAUÁ, 316 - ZONA RURAL",GÓES CALMON,43708340,-12.7796372,-38.353667,253,Sem acessibilidade,2026-09-25 18:26:00,495703307890646034706652
UE2015 (Anterior),SIMÕES FILHO,33,145,1656082,ESCOLA LUIZ VIANA FILHO,"RUA VISCONDE DE MAUÁ, 316 - ZONA RURAL",GÓES CALMON,43708340,-12.7796372,-38.353667,250,Sem acessibilidade,2026-09-25 18:35:00,515905431792682544252986
UE2015 (Anterior),SIMÕES FILHO,33,146,1656382,ESCOLA LUIZ VIANA FILHO,"RUA VISCONDE DE MAUÁ, 316 - ZONA RURAL",GÓES CALMON,43708340,-12.7796372,-38.353667,249,Sem acessibilidade,2026-09-25 18:47:00,202874230761607341784864
UE2015 (Anterior),SIMÕES FILHO,33,147,1654473,ESCOLA LUIZ VIANA FILHO,"RUA VISCONDE DE MAUÁ, 316 - ZONA RURAL",GÓES CALMON,43708340,-12.7796372,-38.353667,248,Sem acessibilidade,2026-09-25 18:56:00,586612723299002710874580
UE2015 (Anterior),SIMÕES FILHO,33,148,1680846,ESCOLA DOM FRANCISCO LEITE,DISTRITO SANTA LUZIA - ZONA RURAL,SANTA LUZIA,43727350,-12.7862635,-38.3989318,260,Sem acessibilidade,2026-09-25 19:06:00,404894653381482445397220
UE2015 (Anterior),SIMÕES FILHO,33,149,1652118,ESCOLA MUNICIPAL MARIA QUITÉRIA,RUA ALMIRANTE BARROSO S/N - CRISTO REI,CRISTO REI,43703075,-12.774464,-38.3983413,373,Sem acessibilidade,2026-09-25 19:15:00,334187694774431279028605
UE2015 (Anterior),SIMÕES FILHO,33,150,1655948,ESCOLA MUNICIPAL MARIA QUITÉRIA,RUA ALMIRANTE BARROSO S/N - CRISTO REI,CRISTO REI,43703075,-12.774464,-38.3983413,372,Sem acessibilidade,2026-09-25 19:26:00,576511018798839004311363
UE2015 (Anterior),SIMÕES FILHO,33,151,1652300,ESCOLA MUNICIPAL MARIA QUITÉRIA,RUA ALMIRANTE BARROSO S/N - CRISTO REI,CRISTO REI,43703075,-12.774464,-38.3983413,376,Sem acessibilidade,2026-09-25 19:35:00,293783847470571254692645
UE2015 (Anterior),SIMÕES FILHO,33,152,1655995,ESCOLA MUNICIPAL MARIA QUITÉRIA,RUA ALMIRANTE BARROSO S/N - CRISTO REI,CRISTO REI,43703075,-12.774464,-38.3983413,375,Sem acessibilidade,2026-09-25 19:45:00,687622342609055971373091
UE2015 (Anterior),SIMÕES FILHO,33,153,1667000,ESCOLA MUNICIPAL MARIA QUITÉRIA,RUA ALMIRANTE BARROSO S/N - CRISTO REI,CRISTO REI,43703075,-12.774464,-38.3983413,372,Sem acessibilidade,2026-09-25 19:56:00,647218414405174678746192
UE2015 (Anterior),SIMÕES FILHO,33,154,1651240,ESCOLA MUNICIPAL MARIA QUITÉRIA,RUA ALMIRANTE BARROSO S/N - CRISTO REI,CRISTO REI,43703075,-12.774464,-38.3983413,376,Sem acessibilidade,2026-09-25 09:15:00,697723574282729867927013
UE2015 (Anterior),SIMÕES FILHO,33,155,1676112,ESCOLA MUNICIPAL CASTRO ALVES,"RUA VITAL BRASIL, S/N - PITANGUINHA",PITANGUINHA,43711245,-12.8104852,-38.3805747,369,Sem acessibilidade,2026-09-25 10:55:00,839137820196305163468461
UE2015 (Anterior),SIMÕES FILHO,33,156,1654323,ESCOLA MUNICIPAL CASTRO ALVES,"RUA VITAL BRASIL, S/N - PITANGUINHA",PITANGUINHA,43711245,-12.8104852,-38.3805747,367,Sem acessibilidade,2026-09-25 09:57:00,263480363839794759679383
UE2015 (Anterior),SIMÕES FILHO,33,157,1656335,ESCOLA MUNICIPAL CASTRO ALVES,"RUA VITAL BRASIL, S/N - PITANGUINHA",PITANGUINHA,43711245,-12.8104852,-38.3805747,363,Sem acessibilidade,2026-09-25 10:08:00,536107741266765191361050
UE2015 (Anterior),SIMÕES FILHO,33,158,1656543,ESCOLA MUNICIPAL CASTRO ALVES,"RUA VITAL BRASIL, S/N - PITANGUINHA",PITANGUINHA,43711245,-12.8104852,-38.3805747,378,Sem acessibilidade,2026-09-25 11:37:00,647218963077184467373086
UE2015 (Anterior),SIMÕES FILHO,33,159,1656730,ESCOLA MUNICIPAL CASTRO ALVES,"RUA VITAL BRASIL, S/N - PITANGUINHA",PITANGUINHA,43711245,-12.8104852,-38.3805747,372,Sem acessibilidade,2026-09-25 10:43:00,596713020172833025224908
UE2015 (Anterior),SIMÕES FILHO,33,160,1656046,"INSTITUTO FEDERAL DE EDUCAÇÃO, CIÊNCIA E TECNOLOGIA DA BAHIA",VIA UNIVERSITÁRIA - CIA II,PITANGUINHA,43715080,-12.8074932,-38.3826401,368,Sem acessibilidade,2026-09-25 11:05:00,829036334095958863767182
UE2015 (Anterior),SIMÕES FILHO,33,161,1671727,CENTRO COMUNITÁRIO NOSSA IRMÃ DULCE,BA 093 - ZONA RURAL,SANTA ROSA,43700290,-12.7741549,-38.4067861,359,Sem acessibilidade,2026-09-25 11:16:00,960450586709254908467040
UE2015 (Anterior),SIMÕES FILHO,33,162,1652173,CENTRO COMUNITÁRIO NOSSA IRMÃ DULCE,BA 093 - ZONA RURAL,SANTA ROSA,43700290,-12.7741549,-38.4067861,358,Sem acessibilidade,2026-10-01 17:07:00,707824430583138018279037
UE2015 (Anterior),SIMÕES FILHO,33,163,1681226,CENTRO COMUNITÁRIO NOSSA IRMÃ DULCE,BA 093 - ZONA RURAL,SANTA ROSA,43700290,-12.7741549,-38.4067861,357,Sem acessibilidade,2026-09-25 11:48:00,697723530782390096372061
UE2015 (Anterior),SIMÕES FILHO,33,164,1655676,ESCOLA MUNICIPAL UNIÃO DA BAHIA,"RUA R, QUADRA 16, S/N - ZONA URBANA",SIMÕES FILHO I,43707435,-12.783834,-38.3705118,397,Sem acessibilidade,2026-09-25 11:59:00,839137780796695676393402
UE2015 (Anterior),SIMÕES FILHO,33,165,1671819,ESCOLA MUNICIPAL UNIÃO DA BAHIA,"RUA R, QUADRA 16, S/N - ZONA URBANA",SIMÕES FILHO I,43707435,-12.783834,-38.3705118,394,Sem acessibilidade,2026-09-25 12:10:00,879541937200858154988824
UE2015 (Anterior),SIMÕES FILHO,33,166,1655063,ESCOLA MUNICIPAL UNIÃO DA BAHIA,"RUA R, QUADRA 16, S/N - ZONA URBANA",SIMÕES FILHO I,43707435,-12.783834,-38.3705118,395,Sem acessibilidade,2026-09-25 13:16:00,606814770473111847144748
UE2015 (Anterior),SIMÕES FILHO,33,167,1656433,ESCOLA MUNICIPAL CLÉRISTON ANDRADE,RUA ITAPARICA 835 LOTEAMENTO SAO MIGUEL - ZONA URBANA,KM 30,43706105,-12.7816422,-38.3828817,395,Sem acessibilidade,2026-09-25 13:26:00,475501759560072461753761
UE2015 (Anterior),SIMÕES FILHO,33,168,1676877,ESCOLA MUNICIPAL CLÉRISTON ANDRADE,RUA ITAPARICA 835 LOTEAMENTO SAO MIGUEL - ZONA URBANA,KM 30,43706105,-12.7816422,-38.3828817,396,Sem acessibilidade,2026-09-25 13:45:00,909844296803619009488774
UE2015 (Anterior),SIMÕES FILHO,33,169,1652164,ESCOLA MUNICIPAL CLÉRISTON ANDRADE,RUA ITAPARICA 835 LOTEAMENTO SAO MIGUEL - ZONA URBANA,KM 30,43706105,-12.7816422,-38.3828817,397,Sem acessibilidade,2026-09-25 16:50:00,435197937656212361073528
UE2015 (Anterior),SIMÕES FILHO,33,170,1699581,ESCOLA MUNICIPAL CLÉRISTON ANDRADE,RUA ITAPARICA 835 LOTEAMENTO SAO MIGUEL - ZONA URBANA,KM 30,43706105,-12.7816422,-38.3828817,399,Sem acessibilidade,2026-09-25 14:13:00,253379838838661835848463
UE2015 (Anterior),SIMÕES FILHO,33,171,1656160,ESCOLA MUNICIPAL CLÉRISTON ANDRADE,RUA ITAPARICA 835 LOTEAMENTO SAO MIGUEL - ZONA URBANA,KM 30,43706105,-12.7816422,-38.3828817,397,Sem acessibilidade,2026-09-25 14:31:00,839137521696283818929654
UE2015 (Anterior),SIMÕES FILHO,33,172,1653896,COLÉGIO MUNICIPAL NOSSA SENHORA DA LUZ,RUA DA MANGABEIRA - PITANGUINHA,PITANGUINHA,43711285,-12.8127309,-38.3845214,347,Sem acessibilidade,2026-09-25 14:50:00,374591177950930260335283
UE2015 (Anterior),SIMÕES FILHO,33,173,1658269,COLÉGIO MUNICIPAL NOSSA SENHORA DA LUZ,RUA DA MANGABEIRA - PITANGUINHA,PITANGUINHA,43711285,-12.8127309,-38.3845214,329,Sem acessibilidade,2026-09-25 15:06:00,182672095731821009246666
UE2015 (Anterior),SIMÕES FILHO,33,174,1675886,ESCOLA MUNICIPAL PÉRICLES RENI DE SOUZA,"RUA DA LINHA, S/N - ZONA RURAL",ILHA DE SÃO JOÃO,43724185,-12.8119079,-38.4514305,164,Sem acessibilidade,2026-09-25 15:16:00,51359077618780241115727
UE2015 (Anterior),SIMÕES FILHO,33,176,1654390,ESCOLA MUNICIPAL PÉRICLES RENI DE SOUZA,"RUA DA LINHA, S/N - ZONA RURAL",ILHA DE SÃO JOÃO,43724185,-12.8119079,-38.4514305,163,Sem acessibilidade,2026-09-25 15:27:00,293783539142182786175944
UE2015 (Anterior),SIMÕES FILHO,33,177,1656696,ESCOLA DIÁCONO FERNANDO DE BRITO,AV ELMO SEREJO FARIAS S/N - ZONA URBANA,CIA II,43714020,-12.7983274,-38.3965904,396,Sem acessibilidade,2026-09-25 15:51:00,81662436321829962801906
UE2015 (Anterior),SIMÕES FILHO,33,178,1656945,ESCOLA DIÁCONO FERNANDO DE BRITO,AV ELMO SEREJO FARIAS S/N - ZONA URBANA,CIA II,43714020,-12.7983274,-38.3965904,395,Sem acessibilidade,2026-09-25 16:07:00,889642340001707571861902
UE2015 (Anterior),SIMÕES FILHO,33,179,1672305,ESCOLA DIÁCONO FERNANDO DE BRITO,AV ELMO SEREJO FARIAS S/N - ZONA URBANA,CIA II,43714020,-12.7983274,-38.3965904,398,Sem acessibilidade,2026-09-25 16:31:00,526006096465199614523086
UE2015 (Anterior),SIMÕES FILHO,33,180,1657529,ESCOLA DIÁCONO FERNANDO DE BRITO,AV ELMO SEREJO FARIAS S/N - ZONA URBANA,CIA II,43714020,-12.7983274,-38.3965904,393,Sem acessibilidade,2026-09-25 16:41:00,657319307278412699806659
UE2015 (Anterior),SIMÕES FILHO,33,181,1652374,ESCOLA MUNICIPAL PROFESSOR ADROALDO RIBEIRO COSTA,"RUA PARAGUAÇU, QUADRA 6 - ZONA URBANA",PARQUE CONTINENTAL,43704614,-12.7792384,-38.3960385,364,Sem acessibilidade,2026-09-25 17:04:00,919945674904638626861999
UE2015 (Anterior),SIMÕES FILHO,33,182,1652523,ESCOLA ENOCK PIMENTEL,"LARGO DO CAMPO, 21 - ZONA RURAL",ILHA DE SÃO JOÃO,43724510,-12.8170254,-38.4615999,400,Sem acessibilidade,2026-09-25 17:14:00,394793264752203320869515
UE2015 (Anterior),SIMÕES FILHO,33,183,1655550,ESCOLA ENOCK PIMENTEL,"LARGO DO CAMPO, 21 - ZONA RURAL",ILHA DE SÃO JOÃO,43724510,-12.8170254,-38.4615999,397,Sem acessibilidade,2026-09-25 17:25:00,960450943709935960022644
UE2015 (Anterior),SIMÕES FILHO,33,184,1658349,ESCOLA ENOCK PIMENTEL,"LARGO DO CAMPO, 21 - ZONA RURAL",ILHA DE SÃO JOÃO,43724510,-12.8170254,-38.4615999,399,Sem acessibilidade,2026-09-25 17:38:00,818935900594088395263343
UE2015 (Anterior),SIMÕES FILHO,33,185,1675008,ESCOLA ENOCK PIMENTEL,"LARGO DO CAMPO, 21 - ZONA RURAL",ILHA DE SÃO JOÃO,43724510,-12.8170254,-38.4615999,397,Sem acessibilidade,2026-09-25 17:47:00,536107739866827243025881
UE2015 (Anterior),SIMÕES FILHO,33,186,1654772,ESCOLA ENOCK PIMENTEL,"LARGO DO CAMPO, 21 - ZONA RURAL",ILHA DE SÃO JOÃO,43724510,-12.8170254,-38.4615999,398,Sem acessibilidade,2026-09-25 17:59:00,657319965178178736367290
UE2015 (Anterior),SIMÕES FILHO,33,187,1654441,ESCOLA ENOCK PIMENTEL,"LARGO DO CAMPO, 21 - ZONA RURAL",ILHA DE SÃO JOÃO,43724510,-12.8170254,-38.4615999,398,Sem acessibilidade,2026-09-25 18:12:00,930147351606712340260080
UE2015 (Anterior),SIMÕES FILHO,33,188,1651144,ESCOLA MUNICIPAL SETE DE NOVEMBRO,"AV. JOÃO XXIII, S/Nº - ZONA URBANA",PONTO DE PARADA,43713400,-12.7968214,-38.4018488,382,Sem acessibilidade,2026-09-25 18:21:00,889642419001685577882777
UE2015 (Anterior),SIMÕES FILHO,33,189,1654307,ESCOLA MUNICIPAL SETE DE NOVEMBRO,"AV. JOÃO XXIII, S/Nº - ZONA URBANA",PONTO DE PARADA,43713400,-12.7968214,-38.4018488,384,Sem acessibilidade,2026-09-25 18:31:00,677521319380563878128864
UE2015 (Anterior),SIMÕES FILHO,33,190,1666758,ESCOLA MUNICIPAL SETE DE NOVEMBRO,"AV. JOÃO XXIII, S/Nº - ZONA URBANA",PONTO DE PARADA,43713400,-12.7968214,-38.4018488,381,Sem acessibilidade,2026-09-25 18:44:00,576511290470768633900553
UE2015 (Anterior),SIMÕES FILHO,33,191,1676235,ESCOLA MUNICIPAL PROFESSORA MARIA DE SOUZA CHAVES,"RUA MACHADO DE ASSIS, 331 - ZONA URBANA",KM 30,43706090,-12.7845609,-38.384792,398,Sem acessibilidade,2026-09-25 18:54:00,515905342564790116093548
UE2015 (Anterior),SIMÕES FILHO,33,192,1679280,COLÉGIO ESTADUAL MANOEL DE JESUS ,PRAÇA DA BANDEIRA S/N,CENTRO,43702885,-12.7870093,-38.4019706,378,Sem acessibilidade,2026-09-25 19:06:00,606814547173687375207439
UE2015 (Anterior),SIMÕES FILHO,33,193,1654374,ESCOLA MUNICIPAL PROFESSORA BÁRBARA ANDRÉA BRITTES DO CARMO,RUA BÁRBARA ANDREA BRITTES CARMO - CIA I,PITANGUINHA,43716560,-12.8148308,-38.3869312,373,Sem acessibilidade,2026-09-25 19:16:00,293783340542466896504547
UE2015 (Anterior),SIMÕES FILHO,33,194,1675503,ESCOLA MUNICIPAL HAYDÊE MARIA DE SANTANA GÓES,"RUA B, N 08, CONJUNTO HABITACIONAL VIDA NOVA - ZONA URBANA",CIA II,43715790,-12.8048733,-38.3916,377,Sem acessibilidade,2026-09-25 19:30:00,233177395836168163150851
UE2015 (Anterior),SIMÕES FILHO,33,195,1671450,ESCOLA MUNICIPAL PROFESSORA JUCIETE SOUZA MOTA SOARES,"AVENIDA RIVALDO GOMES GUIMARÃES, S/N, QUADRA 5 - CIA I",CIA I,43715865,-12.8091899,-38.396707,349,Sem acessibilidade,2026-09-25 19:39:00,41258312417606856612647
UE2015 (Anterior),SIMÕES FILHO,33,196,1681174,ESCOLA MUNICIPAL PROFESSORA MARIA DE SOUZA CHAVES,"RUA MACHADO DE ASSIS, 331 - ZONA URBANA",KM 30,43706090,-12.7845609,-38.384792,401,Sem acessibilidade,2026-09-25 19:49:00,738127114186389271242048
UE2015 (Anterior),SIMÕES FILHO,33,197,1654672,ESCOLA MUNICIPAL UNIÃO DA BAHIA,"RUA R, QUADRA 16, S/N - ZONA URBANA",SIMÕES FILHO I,43707435,-12.783834,-38.3705118,397,Sem acessibilidade,2026-09-25 20:01:00,172571669630981211177894
UE2015 (Anterior),SIMÕES FILHO,33,198,1670179,ESCOLA MUNICIPAL PROFESSORA BÁRBARA ANDRÉA BRITTES DO CARMO,RUA BÁRBARA ANDREA BRITTES CARMO - CIA I,PITANGUINHA,43716560,-12.8148308,-38.3869312,373,Sem acessibilidade,2026-09-25 20:10:00,172571771030000938143431
UE2015 (Anterior),SIMÕES FILHO,33,199,1675723,ESCOLA MUNICIPAL ELANE DE SANTANA SANTOS,"RUA PRINCESA ISABEL, QD. 5, S/N - ZONA URBANA",CIA II,43714120,-12.7956533,-38.3959317,392,Sem acessibilidade,2026-09-25 20:20:00,546208252567468572560098
UE2015 (Anterior),SIMÕES FILHO,33,200,1650166,ESCOLA ALBERTO SILVA,"PRAÇA SETE DE NOVEMBRO, S/N - ZONA URBANA",CENTRO,43700102,-12.7882501,-38.3971494,330,Sem acessibilidade,2026-09-25 20:31:00,596713779272673800673208
UE2015 (Anterior),SIMÕES FILHO,33,201,1657527,ESCOLA MUNICIPAL SETE DE NOVEMBRO,"AV. JOÃO XXIII, S/Nº - ZONA URBANA",PONTO DE PARADA,43713400,-12.7968214,-38.4018488,378,Sem acessibilidade,2026-09-25 20:40:00,697723985882799051749317
UE2015 (Anterior),SIMÕES FILHO,33,202,1676265,ESCOLA MUNICIPAL UNIÃO DA BAHIA,"RUA R, QUADRA 16, S/N - ZONA URBANA",SIMÕES FILHO I,43707435,-12.783834,-38.3705118,398,Sem acessibilidade,2026-09-25 20:51:00,303884703743562708618599
UE2015 (Anterior),SIMÕES FILHO,33,203,1673464,ESCOLA MUNICIPAL PROFESSORA BÁRBARA ANDRÉA BRITTES DO CARMO,RUA BÁRBARA ANDREA BRITTES CARMO - CIA I,PITANGUINHA,43716560,-12.8148308,-38.3869312,371,Sem acessibilidade,2026-09-25 21:02:00,687622195381679749222217
UE2015 (Anterior),SIMÕES FILHO,33,204,1673431,ESCOLA MUNICIPAL PROFESSOR ADROALDO RIBEIRO COSTA,"RUA PARAGUAÇU, QUADRA 6 - ZONA URBANA",PARQUE CONTINENTAL,43704614,-12.7792384,-38.3960385,361,Sem acessibilidade,2026-09-25 21:12:00,465400087159541136697503
UE2015 (Anterior),SIMÕES FILHO,33,205,1657442,ESCOLA ALBERTO SILVA,"PRAÇA SETE DE NOVEMBRO, S/N - ZONA URBANA",CENTRO,43700102,-12.7882501,-38.3971494,330,Sem acessibilidade,2026-09-25 09:17:00,515905241033680093884381
UE2015 (Anterior),SIMÕES FILHO,33,206,1673696,ESCOLA MUNICIPAL CASTELO BRANCO,"RUA DIRETA DE MAPELE, 21 - ZONA RURAL",MAPELE,43726220,-12.7922268,-38.4388118,396,Sem acessibilidade,2026-09-25 09:27:00,627016461244880422523759
UE2015 (Anterior),SIMÕES FILHO,33,207,1657105,ESCOLA MUNICIPAL PROFESSORA MARIA DE SOUZA CHAVES,"RUA MACHADO DE ASSIS, 331 - ZONA URBANA",KM 30,43706090,-12.7845609,-38.384792,393,Sem acessibilidade,2026-09-25 09:37:00,435197386425781016767727
UE2015 (Anterior),SIMÕES FILHO,33,208,1656826,ESCOLA MUNICIPAL ELANE DE SANTANA SANTOS,"RUA PRINCESA ISABEL, QD. 5, S/N - ZONA URBANA",CIA II,43714120,-12.7956533,-38.3959317,394,Sem acessibilidade,2026-09-25 09:47:00,930147998575376066898668
UE2015 (Anterior),SIMÕES FILHO,33,209,1654868,ESCOLA MUNICIPAL HAYDÊE MARIA DE SANTANA GÓES,"RUA B, N 08, CONJUNTO HABITACIONAL VIDA NOVA - ZONA URBANA",CIA II,43715790,-12.8048733,-38.3916,384,Sem acessibilidade,2026-10-01 17:04:00,162470335298383509097492
UE2015 (Anterior),SIMÕES FILHO,33,210,1656427,ESCOLA MUNICIPAL PROFESSORA BÁRBARA ANDRÉA BRITTES DO CARMO,RUA BÁRBARA ANDREA BRITTES CARMO - CIA I,PITANGUINHA,43716560,-12.8148308,-38.3869312,372,Sem acessibilidade,2026-09-25 10:07:00,404894651322561583018849
UE2015 (Anterior),SIMÕES FILHO,33,211,1674512,CRECHE ÁUREA NASCIMENTO,"RUA PEDRO CERQUEIRA, S/N - LOT BIG ÁUREA - ZONA URBANA",SIMÕES FILHO I,43707650,-12.7846443,-38.3743024,342,Sem acessibilidade,2026-09-25 10:17:00,122066484094378333004498
UE2015 (Anterior),SIMÕES FILHO,33,212,1650126,ESCOLA MUNICIPAL PROFESSORA MARIA DE SOUZA CHAVES,"RUA MACHADO DE ASSIS, 331 - ZONA URBANA",KM 30,43706090,-12.7845609,-38.384792,396,Sem acessibilidade,2026-09-25 10:30:00,854478982946994448575
UE2015 (Anterior),SIMÕES FILHO,33,213,1654392,ESCOLA MUNICIPAL PROFESSOR ADROALDO RIBEIRO COSTA,"RUA PARAGUAÇU, QUADRA 6 - ZONA URBANA",PARQUE CONTINENTAL,43704614,-12.7792384,-38.3960385,360,Sem acessibilidade,2026-09-25 10:40:00,808834386062837110563276
UE2015 (Anterior),SIMÕES FILHO,33,214,1656702,ESCOLA ALBERTO SILVA,"PRAÇA SETE DE NOVEMBRO, S/N - ZONA URBANA",CENTRO,43700102,-12.7882501,-38.3971494,331,Sem acessibilidade,2026-09-25 10:51:00,101864793792290947339720
UE2015 (Anterior),SIMÕES FILHO,33,215,1672627,ESCOLA MUNICIPAL CENTRO COMUNITÁRIO CRISTO REI,"RUA ALMIRANTE BARROSO, S/N - ZONA URBANA",CRISTO REI,43703075,-12.7763225,-38.3972674,359,Sem acessibilidade,2026-09-25 11:01:00,152369958897001191415968
UE2015 (Anterior),SIMÕES FILHO,33,216,1651385,ESCOLA MUNICIPAL PROFESSORA BÁRBARA ANDRÉA BRITTES DO CARMO,RUA BÁRBARA ANDREA BRITTES CARMO - CIA I,PITANGUINHA,43716560,-12.8148308,-38.3869312,367,Sem acessibilidade,2026-09-25 11:11:00,556309462437495094392904
UE2015 (Anterior),SIMÕES FILHO,33,217,1674467,ESCOLA MUNICIPAL MARIA QUITÉRIA,RUA ALMIRANTE BARROSO S/N - CRISTO REI,CRISTO REI,43703075,-12.774464,-38.3983413,372,Sem acessibilidade,2026-09-25 11:21:00,505804527132532876719801
UE2015 (Anterior),SIMÕES FILHO,33,218,1657870,COLÉGIO ESTADUAL DE ARATU,"RUA COLÉGIO ESTADUAL DE ARATU, S/N, CIA I",CIA I,43716405,-12.8120197,-38.3923537,379,Sem acessibilidade,2026-09-25 11:30:00,344288473616393648024543
UE2015 (Anterior),SIMÕES FILHO,33,219,1654995,ESCOLA MUNICIPAL PROFESSORA MARIA DE SOUZA CHAVES,"RUA MACHADO DE ASSIS, 331 - ZONA URBANA",KM 30,43706090,-12.7845609,-38.384792,395,Sem acessibilidade,2026-09-25 11:39:00,122066366194802819873170
UE2015 (Anterior),SIMÕES FILHO,33,220,1676208,CRECHE ÁUREA NASCIMENTO,"RUA PEDRO CERQUEIRA, S/N - LOT BIG ÁUREA - ZONA URBANA",SIMÕES FILHO I,43707650,-12.7846443,-38.3743024,352,Sem acessibilidade,2026-09-25 11:48:00,829036145064523329593629
UE2015 (Anterior),SIMÕES FILHO,33,221,1656626,ESCOLA MUNICIPAL ANTONIA GONÇALVES DE SOUZA,"RUA DA ESCOLA, S/N - ZONA RURAL",PALMARES,43729050,-12.7013895,-38.3924243,389,Sem acessibilidade,2026-09-25 11:58:00,91763528791885065164358
UE2015 (Anterior),SIMÕES FILHO,33,222,1675915,ESCOLA MUNICIPAL ELANE DE SANTANA SANTOS,"RUA PRINCESA ISABEL, QD. 5, S/N - ZONA URBANA",CIA II,43714120,-12.7956533,-38.3959317,390,Sem acessibilidade,2026-09-25 12:12:00,778531316959890096729192
UE2015 (Anterior),SIMÕES FILHO,33,223,1657637,ESCOLA MUNICIPAL UNIÃO DA BAHIA,"RUA R, QUADRA 16, S/N - ZONA URBANA",SIMÕES FILHO I,43707435,-12.783834,-38.3705118,400,Sem acessibilidade,2026-09-25 12:21:00,970551620479115035389730
UE2015 (Anterior),SIMÕES FILHO,33,224,1656262,ESCOLA MUNICIPAL PROFESSORA MARIA DE SOUZA CHAVES,"RUA MACHADO DE ASSIS, 331 - ZONA URBANA",KM 30,43706090,-12.7845609,-38.384792,397,Sem acessibilidade,2026-09-25 12:34:00,920046685074362884379127
UE2015 (Anterior),SIMÕES FILHO,33,225,1675800,ESCOLA MUNICIPAL MARIA QUITÉRIA,RUA ALMIRANTE BARROSO S/N - CRISTO REI,CRISTO REI,43703075,-12.774464,-38.3983413,372,Sem acessibilidade,2026-09-25 12:44:00,950349822477480137483709
UE2015 (Anterior),SIMÕES FILHO,33,226,1674303,CENTRO COMUNITÁRIO NOSSA IRMÃ DULCE,BA 093 - ZONA RURAL,SANTA ROSA,43700290,-12.7741549,-38.4067861,356,Sem acessibilidade,2026-09-25 12:57:00,960450940878795973298100
UE2015 (Anterior),SIMÕES FILHO,33,227,1656301,ESCOLA MUNICIPAL PROFESSORA BÁRBARA ANDRÉA BRITTES DO CARMO,RUA BÁRBARA ANDREA BRITTES CARMO - CIA I,PITANGUINHA,43716560,-12.8148308,-38.3869312,371,Sem acessibilidade,2026-09-25 13:08:00,980652078880547857379356
UE2015 (Anterior),SIMÕES FILHO,33,228,1658327,ESCOLA MUNICIPAL PROFESSOR ADROALDO RIBEIRO COSTA,"RUA PARAGUAÇU, QUADRA 6 - ZONA URBANA",PARQUE CONTINENTAL,43704614,-12.7792384,-38.3960385,364,Sem acessibilidade,2026-09-25 13:18:00,586612784240231924395090
UE2015 (Anterior),SIMÕES FILHO,33,229,1654493,ESCOLA MUNICIPAL PROFESSORA MARIA DE SOUZA CHAVES,"RUA MACHADO DE ASSIS, 331 - ZONA URBANA",KM 30,43706090,-12.7845609,-38.384792,398,Sem acessibilidade,2026-09-25 13:28:00,223076531804964147016740
UE2015 (Anterior),SIMÕES FILHO,33,230,1656284,ESCOLA MUNICIPAL PROFESSORA JUCIETE SOUZA MOTA SOARES,"AVENIDA RIVALDO GOMES GUIMARÃES, S/N, QUADRA 5 - CIA I",CIA I,43715865,-12.8091899,-38.396707,346,Sem acessibilidade,2026-09-25 13:37:00,61460450488820317724280
UE2015 (Anterior),SIMÕES FILHO,33,231,1674775,ESCOLA MUNICIPAL HAYDÊE MARIA DE SANTANA GÓES,"RUA B, N 08, CONJUNTO HABITACIONAL VIDA NOVA - ZONA URBANA",CIA II,43715790,-12.8048733,-38.3916,375,Sem acessibilidade,2026-09-25 13:46:00,152369655097934129551173
UE2015 (Anterior),SIMÕES FILHO,33,232,1650907,COLÉGIO ESTADUAL MANOEL DE JESUS ,PRAÇA DA BANDEIRA S/N,CENTRO,43702885,-12.7870093,-38.4019706,375,Sem acessibilidade,2026-09-25 13:56:00,51359663787928775951120
UE2015 (Anterior),SIMÕES FILHO,33,233,1653572,ESCOLA VEREADOR EDULINDO RIBEIRO MONTEIRO,"AV MAPELE, N 312 - ZONA RURAL",MAPELE,43726180,-12.7760847,-38.4450595,367,Sem acessibilidade,2026-09-25 14:07:00,21056746584622851205654
UE2015 (Anterior),SIMÕES FILHO,33,234,1650887,CRECHE ÁUREA NASCIMENTO,"RUA PEDRO CERQUEIRA, S/N - LOT BIG ÁUREA - ZONA URBANA",SIMÕES FILHO I,43707650,-12.7846443,-38.3743024,333,Sem acessibilidade,2026-09-25 14:17:00,758329588857448110315645
UE2015 (Anterior),SIMÕES FILHO,33,235,1682332,"INSTITUTO FEDERAL DE EDUCAÇÃO, CIÊNCIA E TECNOLOGIA DA BAHIA",VIA UNIVERSITÁRIA - CIA II,PITANGUINHA,43715080,-12.8074932,-38.3826401,351,Sem acessibilidade,2026-09-25 14:27:00,374591316619157167226315
UE2015 (Anterior),SIMÕES FILHO,33,236,1679177,ESCOLA MUNICIPAL PROFESSOR ADROALDO RIBEIRO COSTA,"RUA PARAGUAÇU, QUADRA 6 - ZONA URBANA",PARQUE CONTINENTAL,43704614,-12.7792384,-38.3960385,363,Sem acessibilidade,2026-09-25 14:46:00,303884358612191404609825
UE2015 (Anterior),SIMÕES FILHO,33,237,1682017,ESCOLA MUNICIPAL HAYDÊE MARIA DE SANTANA GÓES,"RUA B, N 08, CONJUNTO HABITACIONAL VIDA NOVA - ZONA URBANA",CIA II,43715790,-12.8048733,-38.3916,375,Sem acessibilidade,2026-09-25 14:55:00,364490526718275234054785
UE2015 (Anterior),SIMÕES FILHO,33,238,1674193,ESCOLA MUNICIPAL PROFESSORA MARIA DE SOUZA CHAVES,"RUA MACHADO DE ASSIS, 331 - ZONA URBANA",KM 30,43706090,-12.7845609,-38.384792,395,Sem acessibilidade,2026-09-25 15:03:00,839137108065262894039353
UE2015 (Anterior),SIMÕES FILHO,33,239,1699549,CRECHE ÁUREA NASCIMENTO,"RUA PEDRO CERQUEIRA, S/N - LOT BIG ÁUREA - ZONA URBANA",SIMÕES FILHO I,43707650,-12.7846443,-38.3743024,340,Sem acessibilidade,2026-09-25 15:13:00,334187712415857786331777
UE2015 (Anterior),SIMÕES FILHO,33,240,1665492,ESCOLA MUNICIPAL SETE DE NOVEMBRO,"AV. JOÃO XXIII, S/Nº - ZONA URBANA",PONTO DE PARADA,43713400,-12.7968214,-38.4018488,380,Sem acessibilidade,2026-09-25 15:23:00,829036288964438538757183
UE2015 (Anterior),SIMÕES FILHO,33,241,1669681,ESCOLA BERLINDO MAMEDE,RUA LOMANTO JUNIOR 71 - ZONA URBANA,PONTO DE PARADA,43713125,-12.7912514,-38.4023196,358,Sem acessibilidade,2026-09-25 15:33:00,980652553580684784847865
UE2015 (Anterior),SIMÕES FILHO,33,242,1676263,"INSTITUTO FEDERAL DE EDUCAÇÃO, CIÊNCIA E TECNOLOGIA DA BAHIA",VIA UNIVERSITÁRIA - CIA II,PITANGUINHA,43715080,-12.8074932,-38.3826401,359,Sem acessibilidade,2026-09-25 15:46:00,728026406154722887282076
UE2015 (Anterior),SIMÕES FILHO,33,243,1656035,COLÉGIO ESTADUAL MANOEL DE JESUS ,PRAÇA DA BANDEIRA S/N,CENTRO,43702885,-12.7870093,-38.4019706,378,Sem acessibilidade,2026-09-25 16:04:00,31157824185647818494114
UE2015 (Anterior),SIMÕES FILHO,33,244,1655175,ESCOLA MUNICIPAL HAYDÊE MARIA DE SANTANA GÓES,"RUA B, N 08, CONJUNTO HABITACIONAL VIDA NOVA - ZONA URBANA",CIA II,43715790,-12.8048733,-38.3916,377,Sem acessibilidade,2026-09-25 16:21:00,647218544446227643800841
UE2015 (Anterior),SIMÕES FILHO,33,245,1673523,CENTRO COMUNITÁRIO NOSSA ESPERANÇA ,RUA NOVA ESPERANÇA S/N - ZONA RURAL ,PITANGA DE PALMARES,43730390,-12.6824283,-38.3839796,355,Sem acessibilidade,2026-09-25 16:30:00,778531781659376619813234
UE2015 (Anterior),SIMÕES FILHO,33,246,1673745,CENTRO COMUNITÁRIO NOSSA IRMÃ DULCE,BA 093 - ZONA RURAL,SANTA ROSA,43700290,-12.7741549,-38.4067861,357,Sem acessibilidade,2026-09-25 16:41:00,223076341504984095708940
UE2015 (Anterior),SIMÕES FILHO,33,247,1656047,ESCOLA MUNICIPAL PROFESSOR ADROALDO RIBEIRO COSTA,"RUA PARAGUAÇU, QUADRA 6 - ZONA URBANA",PARQUE CONTINENTAL,43704614,-12.7792384,-38.3960385,362,Sem acessibilidade,2026-09-25 16:51:00,940248176176793371974008
UE2015 (Anterior),SIMÕES FILHO,33,248,1655964,ESCOLA MUNICIPAL HAYDÊE MARIA DE SANTANA GÓES,"RUA B, N 08, CONJUNTO HABITACIONAL VIDA NOVA - ZONA URBANA",CIA II,43715790,-12.8048733,-38.3916,370,Sem acessibilidade,2026-09-25 17:02:00,920046260874507909037987
UE2015 (Anterior),SIMÕES FILHO,33,249,1677582,ESCOLA MUNICIPAL PROFESSORA JUCIETE SOUZA MOTA SOARES,"AVENIDA RIVALDO GOMES GUIMARÃES, S/N, QUADRA 5 - CIA I",CIA I,43715865,-12.8091899,-38.396707,354,Sem acessibilidade,2026-09-25 17:28:00,324086776414501136641224
UE2015 (Anterior),SIMÕES FILHO,33,250,1654399,COLÉGIO MUNICIPAL NOSSA SENHORA DA LUZ,RUA DA MANGABEIRA - PITANGUINHA,PITANGUINHA,43711285,-12.8127309,-38.3845214,147,Sem acessibilidade,2026-09-25 17:37:00,697723221251892357303334
UE2015 (Anterior),SIMÕES FILHO,33,251,1654657,CRECHE ÁUREA NASCIMENTO,"RUA PEDRO CERQUEIRA, S/N - LOT BIG ÁUREA - ZONA URBANA",SIMÕES FILHO I,43707650,-12.7846443,-38.3743024,280,Sem acessibilidade,2026-09-25 17:47:00,465400104828752441959312
UE2015 (Anterior),SIMÕES FILHO,33,252,1656235,"INSTITUTO FEDERAL DE EDUCAÇÃO, CIÊNCIA E TECNOLOGIA DA BAHIA",VIA UNIVERSITÁRIA - CIA II,PITANGUINHA,43715080,-12.8074932,-38.3826401,367,Sem acessibilidade,2026-09-25 18:02:00,485602230030179838132117
UE2015 (Anterior),SIMÕES FILHO,33,253,1682074,ESCOLA MUNICIPAL CENTRO COMUNITÁRIO CRISTO REI,"RUA ALMIRANTE BARROSO, S/N - ZONA URBANA",CRISTO REI,43703075,-12.7763225,-38.3972674,317,Sem acessibilidade,2026-09-25 18:12:00,717925574153499754430546
UE2015 (Anterior),SIMÕES FILHO,33,254,1666506,CRECHE ESCOLA MUNICIPAL SOFIA AUGUSTA DE SOUZA,"RUA Q, S/N, CONJUNTO SIMÕES FILHO I - ZONA URBANA",SIMÕES FILHO I,43700000,-12.7838494,-38.3708748,369,Sem acessibilidade,2026-09-25 18:25:00,71561046789158869872099
UE2015 (Anterior),SIMÕES FILHO,33,255,1699583,ESCOLA MUNICIPAL PROFESSORA JUCIETE SOUZA MOTA SOARES,"AVENIDA RIVALDO GOMES GUIMARÃES, S/N, QUADRA 5 - CIA I",CIA I,43715865,-12.8091899,-38.396707,372,Sem acessibilidade,2026-09-25 09:10:00,31157118413718460324511
UE2015 (Anterior),SIMÕES FILHO,33,256,1658326,ESCOLA MUNICIPAL SEVERIANO JOSÉ DE OLIVEIRA,"RUA IPITANGA II, S/N - ZONA RURAL",SANTO ANTÔNIO DO RIO DAS PEDRAS,43723050,-12.851264,-38.4097255,149,Sem acessibilidade,2026-09-25 09:20:00,122066318722895798490158
UE2015 (Anterior),SIMÕES FILHO,33,257,1682181,ESCOLA MUNICIPAL ANTÔNIO CARLOS MAGALHÃES,"AVENIDA CAMAÇARI, N. 270 - ZONA URBANA",TIRO SEGURO,43706855,-12.7810739,-38.3854031,163,Sem acessibilidade,2026-09-25 09:29:00,566410861766961177132176
UE2015 (Anterior),SIMÕES FILHO,33,258,1656674,ESCOLA MUNICIPAL PROFESSORA JUCIETE SOUZA MOTA SOARES,"AVENIDA RIVALDO GOMES GUIMARÃES, S/N, QUADRA 5 - CIA I",CIA I,43715865,-12.8091899,-38.396707,206,Sem acessibilidade,2026-09-25 09:42:00,364490775146450468616410
UE2015 (Anterior),SIMÕES FILHO,33,259,1672843,COLÉGIO ESTADUAL MANOEL DE JESUS ,PRAÇA DA BANDEIRA S/N,CENTRO,43702885,-12.7870093,-38.4019706,375,Sem acessibilidade,2026-09-25 09:56:00,435197951653899439350795
UE2015 (Anterior),SIMÕES FILHO,33,260,1666647,ESCOLA MUNICIPAL CASTRO ALVES,"RUA VITAL BRASIL, S/N - PITANGUINHA",PITANGUINHA,43711245,-12.8104852,-38.3805747,147,Sem acessibilidade,2026-09-25 10:06:00,465400066656557756042344
UE2015 (Anterior),SIMÕES FILHO,33,261,1666335,"INSTITUTO FEDERAL DE EDUCAÇÃO, CIÊNCIA E TECNOLOGIA DA BAHIA",VIA UNIVERSITÁRIA - CIA II,PITANGUINHA,43715080,-12.8074932,-38.3826401,286,Sem acessibilidade,2026-09-25 10:16:00,384692090848561146468178
UE2015 (Anterior),SIMÕES FILHO,33,262,1654804,COLÉGIO ESTADUAL REGINA SIMÕES,AV WASHINGTON LUIZ 1079 - ZONA URBANA,ESTRADA DE CANDEIAS,43700090,-12.7787381,-38.3974149,196,Sem acessibilidade,2026-09-25 10:46:00,854823410458382843284
UE2015 (Anterior),SIMÕES FILHO,33,263,1651753,CRECHE ESCOLA MUNICIPAL SOFIA AUGUSTA DE SOUZA,"RUA Q, S/N, CONJUNTO SIMÕES FILHO I - ZONA URBANA",SIMÕES FILHO I,43700000,-12.7838494,-38.3708748,162,Sem acessibilidade,2026-09-25 11:08:00,919945843701253001441193
UE2015 (Anterior),SIMÕES FILHO,33,264,1650411,COLÉGIO MUNICIPAL GEORGINA DE SOUZA SIMÕES ,"AV. RIVALDO GOMES GUIMARÃES, S/N - CIA I",CIA I,43715865,-12.8100387,-38.3963781,132,Sem acessibilidade,2026-09-25 11:19:00,980652025208485384562017
UE2015 (Anterior),SÃO FRANCISCO DO CONDE,162,1,1655544,ESCOLA MARTINHO SALLES BRASIL,AVENIDA JUVENAL EUGÊNIO DE QUEIROZ,BAIXA FRIA,43900000,-12.6155588,-38.6608196,310,Com acessibilidade,2026-09-23 10:49:00,120685237855601536845860
UE2015 (Anterior),SÃO FRANCISCO DO CONDE,162,2,1669538,ESCOLA MARTINHO SALLES BRASIL,AVENIDA JUVENAL EUGÊNIO DE QUEIROZ,BAIXA FRIA,43900000,-12.6155588,-38.6608196,308,Com acessibilidade,2026-09-23 10:27:00,807453021823969531111727
UE2015 (Anterior),SÃO FRANCISCO DO CONDE,162,3,1668374,ESCOLA MARTINHO SALLES BRASIL,AVENIDA JUVENAL EUGÊNIO DE QUEIROZ,BAIXA FRIA,43900000,-12.6155588,-38.6608196,307,Com acessibilidade,2026-09-23 10:37:00,90382423252342559699485
UE2015 (Anterior),SÃO FRANCISCO DO CONDE,162,4,1656053,ESCOLA MARTINHO SALLES BRASIL,AVENIDA JUVENAL EUGÊNIO DE QUEIROZ,BAIXA FRIA,43900000,-12.6155588,-38.6608196,309,Com acessibilidade,2026-09-23 11:02:00,39776474546775508026892
UE2015 (Anterior),SÃO FRANCISCO DO CONDE,162,5,1656044,ESCOLA MARTINHO SALLES BRASIL,AVENIDA JUVENAL EUGÊNIO DE QUEIROZ,BAIXA FRIA,43900000,-12.6155588,-38.6608196,304,Com acessibilidade,2026-09-23 11:12:00,49877594447872703497687
UE2015 (Anterior),SÃO FRANCISCO DO CONDE,162,6,1656077,ESCOLA MUNICIPAL LÍCIA PINHO,"RUA ESPÍRITO SANTO, S/N - ZONA URBANA",CENTRO,43900000,-12.6295889,-38.6777194,174,Com acessibilidade,2026-09-23 11:22:00,767049427619686017871571
UE2015 (Anterior),SÃO FRANCISCO DO CONDE,162,7,1677875,FREI ELISEU EISMANN,"RUA FREI MIGUEL, S/N - ZONA URBANA",CENTRO,43900000,-12.6255886,-38.6784923,396,Com acessibilidade,2026-09-23 11:31:00,898362665832839986468034
UE2015 (Anterior),SÃO FRANCISCO DO CONDE,162,8,1655148,FREI ELISEU EISMANN,"RUA FREI MIGUEL, S/N - ZONA URBANA",CENTRO,43900000,-12.6255886,-38.6784923,393,Com acessibilidade,2026-09-23 11:40:00,928665806635888373371593
UE2015 (Anterior),SÃO FRANCISCO DO CONDE,162,9,1671660,ESCOLA JULIETA PORCIÚNCULA,"RUA RAIMUNDO RIBEIRO, S/N - ZONA URBANA",CENTRO,43900000,-12.6288507,-38.6772471,146,Com acessibilidade,2026-09-23 11:49:00,514524509694107910759651
UE2015 (Anterior),SÃO FRANCISCO DO CONDE,162,10,1656736,GINÁSIO LUIS VIANA NETO,PRAÇA DA BANDEIRA - ZONA URBANA,CENTRO,43900000,-12.6287823,-38.6762869,289,Com acessibilidade,2026-09-23 11:58:00,938766008936543400126896
UE2015 (Anterior),SÃO FRANCISCO DO CONDE,162,11,1666339,GINÁSIO LUIS VIANA NETO,PRAÇA DA BANDEIRA - ZONA URBANA,CENTRO,43900000,-12.6287823,-38.6762869,286,Com acessibilidade,2026-09-23 12:07:00,746847928017942611251953
UE2015 (Anterior),SÃO FRANCISCO DO CONDE,162,12,1676010,GINÁSIO LUIS VIANA NETO,PRAÇA DA BANDEIRA - ZONA URBANA,CENTRO,43900000,-12.6287823,-38.6762869,284,Com acessibilidade,2026-09-23 12:18:00,373110663080739521465898
UE2015 (Anterior),SÃO FRANCISCO DO CONDE,162,13,1664361,GINÁSIO LUIS VIANA NETO,PRAÇA DA BANDEIRA - ZONA URBANA,CENTRO,43900000,-12.6287823,-38.6762869,287,Com acessibilidade,2026-09-23 12:27:00,908463303933285313522568
UE2015 (Anterior),SÃO FRANCISCO DO CONDE,162,14,1669567,GINÁSIO LUIS VIANA NETO,PRAÇA DA BANDEIRA - ZONA URBANA,CENTRO,43900000,-12.6287823,-38.6762869,287,Com acessibilidade,2026-09-23 12:36:00,443817950687844441716652
UE2015 (Anterior),SÃO FRANCISCO DO CONDE,162,15,1672432,GINÁSIO LUIS VIANA NETO,PRAÇA DA BANDEIRA - ZONA URBANA,CENTRO,43900000,-12.6287823,-38.6762869,287,Com acessibilidade,2026-09-23 12:45:00,80281703351505389423916
UE2015 (Anterior),SÃO FRANCISCO DO CONDE,162,16,1669747,GINÁSIO LUIS VIANA NETO,PRAÇA DA BANDEIRA - ZONA URBANA,CENTRO,43900000,-12.6287823,-38.6762869,288,Com acessibilidade,2026-09-23 12:53:00,90382826352463919042238
UE2015 (Anterior),SÃO FRANCISCO DO CONDE,162,17,1650731,GINÁSIO LUIS VIANA NETO,PRAÇA DA BANDEIRA - ZONA URBANA,CENTRO,43900000,-12.6287823,-38.6762869,286,Com acessibilidade,2026-09-23 13:02:00,342807183177300673126946
UE2015 (Anterior),SÃO FRANCISCO DO CONDE,162,18,1654382,GINÁSIO LUIS VIANA NETO,PRAÇA DA BANDEIRA - ZONA URBANA,CENTRO,43900000,-12.6287823,-38.6762869,282,Com acessibilidade,2026-09-23 13:13:00,585231532701703677289193
UE2015 (Anterior),SÃO FRANCISCO DO CONDE,162,19,1655974,GINÁSIO LUIS VIANA NETO,PRAÇA DA BANDEIRA - ZONA URBANA,CENTRO,43900000,-12.6287823,-38.6762869,286,Com acessibilidade,2026-09-23 13:22:00,231796295066379706985679
UE2015 (Anterior),SÃO FRANCISCO DO CONDE,162,20,1656559,GINÁSIO LUIS VIANA NETO,PRAÇA DA BANDEIRA - ZONA URBANA,CENTRO,43900000,-12.6287823,-38.6762869,284,Com acessibilidade,2026-09-23 13:32:00,70180213850300919884338
UE2015 (Anterior),SÃO FRANCISCO DO CONDE,162,21,1656247,ESCOLA NAVARRO DE BRITO,"RUA DA IGREJA, S/N - ZONA RURAL",POVOADO SOCORRO,43900000,-12.6816958,-38.5833447,317,Com acessibilidade,2026-09-23 13:40:00,686241934911868564144621
UE2015 (Anterior),SÃO FRANCISCO DO CONDE,162,22,1655997,ESCOLA ABDON ANTÔNIO CALDEIRA,"PRAÇAA DO SOCORRO, S/N - ZONA RURAL",POVOADO SOCORRO,43900000,-12.6826337,-38.58532,166,Com acessibilidade,2026-09-23 13:49:00,292302650572108950511357
UE2015 (Anterior),SÃO FRANCISCO DO CONDE,162,24,1666112,ESCOLA ÁLVARO RODRIGUES VASCONCELOS,"RUA DO MEIO, S/N - ZONA RURAL",POVOADO JABEQUARA DA AREIA,43900000,-12.6350165,-38.543842,352,Com acessibilidade,2026-09-23 13:58:00,363009944379190499064511
UE2015 (Anterior),SÃO FRANCISCO DO CONDE,162,25,1664257,ESCOLA ÁLVARO RODRIGUES VASCONCELOS,"RUA DO MEIO, S/N - ZONA RURAL",POVOADO JABEQUARA DA AREIA,43900000,-12.6350165,-38.543842,350,Com acessibilidade,2026-09-23 14:07:00,857958547028273428762562
UE2015 (Anterior),SÃO FRANCISCO DO CONDE,162,26,1655973,ESCOLA DUQUE DE CAXIAS,"RUA DO CEMITÉRIO, S/N - ZONA RURAL",DISTRITO MONTE RECÔNCAVO,43900000,-12.6423917,-38.6205528,328,Com acessibilidade,2026-09-23 14:16:00,635736438106075480447634
UE2015 (Anterior),SÃO FRANCISCO DO CONDE,162,27,1656033,ESCOLA DUQUE DE CAXIAS,"RUA DO CEMITÉRIO, S/N - ZONA RURAL",DISTRITO MONTE RECÔNCAVO,43900000,-12.6423917,-38.6205528,326,Com acessibilidade,2026-09-23 14:25:00,817554720124270024848055
UE2015 (Anterior),SÃO FRANCISCO DO CONDE,162,28,1674626,ESCOLA RURAL,"PRAÇA ALZIRA SANTANA CRUZ, S/N - ZONA RURAL",POVOADO PARAMIRIM,43900000,-12.6477672,-38.596631,262,Com acessibilidade,2026-09-23 14:45:00,251998270768895661495104
UE2015 (Anterior),SÃO FRANCISCO DO CONDE,162,29,1673884,ESCOLA RURAL,"PRAÇA ALZIRA SANTANA CRUZ, S/N - ZONA RURAL",POVOADO PARAMIRIM,43900000,-12.6477672,-38.596631,264,Com acessibilidade,2026-09-23 14:54:00,433716567886098353885726
UE2015 (Anterior),SÃO FRANCISCO DO CONDE,162,30,1652235,ESCOLA RURAL,"PRAÇA ALZIRA SANTANA CRUZ, S/N - ZONA RURAL",POVOADO PARAMIRIM,43900000,-12.6477672,-38.596631,263,Com acessibilidade,2026-09-23 15:02:00,231796443966415270730697
UE2015 (Anterior),SÃO FRANCISCO DO CONDE,162,31,1674192,COMPLEXO ESCOLAR RILZA VALENTIM,"ESTRADA DE CAMPINAS, S/N",GURUGÉ,43900000,-12.6107379,-38.6823925,336,Com acessibilidade,2026-09-23 15:12:00,191392510762461966267641
UE2015 (Anterior),SÃO FRANCISCO DO CONDE,162,32,1674444,COMPLEXO ESCOLAR RILZA VALENTIM,"ESTRADA DE CAMPINAS, S/N",GURUGÉ,43900000,-12.6107379,-38.6823925,339,Com acessibilidade,2026-09-23 15:21:00,827655255425112609692629
UE2015 (Anterior),SÃO FRANCISCO DO CONDE,162,33,1656256,ESCOLA MUNICIPAL MARIA AMÉLIA,"AV. SANTA RITA, S/N - ZONA RURAL",POVOADO SÃO BENTO DAS LAJES,43900000,-12.6197873,-38.689482,395,Com acessibilidade,2026-09-23 15:29:00,676140215010527862790882
UE2015 (Anterior),SÃO FRANCISCO DO CONDE,162,34,1666451,ESCOLA MUNICIPAL MARIA AMÉLIA,"AV. SANTA RITA, S/N - ZONA RURAL",POVOADO SÃO BENTO DAS LAJES,43900000,-12.6197873,-38.689482,392,Com acessibilidade,2026-09-23 15:38:00,90382747252968789245939
UE2015 (Anterior),SÃO FRANCISCO DO CONDE,162,35,1667366,ESCOLA O SOLDADO DESCONHECIDO,"RUA DA MANGUEIRA, S/N  - ZONA RURAL",DISTRITO DE SANTO ESTEVÃO,43900000,-12.7225878,-38.622985,350,Com acessibilidade,2026-09-23 15:48:00,969069721739921621391766
UE2015 (Anterior),SÃO FRANCISCO DO CONDE,162,36,1658381,ESCOLA O SOLDADO DESCONHECIDO,"RUA DA MANGUEIRA, S/N  - ZONA RURAL",DISTRITO DE SANTO ESTEVÃO,43900000,-12.7225878,-38.622985,347,Com acessibilidade,2026-09-23 15:57:00,140887011057127392620430
UE2015 (Anterior),SÃO FRANCISCO DO CONDE,162,37,1655825,CEAS - CENTRO DE ESTUDOS E APERFEICOAMENTO DO SABER,"RUA ALTO DA BELA VISTA, S/N",CAÍPE DE CIMA,43900000,-12.721569,-38.5968896,305,Com acessibilidade,2026-09-23 16:06:00,383211361281955855324406
UE2015 (Anterior),SÃO FRANCISCO DO CONDE,162,38,1673316,CEAS - CENTRO DE ESTUDOS E APERFEICOAMENTO DO SABER,"RUA ALTO DA BELA VISTA, S/N",CAÍPE DE CIMA,43900000,-12.721569,-38.5968896,301,Com acessibilidade,2026-09-23 10:26:00,393312488001482439032202
UE2015 (Anterior),SÃO FRANCISCO DO CONDE,162,39,1663500,ESCOLA ESTADUAL ANA JUNQUEIRA AYRES TOURINHO,"RUA DO ASFALTO, S/N - ZONA RURAL",POVOADO CAÍPE,43900000,-12.7317931,-38.597876,366,Com acessibilidade,2026-10-02 11:29:00,868059066548040894405959
UE2015 (Anterior),SÃO FRANCISCO DO CONDE,162,40,1661913,ESCOLA ESTADUAL ANA JUNQUEIRA AYRES TOURINHO,"RUA DO ASFALTO, S/N - ZONA RURAL",POVOADO CAÍPE,43900000,-12.7317931,-38.597876,363,Com acessibilidade,2026-09-23 10:49:00,453918737207935952024578
UE2015 (Anterior),SÃO FRANCISCO DO CONDE,162,41,1681536,ESCOLA ESTADUAL ANA JUNQUEIRA AYRES TOURINHO,"RUA DO ASFALTO, S/N - ZONA RURAL",POVOADO CAÍPE,43900000,-12.7317931,-38.597876,364,Com acessibilidade,2026-09-23 10:59:00,928665316254491944148670
UE2015 (Anterior),SÃO FRANCISCO DO CONDE,162,42,1664580,CEAS - CENTRO DE ESTUDOS E APERFEICOAMENTO DO SABER,"RUA ALTO DA BELA VISTA, S/N",CAÍPE DE CIMA,43900000,-12.721569,-38.5968896,301,Com acessibilidade,2026-09-23 11:09:00,817554315743049712626086
UE2015 (Anterior),SÃO FRANCISCO DO CONDE,162,43,1680148,CEAS - CENTRO DE ESTUDOS E APERFEICOAMENTO DO SABER,"RUA ALTO DA BELA VISTA, S/N",CAÍPE DE CIMA,43900000,-12.721569,-38.5968896,311,Com acessibilidade,2026-09-23 11:19:00,282201899090605081601321
UE2015 (Anterior),SÃO FRANCISCO DO CONDE,162,44,1653623,ESCOLA ESTADUAL ANA JUNQUEIRA AYRES TOURINHO,"RUA DO ASFALTO, S/N - ZONA RURAL",POVOADO CAÍPE,43900000,-12.7317931,-38.597876,387,Com acessibilidade,2026-09-23 11:29:00,746847469836155773287965
UE2015 (Anterior),SÃO FRANCISCO DO CONDE,162,45,1674703,ESCOLA MARTINHO SALLES BRASIL,AVENIDA JUVENAL EUGÊNIO DE QUEIROZ,BAIXA FRIA,43900000,-12.6155588,-38.6608196,310,Com acessibilidade,2026-09-23 11:40:00,888261712850846739305435
UE2015 (Anterior),SÃO FRANCISCO DO CONDE,162,46,1652153,ESCOLA JULIETA PORCIÚNCULA,"RUA RAIMUNDO RIBEIRO, S/N - ZONA URBANA",CENTRO,43900000,-12.6288507,-38.6772471,275,Com acessibilidade,2026-09-23 12:59:00,171190113079962838417575
UE2015 (Anterior),SÃO FRANCISCO DO CONDE,162,47,1656099,ESCOLA MONTEIRO LOBATO,RUA ESPÍRITO SANTO,CENTRO,43900000,-12.6290523,-38.6772993,174,Com acessibilidade,2026-09-23 12:06:00,393312447901526982750111
UE2015 (Anterior),SÃO FRANCISCO DO CONDE,162,48,1671914,FREI ELISEU EISMANN,"RUA FREI MIGUEL, S/N - ZONA URBANA",CENTRO,43900000,-12.6255886,-38.6784923,399,Com acessibilidade,2026-09-23 12:15:00,90382255671249571469041
UE2015 (Anterior),SÃO FRANCISCO DO CONDE,162,49,1668502,ESCOLA CRECHE GIRASSOL,PRAÇA DO ILHOTE,POVOADO ILHOTE,43900000,-12.724075,-38.6191574,347,Com acessibilidade,2026-09-23 12:26:00,878160142949185153597719
UE2015 (Anterior),SÃO FRANCISCO DO CONDE,162,50,1676541,ESCOLA MARTINHO SALLES BRASIL,AVENIDA JUVENAL EUGÊNIO DE QUEIROZ,BAIXA FRIA,43900000,-12.6155588,-38.6608196,307,Com acessibilidade,2026-09-23 12:37:00,625635973224096923042206
UE2015 (Anterior),SÃO FRANCISCO DO CONDE,162,51,1655542,ESCOLA JULIETA PORCIÚNCULA,"RUA RAIMUNDO RIBEIRO, S/N - ZONA URBANA",CENTRO,43900000,-12.6288507,-38.6772471,279,Com acessibilidade,2026-09-23 12:47:00,383211848600940352166986
UE2015 (Anterior),SÃO FRANCISCO DO CONDE,162,52,1667194,ESCOLA ESTADUAL ANA JUNQUEIRA AYRES TOURINHO,"RUA DO ASFALTO, S/N - ZONA RURAL",POVOADO CAÍPE,43900000,-12.7317931,-38.597876,385,Com acessibilidade,2026-09-23 13:10:00,958968521757860703843535
UE2015 (Anterior),SÃO FRANCISCO DO CONDE,162,53,1656016,ESCOLA RURAL,"PRAÇA ALZIRA SANTANA CRUZ, S/N - ZONA RURAL",POVOADO PARAMIRIM,43900000,-12.6477672,-38.596631,263,Com acessibilidade,2026-09-23 13:21:00,868059541148936394674232
UE2015 (Anterior),SÃO FRANCISCO DO CONDE,162,54,1653798,ESCOLA MUNICIPAL MARIA AMÉLIA,"AV. SANTA RITA, S/N - ZONA RURAL",POVOADO SÃO BENTO DAS LAJES,43900000,-12.6197873,-38.689482,394,Com acessibilidade,2026-09-23 13:32:00,241897037786475786620113
UE2015 (Anterior),SÃO FRANCISCO DO CONDE,162,55,1671636,ESCOLA ALMIR PINTO,"RUA DA MANGUEIRA, S/N - ZONA RURAL",POVOADO CAMPINAS,43900000,-12.6052366,-38.6827157,330,Com acessibilidade,2026-09-23 13:42:00,292302199591617315984641
UE2015 (Anterior),SÃO FRANCISCO DO CONDE,162,56,1671175,ESCOLA DUQUE DE CAXIAS,"RUA DO CEMITÉRIO, S/N - ZONA RURAL",DISTRITO MONTE RECÔNCAVO,43900000,-12.6423917,-38.6205528,326,Com acessibilidade,2026-09-23 13:52:00,918564925753328640511175
UE2015 (Anterior),SÃO FRANCISCO DO CONDE,162,57,1650625,ESCOLA MONTEIRO LOBATO,RUA ESPÍRITO SANTO,CENTRO,43900000,-12.6290523,-38.6772993,179,Com acessibilidade,2026-09-23 14:03:00,191392313481334200907494
UE2015 (Anterior),SÃO FRANCISCO DO CONDE,162,58,1658331,ESCOLA MONTEIRO LOBATO,RUA ESPÍRITO SANTO,CENTRO,43900000,-12.6290523,-38.6772993,177,Com acessibilidade,2026-09-23 14:13:00,504423739112730699917367
UE2015 (Anterior),SÃO FRANCISCO DO CONDE,162,59,1675792,FREI ELISEU EISMANN,"RUA FREI MIGUEL, S/N - ZONA URBANA",CENTRO,43900000,-12.6255886,-38.6784923,395,Com acessibilidade,2026-09-23 14:22:00,322605667194579663903392
UE2015 (Anterior),SÃO FRANCISCO DO CONDE,162,60,1653046,ESCOLA ÁLVARO RODRIGUES VASCONCELOS,"RUA DO MEIO, S/N - ZONA RURAL",POVOADO JABEQUARA DA AREIA,43900000,-12.6350165,-38.543842,349,Com acessibilidade,2026-09-23 14:32:00,272100695889619841511606
UE2015 (Anterior),SÃO FRANCISCO DO CONDE,162,61,1679200,ESCOLA ESTADUAL ANA JUNQUEIRA AYRES TOURINHO,"RUA DO ASFALTO, S/N - ZONA RURAL",POVOADO CAÍPE,43900000,-12.7317931,-38.597876,384,Com acessibilidade,2026-09-23 14:42:00,504423037312936354732809
UE2015 (Anterior),SÃO FRANCISCO DO CONDE,162,62,1667068,ESCOLA MARTINHO SALLES BRASIL,AVENIDA JUVENAL EUGÊNIO DE QUEIROZ,BAIXA FRIA,43900000,-12.6155588,-38.6608196,306,Com acessibilidade,2026-09-23 14:52:00,373110015599894633047553
UE2015 (Anterior),SÃO FRANCISCO DO CONDE,162,64,1656426,ESCOLA MUNICIPAL MARIA AMÉLIA,"AV. SANTA RITA, S/N - ZONA RURAL",POVOADO SÃO BENTO DAS LAJES,43900000,-12.6197873,-38.689482,395,Com acessibilidade,2026-09-23 15:01:00,787251644240899306427527
UE2015 (Anterior),SÃO FRANCISCO DO CONDE,162,86,1680085,LUZIENE AMÁLIA SANTOS ROCHA,ESTRADA PORTO FERROLHO,estrada porto ferrolho,43900000,-12.6922916,-38.6072212,316,Com acessibilidade,2026-09-23 15:11:00,787251005040986624044880
UE2015 (Anterior),SÃO FRANCISCO DO CONDE,162,87,1655234,ESCOLA ANÍSIO TEIXEIRA,"RUA BEIRA MAR, S/N  - ZONA RURAL",POVOADO ENGENHO DE BAIXO,43970000,-12.6836361,-38.628817,269,Com acessibilidade,2026-09-23 15:21:00,989271313260276101625652
UE2015 (Anterior),SÃO FRANCISCO DO CONDE,162,89,1656960,ESCOLA MENINO JESUS,RUA U,POVOADO JABEQUARA DA AREIA,43900000,-12.6361752,-38.5438571,358,Com acessibilidade,2026-09-23 15:30:00,39776589265343404543736
UE2015 (Anterior),SÃO FRANCISCO DO CONDE,162,93,1666241,ESCOLA SÃO BENTO DAS LAJES,"AV. SANTA RITA, S/N - ZONA RURAL",POVOADO SÃO BENTO DAS LAJES,43900000,-12.6151909,-38.6920588,360,Com acessibilidade,2026-09-23 15:38:00,221695186084090181800285
UE2015 (Anterior),SÃO FRANCISCO DO CONDE,162,96,1657792,LUZIENE AMÁLIA SANTOS ROCHA,ESTRADA PORTO FERROLHO,estrada porto ferrolho,43900000,-12.6922916,-38.6072212,320,Com acessibilidade,2026-09-23 15:54:00,969069253158731955263873
UE2015 (Anterior),SÃO FRANCISCO DO CONDE,162,99,1671440,ESCOLA JOÃO SEABRA VELOSO,"RUA CAMPOMAR, S/N - ZONA RURAL",POVOADO MURIBECA,43970000,-12.6935629,-38.6056341,390,Com acessibilidade,2026-09-23 16:04:00,231796853285666431656315
UE2015 (Anterior),SÃO FRANCISCO DO CONDE,162,101,1674283,CEJAL - COMPLEXO ESCOLAR JULIETA ARLETE E LICIA ALVES,"ESTRADA DE CAMPINAS, S/N - ZONA URBANA",CENTRO,43900000,-12.6214381,-38.6742973,347,Com acessibilidade,2026-09-23 16:13:00,726645926534174380035362
UE2015 (Anterior),SÃO FRANCISCO DO CONDE,162,102,1658321,ESCOLA JUVENAL EUGÊNIO DE QUEIROZ,"TRAVESSA JUVENAL EUGÊNIO DE QUEIROZ, S/N - ZONA URBANA",BAIXA FRIA,43900000,-12.6161201,-38.6665448,366,Com acessibilidade,2026-09-23 16:22:00,645837959426115618432906
UE2015 (Anterior),SÃO FRANCISCO DO CONDE,162,103,1657736,ESCOLA ANTÔNIO BALBINO,"RUA PONTA DE SÃO JOÃO, S/N - ZONA RURAL",POVOADO ILHA DAS FONTES,43900000,-12.6881397,-38.6423324,343,Com acessibilidade,2026-09-23 16:31:00,110584531673604985226723
UE2015 (Anterior),SÃO FRANCISCO DO CONDE,162,104,1654396,ESCOLA MARIA LÚCIA ALVES,"ESTRADA DE SANTO ESTEVÃO, S/N - ZONA RURAL",SANTO ESTEVÃO,43900000,-12.7166512,-38.605391,332,Com acessibilidade,2026-09-23 16:55:00,827655359844777542294478
UE2015 (Anterior),SÃO FRANCISCO DO CONDE,162,105,1675424,ESCOLA SÃO ROQUE,"RUA DO COLÉGIO, S/N - ZONA RURAL",POVOADO ILHA DO PATY,43900000,-12.7080403,-38.6271914,128,Com acessibilidade,2026-09-23 10:28:00,120685767117351815502003
UE2015 (Anterior),SÃO FRANCISCO DO CONDE,162,106,1681985,COLÉGIO EDUCACIONAL JOAQUIM ALVES CRUZ RIOS,"RUA MANOEL EZIQUIEL DO AMARAL, S/N - ZONA URBANA",PITANGUEIRA,43900000,-12.6186943,-38.6774991,363,Com acessibilidade,2026-09-23 10:38:00,868059613091181031718476
UE2015 (Anterior),SÃO FRANCISCO DO CONDE,162,108,1669440,ESCOLA MARTINHO SALLES BRASIL,AVENIDA JUVENAL EUGÊNIO DE QUEIROZ,BAIXA FRIA,43900000,-12.6155588,-38.6608196,305,Com acessibilidade,2026-09-23 10:47:00,49877017409386181784492
UE2015 (Anterior),SÃO FRANCISCO DO CONDE,162,109,1656358,ESCOLA SÃO BENTO DAS LAJES,"AV. SANTA RITA, S/N - ZONA RURAL",POVOADO SÃO BENTO DAS LAJES,43900000,-12.6151909,-38.6920588,353,Com acessibilidade,2026-09-23 10:58:00,9473080805509965603409
UE2015 (Anterior),SÃO FRANCISCO DO CONDE,162,113,1656283,ESCOLA JOÃO SEABRA VELOSO,"RUA CAMPOMAR, S/N - ZONA RURAL",POVOADO MURIBECA,43970000,-12.6935629,-38.6056341,389,Com acessibilidade,2026-09-23 11:08:00,464019953551622057916179
UE2015 (Anterior),SÃO FRANCISCO DO CONDE,162,114,1670359,COLÉGIO EDUCACIONAL JOAQUIM ALVES CRUZ RIOS,"RUA MANOEL EZIQUIEL DO AMARAL, S/N - ZONA URBANA",PITANGUEIRA,43900000,-12.6186943,-38.6774991,349,Com acessibilidade,2026-09-23 11:17:00,746847345979926203474044
UE2015 (Anterior),SÃO FRANCISCO DO CONDE,162,116,1666886,ESCOLA JUVENAL EUGÊNIO DE QUEIROZ,"TRAVESSA JUVENAL EUGÊNIO DE QUEIROZ, S/N - ZONA URBANA",BAIXA FRIA,43900000,-12.6161201,-38.6665448,365,Com acessibilidade,2026-09-23 11:28:00,655938473470998284932053
UE2015 (Anterior),SÃO FRANCISCO DO CONDE,162,117,1656240,CEJAL - COMPLEXO ESCOLAR JULIETA ARLETE E LICIA ALVES,"ESTRADA DE CAMPINAS, S/N - ZONA URBANA",CENTRO,43900000,-12.6214381,-38.6742973,339,Com acessibilidade,2026-09-23 11:37:00,453918386350819942703785
UE2015 (Anterior),SÃO FRANCISCO DO CONDE,162,118,1674576,ESCOLA ESTADUAL ANA JUNQUEIRA AYRES TOURINHO,"RUA DO ASFALTO, S/N - ZONA RURAL",POVOADO CAÍPE,43900000,-12.7317931,-38.597876,388,Com acessibilidade,2026-09-23 11:46:00,837756871388211882433226
UE2015 (Anterior),SÃO FRANCISCO DO CONDE,162,121,1669575,ESCOLA NAVARRO DE BRITO,"RUA DA IGREJA, S/N - ZONA RURAL",POVOADO SOCORRO,43900000,-12.6816958,-38.5833447,318,Com acessibilidade,2026-09-23 11:55:00,514524850656914337138449
UE2015 (Anterior),SÃO FRANCISCO DO CONDE,162,123,1656407,ESCOLA ANÍSIO TEIXEIRA,"RUA BEIRA MAR, S/N  - ZONA RURAL",POVOADO ENGENHO DE BAIXO,43970000,-12.6836361,-38.628817,268,Com acessibilidade,2026-09-23 12:04:00,645837201569639719844517
UE2015 (Anterior),SÃO FRANCISCO DO CONDE,162,124,1670134,ESCOLA DUQUE DE CAXIAS,"RUA DO CEMITÉRIO, S/N - ZONA RURAL",DISTRITO MONTE RECÔNCAVO,43900000,-12.6423917,-38.6205528,328,Com acessibilidade,2026-09-23 12:14:00,878160549192954923797771
UE2015 (Anterior),SÃO FRANCISCO DO CONDE,162,125,1680632,ESCOLA JOSÉ DE ARAGÃO BULCÃO,"RUA DO PRÉDIO, S/N - ZONA RURAL",DISTRITO MONTE RECÔNCAVO,43900000,-12.6530015,-38.598396,182,Com acessibilidade,2026-10-02 11:42:00,534726318558409277556441
UE2015 (Anterior),SÃO FRANCISCO DO CONDE,162,126,1673709,ESCOLA JOAQUIM INÁCIO DE ARAGÃO BULCÃO,"RUA DA IGREJA, S/N - ZONA RURAL",POVOADO COROADO,43900000,-12.6431766,-38.6188593,334,Com acessibilidade,2026-09-23 12:35:00,504423393555839473675630
UE2015 (Anterior),SÃO FRANCISCO DO CONDE,162,127,1657641,ESCOLA ALMIR PINTO,"RUA DA MANGUEIRA, S/N - ZONA RURAL",POVOADO CAMPINAS,43900000,-12.6052366,-38.6827157,276,Com acessibilidade,2026-09-23 12:54:00,413514410546855165185268
UE2015 (Anterior),SÃO FRANCISCO DO CONDE,162,128,1654466,ESCOLA MARTINHO SALLES BRASIL,AVENIDA JUVENAL EUGÊNIO DE QUEIROZ,BAIXA FRIA,43900000,-12.6155588,-38.6608196,307,Com acessibilidade,2026-09-23 13:03:00,615534725166645238123964
UE2015 (Anterior),SÃO FRANCISCO DO CONDE,162,130,1673870,ESCOLA OSÓRIO VILAS BOAS,"RUA 3 DE OUTUBRO, S/N - ZONA RURAL",POVOADO MURIBECA,43900000,-12.7031018,-38.6039146,277,Com acessibilidade,2026-09-23 13:40:00,150988450320332888493504
UE2015 (Anterior),SÃO FRANCISCO DO CONDE,162,132,1680064,ESCOLA ESTADUAL ANA JUNQUEIRA AYRES TOURINHO,"RUA DO ASFALTO, S/N - ZONA RURAL",POVOADO CAÍPE,43900000,-12.7317931,-38.597876,359,Com acessibilidade,2026-09-23 13:51:00,413514938246757908486147
UE2015 (Anterior),SÃO FRANCISCO DO CONDE,162,133,1675972,ESCOLA MARIA LÚCIA ALVES,"ESTRADA DE SANTO ESTEVÃO, S/N - ZONA RURAL",SANTO ESTEVÃO,43900000,-12.7166512,-38.605391,332,Com acessibilidade,2026-09-23 14:00:00,615534249266540050399147
UE2015 (Anterior),SÃO FRANCISCO DO CONDE,162,134,1666644,ESCOLA SÃO BENTO DAS LAJES,"AV. SANTA RITA, S/N - ZONA RURAL",POVOADO SÃO BENTO DAS LAJES,43900000,-12.6151909,-38.6920588,369,Com acessibilidade,2026-09-23 14:08:00,312504052436809738368676
UE2015 (Anterior),SÃO FRANCISCO DO CONDE,162,135,1652256,COLÉGIO EDUCACIONAL JOAQUIM ALVES CRUZ RIOS,"RUA MANOEL EZIQUIEL DO AMARAL, S/N - ZONA URBANA",PITANGUEIRA,43900000,-12.6186943,-38.6774991,347,Com acessibilidade,2026-09-23 14:17:00,807453652785311815545016
UE2015 (Anterior),SÃO FRANCISCO DO CONDE,162,136,1679670,ESCOLA MUNICIPAL ANA TOURINHO JUNQUEIRA AYRES,"RUA SÃO ROQUE, S/N - ZONA RURAL",POVOADO MACACO,43900000,-12.6004503,-38.6540034,182,Com acessibilidade,2026-09-23 14:25:00,39776993108492569329344
UE2015 (Anterior),SÃO FRANCISCO DO CONDE,162,137,1651964,CEJAL - COMPLEXO ESCOLAR JULIETA ARLETE E LICIA ALVES,"ESTRADA DE CAMPINAS, S/N - ZONA URBANA",CENTRO,43900000,-12.6214381,-38.6742973,350,Com acessibilidade,2026-09-23 14:36:00,100483179015724979871762
UE2015 (Anterior),SÃO FRANCISCO DO CONDE,162,141,1679391,ESCOLA JOAQUIM INÁCIO DE ARAGÃO BULCÃO,"RUA DA IGREJA, S/N - ZONA RURAL",POVOADO COROADO,43900000,-12.6431766,-38.6188593,333,Com acessibilidade,2026-09-23 14:45:00,767049241481400145285345
UE2015 (Anterior),SÃO FRANCISCO DO CONDE,162,142,1662204,ESCOLA JUVENAL EUGÊNIO DE QUEIROZ,"TRAVESSA JUVENAL EUGÊNIO DE QUEIROZ, S/N - ZONA URBANA",BAIXA FRIA,43900000,-12.6161201,-38.6665448,360,Com acessibilidade,2026-09-23 14:54:00,595332184464257203390326
UE2015 (Anterior),SÃO FRANCISCO DO CONDE,162,143,1679581,COLÉGIO EDUCACIONAL JOAQUIM ALVES CRUZ RIOS,"RUA MANOEL EZIQUIEL DO AMARAL, S/N - ZONA URBANA",PITANGUEIRA,43900000,-12.6186943,-38.6774991,348,Com acessibilidade,2026-09-23 15:02:00,655938350670838430111837
UE2015 (Anterior),SÃO FRANCISCO DO CONDE,162,144,1666956,ESCOLA OSÓRIO VILAS BOAS,"RUA 3 DE OUTUBRO, S/N - ZONA RURAL",POVOADO MURIBECA,43900000,-12.7031018,-38.6039146,275,Com acessibilidade,2026-09-23 15:11:00,161089975921366222499759
UE2015 (Anterior),SÃO FRANCISCO DO CONDE,162,145,1679530,GINÁSIO LUIS VIANA NETO,PRAÇA DA BANDEIRA - ZONA URBANA,CENTRO,43900000,-12.6287823,-38.6762869,287,Com acessibilidade,2026-09-23 15:20:00,847857766189060393353532
UE2015 (Anterior),SÃO FRANCISCO DO CONDE,162,148,1655250,COMPLEXO ESCOLAR RILZA VALENTIM,"ESTRADA DE CAMPINAS, S/N",GURUGÉ,43900000,-12.6107379,-38.6823925,262,Sem acessibilidade,2026-09-23 15:29:00,292302544934142200666306
UE2015 (Anterior),SÃO FRANCISCO DO CONDE,162,149,1665747,CEAS - CENTRO DE ESTUDOS E APERFEICOAMENTO DO SABER,"RUA ALTO DA BELA VISTA, S/N",CAÍPE DE CIMA,43900000,-12.721569,-38.5968896,304,Sem acessibilidade,2026-09-23 15:38:00,363009725441234489125126
UE2015 (Anterior),SÃO FRANCISCO DO CONDE,162,153,1655929,LUZIENE AMÁLIA SANTOS ROCHA,ESTRADA PORTO FERROLHO,estrada porto ferrolho,43900000,-12.6922916,-38.6072212,223,Sem acessibilidade,2026-09-23 15:46:00,979170741402791464064468
UE2015 (Anterior),SÃO FRANCISCO DO CONDE,162,154,1657633,ESCOLA ESTADUAL ANA JUNQUEIRA AYRES TOURINHO,"RUA DO ASFALTO, S/N - ZONA RURAL",POVOADO CAÍPE,43900000,-12.7317931,-38.597876,385,Sem acessibilidade,2026-09-23 15:55:00,756948634680596181262161
UE2015 (Anterior),SÃO FRANCISCO DO CONDE,162,158,1655079,CEJAL - COMPLEXO ESCOLAR JULIETA ARLETE E LICIA ALVES,"ESTRADA DE CAMPINAS, S/N - ZONA URBANA",CENTRO,43900000,-12.6214381,-38.6742973,319,Sem acessibilidade,2026-09-23 16:03:00,504423825955867390506190
UE2015 (Anterior),SÃO FRANCISCO DO CONDE,162,159,1653897,ESCOLA MENINO JESUS,RUA U,POVOADO JABEQUARA DA AREIA,43900000,-12.6361752,-38.5438571,153,Sem acessibilidade,2026-09-23 16:47:00,504423930155501914672647
UE2015 (Anterior),SÃO FRANCISCO DO CONDE,162,160,1656123,ESCOLA SÃO BENTO DAS LAJES,"AV. SANTA RITA, S/N - ZONA RURAL",POVOADO SÃO BENTO DAS LAJES,43900000,-12.6151909,-38.6920588,160,Sem acessibilidade,2026-09-23 16:21:00,342807855039746152247818
UE2015 (Anterior),SÃO FRANCISCO DO CONDE,162,161,1656725,COLÉGIO EDUCACIONAL JOAQUIM ALVES CRUZ RIOS,"RUA MANOEL EZIQUIEL DO AMARAL, S/N - ZONA URBANA",PITANGUEIRA,43900000,-12.6186943,-38.6774991,156,Sem acessibilidade,2026-09-23 16:38:00,383211001443365808332255
UE2015 (Anterior),SÃO FÉLIX DO CORIBE,72,13,1755187,ESCOLA MUNICIPAL ZENOBIO PEREIRA VALVERDE,POVOADO ALAGOINHAS - ZONA RURAL,POVOADO ALAGOINHAS,47665000,-13.76916828,-43.99324651,189,Com acessibilidade,2026-09-28 08:10:00,91080492559935675661656
UE2015 (Anterior),SÃO FÉLIX DO CORIBE,72,19,1761397,ESCOLA MUNICIPAL EUGENIO LIRA,POVOADO MONTE ALEGRE -ZONA RURAL,POVOADO MONTE ALEGRE,47665000,-13.60863448,-44.10089677,224,Com acessibilidade,2026-09-28 08:18:00,868757920236266924878807
UE2015 (Anterior),SÃO FÉLIX DO CORIBE,72,20,1774656,ESCOLA MUNICIPAL EUGENIO LIRA,POVOADO MONTE ALEGRE -ZONA RURAL,POVOADO MONTE ALEGRE,47665000,-13.60863448,-44.10089677,225,Com acessibilidade,2026-09-28 08:26:00,697040839119040991020007
UE2015 (Anterior),SÃO FÉLIX DO CORIBE,72,25,1766954,ESCOLA MUNICIPAL SÃO FÉLIX,POVOADO DE CARACOL - ZONA RURAL,POVOADO CARACOL,47665000,-13.49660803,-43.97865999,200,Com acessibilidade,2026-09-28 08:53:00,575828268907984808701814
UE2015 (Anterior),SÃO FÉLIX DO CORIBE,72,26,1764975,ESCOLA MUNICIPAL ZENOBIO PEREIRA VALVERDE,POVOADO ALAGOINHAS - ZONA RURAL,POVOADO ALAGOINHAS,47665000,-13.76916828,-43.99324651,190,Com acessibilidade,2026-09-28 09:02:00,232494036873231663452399
UE2015 (Anterior),SÃO FÉLIX DO CORIBE,72,60,1807670,COLÉGIO ESTADUAL RIO CORRENTE,"RUA LESSA, Nº 1650, BAIRRO CLÓVIS ARAÚJO CASTRO - SÃO FELIX DO CORIBE",CENTRO,47672080,-13.41004865,-44.18744849,393,Com acessibilidade,2026-09-28 09:11:00,990070414649019901241167
UE2015 (Anterior),SÃO FÉLIX DO CORIBE,72,61,1769675,COLÉGIO ESTADUAL RIO CORRENTE,"RUA LESSA, Nº 1650, BAIRRO CLÓVIS ARAÚJO CASTRO - SÃO FELIX DO CORIBE",CENTRO,47672080,-13.41004865,-44.18744849,394,Com acessibilidade,2026-09-28 09:36:00,656636183415209567795875
UE2015 (Anterior),SÃO FÉLIX DO CORIBE,72,62,1769436,COLÉGIO ESTADUAL RIO CORRENTE,"RUA LESSA, Nº 1650, BAIRRO CLÓVIS ARAÚJO CASTRO - SÃO FELIX DO CORIBE",CENTRO,47672080,-13.41004865,-44.18744849,393,Com acessibilidade,2026-09-28 09:44:00,333404975383833966204078
UE2015 (Anterior),SÃO FÉLIX DO CORIBE,72,71,1769856,ESCOLA MUNICIPAL LEONIDAS ARAUJO DE CASTRO,RUA SEBASTIAO BARROS S/N - ZONA URBANA,CENTRO,47665000,-13.40025584,-44.18967045,318,Com acessibilidade,2026-09-28 09:53:00,131484738363651651927976
UE2015 (Anterior),SÃO FÉLIX DO CORIBE,72,72,1772040,ESCOLA MUNICIPAL LEONIDAS ARAUJO DE CASTRO,RUA SEBASTIAO BARROS S/N - ZONA URBANA,CENTRO,47665000,-13.40025584,-44.18967045,319,Com acessibilidade,2026-09-28 10:16:00,949565659144399694452324
UE2015 (Anterior),SÃO FÉLIX DO CORIBE,72,73,1773157,ESCOLA MUNICIPAL LEONIDAS ARAUJO DE CASTRO,RUA SEBASTIAO BARROS S/N - ZONA URBANA,CENTRO,47665000,-13.40025584,-44.18967045,315,Com acessibilidade,2026-09-28 10:24:00,414212232891819595256269
UE2015 (Anterior),SÃO FÉLIX DO CORIBE,72,89,1772289,ESCOLA PROFESSORA ROSILDA FREIRE COELHO,"RUA QUATRO DE OUTUBRO, S/N - ZONA URBANA",ALTO DA BELA VISTA,47665000,-13.4098173,-44.1959541,350,Com acessibilidade,2026-09-28 10:33:00,414212967791831948123723
UE2015 (Anterior),SÃO FÉLIX DO CORIBE,72,90,1775554,ESCOLA PROFESSORA ROSILDA FREIRE COELHO,"RUA QUATRO DE OUTUBRO, S/N - ZONA URBANA",ALTO DA BELA VISTA,47665000,-13.4098173,-44.1959541,346,Com acessibilidade,2026-09-28 10:52:00,70878701357603893862714
UE2015 (Anterior),SÃO FÉLIX DO CORIBE,72,101,1790016,ESCOLA MUNICIPAL JOAO DE DEUS,RUA E - ZONA URBANA,ALTO DA BELA VISTA,47665000,-13.4115001,-44.1943763,284,Com acessibilidade,2026-09-28 11:00:00,757646959725806754315465
UE2015 (Anterior),SÃO FÉLIX DO CORIBE,72,110,1792117,ESCOLA MUNICIPAL ZENOBIO PEREIRA VALVERDE,POVOADO ALAGOINHAS - ZONA RURAL,POVOADO ALAGOINHAS,47665000,-13.76916828,-43.99324651,189,Com acessibilidade,2026-09-28 11:08:00,161787327266778763786768
UE2015 (Anterior),SÃO FÉLIX DO CORIBE,72,117,1840588,ESCOLA MUNICIPAL EUGENIO LIRA,POVOADO MONTE ALEGRE -ZONA RURAL,POVOADO MONTE ALEGRE,47665000,-13.60863448,-44.10089677,224,Com acessibilidade,2026-09-28 11:25:00,697040627319271232765141
UE2015 (Anterior),SÃO FÉLIX DO CORIBE,72,118,1793488,COLÉGIO ESTADUAL RIO CORRENTE,"RUA LESSA, Nº 1650, BAIRRO CLÓVIS ARAÚJO CASTRO - SÃO FELIX DO CORIBE",CENTRO,47672080,-13.41004865,-44.18744849,397,Com acessibilidade,2026-09-28 11:35:00,232494279573905503014237
UE2015 (Anterior),SÃO FÉLIX DO CORIBE,72,119,1788454,COLÉGIO ESTADUAL RIO CORRENTE,"RUA LESSA, Nº 1650, BAIRRO CLÓVIS ARAÚJO CASTRO - SÃO FELIX DO CORIBE",CENTRO,47672080,-13.41004865,-44.18744849,393,Com acessibilidade,2026-09-28 11:45:00,555626709205318041997016
UE2015 (Anterior),SÃO FÉLIX DO CORIBE,72,120,1810765,COLÉGIO ESTADUAL RIO CORRENTE,"RUA LESSA, Nº 1650, BAIRRO CLÓVIS ARAÚJO CASTRO - SÃO FELIX DO CORIBE",CENTRO,47672080,-13.41004865,-44.18744849,394,Com acessibilidade,2026-09-28 11:58:00,272898506377336707300577
UE2015 (Anterior),SÃO FÉLIX DO CORIBE,72,121,1814220,ESCOLA MUNICIPAL LEONIDAS ARAUJO DE CASTRO,RUA SEBASTIAO BARROS S/N - ZONA URBANA,CENTRO,47665000,-13.40025584,-44.18967045,316,Com acessibilidade,2026-09-28 12:16:00,888959223638551541257708
UE2015 (Anterior),SÃO FÉLIX DO CORIBE,72,122,1754997,ESCOLA MUNICIPAL LEONIDAS ARAUJO DE CASTRO,RUA SEBASTIAO BARROS S/N - ZONA URBANA,CENTRO,47665000,-13.40025584,-44.18967045,316,Com acessibilidade,2026-09-28 08:09:00,606131053420983595931160
UE2015 (Anterior),SÃO FÉLIX DO CORIBE,72,124,1820197,ESCOLA PROFESSORA ROSILDA FREIRE COELHO,"RUA QUATRO DE OUTUBRO, S/N - ZONA URBANA",ALTO DA BELA VISTA,47665000,-13.4098173,-44.1959541,347,Com acessibilidade,2026-09-28 10:18:00,686939352428274999192561
UE2015 (Anterior),SÃO FÉLIX DO CORIBE,72,125,1775617,ESCOLA PROFESSORA ROSILDA FREIRE COELHO,"RUA QUATRO DE OUTUBRO, S/N - ZONA URBANA",ALTO DA BELA VISTA,47665000,-13.4098173,-44.1959541,346,Com acessibilidade,2026-09-28 08:28:00,434414213903927972631047
UE2015 (Anterior),SÃO FÉLIX DO CORIBE,72,126,1792230,ESCOLA PROFESSORA ROSILDA FREIRE COELHO,"RUA QUATRO DE OUTUBRO, S/N - ZONA URBANA",ALTO DA BELA VISTA,47665000,-13.4098173,-44.1959541,345,Com acessibilidade,2026-09-28 09:00:00,626333518422486918581594
UE2015 (Anterior),SÃO FÉLIX DO CORIBE,72,175,1790019,PREDIO ESCOLAR JESUS DE NAZARE,POVOADO MOZONDO - ZONA RURAL,POVOADO MOZONDO,47665000,-13.52114922,-44.12728878,276,Sem acessibilidade,2026-09-28 09:09:00,575828700617061974584303
UE2015 (Anterior),SÃO FÉLIX DO CORIBE,72,176,1792610,PREDIO ESCOLAR RUY BARBOSA,POVOADO TABULEIRO - ZONA RURAL,POVOADO TABULEIRO,47640000,-13.5613769,-43.9121834,332,Com acessibilidade,2026-09-28 09:20:00,101181343870141766351349
UE2015 (Anterior),SÃO FÉLIX DO CORIBE,72,188,1823857,ESCOLA PROFESSORA ROSILDA FREIRE COELHO,"RUA QUATRO DE OUTUBRO, S/N - ZONA URBANA",ALTO DA BELA VISTA,47665000,-13.4098173,-44.1959541,343,Com acessibilidade,2026-09-28 09:49:00,878858407547727241348688
UE2015 (Anterior),SÃO FÉLIX DO CORIBE,72,189,1824921,ESCOLA MUNICIPAL LEONIDAS ARAUJO DE CASTRO,RUA SEBASTIAO BARROS S/N - ZONA URBANA,CENTRO,47665000,-13.40025584,-44.18967045,316,Com acessibilidade,2026-09-28 09:59:00,222393863982166523899972
UE2015 (Anterior),SÃO FÉLIX DO CORIBE,72,190,1832829,ESCOLA MUNICIPAL JOAO DE DEUS,RUA E - ZONA URBANA,ALTO DA BELA VISTA,47665000,-13.4115001,-44.1943763,287,Com acessibilidade,2026-09-28 10:08:00,394010111499891038703123
UE2015 (Anterior),SÃO FÉLIX DO CORIBE,72,205,1810697,ESCOLA MUNICIPAL JOAO DE DEUS,RUA E - ZONA URBANA,ALTO DA BELA VISTA,47665000,-13.4115001,-44.1943763,227,Com acessibilidade,2026-09-28 10:36:00,70878808767701977572548
UE2015 (Anterior),SÃO FÉLIX DO CORIBE,72,210,1779861,ESCOLA MUNICIPAL ADALGISA BORGES,POVOADO  ENTRONCAMENTO DO PORTO NOVO - ZONA RURAL,POVOADO ENTRONCAMENTO DO PORTO NOVO,47665000,-13.3993023,-44.2018258,263,Com acessibilidade,2026-09-28 10:47:00,909161153750695695097124
UE2015 (Anterior),SÃO FÉLIX DO CORIBE,72,218,1779628,ESCOLA MUNICIPAL JOAO DE DEUS,RUA E - ZONA URBANA,ALTO DA BELA VISTA,47665000,-13.4115001,-44.1943763,271,Com acessibilidade,2026-09-28 10:55:00,747545872634482082176420
UE2015 (Anterior),SÃO FÉLIX DO CORIBE,72,221,1845760,ESCOLA MUNICIPAL SÃO FÉLIX,POVOADO DE CARACOL - ZONA RURAL,POVOADO CARACOL,47665000,-13.49660803,-43.97865999,335,Com acessibilidade,2026-09-28 11:23:00,394010820899839896371512
UE2015 (Anterior),SÃO FÉLIX DO CORIBE,72,225,1843863,PREDIO ESCOLAR JESUS DE NAZARE,POVOADO MOZONDO - ZONA RURAL,POVOADO MOZONDO,47665000,-13.52114922,-44.12728878,276,Sem acessibilidade,2026-09-28 11:39:00,899060767449842542315383
UE2015 (Anterior),SÃO FÉLIX DO CORIBE,72,226,1847614,ESCOLA MUNICIPAL JOAO DE DEUS,RUA E - ZONA URBANA,ALTO DA BELA VISTA,47665000,-13.4115001,-44.1943763,270,Com acessibilidade,2026-09-28 12:18:00,686939662928491229205259
UE2015 (Anterior),SÃO FÉLIX DO CORIBE,72,230,1829057,ESCOLA MUNICIPAL AGNELO DA SILVA BRAGA,"RUA LESSA, S/N  - ZONA URBANA",AGNELO BRAGA,47665000,-13.40298433,-44.19026802,380,Com acessibilidade,2026-09-28 12:29:00,666737055226632777721277
UE2015 (Anterior),SÃO FÉLIX DO CORIBE,72,234,1834896,ESCOLA MUNICIPAL ADALGISA BORGES,POVOADO  ENTRONCAMENTO DO PORTO NOVO - ZONA RURAL,POVOADO ENTRONCAMENTO DO PORTO NOVO,47665000,-13.3993023,-44.2018258,262,Com acessibilidade,2026-09-28 12:41:00,262797096986855338289350
UE2015 (Anterior),SÃO FÉLIX DO CORIBE,72,236,1829611,ESCOLA MUNICIPAL AGNELO DA SILVA BRAGA,"RUA LESSA, S/N  - ZONA URBANA",AGNELO BRAGA,47665000,-13.40298433,-44.19026802,380,Com acessibilidade,2026-09-28 12:50:00,161787214676773548460151
UE2015 (Anterior),SÃO FÉLIX DO CORIBE,72,239,1838362,ESCOLA MUNICIPAL JOAO DE DEUS,RUA E - ZONA URBANA,ALTO DA BELA VISTA,47665000,-13.4115001,-44.1943763,227,Sem acessibilidade,2026-09-28 13:16:00,989969367358766499155890
UE2015 (Anterior),SÃO FÉLIX DO CORIBE,72,241,1847927,ESCOLA MUNICIPAL AGNELO DA SILVA BRAGA,"RUA LESSA, S/N  - ZONA URBANA",AGNELO BRAGA,47665000,-13.40298433,-44.19026802,381,Sem acessibilidade,2026-09-28 13:25:00,959666521555759976012455
UE2015 (Anterior),SÃO GONÇALO DOS CAMPOS,108,1,1760415,COLÉGIO POLIVALENTE,"AV DR. ANTONIO MUNIZ, S/N - ZONA URBANA",CENTRO,44330000,-12.4294533,-38.9504983,352,Sem acessibilidade,2026-09-29 09:12:00,482745595658666149762780
UE2015 (Anterior),SÃO GONÇALO DOS CAMPOS,108,2,1795909,COLÉGIO POLIVALENTE,"AV DR. ANTONIO MUNIZ, S/N - ZONA URBANA",CENTRO,44330000,-12.4294533,-38.9504983,348,Sem acessibilidade,2026-09-29 09:25:00,220119446832704441097097
UE2015 (Anterior),SÃO GONÇALO DOS CAMPOS,108,3,1773060,COLÉGIO POLIVALENTE,"AV DR. ANTONIO MUNIZ, S/N - ZONA URBANA",CENTRO,44330000,-12.4294533,-38.9504983,353,Sem acessibilidade,2026-09-29 09:36:00,543351878264189762283030
UE2015 (Anterior),SÃO GONÇALO DOS CAMPOS,108,4,1837354,COLÉGIO POLIVALENTE,"AV DR. ANTONIO MUNIZ, S/N - ZONA URBANA",CENTRO,44330000,-12.4294533,-38.9504983,350,Sem acessibilidade,2026-09-29 09:47:00,795876235289598480587877
UE2015 (Anterior),SÃO GONÇALO DOS CAMPOS,108,5,1810710,COLÉGIO POLIVALENTE,"AV DR. ANTONIO MUNIZ, S/N - ZONA URBANA",CENTRO,44330000,-12.4294533,-38.9504983,350,Sem acessibilidade,2026-09-29 09:58:00,967593513206924786283266
UE2015 (Anterior),SÃO GONÇALO DOS CAMPOS,108,6,1823939,COLÉGIO POLIVALENTE,"AV DR. ANTONIO MUNIZ, S/N - ZONA URBANA",CENTRO,44330000,-12.4294533,-38.9504983,357,Sem acessibilidade,2026-09-29 10:09:00,573654234867233448498479
UE2015 (Anterior),SÃO GONÇALO DOS CAMPOS,108,7,1770301,ESCOLA ANTONIO CARLOS PEDREIRA,PRACA DA BANDEIRA  - ZONA URBANA,CENTRO,44330000,-12.4335849,-38.9497558,353,Sem acessibilidade,2026-09-29 10:18:00,997896766409678373989530
UE2015 (Anterior),SÃO GONÇALO DOS CAMPOS,108,8,1819942,ESCOLA ANTONIO CARLOS PEDREIRA,PRACA DA BANDEIRA  - ZONA URBANA,CENTRO,44330000,-12.4335849,-38.9497558,354,Sem acessibilidade,2026-09-29 10:28:00,735270615583508605104965
UE2015 (Anterior),SÃO GONÇALO DOS CAMPOS,108,9,1813505,ESCOLA ANTONIO CARLOS PEDREIRA,PRACA DA BANDEIRA  - ZONA URBANA,CENTRO,44330000,-12.4335849,-38.9497558,348,Sem acessibilidade,2026-09-29 10:38:00,735270725683590837766226
UE2015 (Anterior),SÃO GONÇALO DOS CAMPOS,108,10,1753945,ESCOLA AGRIPINA DE LIMA PEDREIRA,"AV. ARTHUR MAGALHÃES, S/N - ZONA URBANA",CENTRO,44330000,-12.429611,-38.9487936,262,Sem acessibilidade,2026-09-29 10:48:00,523149594462471110662855
UE2015 (Anterior),SÃO GONÇALO DOS CAMPOS,108,11,1768819,ESCOLA MUNICIPAL PRÓ THEONILIA DE OLIVEIRA,AV. ARTUR MAGALHÃES - ZONA URBANA,CENTRO,44330000,-12.4291682,-38.9487295,334,Sem acessibilidade,2026-09-29 10:57:00,462543649056430467511048
UE2015 (Anterior),SÃO GONÇALO DOS CAMPOS,108,12,1767072,ESCOLA MUNICIPAL PRÓ THEONILIA DE OLIVEIRA,AV. ARTUR MAGALHÃES - ZONA URBANA,CENTRO,44330000,-12.4291682,-38.9487295,337,Sem acessibilidade,2026-09-29 11:07:00,997896288109621046047654
UE2015 (Anterior),SÃO GONÇALO DOS CAMPOS,108,13,1794397,ESCOLA AGRIPINA DE LIMA PEDREIRA,"AV. ARTHUR MAGALHÃES, S/N - ZONA URBANA",CENTRO,44330000,-12.429611,-38.9487936,263,Sem acessibilidade,2026-09-29 11:17:00,341331741044061601579183
UE2015 (Anterior),SÃO GONÇALO DOS CAMPOS,108,14,1826357,ESCOLA AGRIPINA DE LIMA PEDREIRA,"AV. ARTHUR MAGALHÃES, S/N - ZONA URBANA",CENTRO,44330000,-12.429611,-38.9487936,265,Sem acessibilidade,2026-09-29 11:26:00,715068225181453654023179
UE2015 (Anterior),SÃO GONÇALO DOS CAMPOS,108,15,1760687,ESCOLA AGRIPINA DE LIMA PEDREIRA,"AV. ARTHUR MAGALHÃES, S/N - ZONA URBANA",CENTRO,44330000,-12.429611,-38.9487936,270,Sem acessibilidade,2026-09-29 11:36:00,593856217669426554948802
UE2015 (Anterior),SÃO GONÇALO DOS CAMPOS,108,16,1761581,ESCOLA AGRIPINA DE LIMA PEDREIRA,"AV. ARTHUR MAGALHÃES, S/N - ZONA URBANA",CENTRO,44330000,-12.429611,-38.9487936,271,Sem acessibilidade,2026-09-29 11:46:00,704967433580621369070067
UE2015 (Anterior),SÃO GONÇALO DOS CAMPOS,108,17,1763270,ESCOLA AGRIPINA DE LIMA PEDREIRA,"AV. ARTHUR MAGALHÃES, S/N - ZONA URBANA",CENTRO,44330000,-12.429611,-38.9487936,276,Sem acessibilidade,2026-09-29 11:55:00,957492793705890008749692
UE2015 (Anterior),SÃO GONÇALO DOS CAMPOS,108,18,1794873,ESCOLA AGRIPINA DE LIMA PEDREIRA,"AV. ARTHUR MAGALHÃES, S/N - ZONA URBANA",CENTRO,44330000,-12.429611,-38.9487936,107,Sem acessibilidade,2026-09-29 12:05:00,573654521067171929149114
UE2015 (Anterior),SÃO GONÇALO DOS CAMPOS,108,20,1793295,ESCOLA MUNICIPAL PROF NELSON PESSOA,LOTEAMENTO CIDADE JARDIM - ZONA URBANA,CENTRO,44330000,-12.4386233,-38.9445267,368,Sem acessibilidade,2026-09-29 12:15:00,149311285624838001312520
UE2015 (Anterior),SÃO GONÇALO DOS CAMPOS,108,21,1765714,ESCOLA MUNICIPAL PROF NELSON PESSOA,LOTEAMENTO CIDADE JARDIM - ZONA URBANA,CENTRO,44330000,-12.4386233,-38.9445267,377,Sem acessibilidade,2026-09-29 12:25:00,826179074792600458538369
UE2015 (Anterior),SÃO GONÇALO DOS CAMPOS,108,22,1752889,ESCOLA MUNICIPAL CEL. TIBÚRCIO BARREIROS,"RUA ADRIANO PEDREIRA, S/N - ZONA URBANA",CENTRO,44330000,-12.441815,-38.9518017,345,Sem acessibilidade,2026-09-29 12:38:00,381735749448467208198923
UE2015 (Anterior),SÃO GONÇALO DOS CAMPOS,108,23,1764938,ESCOLA MUNICIPAL CEL. TIBÚRCIO BARREIROS,"RUA ADRIANO PEDREIRA, S/N - ZONA URBANA",CENTRO,44330000,-12.441815,-38.9518017,339,Sem acessibilidade,2026-09-29 12:49:00,7997472810248228282666
UE2015 (Anterior),SÃO GONÇALO DOS CAMPOS,108,24,1793793,ESCOLA MUNICIPAL ARTUR MAGALHÃES,RUA JOSÉ DA COSTA FERRAZ - ZONA URBANA,CENTRO,44330000,-12.43912,-38.948135,373,Sem acessibilidade,2026-09-29 12:59:00,240321828334575102882915
UE2015 (Anterior),SÃO GONÇALO DOS CAMPOS,108,25,1760145,ESCOLA MUNICIPAL ARTUR MAGALHÃES,RUA JOSÉ DA COSTA FERRAZ - ZONA URBANA,CENTRO,44330000,-12.43912,-38.948135,372,Sem acessibilidade,2026-09-29 13:11:00,260523954636780649784640
UE2015 (Anterior),SÃO GONÇALO DOS CAMPOS,108,26,1767159,ESCOLA ANA DA COSTA FALCÃO,POVOADO SERGI/MERCÊS - ZONA RURAL,POVOADO SERGI,44330000,-12.4044886,-38.8793235,374,Sem acessibilidade,2026-09-29 13:21:00,967593762606576958627290
UE2015 (Anterior),SÃO GONÇALO DOS CAMPOS,108,27,1765897,ESCOLA ANA DA COSTA FALCÃO,POVOADO SERGI/MERCÊS - ZONA RURAL,POVOADO SERGI,44330000,-12.4044886,-38.8793235,376,Sem acessibilidade,2026-09-29 13:31:00,351432262245056646604120
UE2015 (Anterior),SÃO GONÇALO DOS CAMPOS,108,28,1772377,ESCOLA ANA DA COSTA FALCÃO,POVOADO SERGI/MERCÊS - ZONA RURAL,POVOADO SERGI,44330000,-12.4044886,-38.8793235,377,Sem acessibilidade,2026-09-29 13:42:00,321129344642183039561293
UE2015 (Anterior),SÃO GONÇALO DOS CAMPOS,108,30,1752595,ESCOLA 15 DE NOVEMBRO,POVOADO MATA DO CAPIM - ZONA RURAL,POVOADO MATA DO CAPIM,44330000,-12.41619,-38.85172,350,Sem acessibilidade,2026-09-29 13:52:00,775674988787722665691372
UE2015 (Anterior),SÃO GONÇALO DOS CAMPOS,108,31,1769406,ESCOLA MENI AZEVEDO LIMA,POVOADO TAPERA DE MERCES - ZONA RURAL,POVOADO TAPERA DE MERCES,44330000,-12.4340823,-38.873276,234,Sem acessibilidade,2026-09-29 14:05:00,765573086386580863991280
UE2015 (Anterior),SÃO GONÇALO DOS CAMPOS,108,32,1771726,ESCOLA CAROLINA MARTINS DE ALMEIDA,PRAÇA CENTRAL - AFLIGIDOS,DISTRITO AFLIGIDOS,44330000,-12.4922614,-38.8586995,133,Sem acessibilidade,2026-09-29 14:16:00,937290366203918046058918
UE2015 (Anterior),SÃO GONÇALO DOS CAMPOS,108,34,1764753,ESCOLA CAROLINA MARTINS DE ALMEIDA,PRAÇA CENTRAL - AFLIGIDOS,DISTRITO AFLIGIDOS,44330000,-12.4922614,-38.8586995,132,Sem acessibilidade,2026-09-29 14:26:00,896886548099960665847613
UE2015 (Anterior),SÃO GONÇALO DOS CAMPOS,108,36,1764249,ESCOLA JOÃO THIAGO DE QUEIROZ,POVOADO MAGALHÃES - ZONA RURAL,POVOADO MAGALHÃES,44330000,-12.3605695,-38.9590611,382,Sem acessibilidade,2026-09-29 14:37:00,129109991122355460726400
UE2015 (Anterior),SÃO GONÇALO DOS CAMPOS,108,37,1838420,ESCOLA JOÃO THIAGO DE QUEIROZ,POVOADO MAGALHÃES - ZONA RURAL,POVOADO MAGALHÃES,44330000,-12.3605695,-38.9590611,387,Sem acessibilidade,2026-09-29 14:47:00,98806072919411996809690
UE2015 (Anterior),SÃO GONÇALO DOS CAMPOS,108,38,1771115,ESCOLA JOÃO THIAGO DE QUEIROZ,POVOADO MAGALHÃES - ZONA RURAL,POVOADO MAGALHÃES,44330000,-12.3605695,-38.9590611,384,Sem acessibilidade,2026-09-29 14:58:00,937290020003419801480782
UE2015 (Anterior),SÃO GONÇALO DOS CAMPOS,108,39,1805700,ESCOLA JOÃO THIAGO DE QUEIROZ,POVOADO MAGALHÃES - ZONA RURAL,POVOADO MAGALHÃES,44330000,-12.3605695,-38.9590611,384,Sem acessibilidade,2026-09-29 15:20:00,492846690859252913022715
UE2015 (Anterior),SÃO GONÇALO DOS CAMPOS,108,40,1834052,ESCOLA JOÃO THIAGO DE QUEIROZ,POVOADO MAGALHÃES - ZONA RURAL,POVOADO MAGALHÃES,44330000,-12.3605695,-38.9590611,381,Sem acessibilidade,2026-09-29 15:30:00,361533644346217517487619
UE2015 (Anterior),SÃO GONÇALO DOS CAMPOS,108,41,1768693,ESCOLA FELÍCISSIMA GUIMARAES PINTO,POVOADO JOÃO MENDES - ZONA RURAL,POVOADO JOÃO MENDES,44330000,-12.3444117,-38.9715067,224,Sem acessibilidade,2026-09-29 15:40:00,68503457016005850628916
UE2015 (Anterior),SÃO GONÇALO DOS CAMPOS,108,42,1790242,ESCOLA LEUR BRITO,POVOADO JACARE  - ZONA RURAL,POVOADO JACARÉ,44330000,-12.3939929,-38.9493015,339,Sem acessibilidade,2026-09-29 15:50:00,543351048764571154511481
UE2015 (Anterior),SÃO GONÇALO DOS CAMPOS,108,43,1810142,ESCOLA LEUR BRITO,POVOADO JACARE  - ZONA RURAL,POVOADO JACARÉ,44330000,-12.3939929,-38.9493015,335,Sem acessibilidade,2026-09-29 15:59:00,240321856934902806573987
UE2015 (Anterior),SÃO GONÇALO DOS CAMPOS,108,44,1750546,ESCOLA PEDRO BORGES FALCÃO,POVOADO MURICI   - ZONA RURAL,POVOADO MURICI,44330000,-12.4070649,-38.9688483,367,Sem acessibilidade,2026-09-29 16:11:00,189715906428036544016356
UE2015 (Anterior),SÃO GONÇALO DOS CAMPOS,108,45,1825068,ESCOLA EMÍDIA PEDREIRA DE SOUZA,POVOADO SANTANA DE ITAQUARI  - ZONA RURAL,POVOADO SANTANA DE ITAQUARI,44330000,-12.4283956,-38.9035001,361,Sem acessibilidade,2026-09-29 16:21:00,543351372464488742794382
UE2015 (Anterior),SÃO GONÇALO DOS CAMPOS,108,46,1769736,ESCOLA EMÍDIA PEDREIRA DE SOUZA,POVOADO SANTANA DE ITAQUARI  - ZONA RURAL,POVOADO SANTANA DE ITAQUARI,44330000,-12.4283956,-38.9035001,351,Sem acessibilidade,2026-09-29 16:32:00,603957540170704689621882
UE2015 (Anterior),SÃO GONÇALO DOS CAMPOS,108,47,1789616,ESCOLA MUNICIPAL PATRÍCIO SODRÉ,"BR 101, FAZENDA BICUDO - ZONA RURAL",BR 101,44330000,-12.4485067,-38.923735,258,Sem acessibilidade,2026-09-29 16:45:00,634260689773034017887977
UE2015 (Anterior),SÃO GONÇALO DOS CAMPOS,108,48,1764661,ESCOLA MARIA IZABEL DA CRUZ,POVOADO CAJUEIRO - ZONA RURAL,POVOADO CAJUEIRO,44330000,-12.4609167,-38.8840483,276,Sem acessibilidade,2026-09-29 16:54:00,937290097003352798675493
UE2015 (Anterior),SÃO GONÇALO DOS CAMPOS,108,49,1755746,ESCOLA JOSÉ FALCÃO DE LIMA,POVOADO BROTAS - ZONA RURAL,POVOADO BROTAS,44330000,-12.3597457,-38.9393143,196,Sem acessibilidade,2026-09-29 17:06:00,452442725055678760900456
UE2015 (Anterior),SÃO GONÇALO DOS CAMPOS,108,50,1839813,ESCOLA MANOEL FRANCISCO DE OLIVEIRA,POVOADO BOA VISTA   - ZONA RURAL,POVOADO BOA VISTA,44330000,-12.4633332,-38.9945119,266,Sem acessibilidade,2026-09-29 17:17:00,624159973572001566132247
UE2015 (Anterior),SÃO GONÇALO DOS CAMPOS,108,51,1792851,ESCOLA MANOEL FRANCISCO DE OLIVEIRA,POVOADO BOA VISTA   - ZONA RURAL,POVOADO BOA VISTA,44330000,-12.4633332,-38.9945119,265,Sem acessibilidade,2026-09-29 17:27:00,593856055469066366562078
UE2015 (Anterior),SÃO GONÇALO DOS CAMPOS,108,52,1765558,ESCOLA DIDAN LIMA MOTA,POVOADO TAPERINHA - ZONA RURAL,POVOADO TAPERINHA,44330000,-12.4635012,-38.9604756,239,Sem acessibilidade,2026-09-29 17:37:00,98806664019653031562054
UE2015 (Anterior),SÃO GONÇALO DOS CAMPOS,108,53,1838048,ESCOLA DIDAN LIMA MOTA,POVOADO TAPERINHA - ZONA RURAL,POVOADO TAPERINHA,44330000,-12.4635012,-38.9604756,234,Sem acessibilidade,2026-09-29 17:48:00,856482537195571542427518
UE2015 (Anterior),SÃO GONÇALO DOS CAMPOS,108,54,1769037,ESCOLA MUNICIPAL CEL. TIBÚRCIO BARREIROS,"RUA ADRIANO PEDREIRA, S/N - ZONA URBANA",CENTRO,44330000,-12.441815,-38.9518017,336,Sem acessibilidade,2026-09-29 17:58:00,957492749605769284834323
UE2015 (Anterior),SÃO GONÇALO DOS CAMPOS,108,55,1767226,ESCOLA CASTRO ALVES,POVOADO TABUA - ZONA RURAL,POVOADO TABUA,44330000,-12.4771333,-38.9187683,229,Sem acessibilidade,2026-09-29 18:07:00,68503968316463659545436
UE2015 (Anterior),SÃO GONÇALO DOS CAMPOS,108,56,1778882,ESCOLA CASTRO ALVES,POVOADO TABUA - ZONA RURAL,POVOADO TABUA,44330000,-12.4771333,-38.9187683,232,Sem acessibilidade,2026-09-29 11:55:00,442341451394385916846369
UE2015 (Anterior),SÃO GONÇALO DOS CAMPOS,108,57,1809997,ESCOLA DEPUTADO NÓIDE CERQUEIRA,POVOADO TAPERA  - ZONA RURAL,POVOADO TAPERA,44330000,-12.334975,-38.9559033,388,Sem acessibilidade,2026-09-29 12:07:00,886785005938628141654780
UE2015 (Anterior),SÃO GONÇALO DOS CAMPOS,108,58,1772287,ESCOLA DEPUTADO NÓIDE CERQUEIRA,POVOADO TAPERA  - ZONA RURAL,POVOADO TAPERA,44330000,-12.334975,-38.9559033,390,Sem acessibilidade,2026-09-29 12:18:00,331230565183234897326719
UE2015 (Anterior),SÃO GONÇALO DOS CAMPOS,108,59,1775769,ESCOLA JOSÉ FALCÃO DE LIMA,POVOADO BROTAS - ZONA RURAL,POVOADO BROTAS,44330000,-12.3597457,-38.9393143,245,Sem acessibilidade,2026-09-29 12:33:00,199816539569927749203583
UE2015 (Anterior),SÃO GONÇALO DOS CAMPOS,108,60,1765023,ESCOLA CÍCERO DANTAS,POVOADO CRISTÓVÃO - ZONA RURAL,POVOADO CRISTOVÃO,44330000,-12.3406933,-38.9361617,347,Sem acessibilidade,2026-09-29 12:43:00,704967128820524486282809
UE2015 (Anterior),SÃO GONÇALO DOS CAMPOS,108,61,1809753,ESCOLA PEDRO CORREIA DE MOURA,POVOADO SÃO JOÃO - ZONA RURAL,POVOADO SÃO JOÃO,44330000,-12.3113127,-38.9638225,346,Sem acessibilidade,2026-09-29 12:53:00,209917739770111587517938
UE2015 (Anterior),SÃO GONÇALO DOS CAMPOS,108,62,1778041,ESCOLA FELÍCISSIMA GUIMARAES PINTO,POVOADO JOÃO MENDES - ZONA RURAL,POVOADO JOÃO MENDES,44330000,-12.3444117,-38.9715067,225,Sem acessibilidade,2026-09-29 13:04:00,442341080494083768165773
UE2015 (Anterior),SÃO GONÇALO DOS CAMPOS,108,64,1765632,ESCOLA MANOEL FRANCISCO DE OLIVEIRA,POVOADO BOA VISTA   - ZONA RURAL,POVOADO BOA VISTA,44330000,-12.4633332,-38.9945119,265,Sem acessibilidade,2026-09-29 13:13:00,593856452109250319999384
UE2015 (Anterior),SÃO GONÇALO DOS CAMPOS,108,65,1807704,ESCOLA FRANCISCO JOSÉ DA SILVA,POVOADO BOA HORA - ZONA RURAL,POVOADO BOA HORA,44330000,-12.3215112,-38.9549334,373,Sem acessibilidade,2026-09-29 13:23:00,987795951148739814830388
UE2015 (Anterior),SÃO GONÇALO DOS CAMPOS,108,66,1765846,COLÉGIO POLIVALENTE,"AV DR. ANTONIO MUNIZ, S/N - ZONA URBANA",CENTRO,44330000,-12.4294533,-38.9504983,347,Com acessibilidade,2026-09-29 13:34:00,553452637805467320123294
UE2015 (Anterior),SÃO GONÇALO DOS CAMPOS,108,67,1795783,ESCOLA DR. OSCAR PEIXOTO DE LACERDA,POVOADO SOBRADINHO - ZONA RURAL,POVOADO SOBRADINHO,44330000,-12.4393218,-38.9738469,323,Sem acessibilidade,2026-09-29 15:01:00,715068903721360851596814
UE2015 (Anterior),SÃO GONÇALO DOS CAMPOS,108,68,1768596,CRECHE TIA MARIA DA FONSECA (CRECHE DO GRAVATÁ),BAIRRO DO GRAVATÁ - ZONA URBANA,GRAVATÁ,44330000,-12.4457728,-38.9540861,385,Sem acessibilidade,2026-09-29 13:53:00,725169025622740858519797
UE2015 (Anterior),SÃO GONÇALO DOS CAMPOS,108,69,1764537,ESCOLA MUNICIPAL PRÓ THEONILIA DE OLIVEIRA,AV. ARTUR MAGALHÃES - ZONA URBANA,CENTRO,44330000,-12.4291682,-38.9487295,281,Sem acessibilidade,2026-09-29 14:03:00,209917611170881007222467
UE2015 (Anterior),SÃO GONÇALO DOS CAMPOS,108,70,1791815,ESCOLA MUNICIPAL ARTUR MAGALHÃES,RUA JOSÉ DA COSTA FERRAZ - ZONA URBANA,CENTRO,44330000,-12.43912,-38.948135,370,Sem acessibilidade,2026-09-29 14:25:00,159412649365156937754049
UE2015 (Anterior),SÃO GONÇALO DOS CAMPOS,108,71,1768270,ESCOLA JOSÉ FALCÃO DE LIMA,POVOADO BROTAS - ZONA RURAL,POVOADO BROTAS,44330000,-12.3597457,-38.9393143,243,Sem acessibilidade,2026-09-29 14:38:00,906987507740207856276014
UE2015 (Anterior),SÃO GONÇALO DOS CAMPOS,108,72,1761321,ESCOLA MANOEL FRANCISCO DE OLIVEIRA,POVOADO BOA VISTA   - ZONA RURAL,POVOADO BOA VISTA,44330000,-12.4633332,-38.9945119,263,Sem acessibilidade,2026-09-29 14:49:00,816078526631275547652186
UE2015 (Anterior),SÃO GONÇALO DOS CAMPOS,108,73,1768777,ESCOLA MENI AZEVEDO LIMA,POVOADO TAPERA DE MERCES - ZONA RURAL,POVOADO TAPERA DE MERCES,44330000,-12.4340823,-38.873276,231,Sem acessibilidade,2026-09-29 15:12:00,704967525520512696388575
UE2015 (Anterior),SÃO GONÇALO DOS CAMPOS,108,74,1810633,ESCOLA ANTONIO CARLOS PEDREIRA,PRACA DA BANDEIRA  - ZONA URBANA,CENTRO,44330000,-12.4335849,-38.9497558,350,Sem acessibilidade,2026-09-29 15:21:00,624159554012454405344885
UE2015 (Anterior),SÃO GONÇALO DOS CAMPOS,108,76,1766310,ESCOLA DEPUTADO NÓIDE CERQUEIRA,POVOADO TAPERA  - ZONA RURAL,POVOADO TAPERA,44330000,-12.334975,-38.9559033,385,Sem acessibilidade,2026-09-29 15:33:00,755472908525819170739893
UE2015 (Anterior),SÃO GONÇALO DOS CAMPOS,108,77,1808868,ESCOLA MUNICIPAL PRÓ THEONILIA DE OLIVEIRA,AV. ARTUR MAGALHÃES - ZONA URBANA,CENTRO,44330000,-12.4291682,-38.9487295,102,Sem acessibilidade,2026-09-29 15:43:00,816078071231962021744496
UE2015 (Anterior),SÃO GONÇALO DOS CAMPOS,108,79,1788636,ESCOLA FRANCISCO JOSÉ DA SILVA,POVOADO BOA HORA - ZONA RURAL,POVOADO BOA HORA,44330000,-12.3215112,-38.9549334,374,Sem acessibilidade,2026-09-29 15:53:00,422139908992662987134220
UE2015 (Anterior),SÃO GONÇALO DOS CAMPOS,108,123,1812823,ESCOLA MUNICIPAL CEL. TIBÚRCIO BARREIROS,"RUA ADRIANO PEDREIRA, S/N - ZONA URBANA",CENTRO,44330000,-12.441815,-38.9518017,340,Sem acessibilidade,2026-09-29 16:03:00,209917761970101323788882
UE2015 (Anterior),SÃO GONÇALO DOS CAMPOS,108,127,1794210,ESCOLA DR. OSCAR PEIXOTO DE LACERDA,POVOADO SOBRADINHO - ZONA RURAL,POVOADO SOBRADINHO,44330000,-12.4393218,-38.9738469,319,Sem acessibilidade,2026-09-29 16:15:00,48301042254171871162916
UE2015 (Anterior),SÃO GONÇALO DOS CAMPOS,108,130,1826114,ESCOLA FRANCISCO JOSÉ DA SILVA,POVOADO BOA HORA - ZONA RURAL,POVOADO BOA HORA,44330000,-12.3215112,-38.9549334,370,Sem acessibilidade,2026-09-29 16:24:00,563553865106717161088549
UE2015 (Anterior),SÃO GONÇALO DOS CAMPOS,108,131,1825079,ESCOLA ANA DA COSTA FALCÃO,POVOADO SERGI/MERCÊS - ZONA RURAL,POVOADO SERGI,44330000,-12.4044886,-38.8793235,374,Sem acessibilidade,2026-09-29 16:35:00,937290348343244469105590
UE2015 (Anterior),SÃO GONÇALO DOS CAMPOS,108,132,1838506,COLÉGIO POLIVALENTE,"AV DR. ANTONIO MUNIZ, S/N - ZONA URBANA",CENTRO,44330000,-12.4294533,-38.9504983,353,Sem acessibilidade,2026-09-29 16:44:00,826179344132152849800655
UE2015 (Anterior),SÃO GONÇALO DOS CAMPOS,108,134,1769784,ESCOLA PEDRO CORREIA DE MOURA,POVOADO SÃO JOÃO - ZONA RURAL,POVOADO SÃO JOÃO,44330000,-12.3113127,-38.9638225,345,Sem acessibilidade,2026-09-29 16:54:00,68503808456488835942233
UE2015 (Anterior),SÃO GONÇALO DOS CAMPOS,108,135,1841225,COLÉGIO POLIVALENTE,"AV DR. ANTONIO MUNIZ, S/N - ZONA URBANA",CENTRO,44330000,-12.4294533,-38.9504983,343,Sem acessibilidade,2026-09-29 17:04:00,432240284293513835261740
UE2015 (Anterior),SÃO GONÇALO DOS CAMPOS,108,136,1770196,ESCOLA ANTONIO CARLOS PEDREIRA,PRACA DA BANDEIRA  - ZONA URBANA,CENTRO,44330000,-12.4335849,-38.9497558,352,Sem acessibilidade,2026-09-29 17:14:00,624159585712795208168359
UE2015 (Anterior),SÃO GONÇALO DOS CAMPOS,108,137,1764557,ESCOLA MUNICIPAL PROF NELSON PESSOA,LOTEAMENTO CIDADE JARDIM - ZONA URBANA,CENTRO,44330000,-12.4386233,-38.9445267,372,Sem acessibilidade,2026-09-29 17:23:00,98806162259280683570199
UE2015 (Anterior),SÃO GONÇALO DOS CAMPOS,108,138,1754844,ESCOLA DEPUTADO NÓIDE CERQUEIRA,POVOADO TAPERA  - ZONA RURAL,POVOADO TAPERA,44330000,-12.334975,-38.9559033,388,Sem acessibilidade,2026-09-29 17:33:00,361533542186641635888810
UE2015 (Anterior),SÃO GONÇALO DOS CAMPOS,108,140,1764121,COLÉGIO POLIVALENTE,"AV DR. ANTONIO MUNIZ, S/N - ZONA URBANA",CENTRO,44330000,-12.4294533,-38.9504983,343,Sem acessibilidade,2026-09-29 17:51:00,704967076820020368498794
UE2015 (Anterior),SÃO GONÇALO DOS CAMPOS,108,142,1838838,ESCOLA FRANCISCO JOSÉ DA SILVA,POVOADO BOA HORA - ZONA RURAL,POVOADO BOA HORA,44330000,-12.3215112,-38.9549334,373,Sem acessibilidade,2026-09-29 18:00:00,250422845675169210789383
UE2015 (Anterior),SÃO GONÇALO DOS CAMPOS,108,143,1835605,ESCOLA JOÃO THIAGO DE QUEIROZ,POVOADO MAGALHÃES - ZONA RURAL,POVOADO MAGALHÃES,44330000,-12.3605695,-38.9590611,383,Sem acessibilidade,2026-09-29 18:11:00,826179521232895723052268
UE2015 (Anterior),SÃO GONÇALO DOS CAMPOS,108,144,1765124,COLÉGIO POLIVALENTE,"AV DR. ANTONIO MUNIZ, S/N - ZONA URBANA",CENTRO,44330000,-12.4294533,-38.9504983,339,Sem acessibilidade,2026-09-29 18:24:00,805977611430179612228469
UE2015 (Anterior),SÃO GONÇALO DOS CAMPOS,108,146,1776213,COLÉGIO POLIVALENTE,"AV DR. ANTONIO MUNIZ, S/N - ZONA URBANA",CENTRO,44330000,-12.4294533,-38.9504983,337,Sem acessibilidade,2026-09-29 18:34:00,634260660413098780219228
UE2015 (Anterior),SÃO GONÇALO DOS CAMPOS,108,147,1750886,ESCOLA PEDRO CORREIA DE MOURA,POVOADO SÃO JOÃO - ZONA RURAL,POVOADO SÃO JOÃO,44330000,-12.3113127,-38.9638225,344,Sem acessibilidade,2026-09-29 18:43:00,401937545190880159500510
UE2015 (Anterior),SÃO GONÇALO DOS CAMPOS,108,148,1768711,ESCOLA EMÍDIA PEDREIRA DE SOUZA,POVOADO SANTANA DE ITAQUARI  - ZONA RURAL,POVOADO SANTANA DE ITAQUARI,44330000,-12.4283956,-38.9035001,82,Sem acessibilidade,2026-09-29 18:52:00,937290185843438873334528
UE2015 (Anterior),SÃO GONÇALO DOS CAMPOS,108,149,1765860,ESCOLA MUNICIPAL NINI DESSA,"AVENIDA PROFESSORA MARIA BARBOSA, S/N - ZONA URBANA",MURILO LEITE,44330000,-12.4251109,-38.9515747,382,Sem acessibilidade,2026-09-29 19:01:00,583755944908679717692549
UE2015 (Anterior),SÃO GONÇALO DOS CAMPOS,108,154,1773669,ESCOLA MUNICIPAL NINI DESSA,"AVENIDA PROFESSORA MARIA BARBOSA, S/N - ZONA URBANA",MURILO LEITE,44330000,-12.4251109,-38.9515747,382,Sem acessibilidade,2026-09-29 19:10:00,795876673029902403737300
UE2015 (Anterior),SÃO GONÇALO DOS CAMPOS,108,155,1836347,ESCOLA MUNICIPAL PROF NELSON PESSOA,LOTEAMENTO CIDADE JARDIM - ZONA URBANA,CENTRO,44330000,-12.4386233,-38.9445267,194,Sem acessibilidade,2026-09-29 19:20:00,270624260777477223714455
UE2015 (Anterior),SÃO GONÇALO DOS CAMPOS,108,158,1766873,ESCOLA MUNICIPAL NINI DESSA,"AVENIDA PROFESSORA MARIA BARBOSA, S/N - ZONA URBANA",MURILO LEITE,44330000,-12.4251109,-38.9515747,295,Sem acessibilidade,2026-09-29 19:29:00,583755909608419931888976
UE2015 (Anterior),SÃO SEBASTIÃO DO PASSÉ,128,1,1650738,ESCOLA MUNICIPAL DR JOÃO PAIM,"RUA EUTIQUIO DE LIMA, 155 - SAO ROQUE - ZONA URBANA",CENTRO,43850000,-12.50983512,-38.49253869,338,Sem acessibilidade,2026-09-29 08:14:00,753586863563963311510507
UE2015 (Anterior),SÃO SEBASTIÃO DO PASSÉ,128,2,1658069,ESCOLA MUNICIPAL DR JOÃO PAIM,"RUA EUTIQUIO DE LIMA, 155 - SAO ROQUE - ZONA URBANA",CENTRO,43850000,-12.50983512,-38.49253869,337,Sem acessibilidade,2026-09-29 08:24:00,551566778043859733487712
UE2015 (Anterior),SÃO SEBASTIÃO DO PASSÉ,128,3,1651514,ESCOLA MUNICIPAL DR JOÃO PAIM,"RUA EUTIQUIO DE LIMA, 155 - SAO ROQUE - ZONA URBANA",CENTRO,43850000,-12.50983512,-38.49253869,337,Sem acessibilidade,2026-09-29 08:33:00,399950723627718840080925
UE2015 (Anterior),SÃO SEBASTIÃO DO PASSÉ,128,4,1656249,ESCOLA MUNICIPAL DR JOÃO PAIM,"RUA EUTIQUIO DE LIMA, 155 - SAO ROQUE - ZONA URBANA",CENTRO,43850000,-12.50983512,-38.49253869,336,Sem acessibilidade,2026-09-29 08:41:00,399950833827666214849763
UE2015 (Anterior),SÃO SEBASTIÃO DO PASSÉ,128,5,1653913,ESCOLA MUNICIPAL DR JOÃO PAIM,"RUA EUTIQUIO DE LIMA, 155 - SAO ROQUE - ZONA URBANA",CENTRO,43850000,-12.50983512,-38.49253869,335,Sem acessibilidade,2026-09-29 08:50:00,490960048337780006405481
UE2015 (Anterior),SÃO SEBASTIÃO DO PASSÉ,128,6,1656124,ESCOLA MUNICIPAL DR JOÃO PAIM,"RUA EUTIQUIO DE LIMA, 155 - SAO ROQUE - ZONA URBANA",CENTRO,43850000,-12.50983512,-38.49253869,334,Sem acessibilidade,2026-09-29 09:07:00,197930854407636115175368
UE2015 (Anterior),SÃO SEBASTIÃO DO PASSÉ,128,7,1653812,ESCOLA MUNICIPAL DR JOÃO PAIM,"RUA EUTIQUIO DE LIMA, 155 - SAO ROQUE - ZONA URBANA",CENTRO,43850000,-12.50983512,-38.49253869,332,Sem acessibilidade,2026-09-29 09:17:00,309041074818837182483328
UE2015 (Anterior),SÃO SEBASTIÃO DO PASSÉ,128,8,1675148,ESCOLA MUNICIPAL DR JOÃO PAIM,"RUA EUTIQUIO DE LIMA, 155 - SAO ROQUE - ZONA URBANA",CENTRO,43850000,-12.50983512,-38.49253869,336,Sem acessibilidade,2026-09-29 09:25:00,339344212921811134850323
UE2015 (Anterior),SÃO SEBASTIÃO DO PASSÉ,128,9,1675397,ESCOLA MUNICIPAL DR JOÃO PAIM,"RUA EUTIQUIO DE LIMA, 155 - SAO ROQUE - ZONA URBANA",CENTRO,43850000,-12.50983512,-38.49253869,333,Sem acessibilidade,2026-09-29 09:34:00,935304924981435138060466
UE2015 (Anterior),SÃO SEBASTIÃO DO PASSÉ,128,10,1666863,ESCOLA MUNICIPAL DR JOÃO PAIM,"RUA EUTIQUIO DE LIMA, 155 - SAO ROQUE - ZONA URBANA",CENTRO,43850000,-12.50983512,-38.49253869,334,Sem acessibilidade,2026-09-29 09:42:00,319142385119766630660579
UE2015 (Anterior),SÃO SEBASTIÃO DO PASSÉ,128,11,1656142,COLÉGIO ESTADUAL DE TEMPO INTEGRAL MONSENHOR LUIZ FERREIRA DE BRITO,"RUA EUTÍQUIO DE LIMA, N 155, SÃO ROQUE - ZONA URBANA",SÃO ROQUE,43850000,-12.5088739,-38.4895476,295,Com acessibilidade,2026-09-29 09:52:00,713182890059258124930028
UE2015 (Anterior),SÃO SEBASTIÃO DO PASSÉ,128,12,1668318,COLÉGIO ESTADUAL DE TEMPO INTEGRAL MONSENHOR LUIZ FERREIRA DE BRITO,"RUA EUTÍQUIO DE LIMA, N 155, SÃO ROQUE - ZONA URBANA",SÃO ROQUE,43850000,-12.5088739,-38.4895476,296,Com acessibilidade,2026-09-29 10:10:00,399950683227519689507947
UE2015 (Anterior),SÃO SEBASTIÃO DO PASSÉ,128,13,1655852,COLÉGIO ESTADUAL DE TEMPO INTEGRAL MONSENHOR LUIZ FERREIRA DE BRITO,"RUA EUTÍQUIO DE LIMA, N 155, SÃO ROQUE - ZONA URBANA",SÃO ROQUE,43850000,-12.5088739,-38.4895476,292,Com acessibilidade,2026-09-29 10:11:00,935304337381123475144230
UE2015 (Anterior),SÃO SEBASTIÃO DO PASSÉ,128,14,1672193,COLÉGIO ESTADUAL DE TEMPO INTEGRAL MONSENHOR LUIZ FERREIRA DE BRITO,"RUA EUTÍQUIO DE LIMA, N 155, SÃO ROQUE - ZONA URBANA",SÃO ROQUE,43850000,-12.5088739,-38.4895476,296,Com acessibilidade,2026-09-29 10:19:00,339344841221088105235566
UE2015 (Anterior),SÃO SEBASTIÃO DO PASSÉ,128,15,1675250,COLÉGIO ESTADUAL DE TEMPO INTEGRAL MONSENHOR LUIZ FERREIRA DE BRITO,"RUA EUTÍQUIO DE LIMA, N 155, SÃO ROQUE - ZONA URBANA",SÃO ROQUE,43850000,-12.5088739,-38.4895476,295,Com acessibilidade,2026-09-29 10:29:00,985809604086820310392514
UE2015 (Anterior),SÃO SEBASTIÃO DO PASSÉ,128,16,1657648,COLÉGIO ESTADUAL DE TEMPO INTEGRAL MONSENHOR LUIZ FERREIRA DE BRITO,"RUA EUTÍQUIO DE LIMA, N 155, SÃO ROQUE - ZONA URBANA",SÃO ROQUE,43850000,-12.5088739,-38.4895476,295,Com acessibilidade,2026-09-29 10:38:00,369647096324223852630498
UE2015 (Anterior),SÃO SEBASTIÃO DO PASSÉ,128,17,1664337,COLÉGIO ESTADUAL DE TEMPO INTEGRAL MONSENHOR LUIZ FERREIRA DE BRITO,"RUA EUTÍQUIO DE LIMA, N 155, SÃO ROQUE - ZONA URBANA",SÃO ROQUE,43850000,-12.5088739,-38.4895476,292,Com acessibilidade,2026-09-29 10:47:00,773788614765654852869741
UE2015 (Anterior),SÃO SEBASTIÃO DO PASSÉ,128,18,1656034,COLÉGIO ESTADUAL DE TEMPO INTEGRAL MONSENHOR LUIZ FERREIRA DE BRITO,"RUA EUTÍQUIO DE LIMA, N 155, SÃO ROQUE - ZONA URBANA",SÃO ROQUE,43850000,-12.5088739,-38.4895476,294,Com acessibilidade,2026-09-29 10:56:00,632374589251539384990835
UE2015 (Anterior),SÃO SEBASTIÃO DO PASSÉ,128,19,1655622,COLÉGIO ESTADUAL DE TEMPO INTEGRAL MONSENHOR LUIZ FERREIRA DE BRITO,"RUA EUTÍQUIO DE LIMA, N 155, SÃO ROQUE - ZONA URBANA",SÃO ROQUE,43850000,-12.5088739,-38.4895476,292,Com acessibilidade,2026-09-29 11:06:00,400051467328967124142145
UE2015 (Anterior),SÃO SEBASTIÃO DO PASSÉ,128,20,1679827,ESCOLA PROFESSORA LINDAURA MONTEIRO CÂMARA,"RUA JOSÉ GONÇALVES, N 20 - ZONA URBANA",CENTRO,43850000,-12.50982831,-38.49426384,329,Sem acessibilidade,2026-09-29 11:15:00,288839427816863022674778
UE2015 (Anterior),SÃO SEBASTIÃO DO PASSÉ,128,21,1656331,ESCOLA PROFESSORA LINDAURA MONTEIRO CÂMARA,"RUA JOSÉ GONÇALVES, N 20 - ZONA URBANA",CENTRO,43850000,-12.50982831,-38.49426384,330,Sem acessibilidade,2026-09-29 11:24:00,410152666429011802909085
UE2015 (Anterior),SÃO SEBASTIÃO DO PASSÉ,128,22,1652444,ANTIGA ESCOLA SÃO MATHEUS,AVENIDA SÃO SEBASTIÃO N 202 CENTRO,CENTRO,43850000,-12.51219621,-38.49418545,294,Com acessibilidade,2026-09-29 11:42:00,995910353187636763749765
UE2015 (Anterior),SÃO SEBASTIÃO DO PASSÉ,128,23,1657702,ANTIGA ESCOLA SÃO MATHEUS,AVENIDA SÃO SEBASTIÃO N 202 CENTRO,CENTRO,43850000,-12.51219621,-38.49418545,292,Com acessibilidade,2026-09-29 11:53:00,480859958436287001058149
UE2015 (Anterior),SÃO SEBASTIÃO DO PASSÉ,128,24,1676578,ANTIGA ESCOLA SÃO MATHEUS,AVENIDA SÃO SEBASTIÃO N 202 CENTRO,CENTRO,43850000,-12.51219621,-38.49418545,292,Com acessibilidade,2026-09-29 12:06:00,521263101840194613595165
UE2015 (Anterior),SÃO SEBASTIÃO DO PASSÉ,128,25,1656546,CENTRO PAROQUIAL MONSENHOR LUIZ FERREIRA DE BRITO,PRAÇA 12 DE OUTUBRO 234,CENTRO,43850000,-12.51282192,-38.49587991,293,Com acessibilidade,2026-09-29 12:17:00,117122800499941824466792
UE2015 (Anterior),SÃO SEBASTIÃO DO PASSÉ,128,26,1657826,CENTRO PAROQUIAL MONSENHOR LUIZ FERREIRA DE BRITO,PRAÇA 12 DE OUTUBRO 234,CENTRO,43850000,-12.51282192,-38.49587991,291,Com acessibilidade,2026-09-29 12:31:00,551566355643147258830155
UE2015 (Anterior),SÃO SEBASTIÃO DO PASSÉ,128,27,1656678,CENTRO PAROQUIAL MONSENHOR LUIZ FERREIRA DE BRITO,PRAÇA 12 DE OUTUBRO 234,CENTRO,43850000,-12.51282192,-38.49587991,294,Com acessibilidade,2026-09-29 12:40:00,379748288825985296928512
UE2015 (Anterior),SÃO SEBASTIÃO DO PASSÉ,128,28,1656013,ESCOLA MUNICIPAL EZEQUIEL PORTUGAL,"RUA JOSÉ FERREIRA LISBOA, SN, SAO ROQUE - ZONA URBANA",SÃO ROQUE,43850000,-12.5132914,-38.4917892,293,Sem acessibilidade,2026-09-29 12:51:00,309041322818078223978527
UE2015 (Anterior),SÃO SEBASTIÃO DO PASSÉ,128,29,1650449,ESCOLA MUNICIPAL EZEQUIEL PORTUGAL,"RUA JOSÉ FERREIRA LISBOA, SN, SAO ROQUE - ZONA URBANA",SÃO ROQUE,43850000,-12.5132914,-38.4917892,295,Sem acessibilidade,2026-09-29 13:20:00,339344469221876258032387
UE2015 (Anterior),SÃO SEBASTIÃO DO PASSÉ,128,30,1654508,ESCOLA MUNICIPAL EZEQUIEL PORTUGAL,"RUA JOSÉ FERREIRA LISBOA, SN, SAO ROQUE - ZONA URBANA",SÃO ROQUE,43850000,-12.5132914,-38.4917892,291,Sem acessibilidade,2026-09-29 08:22:00,258536467408416805831046
UE2015 (Anterior),SÃO SEBASTIÃO DO PASSÉ,128,31,1653513,ESCOLA MUNICIPAL EZEQUIEL PORTUGAL,"RUA JOSÉ FERREIRA LISBOA, SN, SAO ROQUE - ZONA URBANA",SÃO ROQUE,43850000,-12.5132914,-38.4917892,293,Sem acessibilidade,2026-09-29 08:33:00,389849704421709753997561
UE2015 (Anterior),SÃO SEBASTIÃO DO PASSÉ,128,32,1656522,COLÉGIO ESTADUAL DE TEMPO INTEGRAL MONSENHOR LUIZ FERREIRA DE BRITO,"RUA EUTÍQUIO DE LIMA, N 155, SÃO ROQUE - ZONA URBANA",SÃO ROQUE,43850000,-12.5088739,-38.4895476,292,Com acessibilidade,2026-09-29 08:53:00,571768009240070730289002
UE2015 (Anterior),SÃO SEBASTIÃO DO PASSÉ,128,33,1674281,COLÉGIO ESTADUAL DE TEMPO INTEGRAL MONSENHOR LUIZ FERREIRA DE BRITO,"RUA EUTÍQUIO DE LIMA, N 155, SÃO ROQUE - ZONA URBANA",SÃO ROQUE,43850000,-12.5088739,-38.4895476,292,Com acessibilidade,2026-09-29 09:02:00,46415587987134982371861
UE2015 (Anterior),SÃO SEBASTIÃO DO PASSÉ,128,34,1676816,COLÉGIO ESTADUAL DE TEMPO INTEGRAL MONSENHOR LUIZ FERREIRA DE BRITO,"RUA EUTÍQUIO DE LIMA, N 155, SÃO ROQUE - ZONA URBANA",SÃO ROQUE,43850000,-12.5088739,-38.4895476,294,Com acessibilidade,2026-09-29 09:10:00,561667215939604631342079
UE2015 (Anterior),SÃO SEBASTIÃO DO PASSÉ,128,35,1660024,COLÉGIO ESTADUAL DE TEMPO INTEGRAL MONSENHOR LUIZ FERREIRA DE BRITO,"RUA EUTÍQUIO DE LIMA, N 155, SÃO ROQUE - ZONA URBANA",SÃO ROQUE,43850000,-12.5088739,-38.4895476,291,Com acessibilidade,2026-09-29 09:20:00,581869343341714531946355
UE2015 (Anterior),SÃO SEBASTIÃO DO PASSÉ,128,36,1654738,COLÉGIO ESTADUAL DE TEMPO INTEGRAL MONSENHOR LUIZ FERREIRA DE BRITO,"RUA EUTÍQUIO DE LIMA, N 155, SÃO ROQUE - ZONA URBANA",SÃO ROQUE,43850000,-12.5088739,-38.4895476,294,Com acessibilidade,2026-09-29 09:33:00,793990667562226331561084
UE2015 (Anterior),SÃO SEBASTIÃO DO PASSÉ,128,37,1657384,ESCOLA MUNICIPAL GRACILIANO RAMOS,"AV. ERNANE DE OLIVEIRA ROCHA, SN, URBIS I - ZONA URBANA",URBIS II,43850000,-12.52102792,-38.49175892,392,Sem acessibilidade,2026-09-29 09:42:00,187829163201631528257138
UE2015 (Anterior),SÃO SEBASTIÃO DO PASSÉ,128,38,1652226,ESCOLA MUNICIPAL GRACILIANO RAMOS,"AV. ERNANE DE OLIVEIRA ROCHA, SN, URBIS I - ZONA URBANA",URBIS II,43850000,-12.52102792,-38.49175892,387,Sem acessibilidade,2026-09-29 09:53:00,359546444918965906802234
UE2015 (Anterior),SÃO SEBASTIÃO DO PASSÉ,128,39,1656671,ESCOLA MUNICIPAL GRACILIANO RAMOS,"AV. ERNANE DE OLIVEIRA ROCHA, SN, URBIS I - ZONA URBANA",URBIS II,43850000,-12.52102792,-38.49175892,389,Sem acessibilidade,2026-09-29 10:13:00,197930390702520746857469
UE2015 (Anterior),SÃO SEBASTIÃO DO PASSÉ,128,40,1682309,ESCOLA CECILIA AUREA DA CRUZ RIBEIRO,"RUA DANIEL FERREIRA GOMES DA SILVA, SN, AGOSTINHO AMARL - ZONA URBANA",AGOSTINHO AMARAL,43850000,-12.5156021,-38.4899087,377,Sem acessibilidade,2026-09-29 10:23:00,430354710226858056789405
UE2015 (Anterior),SÃO SEBASTIÃO DO PASSÉ,128,41,1654408,ESCOLA CECILIA AUREA DA CRUZ RIBEIRO,"RUA DANIEL FERREIRA GOMES DA SILVA, SN, AGOSTINHO AMARL - ZONA URBANA",AGOSTINHO AMARAL,43850000,-12.5156021,-38.4899087,375,Sem acessibilidade,2026-09-29 10:33:00,854596242768368393078982
UE2015 (Anterior),SÃO SEBASTIÃO DO PASSÉ,128,42,1671036,ESCOLA CECILIA AUREA DA CRUZ RIBEIRO,"RUA DANIEL FERREIRA GOMES DA SILVA, SN, AGOSTINHO AMARL - ZONA URBANA",AGOSTINHO AMARAL,43850000,-12.5156021,-38.4899087,376,Sem acessibilidade,2026-09-29 10:51:00,864697361069410093460776
UE2015 (Anterior),SÃO SEBASTIÃO DO PASSÉ,128,43,1655540,ESCOLA MUNICIPAL RÔMULO GALVÃO,"AV. ERNANE DE OLIVEIRA ROCHA, SN, PENAO - ZONA URBANA",PENÃO,43850000,-12.51854295,-38.49718801,396,Com acessibilidade,2026-09-29 11:02:00,945405552477222179918232
UE2015 (Anterior),SÃO SEBASTIÃO DO PASSÉ,128,44,1669868,ESCOLA MUNICIPAL RÔMULO GALVÃO,"AV. ERNANE DE OLIVEIRA ROCHA, SN, PENAO - ZONA URBANA",PENÃO,43850000,-12.51854295,-38.49718801,395,Com acessibilidade,2026-09-29 11:14:00,268637981809775021424512
UE2015 (Anterior),SÃO SEBASTIÃO DO PASSÉ,128,45,1671318,ESCOLA MUNICIPAL REUNIDAS CONDESSA DE BARRAL,"AVENIDA LAURO DE FREITAS, SN, JACUÍPE - ZONA RURAL",DISTRITO NAZARÉ DE JACUÍPE,43850000,-12.4884725,-38.6282553,251,Com acessibilidade,2026-09-29 11:26:00,551566389638298290894018
UE2015 (Anterior),SÃO SEBASTIÃO DO PASSÉ,128,46,1655174,ESCOLA MUNICIPAL REUNIDAS CONDESSA DE BARRAL,"AVENIDA LAURO DE FREITAS, SN, JACUÍPE - ZONA RURAL",DISTRITO NAZARÉ DE JACUÍPE,43850000,-12.4884725,-38.6282553,253,Com acessibilidade,2026-09-29 11:40:00,238334179406738320325751
UE2015 (Anterior),SÃO SEBASTIÃO DO PASSÉ,128,47,1658793,ESCOLA MUNICIPAL REUNIDAS CONDESSA DE BARRAL,"AVENIDA LAURO DE FREITAS, SN, JACUÍPE - ZONA RURAL",DISTRITO NAZARÉ DE JACUÍPE,43850000,-12.4884725,-38.6282553,248,Com acessibilidade,2026-09-29 12:01:00,602071651343922459108455
UE2015 (Anterior),SÃO SEBASTIÃO DO PASSÉ,128,48,1674071,COLÉGIO MUNICIPAL DR ANTÔNIO CARLOS MAGALHÃES,"RUA DA LINHA, SN, JACUIPE - ZONA RURAL",DISTRITO NAZARÉ DE JACUÍPE,43850000,-12.48990922,-38.62647396,344,Com acessibilidade,2026-09-29 12:13:00,399950558922948999124329
UE2015 (Anterior),SÃO SEBASTIÃO DO PASSÉ,128,49,1666045,COLÉGIO MUNICIPAL DR ANTÔNIO CARLOS MAGALHÃES,"RUA DA LINHA, SN, JACUIPE - ZONA RURAL",DISTRITO NAZARÉ DE JACUÍPE,43850000,-12.48990922,-38.62647396,344,Com acessibilidade,2026-09-29 12:23:00,359546629518996713254361
UE2015 (Anterior),SÃO SEBASTIÃO DO PASSÉ,128,50,1653641,COLÉGIO MUNICIPAL DR ANTÔNIO CARLOS MAGALHÃES,"RUA DA LINHA, SN, JACUIPE - ZONA RURAL",DISTRITO NAZARÉ DE JACUÍPE,43850000,-12.48990922,-38.62647396,345,Com acessibilidade,2026-09-29 12:33:00,955506302378684089328276
UE2015 (Anterior),SÃO SEBASTIÃO DO PASSÉ,128,51,1658371,CRECHE SÃO JORGE,"PRACA DO CRUZEIRO, SN, MARACANGALHA - ZONA RURAL",DISTRITO MARACANGALHA,43850000,-12.60559107,-38.57055259,290,Com acessibilidade,2026-09-29 12:47:00,127223589795228529245180
UE2015 (Anterior),SÃO SEBASTIÃO DO PASSÉ,128,52,1662942,CRECHE SÃO JORGE,"PRACA DO CRUZEIRO, SN, MARACANGALHA - ZONA RURAL",DISTRITO MARACANGALHA,43850000,-12.60559107,-38.57055259,287,Com acessibilidade,2026-09-29 12:57:00,864697434669055097623393
UE2015 (Anterior),SÃO SEBASTIÃO DO PASSÉ,128,53,1656019,CRECHE SÃO JORGE,"PRACA DO CRUZEIRO, SN, MARACANGALHA - ZONA RURAL",DISTRITO MARACANGALHA,43850000,-12.60559107,-38.57055259,290,Com acessibilidade,2026-09-29 13:09:00,733384412556727713052405
UE2015 (Anterior),SÃO SEBASTIÃO DO PASSÉ,128,54,1651356,CRECHE SÃO JORGE,"PRACA DO CRUZEIRO, SN, MARACANGALHA - ZONA RURAL",DISTRITO MARACANGALHA,43850000,-12.60559107,-38.57055259,289,Com acessibilidade,2026-09-29 13:16:00,288839077311155999661122
UE2015 (Anterior),SÃO SEBASTIÃO DO PASSÉ,128,55,1654579,ESCOLA MUNICIPAL JANUÁRIO RIBEIRO,"PRACA BANCO DE AREIA, SN, BANCO DE AREIA - ZONA RURAL",DISTRITO BANCO DE AREIA,43850000,-12.41844245,-38.477215,282,Sem acessibilidade,2026-09-29 08:46:00,208031105511829964754770
UE2015 (Anterior),SÃO SEBASTIÃO DO PASSÉ,128,56,1676885,ESCOLA MUNICIPAL JANUÁRIO RIBEIRO,"PRACA BANCO DE AREIA, SN, BANCO DE AREIA - ZONA RURAL",DISTRITO BANCO DE AREIA,43850000,-12.41844245,-38.477215,285,Sem acessibilidade,2026-09-29 09:05:00,208031219111509794389365
UE2015 (Anterior),SÃO SEBASTIÃO DO PASSÉ,128,57,1657933,ESCOLA MUNICIPAL AUGUSTA MENEZES DE SANTANA,"RUA ANTONIO BONFIM LAGO, SN, BANCO DE AREIA - ZONA RURAL",DISTRITO BANCO DE AREIA,43850000,-12.42759545,-38.47229828,311,Sem acessibilidade,2026-09-29 09:15:00,753586876766149888383991
UE2015 (Anterior),SÃO SEBASTIÃO DO PASSÉ,128,58,1655134,ESCOLA JOSEANE SANTOS,"RUA JOANA ANGELICA, SN, LAMARAO - ZONA RURAL",DISTRITO LAMARÃO DO PASSÉ,43850000,-12.59508014,-38.39856853,297,Sem acessibilidade,2026-09-29 09:32:00,965607192387329973965081
UE2015 (Anterior),SÃO SEBASTIÃO DO PASSÉ,128,59,1654690,ESCOLA JOSEANE SANTOS,"RUA JOANA ANGELICA, SN, LAMARAO - ZONA RURAL",DISTRITO LAMARÃO DO PASSÉ,43850000,-12.59508014,-38.39856853,297,Sem acessibilidade,2026-09-29 09:44:00,117122459402703480779636
UE2015 (Anterior),SÃO SEBASTIÃO DO PASSÉ,128,60,1650318,ESCOLA MUNICIPAL DR JOÃO PAIM,"RUA EUTIQUIO DE LIMA, 155 - SAO ROQUE - ZONA URBANA",CENTRO,43850000,-12.50983512,-38.49253869,334,Sem acessibilidade,2026-09-29 09:53:00,26213441293634884424480
UE2015 (Anterior),SÃO SEBASTIÃO DO PASSÉ,128,61,1666018,ESCOLA MUNICIPAL DR JOÃO PAIM,"RUA EUTIQUIO DE LIMA, 155 - SAO ROQUE - ZONA URBANA",CENTRO,43850000,-12.50983512,-38.49253869,335,Sem acessibilidade,2026-09-29 10:04:00,834394363774140986657862
UE2015 (Anterior),SÃO SEBASTIÃO DO PASSÉ,128,62,1657986,ESCOLA MUNICIPAL DR JOÃO PAIM,"RUA EUTIQUIO DE LIMA, 155 - SAO ROQUE - ZONA URBANA",CENTRO,43850000,-12.50983512,-38.49253869,332,Sem acessibilidade,2026-09-29 10:17:00,834394475774441710334683
UE2015 (Anterior),SÃO SEBASTIÃO DO PASSÉ,128,63,1676004,ESCOLA PROFESSORA LINDAURA MONTEIRO CÂMARA,"RUA JOSÉ GONÇALVES, N 20 - ZONA URBANA",CENTRO,43850000,-12.50982831,-38.49426384,329,Sem acessibilidade,2026-09-29 12:00:00,965607711487215817835143
UE2015 (Anterior),SÃO SEBASTIÃO DO PASSÉ,128,64,1657768,ESCOLA PROFESSORA LINDAURA MONTEIRO CÂMARA,"RUA JOSÉ GONÇALVES, N 20 - ZONA URBANA",CENTRO,43850000,-12.50982831,-38.49426384,331,Sem acessibilidade,2026-09-29 10:34:00,884899744479468113343099
UE2015 (Anterior),SÃO SEBASTIÃO DO PASSÉ,128,65,1656104,COLÉGIO ESTADUAL DE TEMPO INTEGRAL MONSENHOR LUIZ FERREIRA DE BRITO,"RUA EUTÍQUIO DE LIMA, N 155, SÃO ROQUE - ZONA URBANA",SÃO ROQUE,43850000,-12.5088739,-38.4895476,295,Com acessibilidade,2026-09-29 10:46:00,773788748068583139938213
UE2015 (Anterior),SÃO SEBASTIÃO DO PASSÉ,128,68,1680161,ESCOLA PROFESSORA LINDAURA MONTEIRO CÂMARA,"RUA JOSÉ GONÇALVES, N 20 - ZONA URBANA",CENTRO,43850000,-12.50982831,-38.49426384,330,Sem acessibilidade,2026-09-29 11:09:00,854596150676627623196366
UE2015 (Anterior),SÃO SEBASTIÃO DO PASSÉ,128,69,1650766,COLÉGIO ESTADUAL DE TEMPO INTEGRAL MONSENHOR LUIZ FERREIRA DE BRITO,"RUA EUTÍQUIO DE LIMA, N 155, SÃO ROQUE - ZONA URBANA",SÃO ROQUE,43850000,-12.5088739,-38.4895476,295,Com acessibilidade,2026-09-29 11:19:00,410152821632278495965032
UE2015 (Anterior),SÃO SEBASTIÃO DO PASSÉ,128,70,1666209,ESCOLA MUNICIPAL EZEQUIEL PORTUGAL,"RUA JOSÉ FERREIRA LISBOA, SN, SAO ROQUE - ZONA URBANA",SÃO ROQUE,43850000,-12.5132914,-38.4917892,294,Sem acessibilidade,2026-09-29 11:30:00,450556941136869518727514
UE2015 (Anterior),SÃO SEBASTIÃO DO PASSÉ,128,71,1675715,ESCOLA MUNICIPAL RÔMULO GALVÃO,"AV. ERNANE DE OLIVEIRA ROCHA, SN, PENAO - ZONA URBANA",PENÃO,43850000,-12.51854295,-38.49718801,396,Com acessibilidade,2026-09-29 11:43:00,783889385669493322122148
UE2015 (Anterior),SÃO SEBASTIÃO DO PASSÉ,128,72,1678172,ESCOLA MUNICIPAL RÔMULO GALVÃO,"AV. ERNANE DE OLIVEIRA ROCHA, SN, PENAO - ZONA URBANA",PENÃO,43850000,-12.51854295,-38.49718801,395,Com acessibilidade,2026-09-29 12:27:00,632374346554556164322239
UE2015 (Anterior),SÃO SEBASTIÃO DO PASSÉ,128,73,1675991,ESCOLA PROFESSORA LINDAURA MONTEIRO CÂMARA,"RUA JOSÉ GONÇALVES, N 20 - ZONA URBANA",CENTRO,43850000,-12.50982831,-38.49426384,331,Sem acessibilidade,2026-09-29 12:38:00,26213844693105274673001
UE2015 (Anterior),SÃO SEBASTIÃO DO PASSÉ,128,74,1657404,ESCOLA MUNICIPAL NOVA BRASILIA,"RUA RAIMUNDO NONATO GOMES, SN, BRASÍLIA - ZONA URBANA",BRASÍLIA,43850000,-12.50461863,-38.49756987,353,Sem acessibilidade,2026-09-29 12:47:00,76718004098179499420268
UE2015 (Anterior),SÃO SEBASTIÃO DO PASSÉ,128,75,1672859,ESCOLA CECILIA AUREA DA CRUZ RIBEIRO,"RUA DANIEL FERREIRA GOMES DA SILVA, SN, AGOSTINHO AMARL - ZONA URBANA",AGOSTINHO AMARAL,43850000,-12.5156021,-38.4899087,374,Sem acessibilidade,2026-09-29 13:05:00,985809023689693687111162
UE2015 (Anterior),SÃO SEBASTIÃO DO PASSÉ,128,76,1652116,ESCOLA NOVA GEARY - SAO JUDAS TADEU,"RUA NOVA GEARY, GEARY, - ZONA RURAL",POVOADO GEARY,43850000,-12.5290578,-38.5974344,359,Com acessibilidade,2026-09-29 13:16:00,107021250601976751378451
UE2015 (Anterior),SÃO SEBASTIÃO DO PASSÉ,128,78,1676738,ESCOLA ESTADUAL DEPUTADO LUIS EDUARDO MAGALHÃES,"RUA ISIDÓRIO MENEZES, N° 16, HUMILDES - ZONA URBANA",HUMILDES,43850000,-12.52121857,-38.49552854,382,Com acessibilidade,2026-09-29 13:26:00,6011373691968865016712
UE2015 (Anterior),SÃO SEBASTIÃO DO PASSÉ,128,79,1655038,ESCOLA JOSEANE SANTOS,"RUA JOANA ANGELICA, SN, LAMARAO - ZONA RURAL",DISTRITO LAMARÃO DO PASSÉ,43850000,-12.59508014,-38.39856853,296,Sem acessibilidade,2026-09-29 13:45:00,793990273570867521799017
UE2015 (Anterior),SÃO SEBASTIÃO DO PASSÉ,128,80,1673780,ESCOLA MUNICIPAL NOVA BRASILIA,"RUA RAIMUNDO NONATO GOMES, SN, BRASÍLIA - ZONA URBANA",BRASÍLIA,43850000,-12.50461863,-38.49756987,361,Sem acessibilidade,2026-09-29 13:57:00,349445902625641507879909
UE2015 (Anterior),SÃO SEBASTIÃO DO PASSÉ,128,81,1656737,ESCOLA PROFESSORA LINDAURA MONTEIRO CÂMARA,"RUA JOSÉ GONÇALVES, N 20 - ZONA URBANA",CENTRO,43850000,-12.50982831,-38.49426384,332,Sem acessibilidade,2026-09-29 08:32:00,56516721001302085409980
UE2015 (Anterior),SÃO SEBASTIÃO DO PASSÉ,128,82,1650400,ESCOLA CECILIA AUREA DA CRUZ RIBEIRO,"RUA DANIEL FERREIRA GOMES DA SILVA, SN, AGOSTINHO AMARL - ZONA URBANA",AGOSTINHO AMARAL,43850000,-12.5156021,-38.4899087,375,Sem acessibilidade,2026-09-29 08:40:00,339344116729538339635621
UE2015 (Anterior),SÃO SEBASTIÃO DO PASSÉ,128,83,1662658,ESCOLA ESTADUAL DEPUTADO LUIS EDUARDO MAGALHÃES,"RUA ISIDÓRIO MENEZES, N° 16, HUMILDES - ZONA URBANA",HUMILDES,43850000,-12.52121857,-38.49552854,381,Com acessibilidade,2026-09-29 08:49:00,228233112618057557661298
UE2015 (Anterior),SÃO SEBASTIÃO DO PASSÉ,128,84,1656152,COLÉGIO MUNICIPAL DR ANTÔNIO CARLOS MAGALHÃES,"RUA DA LINHA, SN, JACUIPE - ZONA RURAL",DISTRITO NAZARÉ DE JACUÍPE,43850000,-12.48990922,-38.62647396,344,Com acessibilidade,2026-09-29 08:57:00,541465549450327081017794
UE2015 (Anterior),SÃO SEBASTIÃO DO PASSÉ,128,85,1657660,ESCOLA PROFESSORA LINDAURA MONTEIRO CÂMARA,"RUA JOSÉ GONÇALVES, N 20 - ZONA URBANA",CENTRO,43850000,-12.50982831,-38.49426384,331,Com acessibilidade,2026-09-29 09:07:00,298940400625732397142903
UE2015 (Anterior),SÃO SEBASTIÃO DO PASSÉ,128,136,1653895,ESCOLA ESTADUAL DEPUTADO LUIS EDUARDO MAGALHÃES,"RUA ISIDÓRIO MENEZES, N° 16, HUMILDES - ZONA URBANA",HUMILDES,43850000,-12.52121857,-38.49552854,381,Com acessibilidade,2026-09-29 09:21:00,258536215821451914717052
UE2015 (Anterior),SÃO SEBASTIÃO DO PASSÉ,128,137,1654566,ESCOLA ESTADUAL DEPUTADO LUIS EDUARDO MAGALHÃES,"RUA ISIDÓRIO MENEZES, N° 16, HUMILDES - ZONA URBANA",HUMILDES,43850000,-12.52121857,-38.49552854,383,Com acessibilidade,2026-09-29 10:22:00,107021170706458557217097
UE2015 (Anterior),SÃO SEBASTIÃO DO PASSÉ,128,138,1657159,ESCOLA ESTADUAL DEPUTADO LUIS EDUARDO MAGALHÃES,"RUA ISIDÓRIO MENEZES, N° 16, HUMILDES - ZONA URBANA",HUMILDES,43850000,-12.52121857,-38.49552854,383,Com acessibilidade,2026-09-29 09:37:00,359546534731068485691804
UE2015 (Anterior),SÃO SEBASTIÃO DO PASSÉ,128,140,1673703,ESCOLA ESTADUAL DEPUTADO LUIS EDUARDO MAGALHÃES,"RUA ISIDÓRIO MENEZES, N° 16, HUMILDES - ZONA URBANA",HUMILDES,43850000,-12.52121857,-38.49552854,383,Com acessibilidade,2026-09-29 09:49:00,430354807439373297389711
UE2015 (Anterior),SÃO SEBASTIÃO DO PASSÉ,128,141,1656793,ESCOLA ESTADUAL DEPUTADO LUIS EDUARDO MAGALHÃES,"RUA ISIDÓRIO MENEZES, N° 16, HUMILDES - ZONA URBANA",HUMILDES,43850000,-12.52121857,-38.49552854,382,Com acessibilidade,2026-09-29 09:57:00,521263008748419790601354
UE2015 (Anterior),SÃO SEBASTIÃO DO PASSÉ,128,142,1676011,ESCOLA MUNICIPAL AUGUSTA MENEZES DE SANTANA,"RUA ANTONIO BONFIM LAGO, SN, BANCO DE AREIA - ZONA RURAL",DISTRITO BANCO DE AREIA,43850000,-12.42759545,-38.47229828,306,Sem acessibilidade,2026-09-29 10:05:00,147425731610522417401215
UE2015 (Anterior),SÃO SEBASTIÃO DO PASSÉ,128,143,1675781,ESCOLA ESTADUAL DEPUTADO LUIS EDUARDO MAGALHÃES,"RUA ISIDÓRIO MENEZES, N° 16, HUMILDES - ZONA URBANA",HUMILDES,43850000,-12.52121857,-38.49552854,383,Com acessibilidade,2026-09-29 10:13:00,793990499875123062846113
UE2015 (Anterior),SÃO SEBASTIÃO DO PASSÉ,128,144,1655573,ESCOLA NOVA GEARY - SAO JUDAS TADEU,"RUA NOVA GEARY, GEARY, - ZONA RURAL",POVOADO GEARY,43850000,-12.5290578,-38.5974344,359,Com acessibilidade,2026-09-29 10:31:00,450556263541826761894731
UE2015 (Anterior),SÃO SEBASTIÃO DO PASSÉ,128,145,1674715,ESCOLA ESTADUAL DEPUTADO LUIS EDUARDO MAGALHÃES,"RUA ISIDÓRIO MENEZES, N° 16, HUMILDES - ZONA URBANA",HUMILDES,43850000,-12.52121857,-38.49552854,383,Com acessibilidade,2026-09-29 10:39:00,96920017805029087389925
UE2015 (Anterior),SÃO SEBASTIÃO DO PASSÉ,128,146,1657153,COLÉGIO ESTADUAL DE TEMPO INTEGRAL MONSENHOR LUIZ FERREIRA DE BRITO,"RUA EUTÍQUIO DE LIMA, N 155, SÃO ROQUE - ZONA URBANA",SÃO ROQUE,43850000,-12.5088739,-38.4895476,294,Com acessibilidade,2026-09-29 10:48:00,773788803573721142266903
UE2015 (Anterior),SÃO SEBASTIÃO DO PASSÉ,128,147,1676091,CENTRO PAROQUIAL MONSENHOR LUIZ FERREIRA DE BRITO,PRAÇA 12 DE OUTUBRO 234,CENTRO,43850000,-12.51282192,-38.49587991,293,Com acessibilidade,2026-09-29 10:56:00,157526290511055729634187
UE2015 (Anterior),SÃO SEBASTIÃO DO PASSÉ,128,148,1680515,ESCOLA ESTADUAL DEPUTADO LUIS EDUARDO MAGALHÃES,"RUA ISIDÓRIO MENEZES, N° 16, HUMILDES - ZONA URBANA",HUMILDES,43850000,-12.52121857,-38.49552854,380,Com acessibilidade,2026-09-29 11:05:00,874798121783368385827751
UE2015 (Anterior),SÃO SEBASTIÃO DO PASSÉ,128,151,1665037,ESCOLA ESTADUAL DEPUTADO LUIS EDUARDO MAGALHÃES,"RUA ISIDÓRIO MENEZES, N° 16, HUMILDES - ZONA URBANA",HUMILDES,43850000,-12.52121857,-38.49552854,377,Com acessibilidade,2026-09-29 11:17:00,490960040745211116034746
UE2015 (Anterior),SÃO SEBASTIÃO DO PASSÉ,128,153,1675261,ESCOLA PROFESSORA LINDAURA MONTEIRO CÂMARA,"RUA JOSÉ GONÇALVES, N 20 - ZONA URBANA",CENTRO,43850000,-12.50982831,-38.49426384,327,Sem acessibilidade,2026-09-29 11:26:00,400051170236143897402141
UE2015 (Anterior),SÃO SEBASTIÃO DO PASSÉ,128,154,1657836,ESCOLA ESTADUAL DEPUTADO LUIS EDUARDO MAGALHÃES,"RUA ISIDÓRIO MENEZES, N° 16, HUMILDES - ZONA URBANA",HUMILDES,43850000,-12.52121857,-38.49552854,381,Com acessibilidade,2026-09-29 11:34:00,753586638771441908125692
UE2015 (Anterior),SÃO SEBASTIÃO DO PASSÉ,128,195,1657114,ESCOLA PROFESSORA LINDAURA MONTEIRO CÂMARA,"RUA JOSÉ GONÇALVES, N 20 - ZONA URBANA",CENTRO,43850000,-12.50982831,-38.49426384,330,Sem acessibilidade,2026-09-29 11:43:00,36314302699748235339280
UE2015 (Anterior),SÃO SEBASTIÃO DO PASSÉ,128,196,1675344,ESCOLA CECILIA AUREA DA CRUZ RIBEIRO,"RUA DANIEL FERREIRA GOMES DA SILVA, SN, AGOSTINHO AMARL - ZONA URBANA",AGOSTINHO AMARAL,43850000,-12.5156021,-38.4899087,377,Sem acessibilidade,2026-09-29 12:00:00,602071983456857111001505
UE2015 (Anterior),SÃO SEBASTIÃO DO PASSÉ,128,197,1657942,ESCOLA CECILIA AUREA DA CRUZ RIBEIRO,"RUA DANIEL FERREIRA GOMES DA SILVA, SN, AGOSTINHO AMARL - ZONA URBANA",AGOSTINHO AMARAL,43850000,-12.5156021,-38.4899087,375,Sem acessibilidade,2026-09-29 12:09:00,187829671214066184805115
UE2015 (Anterior),SÃO SEBASTIÃO DO PASSÉ,128,198,1651594,ESCOLA JOSEANE SANTOS,"RUA JOANA ANGELICA, SN, LAMARAO - ZONA RURAL",DISTRITO LAMARÃO DO PASSÉ,43850000,-12.59508014,-38.39856853,296,Sem acessibilidade,2026-09-29 12:17:00,410152012637243512808283
UE2015 (Anterior),SÃO SEBASTIÃO DO PASSÉ,128,200,1658627,ESCOLA MUNICIPAL GRACILIANO RAMOS,"AV. ERNANE DE OLIVEIRA ROCHA, SN, URBIS I - ZONA URBANA",URBIS II,43850000,-12.52102792,-38.49175892,391,Sem acessibilidade,2026-09-29 12:26:00,692980877465543242023039
UE2015 (Anterior),SÃO SEBASTIÃO DO PASSÉ,128,201,1666490,ESCOLA MUNICIPAL NOVA BRASILIA,"RUA RAIMUNDO NONATO GOMES, SN, BRASÍLIA - ZONA URBANA",BRASÍLIA,43850000,-12.50461863,-38.49756987,161,Sem acessibilidade,2026-10-03 13:35:00,339344623129635871979696
UE2015 (Anterior),SÃO SEBASTIÃO DO PASSÉ,128,202,1654895,ESCOLA MUNICIPAL ORLANDO SPÍNOLA,"RUA LUIS PADRE FERREIRA DE BRITO, S/N - ZONA URBANA",ARACATIBA,43850000,-12.5051138,-38.5085234,231,Sem acessibilidade,2026-09-29 12:44:00,309041707226199284692289
UE2015 (Anterior),SÃO SEBASTIÃO DO PASSÉ,128,204,1666547,ESCOLA MUNICIPAL GRACILIANO RAMOS,"AV. ERNANE DE OLIVEIRA ROCHA, SN, URBIS I - ZONA URBANA",URBIS II,43850000,-12.52102792,-38.49175892,141,Sem acessibilidade,2026-09-29 12:53:00,490960116245407189455647
UE2015 (Anterior),SÍTIO DO MATO,71,54,1760072,ESCOLA ANTONIO CARLOS MAGALHÃES NETO - ACM NETO,TRAVESSA IPIRANGA,CENTRO,47610000,-13.08615,-43.4681467,319,Com acessibilidade,2026-09-21 14:18:00,222382014123625335306455
UE2015 (Anterior),SÍTIO DO MATO,71,55,1769199,ESCOLA ANTONIO CARLOS MAGALHÃES NETO - ACM NETO,TRAVESSA IPIRANGA,CENTRO,47610000,-13.08615,-43.4681467,316,Com acessibilidade,2026-09-21 14:27:00,656625555766074427663182
UE2015 (Anterior),SÍTIO DO MATO,71,56,1839600,ESCOLA ANTONIO CARLOS MAGALHÃES NETO - ACM NETO,TRAVESSA IPIRANGA,CENTRO,47610000,-13.08615,-43.4681467,317,Com acessibilidade,2026-09-21 14:36:00,20362032303462455109243
UE2015 (Anterior),SÍTIO DO MATO,71,57,1773722,ESCOLA ANTONIO CARLOS MAGALHÃES NETO - ACM NETO,TRAVESSA IPIRANGA,CENTRO,47610000,-13.08615,-43.4681467,314,Com acessibilidade,2026-09-21 14:45:00,192079317020658566108295
UE2015 (Anterior),SÍTIO DO MATO,71,58,1810894,ESCOLA MUNICIPAL PROFESSOR AVELINO NUNES RODRIGUES,"RODOVIA GAMELEIRA DA LAPA ,S/N - ZONA URBANA",CENTRO,47610000,-13.0782375,-43.4681197,256,Com acessibilidade,2026-09-21 14:54:00,838443065084316910455672
UE2015 (Anterior),SÍTIO DO MATO,71,59,1822786,ESCOLA MUNICIPAL PROFESSOR AVELINO NUNES RODRIGUES,"RODOVIA GAMELEIRA DA LAPA ,S/N - ZONA URBANA",CENTRO,47610000,-13.0782375,-43.4681197,256,Com acessibilidade,2026-09-21 15:05:00,747534087075953812667272
UE2015 (Anterior),SÍTIO DO MATO,71,60,1769713,ESCOLA MUNICIPAL PROFESSOR AVELINO NUNES RODRIGUES,"RODOVIA GAMELEIRA DA LAPA ,S/N - ZONA URBANA",CENTRO,47610000,-13.0782375,-43.4681197,252,Com acessibilidade,2026-09-21 15:14:00,323392742433557614573124
UE2015 (Anterior),SÍTIO DO MATO,71,61,1779801,ESCOLA MUNICIPAL PROFESSOR AVELINO NUNES RODRIGUES,"RODOVIA GAMELEIRA DA LAPA ,S/N - ZONA URBANA",CENTRO,47610000,-13.0782375,-43.4681197,253,Com acessibilidade,2026-09-21 15:23:00,160538101254164676482
UE2015 (Anterior),SÍTIO DO MATO,71,62,1772149,ESCOLA MUNICIPAL ERALDO TINOCO,TRAVESSA IPIRANGA - ZONA URBANA,CENTRO,47610000,-13.08066,-43.46699,345,Com acessibilidade,2026-09-21 15:32:00,171877810218444828576238
UE2015 (Anterior),SÍTIO DO MATO,71,63,1780924,ESCOLA MUNICIPAL ERALDO TINOCO,TRAVESSA IPIRANGA - ZONA URBANA,CENTRO,47610000,-13.08066,-43.46699,345,Com acessibilidade,2026-09-21 15:41:00,50665807206342639944089
UE2015 (Anterior),SÍTIO DO MATO,71,64,1809945,ESCOLA MUNICIPAL PETRONILA MULLER I,POVOADO GAMELEIRA - ZONA RURAL,POVOADO GAMELEIRA,47610000,-12.8670383,-43.3808883,237,Com acessibilidade,2026-09-21 15:50:00,212281071922522768881275
UE2015 (Anterior),SÍTIO DO MATO,71,65,1771480,ESCOLA MUNICIPAL PETRONILA MULLER I,POVOADO GAMELEIRA - ZONA RURAL,POVOADO GAMELEIRA,47610000,-12.8670383,-43.3808883,237,Com acessibilidade,2026-09-21 15:59:00,160976001947018160724
UE2015 (Anterior),SÍTIO DO MATO,71,66,1781123,ESCOLA ESTADUAL TOMAZ LEITE,POVOADO GAMELEIRA - ZONA RURAL,POVOADO GAMELEIRA,47610000,-12.8645183,-43.3831467,368,Com acessibilidade,2026-09-21 16:07:00,818241899282270074384615
UE2015 (Anterior),SÍTIO DO MATO,71,67,1773016,ESCOLA ESTADUAL TOMAZ LEITE,POVOADO GAMELEIRA - ZONA RURAL,POVOADO GAMELEIRA,47610000,-12.8645183,-43.3831467,368,Com acessibilidade,2026-09-21 16:16:00,414201606842890067832854
UE2015 (Anterior),SÍTIO DO MATO,71,168,1763735,ESCOLA MUNICIPAL SÃO JOÃO,POVOADO MUNDO NOVO - ZONA RURAL,POVOADO MUNDO NOVO,47610000,-12.8690083,-43.5133183,207,Com acessibilidade,2026-09-21 16:27:00,939453327194573982712945
UE2015 (Anterior),SÍTIO DO MATO,71,169,1767641,ESCOLA MUNICIPAL CASINHA FELIZ,POVOADO TATAÍRA - ZONA RURAL,POVOADO TATAIRA,47610000,-12.9248367,-43.417525,356,Com acessibilidade,2026-09-21 16:35:00,585918084059179968797500
UE2015 (Anterior),SÍTIO DO MATO,71,170,1771106,ESCOLA MUNICIPAL CASINHA FELIZ,POVOADO TATAÍRA - ZONA RURAL,POVOADO TATAIRA,47610000,-12.9248367,-43.417525,356,Com acessibilidade,2026-09-21 16:44:00,484908065349094471792263
UE2015 (Anterior),SÍTIO DO MATO,71,171,1764221,ESCOLA MUNICIPAL MARIA FELIPA,POVOADO MANGAL BARRO VERMELHO - ZONA RURAL,POVOADO MANGAL BARRO VERMELHO,47610000,-12.7598333,-43.3091217,215,Com acessibilidade,2026-09-21 16:54:00,272887963228974242487246
UE2015 (Anterior),SÍTIO DO MATO,71,172,1757710,ESCOLA MUNICIPAL NOSSA SENHORA DA CONCEIÇÃO,POVOADO QUIXABA - ZONA RURAL,povoado conceição,47610000,-12.9344417,-43.499395,382,Com acessibilidade,2026-09-21 17:04:00,505110308651868187584635
UE2015 (Anterior),SÍTIO DO MATO,71,209,1776033,ESCOLA NOSSA SENHORA DO ROSÁRIO,TRAVESSA IPIRANGA - ZONA URBANA,CENTRO,47610000,-13.0806692,-43.4672227,350,Com acessibilidade,2026-09-21 17:13:00,252685427426631340235182
UE2015 (Anterior),SÍTIO DO MATO,71,238,1795742,ESCOLA NOSSA SENHORA DO ROSÁRIO,TRAVESSA IPIRANGA - ZONA URBANA,CENTRO,47610000,-13.0806692,-43.4672227,349,Com acessibilidade,2026-09-21 14:39:00,979857241039625241258158
UE2015 (Anterior),SÍTIO DO MATO,71,243,1825636,ESCOLA MUNICIPAL VALE VERDE,"POVOADO VALE VERDE, TURBILHÃO 02 - ZONA RURAL",POVOADO VALE VERDE,47610000,-12.6061,-43.34917,300,Com acessibilidade,2026-09-21 14:47:00,474807260889074495167033
UE2015 (Anterior),SÍTIO DO MATO,71,249,1772648,ESCOLA MUNICIPAL ERALDO TINOCO,TRAVESSA IPIRANGA - ZONA URBANA,CENTRO,47610000,-13.08066,-43.46699,344,Com acessibilidade,2026-09-21 14:56:00,909150350132521733803432
UE2015 (Anterior),SÍTIO DO MATO,71,253,1807748,ESCOLA MUNICIPAL PETRONILA MULLER I,POVOADO GAMELEIRA - ZONA RURAL,POVOADO GAMELEIRA,47610000,-12.8670383,-43.3808883,237,Com acessibilidade,2026-09-21 15:04:00,212281071463356006706264
UE2015 (Anterior),SÍTIO DO MATO,71,255,1810155,ESCOLA MUNICIPAL VALE VERDE,"POVOADO VALE VERDE, TURBILHÃO 02 - ZONA RURAL",POVOADO VALE VERDE,47610000,-12.6061,-43.34917,306,Com acessibilidade,2026-09-21 15:13:00,91069179251259458383054
UE2015 (Anterior),SÍTIO DO MATO,71,278,1757278,ESCOLA MUNICIPAL ERALDO TINOCO,TRAVESSA IPIRANGA - ZONA URBANA,CENTRO,47610000,-13.08066,-43.46699,340,Com acessibilidade,2026-09-21 15:22:00,262786816568449852457428
UE2015 (Anterior),SÍTIO DO MATO,71,279,1808846,ESCOLA NOSSA SENHORA DO ROSÁRIO,TRAVESSA IPIRANGA - ZONA URBANA,CENTRO,47610000,-13.0806692,-43.4672227,349,Com acessibilidade,2026-09-21 15:32:00,333493992475601446209639
UE2015 (Anterior),SÍTIO DO MATO,71,281,1814290,ESCOLA MUNICIPAL PETRONILA MULLER I,POVOADO GAMELEIRA - ZONA RURAL,POVOADO GAMELEIRA,47610000,-12.8670383,-43.3808883,235,Com acessibilidade,2026-09-21 15:40:00,737433589815954157744547
UE2015 (Anterior),SÍTIO DO MATO,71,290,1779958,ESCOLA MUNICIPAL VALE VERDE,"POVOADO VALE VERDE, TURBILHÃO 02 - ZONA RURAL",POVOADO VALE VERDE,47610000,-12.6061,-43.34917,301,Com acessibilidade,2026-09-21 15:49:00,939453749935789656552987
UE2015 (Anterior),SÍTIO DO MATO,71,291,1782687,ESCOLA NOSSA SENHORA DO ROSÁRIO,TRAVESSA IPIRANGA - ZONA URBANA,CENTRO,47610000,-13.0806692,-43.4672227,350,Com acessibilidade,2026-09-21 15:57:00,80968006550888444542699
UE2015 (Anterior),SÍTIO DO MATO,71,292,1755168,ESCOLA ESTADUAL TOMAZ LEITE,POVOADO GAMELEIRA - ZONA RURAL,POVOADO GAMELEIRA,47610000,-12.8645183,-43.3831467,361,Com acessibilidade,2026-09-21 16:05:00,909150939332222785242792
UE2015 (Anterior),SÍTIO DO MATO,71,298,1753138,ESCOLA MUNICIPAL PROFESSOR AVELINO NUNES RODRIGUES,"RODOVIA GAMELEIRA DA LAPA ,S/N - ZONA URBANA",CENTRO,47610000,-13.0782375,-43.4681197,257,Com acessibilidade,2026-09-21 16:14:00,404100099282743785465009
UE2015 (Anterior),SÍTIO DO MATO,71,304,1757609,ESCOLA MUNICIPAL ERALDO TINOCO,TRAVESSA IPIRANGA - ZONA URBANA,CENTRO,47610000,-13.08066,-43.46699,340,Com acessibilidade,2026-09-21 16:24:00,131473841255563841715158
UE2015 (Anterior),SÍTIO DO MATO,71,311,1774619,ESCOLA EMANUEL ALVES COSTA,"VALE VERDE, ASSENTAMENTO 3, S/N - ZONA RURAL",TURBILHÃO 3,47610000,-12.57459,-43.4173567,254,Com acessibilidade,2026-09-21 16:33:00,40564490946494579593797
UE2015 (Anterior),SÍTIO DO MATO,71,318,1758811,ESCOLA MUNICIPAL MARIA FELIPA,POVOADO MANGAL BARRO VERMELHO - ZONA RURAL,POVOADO MANGAL BARRO VERMELHO,47610000,-12.7598333,-43.3091217,248,Sem acessibilidade,2026-09-21 16:41:00,30463256445437606842738
UE2015 (Anterior),SÍTIO DO MATO,71,322,1774332,ESCOLA MUNICIPAL SÃO JOÃO,POVOADO MUNDO NOVO - ZONA RURAL,POVOADO MUNDO NOVO,47610000,-12.8690083,-43.5133183,225,Sem acessibilidade,2026-09-21 16:26:00,60766694952634017746033
UE2015 (Anterior),SÍTIO DO MATO,71,328,1838229,ESCOLA ANTONIO CARLOS MAGALHÃES NETO - ACM NETO,TRAVESSA IPIRANGA,CENTRO,47610000,-13.08615,-43.4681467,309,Sem acessibilidade,2026-09-21 16:36:00,60766359352721883732882
UE2015 (Anterior),SÍTIO DO MATO,71,337,1838842,ESCOLA ESTADUAL TOMAZ LEITE,POVOADO GAMELEIRA - ZONA RURAL,POVOADO GAMELEIRA,47610000,-12.8645183,-43.3831467,134,Sem acessibilidade,2026-09-21 16:46:00,171877420563925751572145
UE2015 (Anterior),SÍTIO DO QUINTO,51,63,1788165,ESCOLA MUNICIPAL JOÃO JOSÉ DO NASCIMENTO,"TRAVESSA DA MANGUEIRA, S/N - ZONA URBANA",CENTRO,48565000,-10.3689896,-38.2028571,263,Com acessibilidade,2026-09-28 21:20:00,926938672816223331793323
UE2015 (Anterior),SÍTIO DO QUINTO,51,64,1771842,ESCOLA MUNICIPAL JOÃO JOSÉ DO NASCIMENTO,"TRAVESSA DA MANGUEIRA, S/N - ZONA URBANA",CENTRO,48565000,-10.3689896,-38.2028571,264,Com acessibilidade,2026-09-28 21:29:00,815827674305741169732026
UE2015 (Anterior),SÍTIO DO QUINTO,51,65,1809471,ESCOLA MUNICIPAL SANTO ANTÔNIO,"RUA J. BATISTA DE ANDRADE, S/N - ZONA URBANA",CENTRO,48565000,-10.3683311,-38.2017673,333,Com acessibilidade,2026-09-28 21:38:00,108756077034053483995250
UE2015 (Anterior),SÍTIO DO QUINTO,51,66,1840380,ESCOLA MUNICIPAL SANTO ANTÔNIO,"RUA J. BATISTA DE ANDRADE, S/N - ZONA URBANA",CENTRO,48565000,-10.3683311,-38.2017673,331,Com acessibilidade,2026-09-28 21:47:00,341180425258319594297219
UE2015 (Anterior),SÍTIO DO QUINTO,51,67,1826149,COLÉGIO ESTADUAL  DE TEMPO INTEGRAL JOÃO FRANCISCO DA SILVA,"RUA DO CAMPO, S/N - ZONA URBANA",CENTRO,48565000,-10.3685967,-38.2102234,379,Com acessibilidade,2026-09-28 21:56:00,714817904495708929109906
UE2015 (Anterior),SÍTIO DO QUINTO,51,68,1824357,COLÉGIO ESTADUAL  DE TEMPO INTEGRAL JOÃO FRANCISCO DA SILVA,"RUA DO CAMPO, S/N - ZONA URBANA",CENTRO,48565000,-10.3685967,-38.2102234,378,Com acessibilidade,2026-09-28 22:06:00,230069538547884787086616
UE2015 (Anterior),SÍTIO DO QUINTO,51,69,1824657,ESCOLA MUNICIPAL PADRE PALMEIRA I,POVOADO RAZINHO - ZONA RURAL,POVOADO RAZINHO,48565000,-10.4152971,-38.1716294,321,Com acessibilidade,2026-09-28 22:15:00,260372670950933237901471
UE2015 (Anterior),SÍTIO DO QUINTO,51,71,1810731,ESCOLA MUNICIPAL SILVIO MUTTI,POVOADO TINGUÍ - ZONA RURAL,POVOADO TINGUI,48565000,-10.3441352,-38.1115689,247,Com acessibilidade,2026-09-28 22:24:00,957241556219643554570999
UE2015 (Anterior),SÍTIO DO QUINTO,51,72,1774011,ESCOLA MUNICIPAL SILVIO MUTTI,POVOADO TINGUÍ - ZONA RURAL,POVOADO TINGUI,48565000,-10.3441352,-38.1115689,248,Com acessibilidade,2026-09-28 22:34:00,341180052558120573496066
UE2015 (Anterior),SÍTIO DO QUINTO,51,73,1768571,ESCOLA MUNICIPAL TINGÜÍ,POVOADO TINGÜÍ - ZONA RURAL,POVOADO TINGUI,48565000,-10.345375,-38.1101564,150,Com acessibilidade,2026-09-28 22:43:00,977443791421777567464316
UE2015 (Anterior),SÍTIO DO QUINTO,51,75,1769786,ESCOLA MUNICIPAL JOSÉ MARIANO DE SOUZA,POVOADO JARDIM - ZONA RURAL,POVOADO JARDIM,48565000,-10.3859191,-38.0512451,120,Com acessibilidade,2026-09-28 22:52:00,260372302250088548290662
UE2015 (Anterior),SÍTIO DO QUINTO,51,76,1791893,ESCOLA MUNICIPAL JOSÉ BATISTA DE ANDRADE,POVOADO PLANALTO - ZONA RURAL,POVOADO PLANALTO,48565000,-10.3935,-38.17762,265,Com acessibilidade,2026-09-28 23:02:00,714817861995199281581636
UE2015 (Anterior),SÍTIO DO QUINTO,51,77,1750290,ESCOLA MUNICIPAL JOSÉ TEODÓRIO DE CARVALHO,POVOADO LAGOA DO LIMOEIRO - ZONA RURAL,POVOADO LAGOA DO LIMOEIRO,48565000,-10.2667517,-38.1360783,228,Com acessibilidade,2026-09-28 23:12:00,98655353533665404288770
UE2015 (Anterior),SÍTIO DO QUINTO,51,104,1781248,ESCOLA MUNICIPAL TINGÜÍ,POVOADO TINGÜÍ - ZONA RURAL,POVOADO TINGUI,48565000,-10.345375,-38.1101564,332,Com acessibilidade,2026-09-28 23:22:00,169362690140824072208924
UE2015 (Anterior),SÍTIO DO QUINTO,51,106,1811171,ESCOLA MUNICIPAL PROFESSOR ROBERTO SANTOS,FAZENDA CASCALHEIRA - ZONA RURAL,POVOADO MUCAMBO,48565000,-10.3225582,-38.207451,210,Com acessibilidade,2026-09-28 23:33:00,714817464995536033786530
UE2015 (Anterior),SÍTIO DO QUINTO,51,111,1765939,ESCOLA MUNICIPAL PROFESSOR ROBERTO SANTOS,FAZENDA CASCALHEIRA - ZONA RURAL,POVOADO MUCAMBO,48565000,-10.3225582,-38.207451,208,Com acessibilidade,2026-09-28 23:43:00,7746274624910714370682
UE2015 (Anterior),SÍTIO DO QUINTO,51,112,1769572,ESCOLA MUNICIPAL SILVIO MUTTI,POVOADO TINGUÍ - ZONA RURAL,POVOADO TINGUI,48565000,-10.3441352,-38.1115689,160,Com acessibilidade,2026-09-28 23:52:00,270473656251202123013103
UE2015 (Anterior),SÍTIO DO QUINTO,51,131,1773010,ESCOLA MUNICIPAL PADRE PALMEIRA I,POVOADO RAZINHO - ZONA RURAL,POVOADO RAZINHO,48565000,-10.4152971,-38.1716294,223,Com acessibilidade,2026-09-29 00:00:00,442190851768401911847436
UE2015 (Anterior),SÍTIO DO QUINTO,51,134,1837096,ESCOLA MUNICIPAL SANTO ANTÔNIO,"RUA J. BATISTA DE ANDRADE, S/N - ZONA URBANA",CENTRO,48565000,-10.3683311,-38.2017673,334,Com acessibilidade,2026-09-29 00:09:00,644110387888238856555623
UE2015 (Anterior),SÍTIO DO QUINTO,51,135,1806975,ESCOLA MUNICIPAL SANTO ANTÔNIO,"RUA J. BATISTA DE ANDRADE, S/N - ZONA URBANA",CENTRO,48565000,-10.3683311,-38.2017673,338,Com acessibilidade,2026-09-29 00:20:00,27948870626165897081625
UE2015 (Anterior),SÍTIO DO QUINTO,51,136,1806417,COLÉGIO ESTADUAL  DE TEMPO INTEGRAL JOÃO FRANCISCO DA SILVA,"RUA DO CAMPO, S/N - ZONA URBANA",CENTRO,48565000,-10.3685967,-38.2102234,380,Com acessibilidade,2026-09-28 21:24:00,967342921757547575590352
UE2015 (Anterior),SÍTIO DO QUINTO,51,137,1752030,ESCOLA MUNICIPAL PADRE PALMEIRA I,POVOADO RAZINHO - ZONA RURAL,POVOADO RAZINHO,48565000,-10.4152971,-38.1716294,329,Com acessibilidade,2026-09-28 21:32:00,512897581512042427433776
UE2015 (Anterior),SÍTIO DO QUINTO,51,139,1808657,ESCOLA MUNICIPAL TINGÜÍ,POVOADO TINGÜÍ - ZONA RURAL,POVOADO TINGUI,48565000,-10.345375,-38.1101564,150,Com acessibilidade,2026-09-28 21:41:00,916837208852465129001673
UE2015 (Anterior),SÍTIO DO QUINTO,51,140,1754037,ESCOLA MUNICIPAL TINGÜÍ,POVOADO TINGÜÍ - ZONA RURAL,POVOADO TINGUI,48565000,-10.345375,-38.1101564,331,Com acessibilidade,2026-09-28 21:49:00,219867586682328044309055
UE2015 (Anterior),SÍTIO DO QUINTO,51,142,1762280,ESCOLA MUNICIPAL JOSÉ BATISTA DE ANDRADE,POVOADO PLANALTO - ZONA RURAL,POVOADO PLANALTO,48565000,-10.3935,-38.17762,261,Com acessibilidade,2026-09-28 21:57:00,128958715673184913387568
UE2015 (Anterior),SÍTIO DO QUINTO,51,143,1826148,ESCOLA MUNICIPAL JOSÉ TEODÓRIO DE CARVALHO,POVOADO LAGOA DO LIMOEIRO - ZONA RURAL,POVOADO LAGOA DO LIMOEIRO,48565000,-10.2667517,-38.1360783,227,Com acessibilidade,2026-09-28 22:06:00,169362868077819845260936
UE2015 (Anterior),SÍTIO DO QUINTO,51,180,1764756,ESCOLA MUNICIPAL JOSÉ VIRGÍLIO DE CARVALHO,POVOADO FLAMENGO - ZONA RURAL,POVOADO FLAMENGO,48565000,-10.2858513,-38.1620253,262,Com acessibilidade,2026-09-28 22:15:00,219867863982884005487252
UE2015 (Anterior),SÍTIO DO QUINTO,51,194,1842830,ESCOLA MUNICIPAL SANTO ANTÔNIO,"RUA J. BATISTA DE ANDRADE, S/N - ZONA URBANA",CENTRO,48565000,-10.3683311,-38.2017673,335,Com acessibilidade,2026-09-28 22:24:00,886534040449575690055792
UE2015 (Anterior),SÍTIO DO QUINTO,51,196,1835000,ESCOLA MUNICIPAL PROFESSOR ROBERTO SANTOS,FAZENDA CASCALHEIRA - ZONA RURAL,POVOADO MUCAMBO,48565000,-10.3225582,-38.207451,209,Com acessibilidade,2026-09-28 22:32:00,98655475270733608475573
UE2015 (Anterior),SÍTIO DO QUINTO,51,202,1776083,COLÉGIO ESTADUAL  DE TEMPO INTEGRAL JOÃO FRANCISCO DA SILVA,"RUA DO CAMPO, S/N - ZONA URBANA",CENTRO,48565000,-10.3685967,-38.2102234,371,Com acessibilidade,2026-09-28 22:40:00,755221157936349834637563
UE2015 (Anterior),SÍTIO DO QUINTO,51,203,1824431,ESCOLA MUNICIPAL SANTO ANTÔNIO,"RUA J. BATISTA DE ANDRADE, S/N - ZONA URBANA",CENTRO,48565000,-10.3683311,-38.2017673,332,Com acessibilidade,2026-09-28 22:48:00,432089943604585592509025
UE2015 (Anterior),SÍTIO DO QUINTO,51,221,1809771,ESCOLA MUNICIPAL SANTO ANTÔNIO,"RUA J. BATISTA DE ANDRADE, S/N - ZONA URBANA",CENTRO,48565000,-10.3683311,-38.2017673,345,Com acessibilidade,2026-09-28 22:57:00,341180771595516613100184
UE2015 (Anterior),SÍTIO DO QUINTO,51,222,1814478,COLÉGIO ESTADUAL  DE TEMPO INTEGRAL JOÃO FRANCISCO DA SILVA,"RUA DO CAMPO, S/N - ZONA URBANA",CENTRO,48565000,-10.3685967,-38.2102234,376,Com acessibilidade,2026-09-28 23:07:00,876433417648706096741390
UE2015 (Anterior),SÍTIO DO QUINTO,51,223,1758822,ESCOLA MUNICIPAL JOÃO JOSÉ DO NASCIMENTO,"TRAVESSA DA MANGUEIRA, S/N - ZONA URBANA",CENTRO,48565000,-10.3689896,-38.2028571,281,Com acessibilidade,2026-09-28 23:16:00,543100193515392683194544
UE2015 (Anterior),TABOCAS DO BREJO VELHO,190,79,1770902,PREDIO ESCOLAR MAGALHAES NETO,PRACA NOVA -  ZONA URBANA,CENTRO,47760000,-12.703385,-44.00985,369,Com acessibilidade,2026-09-25 14:55:00,755447239127665078921724
UE2015 (Anterior),TABOCAS DO BREJO VELHO,190,80,1788594,PREDIO ESCOLAR MAGALHAES NETO,PRACA NOVA -  ZONA URBANA,CENTRO,47760000,-12.703385,-44.00985,368,Com acessibilidade,2026-09-25 15:04:00,836255397144330121157888
UE2015 (Anterior),TABOCAS DO BREJO VELHO,190,81,1778764,PREDIO ESCOLAR MAGALHAES NETO,PRACA NOVA -  ZONA URBANA,CENTRO,47760000,-12.703385,-44.00985,368,Com acessibilidade,2026-09-25 15:05:00,614033281913186336029623
UE2015 (Anterior),TABOCAS DO BREJO VELHO,190,82,1763861,PREDIO ESCOLAR REINO DA ALEGRIA,PRACA 21 DE MARCO -  ZONA URBANA,CENTRO,47760000,-12.7028104,-44.0090913,356,Com acessibilidade,2026-09-25 15:13:00,462518242807986651736137
UE2015 (Anterior),TABOCAS DO BREJO VELHO,190,83,1798004,PREDIO ESCOLAR REINO DA ALEGRIA,PRACA 21 DE MARCO -  ZONA URBANA,CENTRO,47760000,-12.7028104,-44.0090913,356,Com acessibilidade,2026-09-25 15:14:00,280700179380878341958713
UE2015 (Anterior),TABOCAS DO BREJO VELHO,190,84,1767142,PREDIO ESCOLAR MANOEL MESSIAS,PRACA MANOEL MESSIAS -  ZONA URBANA,CENTRO,47760000,-12.7029483,-44.0051317,340,Com acessibilidade,2026-09-25 15:22:00,341306349095886358951741
UE2015 (Anterior),TABOCAS DO BREJO VELHO,190,85,1769849,PREDIO ESCOLAR MANOEL MESSIAS,PRACA MANOEL MESSIAS -  ZONA URBANA,CENTRO,47760000,-12.7029483,-44.0051317,340,Com acessibilidade,2026-09-25 15:23:00,502922613602117090576422
UE2015 (Anterior),TABOCAS DO BREJO VELHO,190,86,1765050,PREDIO ESCOLAR REINO DA ALEGRIA,PRACA 21 DE MARCO -  ZONA URBANA,CENTRO,47760000,-12.7028104,-44.0090913,353,Com acessibilidade,2026-09-25 15:32:00,634235858724261067610193
UE2015 (Anterior),TABOCAS DO BREJO VELHO,190,87,1789896,PREDIO ESCOLAR REINO DA ALEGRIA,PRACA 21 DE MARCO -  ZONA URBANA,CENTRO,47760000,-12.7028104,-44.0090913,354,Com acessibilidade,2026-09-25 15:32:00,543326879006175923244294
UE2015 (Anterior),TABOCAS DO BREJO VELHO,190,88,1771305,PREDIO ESCOLAR MANOEL MESSIAS,PRACA MANOEL MESSIAS -  ZONA URBANA,CENTRO,47760000,-12.7029483,-44.0051317,343,Com acessibilidade,2026-09-25 15:51:00,775649218738517256754230
UE2015 (Anterior),TABOCAS DO BREJO VELHO,190,89,1759210,PREDIO ESCOLAR MANOEL MESSIAS,PRACA MANOEL MESSIAS -  ZONA URBANA,CENTRO,47760000,-12.7029483,-44.0051317,342,Com acessibilidade,2026-09-25 15:42:00,412013966093139278150417
UE2015 (Anterior),TABOCAS DO BREJO VELHO,190,91,1793800,PREDIO ESCOLAR EURICO GASPAR DUTRA,DISTRITO MARIQUITA -  ZONA RURAL,DISTRITO MARIQUITA,47760000,-12.405305,-44.2374433,269,Com acessibilidade,2026-09-25 15:52:00,826154562234634000966073
UE2015 (Anterior),TABOCAS DO BREJO VELHO,190,92,1753603,PREDIO ESCOLAR EURICO GASPAR DUTRA,DISTRITO MARIQUITA -  ZONA RURAL,DISTRITO MARIQUITA,47760000,-12.405305,-44.2374433,268,Com acessibilidade,2026-09-25 16:01:00,280700133789688288146633
UE2015 (Anterior),TABOCAS DO BREJO VELHO,190,94,1807725,PREDIO ESCOLAR JOAQUIM PEDRO DA SILVA,POVOADO BARRA DO PEIXINHO -  ZONA RURAL,POVOADO BARRA DO PEIXINHO,47760000,-12.3594417,-44.2735133,140,Com acessibilidade,2026-09-25 16:02:00,442316518896916856882340
UE2015 (Anterior),TABOCAS DO BREJO VELHO,190,95,1767129,PREDIO ESCOLAR JOAQUIM PEDRO DA SILVA,POVOADO BARRA DO PEIXINHO -  ZONA RURAL,POVOADO BARRA DO PEIXINHO,47760000,-12.3594417,-44.2735133,140,Com acessibilidade,2026-09-25 16:26:00,583730765519517439542977
UE2015 (Anterior),TABOCAS DO BREJO VELHO,190,97,1766034,PREDIO ESCOLAR SANTA CRUZ,POVOADO BREJINHO ITACARAMBI -  ZONA RURAL,POVOADO BREJINHO ITACARAMBI,47760000,-12.423842,-44.1717406,389,Com acessibilidade,2026-09-25 16:24:00,866558263338655311671802
UE2015 (Anterior),TABOCAS DO BREJO VELHO,190,98,1811877,PREDIO ESCOLAR LUCIA GONCALVES DE ARAUJO,POVOADO MUCAMBO -  ZONA RURAL,POVOADO MUCAMBO,47760000,-12.4583083,-44.3068417,382,Com acessibilidade,2026-09-25 16:33:00,866558376738677649916289
UE2015 (Anterior),TABOCAS DO BREJO VELHO,190,99,1783693,ESCOLA JOSE BONIFACIO,POVOOADO NEGRA MINA -  ZONA RURAL,POVOADO NEGRA MINA,47760000,-12.6244017,-44.2024217,155,Com acessibilidade,2026-09-25 16:37:00,997871614060088452120928
UE2015 (Anterior),TABOCAS DO BREJO VELHO,190,101,1779611,PREDIO ESCOLAR SAO JORGE,POVOADO CABECEIRINHA -  ZONA RURAL,POVOADO CABECEIRINHA,47760000,-12.7345467,-44.1363317,339,Com acessibilidade,2026-09-25 16:11:00,492821692788980586212891
UE2015 (Anterior),TABOCAS DO BREJO VELHO,190,102,1823733,PRÉDIO ESCOLAR MUNICIPAL SANTA FÉ,POVOADO RODRIGO -  ZONA RURAL,POVOADO RODRIGO,47760000,-12.3759933,-44.06444,264,Com acessibilidade,2026-09-25 16:20:00,492821807288006066435099
UE2015 (Anterior),TABOCAS DO BREJO VELHO,190,103,1762826,ESCOLA ARTUR DA COSTA E SILVA,POVOADO VARZEA COMPRIDA -  ZONA RURAL,POVOADO VARZEA COMPRIDA,47760000,-12.38943,-44.27384,236,Com acessibilidade,2026-09-25 16:30:00,432215851782038747520888
UE2015 (Anterior),TABOCAS DO BREJO VELHO,190,104,1769324,ESCOLA MUNICIPAL JOAQUIM CORREIA MENDES,POVOADO CARRAPATO -  ZONA RURAL,POVOADO CARRAPATO,47750000,-12.7087033,-44.0661233,277,Com acessibilidade,2026-09-25 16:39:00,513023043590744183100848
UE2015 (Anterior),TABOCAS DO BREJO VELHO,190,105,1788196,ESCOLA JOSE ANTONIO DOS REIS,POVOADO OLHO D'AGUA DO CEDRO -  ZONA RURAL,POVOADO OLHO D'ÁGUA DO CEDRO,47760000,-12.6830823,-43.9652943,230,Com acessibilidade,2026-09-25 16:48:00,917063556930166261658725
UE2015 (Anterior),TABOCAS DO BREJO VELHO,190,106,1767290,ESCOLA MUNICIPAL TARCÍSIO AUGUSTO DA SILVA,POVOADO CAMARINHA -  ZONA RURAL,POVOADO CAMARINHA,47760000,-12.3638083,-44.22996,320,Com acessibilidade,2026-09-25 16:57:00,614033366100880368834270
UE2015 (Anterior),TABOCAS DO BREJO VELHO,190,109,1756861,PRÉDIO ESCOLAR MUNICIPAL RUI BARBOSA,POVOADO VEREDA -  ZONA RURAL,POVOADO VEREDA,47760000,-12.6186433,-44.1640667,304,Com acessibilidade,2026-09-25 17:06:00,381710463677245204954619
UE2015 (Anterior),TABOCAS DO BREJO VELHO,190,110,1805169,ESCOLA MUNICIPAL TARCÍSIO AUGUSTO DA SILVA,POVOADO CAMARINHA -  ZONA RURAL,POVOADO CAMARINHA,47760000,-12.3638083,-44.22996,317,Com acessibilidade,2026-09-25 17:15:00,381710540277267793383825
UE2015 (Anterior),TABOCAS DO BREJO VELHO,190,114,1771811,PREDIO ESCOLAR SAO JORGE,POVOADO CABECEIRINHA -  ZONA RURAL,POVOADO CABECEIRINHA,47760000,-12.7345467,-44.1363317,338,Com acessibilidade,2026-09-25 17:25:00,866558460625834483050640
UE2015 (Anterior),TABOCAS DO BREJO VELHO,190,125,1789478,ESCOLA JOSE ANTONIO DOS REIS,POVOADO OLHO D'AGUA DO CEDRO -  ZONA RURAL,POVOADO OLHO D'ÁGUA DO CEDRO,47760000,-12.6830823,-43.9652943,231,Com acessibilidade,2026-09-25 17:34:00,38275810742021592359583
UE2015 (Anterior),TABOCAS DO BREJO VELHO,190,130,1760348,PREDIO ESCOLAR MAGALHAES NETO,PRACA NOVA -  ZONA URBANA,CENTRO,47760000,-12.703385,-44.00985,369,Com acessibilidade,2026-09-25 17:43:00,846356144523854279057351
UE2015 (Anterior),TABOCAS DO BREJO VELHO,190,132,1825719,PREDIO ESCOLAR EURICO GASPAR DUTRA,DISTRITO MARIQUITA -  ZONA RURAL,DISTRITO MARIQUITA,47760000,-12.405305,-44.2374433,266,Com acessibilidade,2026-09-25 17:51:00,917063436430878314672009
UE2015 (Anterior),TABOCAS DO BREJO VELHO,190,137,1841185,PREDIO ESCOLAR JOAQUIM PEDRO DA SILVA,POVOADO BARRA DO PEIXINHO -  ZONA RURAL,POVOADO BARRA DO PEIXINHO,47760000,-12.3594417,-44.2735133,140,Com acessibilidade,2026-09-25 18:00:00,553427621394104406094936
UE2015 (Anterior),TABOCAS DO BREJO VELHO,190,140,1783945,PREDIO ESCOLAR MANOEL MESSIAS,PRACA MANOEL MESSIAS -  ZONA URBANA,CENTRO,47760000,-12.7029483,-44.0051317,344,Com acessibilidade,2026-09-25 18:09:00,88780453347266468171857
UE2015 (Anterior),TABOCAS DO BREJO VELHO,190,142,1760309,ESCOLA MUNICIPAL JOAQUIM CORREIA MENDES,POVOADO CARRAPATO -  ZONA RURAL,POVOADO CARRAPATO,47750000,-12.7087033,-44.0661233,280,Com acessibilidade,2026-09-25 17:17:00,260598855287282090750412
UE2015 (Anterior),TABOCAS DO BREJO VELHO,190,144,1788227,PRÉDIO ESCOLAR MUNICIPAL RUI BARBOSA,POVOADO VEREDA -  ZONA RURAL,POVOADO VEREDA,47760000,-12.6186433,-44.1640667,306,Com acessibilidade,2026-09-25 17:07:00,624134437923556221641268
UE2015 (Anterior),TABOCAS DO BREJO VELHO,190,146,1766713,PREDIO ESCOLAR SAO JORGE,POVOADO CABECEIRINHA -  ZONA RURAL,POVOADO CABECEIRINHA,47760000,-12.7345467,-44.1363317,336,Com acessibilidade,2026-09-25 16:57:00,462518491107738539087260
UE2015 (Anterior),TABOCAS DO BREJO VELHO,190,147,1762726,PREDIO ESCOLAR MANOEL MESSIAS,PRACA MANOEL MESSIAS -  ZONA URBANA,CENTRO,47760000,-12.7029483,-44.0051317,344,Com acessibilidade,2026-09-25 16:48:00,48376187165293182006207
UE2015 (Anterior),TANQUE NOVO,168,144,1770464,COLÉGIO ESTADUAL DE TANQUE NOVO,RUA VEREADOR OSVALDO A CARNEIRO ZONA URBANA,CENTRO,46580000,-13.55905,-42.4910168,389,Sem acessibilidade,2026-09-25 14:12:00,197958008458532232044442
UE2015 (Anterior),TANQUE NOVO,168,145,1752406,COLÉGIO ESTADUAL DE TANQUE NOVO,RUA VEREADOR OSVALDO A CARNEIRO ZONA URBANA,CENTRO,46580000,-13.55905,-42.4910168,393,Sem acessibilidade,2026-09-25 14:20:00,501089426389798386819893
UE2015 (Anterior),TANQUE NOVO,168,146,1780106,COLÉGIO ESTADUAL DE TANQUE NOVO,RUA VEREADOR OSVALDO A CARNEIRO ZONA URBANA,CENTRO,46580000,-13.55905,-42.4910168,391,Sem acessibilidade,2026-09-25 14:29:00,298968323668215965663274
UE2015 (Anterior),TANQUE NOVO,168,147,1770306,COLÉGIO ESTADUAL DE TANQUE NOVO,RUA VEREADOR OSVALDO A CARNEIRO ZONA URBANA,CENTRO,46580000,-13.55905,-42.4910168,392,Sem acessibilidade,2026-09-25 14:38:00,814120959120758800198614
UE2015 (Anterior),TANQUE NOVO,168,148,1786033,COLÉGIO ESTADUAL DE TANQUE NOVO,RUA VEREADOR OSVALDO A CARNEIRO ZONA URBANA,CENTRO,46580000,-13.55905,-42.4910168,390,Sem acessibilidade,2026-09-25 14:47:00,430382680382399122202521
UE2015 (Anterior),TANQUE NOVO,168,149,1654942,COLÉGIO ESTADUAL DE TANQUE NOVO,RUA VEREADOR OSVALDO A CARNEIRO ZONA URBANA,CENTRO,46580000,-13.55905,-42.4910168,387,Sem acessibilidade,2026-09-25 14:57:00,309069669769350305184237
UE2015 (Anterior),TANQUE NOVO,168,150,1779741,COLÉGIO ESTADUAL DE TANQUE NOVO,RUA VEREADOR OSVALDO A CARNEIRO ZONA URBANA,CENTRO,46580000,-13.55905,-42.4910168,391,Sem acessibilidade,2026-09-25 15:06:00,622201068001261448032089
UE2015 (Anterior),TANQUE NOVO,168,151,1657787,COLÉGIO ESTADUAL DE TANQUE NOVO,RUA VEREADOR OSVALDO A CARNEIRO ZONA URBANA,CENTRO,46580000,-13.55905,-42.4910168,394,Sem acessibilidade,2026-09-25 15:16:00,460685011585199711147518
UE2015 (Anterior),TANQUE NOVO,168,152,1811146,ESCOLA MUNICIPAL TEOTÔNIO MARQUES,PRACA CARDOSO SN - ZONA URBANA,CENTRO,46580000,-13.5454483,-42.4907367,256,Sem acessibilidade,2026-09-25 15:25:00,713110376110469879921247
UE2015 (Anterior),TANQUE NOVO,168,153,1756303,ESCOLA MUNICIPAL TEOTÔNIO MARQUES,PRACA CARDOSO SN - ZONA URBANA,CENTRO,46580000,-13.5454483,-42.4907367,252,Sem acessibilidade,2026-09-25 15:33:00,662605438105365970938743
UE2015 (Anterior),TANQUE NOVO,168,154,1781259,ESCOLA MUNICIPAL TEOTÔNIO MARQUES,PRACA CARDOSO SN - ZONA URBANA,CENTRO,46580000,-13.5454483,-42.4907367,268,Sem acessibilidade,2026-09-25 15:42:00,399978274478116702710207
UE2015 (Anterior),TANQUE NOVO,168,155,1832737,GRUPO ESCOLAR RAQUEL PEREIRA,RUA PROF RAQUEL PEREIRA,CENTRO,46580000,-13.5448855,-42.4922849,315,Sem acessibilidade,2026-09-25 15:51:00,541493531593282700115751
UE2015 (Anterior),TANQUE NOVO,168,156,1822021,GRUPO ESCOLAR RAQUEL PEREIRA,RUA PROF RAQUEL PEREIRA,CENTRO,46580000,-13.5448855,-42.4922849,313,Sem acessibilidade,2026-09-25 16:00:00,612100719700941995589165
UE2015 (Anterior),TANQUE NOVO,168,157,1773075,GRUPO ESCOLAR RAQUEL PEREIRA,RUA PROF RAQUEL PEREIRA,CENTRO,46580000,-13.5448855,-42.4922849,313,Sem acessibilidade,2026-09-25 16:10:00,632302844702059006379967
UE2015 (Anterior),TANQUE NOVO,168,158,1767472,GRUPO ESCOLAR RAQUEL PEREIRA,RUA PROF RAQUEL PEREIRA,CENTRO,46580000,-13.5448855,-42.4922849,315,Sem acessibilidade,2026-09-25 16:18:00,359574674574331410404584
UE2015 (Anterior),TANQUE NOVO,168,159,1658213,CENTRO EDUCACIONAL PROFESSORA ALZIRA ALVES CARNEIRO,PRAÇA DOS ESTUDANTES - ZONA URBANA,CENTRO,46580000,-13.5488416,-42.4867123,290,Sem acessibilidade,2026-09-25 16:29:00,834322261322974698861107
UE2015 (Anterior),TANQUE NOVO,168,160,1656683,CENTRO EDUCACIONAL PROFESSORA ALZIRA ALVES CARNEIRO,PRAÇA DOS ESTUDANTES - ZONA URBANA,CENTRO,46580000,-13.5488416,-42.4867123,291,Sem acessibilidade,2026-09-25 16:37:00,26241531941118565748830
UE2015 (Anterior),TANQUE NOVO,168,161,1807996,CENTRO EDUCACIONAL PROFESSORA ALZIRA ALVES CARNEIRO,PRAÇA DOS ESTUDANTES - ZONA URBANA,CENTRO,46580000,-13.5488416,-42.4867123,291,Sem acessibilidade,2026-09-25 16:46:00,430382058782546631548977
UE2015 (Anterior),TANQUE NOVO,168,162,1771096,CENTRO EDUCACIONAL PROFESSORA ALZIRA ALVES CARNEIRO,PRAÇA DOS ESTUDANTES - ZONA URBANA,CENTRO,46580000,-13.5488416,-42.4867123,291,Sem acessibilidade,2026-09-25 16:55:00,834322568022965157551953
UE2015 (Anterior),TANQUE NOVO,168,163,1754484,CENTRO EDUCACIONAL PROFESSORA ALZIRA ALVES CARNEIRO,PRAÇA DOS ESTUDANTES - ZONA URBANA,CENTRO,46580000,-13.5488416,-42.4867123,291,Sem acessibilidade,2026-09-25 17:04:00,531392375492255548496807
UE2015 (Anterior),TANQUE NOVO,168,164,1794457,CENTRO EDUCACIONAL PROFESSORA ALZIRA ALVES CARNEIRO,PRAÇA DOS ESTUDANTES - ZONA URBANA,CENTRO,46580000,-13.5488416,-42.4867123,289,Sem acessibilidade,2026-09-25 17:13:00,894928842828636691613580
UE2015 (Anterior),TANQUE NOVO,168,165,1788280,COLÉGIO MUNICIPAL MURICI,PRAÇA JOSE MAGALHÃES MOCO SN - ZONA RURAL,POVOADO MURICI,46580000,-13.5097507,-42.6756399,375,Sem acessibilidade,2026-09-25 17:22:00,187857243857948842535567
UE2015 (Anterior),TANQUE NOVO,168,166,1788488,COLÉGIO MUNICIPAL MURICI,PRAÇA JOSE MAGALHÃES MOCO SN - ZONA RURAL,POVOADO MURICI,46580000,-13.5097507,-42.6756399,374,Sem acessibilidade,2026-09-25 17:31:00,369675534275140857663962
UE2015 (Anterior),TANQUE NOVO,168,167,1789654,COLÉGIO MUNICIPAL MURICI,PRAÇA JOSE MAGALHÃES MOCO SN - ZONA RURAL,POVOADO MURICI,46580000,-13.5097507,-42.6756399,148,Sem acessibilidade,2026-09-25 17:39:00,278766558766614745787320
UE2015 (Anterior),TANQUE NOVO,168,169,1781694,COLÉGIO MUNICIPAL MURICI,PRAÇA JOSE MAGALHÃES MOCO SN - ZONA RURAL,POVOADO MURICI,46580000,-13.5097507,-42.6756399,396,Sem acessibilidade,2026-09-25 17:48:00,96948594148451489231430
UE2015 (Anterior),TANQUE NOVO,168,171,1769834,COLÉGIO MUNICIPAL MURICI,PRAÇA JOSE MAGALHÃES MOCO SN - ZONA RURAL,POVOADO MURICI,46580000,-13.5097507,-42.6756399,345,Sem acessibilidade,2026-09-25 17:57:00,440483137483822597400584
UE2015 (Anterior),TANQUE NOVO,168,172,1824643,PRÉDIO ESCOLAR MARTINIANO J DE M,POVOADO PAPAGAIO - ZONA RURAL,POVOADO PAPAGAIO,46580000,-13.47151,-42.568665,221,Sem acessibilidade,2026-09-25 18:06:00,399978197578361753871185
UE2015 (Anterior),TANQUE NOVO,168,177,1794200,PRÉDIO ESCOLAR JOSÉ ONÓRIO,POV VEREDA FUNDA - ZONA RURAL,POVOADO VEREDA FUNDA,46580000,-13.46558,-42.477055,201,Sem acessibilidade,2026-09-25 18:26:00,26241370941173091780370
UE2015 (Anterior),TANQUE NOVO,168,178,1675729,PRÉDIO ESCOLAR JOSÉ ONÓRIO,POV VEREDA FUNDA - ZONA RURAL,POVOADO VEREDA FUNDA,46580000,-13.46558,-42.477055,174,Sem acessibilidade,2026-09-25 18:35:00,844423300923011987627865
UE2015 (Anterior),TANQUE NOVO,168,179,1838473,PRÉDIO ESCOLAR JOSÉ ONÓRIO,POV VEREDA FUNDA - ZONA RURAL,POVOADO VEREDA FUNDA,46580000,-13.46558,-42.477055,296,Sem acessibilidade,2026-09-25 18:44:00,117150681350301942466214
UE2015 (Anterior),TANQUE NOVO,168,182,1794671,ESCOLA MUNICIPAL ANA NÉRY,POVOADO JACARÉ - ZONA RURAL,POVOADO JACARÉ,46580000,-13.640325,-42.4587083,241,Sem acessibilidade,2026-09-25 18:53:00,733312609412943799648509
UE2015 (Anterior),TANQUE NOVO,168,185,1794405,ESCOLA MUNICIPAL ANA NÉRY,POVOADO JACARÉ - ZONA RURAL,POVOADO JACARÉ,46580000,-13.640325,-42.4587083,342,Sem acessibilidade,2026-09-25 19:02:00,86847287447888344905471
UE2015 (Anterior),TANQUE NOVO,168,186,1766782,ESCOLA MUNICIPAL TEOTÔNIO MARQUES,PRACA CARDOSO SN - ZONA URBANA,CENTRO,46580000,-13.5454483,-42.4907367,379,Sem acessibilidade,2026-09-25 19:10:00,26241333541771366089582
UE2015 (Anterior),TANQUE NOVO,168,188,1835434,CENTRO EDUCACIONAL PROFESSORA ALZIRA ALVES CARNEIRO,PRAÇA DOS ESTUDANTES - ZONA URBANA,CENTRO,46580000,-13.5488416,-42.4867123,290,Sem acessibilidade,2026-09-25 19:19:00,945433473433322612673258
UE2015 (Anterior),TANQUE NOVO,168,191,1763878,CENTRO EDUCACIONAL PROFESSORA ALZIRA ALVES CARNEIRO,PRAÇA DOS ESTUDANTES - ZONA URBANA,CENTRO,46580000,-13.5488416,-42.4867123,347,Sem acessibilidade,2026-09-25 19:28:00,167655997255567164277840
UE2015 (Anterior),TANQUE NOVO,168,192,1764900,CENTRO EDUCACIONAL PROFESSORA ALZIRA ALVES CARNEIRO,PRAÇA DOS ESTUDANTES - ZONA URBANA,CENTRO,46580000,-13.5488416,-42.4867123,338,Sem acessibilidade,2026-09-25 19:37:00,955534891834377360929343
UE2015 (Anterior),TANQUE NOVO,168,193,1767121,CENTRO EDUCACIONAL PROFESSORA ALZIRA ALVES CARNEIRO,PRAÇA DOS ESTUDANTES - ZONA URBANA,CENTRO,46580000,-13.5488416,-42.4867123,346,Sem acessibilidade,2026-09-25 19:46:00,854524901024292051347478
UE2015 (Anterior),TANQUE NOVO,168,195,1822098,ESCOLA MUNICIPAL TEOTÔNIO MARQUES,PRACA CARDOSO SN - ZONA URBANA,CENTRO,46580000,-13.5454483,-42.4907367,231,Com acessibilidade,2026-09-25 19:55:00,844423116023302252592436
UE2015 (Anterior),TANQUE NOVO,168,196,1754881,CENTRO EDUCACIONAL PROFESSORA ALZIRA ALVES CARNEIRO,PRAÇA DOS ESTUDANTES - ZONA URBANA,CENTRO,46580000,-13.5488416,-42.4867123,375,Sem acessibilidade,2026-09-25 20:04:00,187857562057209056240807
UE2015 (Anterior),TANQUE NOVO,168,198,1771870,COLÉGIO ESTADUAL DE TANQUE NOVO,RUA VEREADOR OSVALDO A CARNEIRO ZONA URBANA,CENTRO,46580000,-13.55905,-42.4910168,392,Sem acessibilidade,2026-09-25 20:13:00,844423446123889452767688
UE2015 (Anterior),TANQUE NOVO,168,199,1848192,CENTRO EDUCACIONAL PROFESSORA ALZIRA ALVES CARNEIRO,PRAÇA DOS ESTUDANTES - ZONA URBANA,CENTRO,46580000,-13.5488416,-42.4867123,368,Sem acessibilidade,2026-09-25 20:22:00,682807397307744280388817
UE2015 (Anterior),TANQUE NOVO,168,200,1825715,GRUPO ESCOLAR RAQUEL PEREIRA,RUA PROF RAQUEL PEREIRA,CENTRO,46580000,-13.5448855,-42.4922849,314,Sem acessibilidade,2026-09-25 20:31:00,157554335254236801196047
UE2015 (Anterior),TANQUE NOVO,168,201,1794063,ESCOLA MUNICIPAL TEOTÔNIO MARQUES,PRACA CARDOSO SN - ZONA URBANA,CENTRO,46580000,-13.5454483,-42.4907367,229,Sem acessibilidade,2026-09-25 20:39:00,945433238033586729348106
UE2015 (Anterior),TANQUE NOVO,168,202,1841209,COLÉGIO ESTADUAL DE TANQUE NOVO,RUA VEREADOR OSVALDO A CARNEIRO ZONA URBANA,CENTRO,46580000,-13.55905,-42.4910168,390,Sem acessibilidade,2026-09-25 21:15:00,389877785177673181070557
UE2015 (Anterior),TANQUE NOVO,168,203,1763157,CENTRO EDUCACIONAL PROFESSORA ALZIRA ALVES CARNEIRO,PRAÇA DOS ESTUDANTES - ZONA URBANA,CENTRO,46580000,-13.5488416,-42.4867123,285,Sem acessibilidade,2026-09-25 21:04:00,915130426730043039318116
UE2015 (Anterior),TANQUINHO,160,108,1752926,COLÉGIO ESTADUAL DE TEMPO INTEGRAL NOVIS FILHO,"RUA ANTONIO GUIMARÃES, 485 - ZONA URBANA",CENTRO,44160000,-11.96973695,-39.10452574,285,Com acessibilidade,2026-09-21 08:44:00,474998441773237682677172
UE2015 (Anterior),TANQUINHO,160,109,1775231,COLÉGIO ESTADUAL DE TEMPO INTEGRAL NOVIS FILHO,"RUA ANTONIO GUIMARÃES, 485 - ZONA URBANA",CENTRO,44160000,-11.96973695,-39.10452574,286,Com acessibilidade,2026-09-21 08:53:00,313382396757091410046389
UE2015 (Anterior),TANQUINHO,160,110,1765021,COLÉGIO ESTADUAL DE TEMPO INTEGRAL NOVIS FILHO,"RUA ANTONIO GUIMARÃES, 485 - ZONA URBANA",CENTRO,44160000,-11.96973695,-39.10452574,283,Com acessibilidade,2026-09-21 09:02:00,505201665076875382704383
UE2015 (Anterior),TANQUINHO,160,111,1755632,COLÉGIO ESTADUAL DE TEMPO INTEGRAL NOVIS FILHO,"RUA ANTONIO GUIMARÃES, 485 - ZONA URBANA",CENTRO,44160000,-11.96973695,-39.10452574,287,Com acessibilidade,2026-09-21 09:11:00,676918941893064351940326
UE2015 (Anterior),TANQUINHO,160,112,1765630,COLÉGIO ESTADUAL DE TEMPO INTEGRAL NOVIS FILHO,"RUA ANTONIO GUIMARÃES, 485 - ZONA URBANA",CENTRO,44160000,-11.96973695,-39.10452574,286,Com acessibilidade,2026-09-21 09:19:00,545605929880498745347915
UE2015 (Anterior),TANQUINHO,160,113,1763574,COLÉGIO ESTADUAL DE TEMPO INTEGRAL NOVIS FILHO,"RUA ANTONIO GUIMARÃES, 485 - ZONA URBANA",CENTRO,44160000,-11.96973695,-39.10452574,287,Com acessibilidade,2026-09-21 09:20:00,50756540431465986428944
UE2015 (Anterior),TANQUINHO,160,114,1824409,COLÉGIO ESTADUAL DE TEMPO INTEGRAL NOVIS FILHO,"RUA ANTONIO GUIMARÃES, 485 - ZONA URBANA",CENTRO,44160000,-11.96973695,-39.10452574,284,Com acessibilidade,2026-09-21 09:37:00,707221300296690475502091
UE2015 (Anterior),TANQUINHO,160,115,1774944,COLÉGIO ESTADUAL DE TEMPO INTEGRAL NOVIS FILHO,"RUA ANTONIO GUIMARÃES, 485 - ZONA URBANA",CENTRO,44160000,-11.96973695,-39.10452574,287,Com acessibilidade,2026-09-21 09:45:00,707221418496645222399199
UE2015 (Anterior),TANQUINHO,160,116,1770736,COLÉGIO ESTADUAL DE TEMPO INTEGRAL NOVIS FILHO,"RUA ANTONIO GUIMARÃES, 485 - ZONA URBANA",CENTRO,44160000,-11.96973695,-39.10452574,287,Com acessibilidade,2026-09-21 09:54:00,959746776621912107165294
UE2015 (Anterior),TANQUINHO,160,117,1772874,COLÉGIO ESTADUAL DE TEMPO INTEGRAL NOVIS FILHO,"RUA ANTONIO GUIMARÃES, 485 - ZONA URBANA",CENTRO,44160000,-11.96973695,-39.10452574,285,Com acessibilidade,2026-09-21 10:03:00,283079215054806642671993
UE2015 (Anterior),TANQUINHO,160,118,1766110,COLÉGIO ESTADUAL DE TEMPO INTEGRAL NOVIS FILHO,"RUA ANTONIO GUIMARÃES, 485 - ZONA URBANA",CENTRO,44160000,-11.96973695,-39.10452574,281,Com acessibilidade,2026-09-21 10:12:00,363887403262901725094826
UE2015 (Anterior),TANQUINHO,160,119,1750221,COLÉGIO ESTADUAL DE TEMPO INTEGRAL NOVIS FILHO,"RUA ANTONIO GUIMARÃES, 485 - ZONA URBANA",CENTRO,44160000,-11.96973695,-39.10452574,284,Com acessibilidade,2026-09-21 10:20:00,141665297240635253878440
UE2015 (Anterior),TANQUINHO,160,120,1767932,COLÉGIO ESTADUAL DE TEMPO INTEGRAL NOVIS FILHO,"RUA ANTONIO GUIMARÃES, 485 - ZONA URBANA",CENTRO,44160000,-11.96973695,-39.10452574,285,Com acessibilidade,2026-09-21 10:29:00,889039118914002375645752
UE2015 (Anterior),TANQUINHO,160,121,1834954,COLÉGIO ESTADUAL DE TEMPO INTEGRAL NOVIS FILHO,"RUA ANTONIO GUIMARÃES, 485 - ZONA URBANA",CENTRO,44160000,-11.96973695,-39.10452574,286,Com acessibilidade,2026-09-21 10:37:00,343685682260418845428257
UE2015 (Anterior),TANQUINHO,160,122,1766375,ESCOLA MUNICIPAL PROFESSORA ÁUREA CORDEIRO,"RUA AMERICO TRABUCO, S/N - ZONA URBANA",CENTRO,44160000,-11.97576435,-39.10321754,255,Sem acessibilidade,2026-09-21 10:46:00,757726209601847323975230
UE2015 (Anterior),TANQUINHO,160,123,1767028,ESCOLA MUNICIPAL PROFESSORA ÁUREA CORDEIRO,"RUA AMERICO TRABUCO, S/N - ZONA URBANA",CENTRO,44160000,-11.97576435,-39.10321754,256,Sem acessibilidade,2026-09-21 10:54:00,586009143984628667294197
UE2015 (Anterior),TANQUINHO,160,124,1766940,ESCOLA MUNICIPAL PROFESSORA ÁUREA CORDEIRO,"RUA AMERICO TRABUCO, S/N - ZONA URBANA",CENTRO,44160000,-11.97576435,-39.10321754,256,Sem acessibilidade,2026-09-21 11:03:00,404291072566034070667285
UE2015 (Anterior),TANQUINHO,160,125,1775494,ESCOLA MUNICIPAL PROFESSORA ÁUREA CORDEIRO,"RUA AMERICO TRABUCO, S/N - ZONA URBANA",CENTRO,44160000,-11.97576435,-39.10321754,257,Sem acessibilidade,2026-09-21 11:12:00,182069966144833718896792
UE2015 (Anterior),TANQUINHO,160,126,1764652,ESCOLA MUNICIPAL PROFESSORA ÁUREA CORDEIRO,"RUA AMERICO TRABUCO, S/N - ZONA URBANA",CENTRO,44160000,-11.97576435,-39.10321754,255,Sem acessibilidade,2026-09-21 11:20:00,404291291566001788702984
UE2015 (Anterior),TANQUINHO,160,127,1765429,ESCOLA MUNICIPAL PROFESSORA ÁUREA CORDEIRO,"RUA AMERICO TRABUCO, S/N - ZONA URBANA",CENTRO,44160000,-11.97576435,-39.10321754,254,Sem acessibilidade,2026-09-21 11:29:00,333584333359563706984394
UE2015 (Anterior),TANQUINHO,160,128,1766689,ESCOLA MUNICIPAL PROFESSORA ÁUREA CORDEIRO,"RUA AMERICO TRABUCO, S/N - ZONA URBANA",CENTRO,44160000,-11.97576435,-39.10321754,254,Sem acessibilidade,2026-09-21 11:38:00,838534947209080278760966
UE2015 (Anterior),TANQUINHO,160,129,1767215,ESCOLA MUNICIPAL PROFESSORA ÁUREA CORDEIRO,"RUA AMERICO TRABUCO, S/N - ZONA URBANA",CENTRO,44160000,-11.97576435,-39.10321754,257,Sem acessibilidade,2026-09-21 11:47:00,202271427746472183781716
UE2015 (Anterior),TANQUINHO,160,130,1810437,ESCOLA MUNICIPAL PROFESSORA ÁUREA CORDEIRO,"RUA AMERICO TRABUCO, S/N - ZONA URBANA",CENTRO,44160000,-11.97576435,-39.10321754,256,Sem acessibilidade,2026-09-21 11:55:00,91160390935319354818985
UE2015 (Anterior),TANQUINHO,160,131,1842128,ESCOLA MUNICIPAL PROFESSORA ÁUREA CORDEIRO,"RUA AMERICO TRABUCO, S/N - ZONA URBANA",CENTRO,44160000,-11.97576435,-39.10321754,256,Sem acessibilidade,2026-09-21 12:04:00,121463534038935498516514
UE2015 (Anterior),TANQUINHO,160,132,1756370,PRÉDIO ESCOLAR JOSAPHAT DOS REIS LIMA,POVOADO NOVENTA - ZONA RURAL,POVOADO NOVENTA,44160000,-11.8828075,-39.02382516,274,Com acessibilidade,2026-09-21 12:13:00,707221223596530248139010
UE2015 (Anterior),TANQUINHO,160,133,1766112,PRÉDIO ESCOLAR CRISPIM ANICETO DE JESUS,POVOADO CRISPINOPOLIS - ZONA RURAL,POVOADO CRISPINÓPOLIS,44160000,-11.88724115,-39.05281118,233,Com acessibilidade,2026-09-21 12:21:00,404291035466186976063675
UE2015 (Anterior),TANQUINHO,160,134,1766211,PRÉDIO ESCOLAR JOSÉ ALVINO PEREIRA,"PRAÇA DA MATRIZ, POVOADO SÃO NICOLAU - ZONA RURAL",POVOADO SAO NICOLAU,44160000,-11.83592378,-39.06476774,198,Sem acessibilidade,2026-09-21 12:29:00,788029529004122586528066
UE2015 (Anterior),TANQUINHO,160,138,1767933,PRÉDIO ESCOLAR JOSAPHAT DOS REIS LIMA,POVOADO NOVENTA - ZONA RURAL,POVOADO NOVENTA,44160000,-11.8828075,-39.02382516,274,Com acessibilidade,2026-09-21 12:37:00,878938059713161325766106
UE2015 (Anterior),TAPEROÁ,32,68,1780180,ESCOLA MUNICIPAL DE ENSINO FUNDAMENTAL ANTÔNIO BALBINO,"RUA CARMOSINA TRINCHÃO, S/N - ZONA URBANA",CENTRO,45430000,-13.5368308,-39.09704,285,Sem acessibilidade,2026-10-01 09:16:00,200863506152806011384105
UE2015 (Anterior),TAPEROÁ,32,69,1765750,ESCOLA MUNICIPAL DE ENSINO FUNDAMENTAL ANTÔNIO BALBINO,"RUA CARMOSINA TRINCHÃO, S/N - ZONA URBANA",CENTRO,45430000,-13.5368308,-39.09704,286,Sem acessibilidade,2026-10-01 09:30:00,261469679958627476850746
UE2015 (Anterior),TAPEROÁ,32,70,1837632,ESCOLA MUNICIPAL DE ENSINO FUNDAMENTAL ANTÔNIO BALBINO,"RUA CARMOSINA TRINCHÃO, S/N - ZONA URBANA",CENTRO,45430000,-13.5368308,-39.09704,304,Sem acessibilidade,2026-10-01 09:40:00,362479859068819657688544
UE2015 (Anterior),TAPEROÁ,32,71,1755927,COLÉGIO SÃO BRAZ,"RUA SAUL OLIVEIRA, SN - ZONA URBANA",CENTRO,45430000,-13.539782,-39.0986482,340,Sem acessibilidade,2026-10-01 09:51:00,39146630935645508989812
UE2015 (Anterior),TAPEROÁ,32,72,1759881,COLÉGIO SÃO BRAZ,"RUA SAUL OLIVEIRA, SN - ZONA URBANA",CENTRO,45430000,-13.539782,-39.0986482,339,Sem acessibilidade,2026-10-01 10:08:00,917934623823647503227302
UE2015 (Anterior),TAPEROÁ,32,73,1758744,COLÉGIO SÃO BRAZ,"RUA SAUL OLIVEIRA, SN - ZONA URBANA",CENTRO,45430000,-13.539782,-39.0986482,338,Sem acessibilidade,2026-10-01 10:21:00,493792316381912777770795
UE2015 (Anterior),TAPEROÁ,32,74,1766239,ESCOLA ESTADUAL DE TEMPO INTEGRAL ESTELA ALELUIA GUIMARÃES,"RUA CÍCERO ANTERO DE BRITO, SN - ZONA URBANA",CENTRO,45430000,-13.5482245,-39.0991945,363,Sem acessibilidade,2026-10-01 10:30:00,534196465985977638393398
UE2015 (Anterior),TAPEROÁ,32,75,1810151,ESCOLA ESTADUAL DE TEMPO INTEGRAL ESTELA ALELUIA GUIMARÃES,"RUA CÍCERO ANTERO DE BRITO, SN - ZONA URBANA",CENTRO,45430000,-13.5482245,-39.0991945,364,Sem acessibilidade,2026-10-01 10:40:00,423085468974956994738952
UE2015 (Anterior),TAPEROÁ,32,76,1762153,ESCOLA ESTADUAL DE TEMPO INTEGRAL ESTELA ALELUIA GUIMARÃES,"RUA CÍCERO ANTERO DE BRITO, SN - ZONA URBANA",CENTRO,45430000,-13.5482245,-39.0991945,363,Sem acessibilidade,2026-10-01 10:50:00,806823951112427925894282
UE2015 (Anterior),TAPEROÁ,32,77,1757087,ESCOLA ESTADUAL DE TEMPO INTEGRAL ESTELA ALELUIA GUIMARÃES,"RUA CÍCERO ANTERO DE BRITO, SN - ZONA URBANA",CENTRO,45430000,-13.5482245,-39.0991945,364,Sem acessibilidade,2026-10-01 11:01:00,998742252631344281118535
UE2015 (Anterior),TAPEROÁ,32,78,1780791,ESCOLA DE ENSINO FUNDAMENTAL DR LUIZ NAVARRO DE BRITO,"RUA EUVALDO LUZ, SN - ZONA URBANA",CENTRO,45430000,-13.5360195,-39.0973997,398,Sem acessibilidade,2026-10-01 11:11:00,635106006695071556419449
UE2015 (Anterior),TAPEROÁ,32,79,1769833,ESCOLA DE ENSINO FUNDAMENTAL DR LUIZ NAVARRO DE BRITO,"RUA EUVALDO LUZ, SN - ZONA URBANA",CENTRO,45430000,-13.5360195,-39.0973997,396,Sem acessibilidade,2026-10-01 11:21:00,332176815465868110129857
UE2015 (Anterior),TAPEROÁ,32,80,1774645,ESCOLA ESTADUAL DE TEMPO INTEGRAL ESTELA ALELUIA GUIMARÃES,"RUA CÍCERO ANTERO DE BRITO, SN - ZONA URBANA",CENTRO,45430000,-13.5482245,-39.0991945,203,Sem acessibilidade,2026-10-01 11:35:00,948237509626849045558150
UE2015 (Anterior),TAPEROÁ,32,82,1759423,CRECHE OSCAR DE SOUZA BULCÃO,"RUA SÃO SALVADOR, RODOVIA TAPEROÁ VALENÇA, S/N -ZONA RURAL",POVOADO GRACIOSA,45430000,-13.4847089,-39.0916569,267,Sem acessibilidade,2026-10-01 11:50:00,675510453899400821061695
UE2015 (Anterior),TAPEROÁ,32,83,1842988,CRECHE OSCAR DE SOUZA BULCÃO,"RUA SÃO SALVADOR, RODOVIA TAPEROÁ VALENÇA, S/N -ZONA RURAL",POVOADO GRACIOSA,45430000,-13.4847089,-39.0916569,270,Sem acessibilidade,2026-10-01 12:09:00,837126723315856534432046
UE2015 (Anterior),TAPEROÁ,32,84,1789928,ESCOLA CERENILA SANTANA,POVOADO DE CAMURUGI - ZONA RURAL,POVOADO CAMURUGÍ,45430000,-13.5012183,-39.097474,263,Sem acessibilidade,2026-10-01 12:20:00,190762190351767567603748
UE2015 (Anterior),TAPEROÁ,32,85,1789925,ESCOLA CERENILA SANTANA,POVOADO DE CAMURUGI - ZONA RURAL,POVOADO CAMURUGÍ,45430000,-13.5012183,-39.097474,261,Sem acessibilidade,2026-10-01 12:31:00,311974428863045721410502
UE2015 (Anterior),TAPEROÁ,32,86,1764922,PRÉDIO ESCOLAR MATIAS NASCIMENTO DOS SANTOS,POVOADO DE ITIÚBA - ZONA RURAL,POVOADO ITIÚBA,45430000,-13.5810132,-39.219853,180,Sem acessibilidade,2026-10-01 12:41:00,120055347544948733933195
UE2015 (Anterior),TAPEROÁ,32,88,1838015,PRÉDIO ESCOLAR MATIAS NASCIMENTO DOS SANTOS,POVOADO DE ITIÚBA - ZONA RURAL,POVOADO ITIÚBA,45430000,-13.5810132,-39.219853,179,Sem acessibilidade,2026-10-01 12:51:00,59348493137961731821930
UE2015 (Anterior),TAPEROÁ,32,89,1796288,ESCOLA MUNICIPAL PROF HERMELINDA MARTINS,"RUA CÍCERO ANTERO DE BRITO, SN, ZONA URBANA",CENTRO,45430000,-13.5394026,-39.0988297,264,Sem acessibilidade,2026-10-01 13:11:00,635106184895293055826911
UE2015 (Anterior),TAPEROÁ,32,90,1795000,ESCOLA MUNICIPAL PROF HERMELINDA MARTINS,"RUA CÍCERO ANTERO DE BRITO, SN, ZONA URBANA",CENTRO,45430000,-13.5394026,-39.0988297,264,Sem acessibilidade,2026-10-01 13:23:00,635106266595521812501929
UE2015 (Anterior),TAPEROÁ,32,91,1759258,ESCOLA MUNICIPAL PROF HERMELINDA MARTINS,"RUA CÍCERO ANTERO DE BRITO, SN, ZONA URBANA",CENTRO,45430000,-13.5394026,-39.0988297,262,Sem acessibilidade,2026-10-01 13:33:00,120055864744103711568965
UE2015 (Anterior),TAPEROÁ,32,92,1771150,ESCOLA MUNICIPAL PROF HERMELINDA MARTINS,"RUA CÍCERO ANTERO DE BRITO, SN, ZONA URBANA",CENTRO,45430000,-13.5394026,-39.0988297,268,Sem acessibilidade,2026-10-01 13:43:00,89651931440150732751838
UE2015 (Anterior),TAPEROÁ,32,93,1766365,COLÉGIO MANOEL PEREIRA,POVOADO DE AREINHA - ZONA RURAL,POVOADO AREINHA,45430000,-13.6218969,-39.3136375,300,Sem acessibilidade,2026-10-01 09:23:00,968439920668442855453590
UE2015 (Anterior),TAPEROÁ,32,94,1825642,COLÉGIO MANOEL PEREIRA,POVOADO DE AREINHA - ZONA RURAL,POVOADO AREINHA,45430000,-13.6218969,-39.3136375,299,Sem acessibilidade,2026-10-01 09:37:00,281671356400135109366138
UE2015 (Anterior),TAPEROÁ,32,95,1774813,ESCOLA ESTADUAL DE TEMPO INTEGRAL ESTELA ALELUIA GUIMARÃES,"RUA CÍCERO ANTERO DE BRITO, SN - ZONA URBANA",CENTRO,45430000,-13.5482245,-39.0991945,201,Sem acessibilidade,2026-10-01 09:52:00,614904792633291486077532
UE2015 (Anterior),TAPEROÁ,32,97,1757660,PRÉDIO ESCOLAR MATIAS NASCIMENTO DOS SANTOS,POVOADO DE ITIÚBA - ZONA RURAL,POVOADO ITIÚBA,45430000,-13.5810132,-39.219853,180,Sem acessibilidade,2026-10-01 10:07:00,352378751907011748243539
UE2015 (Anterior),TAPEROÁ,32,130,1795176,PRÉDIO ESCOLAR MATIAS NASCIMENTO DOS SANTOS,POVOADO DE ITIÚBA - ZONA RURAL,POVOADO ITIÚBA,45430000,-13.5810132,-39.219853,180,Sem acessibilidade,2026-10-01 10:20:00,130156435385487586304750
UE2015 (Anterior),TAPEROÁ,32,131,1769515,COLÉGIO MANOEL PEREIRA,POVOADO DE AREINHA - ZONA RURAL,POVOADO AREINHA,45430000,-13.6218969,-39.3136375,309,Sem acessibilidade,2026-10-01 10:30:00,89651490480521625083471
UE2015 (Anterior),TAPEROÁ,32,132,1836789,ESCOLA MUNICIPAL PROF HERMELINDA MARTINS,"RUA CÍCERO ANTERO DE BRITO, SN, ZONA URBANA",CENTRO,45430000,-13.5394026,-39.0988297,264,Sem acessibilidade,2026-10-01 10:41:00,907833426062506141891976
UE2015 (Anterior),TAPEROÁ,32,133,1839482,ESCOLA MUNICIPAL DE ENSINO FUNDAMENTAL ANTÔNIO BALBINO,"RUA CARMOSINA TRINCHÃO, S/N - ZONA URBANA",CENTRO,45430000,-13.5368308,-39.09704,239,Com acessibilidade,2026-10-01 10:50:00,119954742483739086774319
UE2015 (Anterior),TAPEROÁ,32,134,1775055,ESCOLA DE ENSINO FUNDAMENTAL DR LUIZ NAVARRO DE BRITO,"RUA EUVALDO LUZ, SN - ZONA URBANA",CENTRO,45430000,-13.5360195,-39.0973997,376,Sem acessibilidade,2026-10-01 11:02:00,120055869284547136069754
UE2015 (Anterior),TAPEROÁ,32,135,1769063,ESCOLA ESTADUAL DE TEMPO INTEGRAL ESTELA ALELUIA GUIMARÃES,"RUA CÍCERO ANTERO DE BRITO, SN - ZONA URBANA",CENTRO,45430000,-13.5482245,-39.0991945,200,Sem acessibilidade,2026-10-01 11:11:00,120055971084567036706785
UE2015 (Anterior),TAPEROÁ,32,136,1753705,CASA DO ADOLESCENTE E DA CRIANÇA DE TAPEROÁ,RUA FRANCISCO ARAÚJO ALVES JUNIOR - ZONA URBANA,SÃO FELIPE,45430000,-13.5467622,-39.0987647,345,Sem acessibilidade,2026-10-01 11:21:00,513994478523043608897444
UE2015 (Anterior),TAPEROÁ,32,142,1809395,ESCOLA ESTADUAL DE TEMPO INTEGRAL ESTELA ALELUIA GUIMARÃES,"RUA CÍCERO ANTERO DE BRITO, SN - ZONA URBANA",CENTRO,45430000,-13.5482245,-39.0991945,362,Sem acessibilidade,2026-10-01 11:33:00,998742581071756527250993
UE2015 (Anterior),TAPEROÁ,32,144,1811377,ESCOLA MUNICIPAL PROF HERMELINDA MARTINS,"RUA CÍCERO ANTERO DE BRITO, SN, ZONA URBANA",CENTRO,45430000,-13.5394026,-39.0988297,317,Sem acessibilidade,2026-10-01 11:50:00,635106440935360685373655
UE2015 (Anterior),TAPEROÁ,32,148,1827332,ESCOLA MUNICIPAL PROF HERMELINDA MARTINS,"RUA CÍCERO ANTERO DE BRITO, SN, ZONA URBANA",CENTRO,45430000,-13.5394026,-39.0988297,271,Sem acessibilidade,2026-10-01 12:09:00,200863454292226220796133
UE2015 (Anterior),TAPEROÁ,32,149,1779466,ESCOLA MUNICIPAL DE ENSINO FUNDAMENTAL ANTÔNIO BALBINO,"RUA CARMOSINA TRINCHÃO, S/N - ZONA URBANA",CENTRO,45430000,-13.5368308,-39.09704,292,Sem acessibilidade,2026-10-01 12:21:00,544297901826188059783556
UE2015 (Anterior),TAPEROÁ,32,152,1766394,ESCOLA MUNICIPAL PROF HERMELINDA MARTINS,"RUA CÍCERO ANTERO DE BRITO, SN, ZONA URBANA",CENTRO,45430000,-13.5394026,-39.0988297,259,Sem acessibilidade,2026-10-01 12:30:00,897732552361555976409673
UE2015 (Anterior),TAPEROÁ,32,157,1765747,ESCOLA DE ENSINO FUNDAMENTAL DR LUIZ NAVARRO DE BRITO,"RUA EUVALDO LUZ, SN - ZONA URBANA",CENTRO,45430000,-13.5360195,-39.0973997,379,Sem acessibilidade,2026-10-01 12:42:00,726015939744618448349463
UE2015 (Anterior),TAPEROÁ,32,160,1752732,ESCOLA ESTADUAL DE TEMPO INTEGRAL ESTELA ALELUIA GUIMARÃES,"RUA CÍCERO ANTERO DE BRITO, SN - ZONA URBANA",CENTRO,45430000,-13.5482245,-39.0991945,362,Sem acessibilidade,2026-10-01 12:50:00,958338462667799842528305
UE2015 (Anterior),TAPEROÁ,32,210,1791098,CASA DO ADOLESCENTE E DA CRIANÇA DE TAPEROÁ,RUA FRANCISCO ARAÚJO ALVES JUNIOR - ZONA URBANA,SÃO FELIPE,45430000,-13.5467622,-39.0987647,342,Sem acessibilidade,2026-10-01 13:12:00,130156385085862473375060
UE2015 (Anterior),TAPEROÁ,32,214,1824390,COLÉGIO MANOEL PEREIRA,POVOADO DE AREINHA - ZONA RURAL,POVOADO AREINHA,45430000,-13.6218969,-39.3136375,300,Sem acessibilidade,2026-10-01 13:23:00,423085118514311208458539
UE2015 (Anterior),TAPEROÁ,32,216,1768670,COLÉGIO SÃO BRAZ,"RUA SAUL OLIVEIRA, SN - ZONA URBANA",CENTRO,45430000,-13.539782,-39.0986482,336,Sem acessibilidade,2026-10-01 13:34:00,483691396320530111171511
UE2015 (Anterior),TAPEROÁ,32,217,1762597,ESCOLA MUNICIPAL DE ENSINO FUNDAMENTAL ANTÔNIO BALBINO,"RUA CARMOSINA TRINCHÃO, S/N - ZONA URBANA",CENTRO,45430000,-13.5368308,-39.09704,238,Sem acessibilidade,2026-10-01 13:42:00,140257165386143470581733
UE2015 (Anterior),TEODORO SAMPAIO,130,97,1839387,ESCOLA MUNICIPAL DEPUTADO GASTÃO PEDREIRA,RUA PRESIDENTE COSTA E SILVA,CENTRO,44280000,-12.30187202,-38.6428841,341,Com acessibilidade,2026-09-24 08:40:00,399869799078140258167718
UE2015 (Anterior),TEODORO SAMPAIO,130,98,1833917,ESCOLA MUNICIPAL DEPUTADO GASTÃO PEDREIRA,RUA PRESIDENTE COSTA E SILVA,CENTRO,44280000,-12.30187202,-38.6428841,338,Com acessibilidade,2026-09-24 09:19:00,369566879875588199376896
UE2015 (Anterior),TEODORO SAMPAIO,130,99,1767874,ESCOLA MUNICIPAL DEPUTADO GASTÃO PEDREIRA,RUA PRESIDENTE COSTA E SILVA,CENTRO,44280000,-12.30187202,-38.6428841,340,Com acessibilidade,2026-09-24 09:00:00,157445777154651776256012
UE2015 (Anterior),TEODORO SAMPAIO,130,100,1810246,ESCOLA MUNICIPAL DEPUTADO GASTÃO PEDREIRA,RUA PRESIDENTE COSTA E SILVA,CENTRO,44280000,-12.30187202,-38.6428841,341,Com acessibilidade,2026-09-24 09:09:00,167546250455293514605461
UE2015 (Anterior),TEODORO SAMPAIO,130,101,1757756,ESCOLA MUNICIPAL NOSSA SENHORA DA AJUDA,"RUA 7 DE SETEMBRO, S/N - ZONA URBANA",CENTRO,44280000,-12.30240917,-38.64067903,227,Com acessibilidade,2026-09-24 09:28:00,935223132732174551838728
UE2015 (Anterior),TEODORO SAMPAIO,130,102,1779183,ESCOLA MUNICIPAL NOSSA SENHORA DA AJUDA,"RUA 7 DE SETEMBRO, S/N - ZONA URBANA",CENTRO,44280000,-12.30240917,-38.64067903,220,Com acessibilidade,2026-09-24 09:37:00,884718192627145328940920
UE2015 (Anterior),TEODORO SAMPAIO,130,103,1765268,ESCOLA MUNICIPAL NOSSA SENHORA DA AJUDA,"RUA 7 DE SETEMBRO, S/N - ZONA URBANA",CENTRO,44280000,-12.30240917,-38.64067903,219,Com acessibilidade,2026-09-24 09:46:00,137243553452417750717741
UE2015 (Anterior),TEODORO SAMPAIO,130,104,1766716,ESCOLA MUNICIPAL NOSSA SENHORA DA AJUDA,"RUA 7 DE SETEMBRO, S/N - ZONA URBANA",CENTRO,44280000,-12.30240917,-38.64067903,223,Com acessibilidade,2026-09-24 09:56:00,824112357421195944758915
UE2015 (Anterior),TEODORO SAMPAIO,130,105,1765460,ESCOLA MUNICIPAL NOSSA SENHORA DA AJUDA,"RUA 7 DE SETEMBRO, S/N - ZONA URBANA",CENTRO,44280000,-12.30240917,-38.64067903,220,Com acessibilidade,2026-09-24 10:05:00,854415494824780196453414
UE2015 (Anterior),TEODORO SAMPAIO,130,106,1767354,ESCOLA MUNICIPAL NOSSA SENHORA DA AJUDA,"RUA 7 DE SETEMBRO, S/N - ZONA URBANA",CENTRO,44280000,-12.30240917,-38.64067903,220,Com acessibilidade,2026-09-24 10:15:00,894819648828916608308538
UE2015 (Anterior),TEODORO SAMPAIO,130,107,1767320,ESCOLA MUNICIPAL PADRE JOSÉ NORBERTO RODRIGUES,"RUA DA RODAGEM, S/N - ZONA RURAL",DISTRITO LUSTOSA,44280000,-12.22314636,-38.63349946,268,Com acessibilidade,2026-09-24 10:24:00,612091479100650608501706
UE2015 (Anterior),TEODORO SAMPAIO,130,108,1767520,ESCOLA MUNICIPAL PADRE JOSÉ NORBERTO RODRIGUES,"RUA DA RODAGEM, S/N - ZONA RURAL",DISTRITO LUSTOSA,44280000,-12.22314636,-38.63349946,265,Com acessibilidade,2026-09-24 10:33:00,167546136055220981059318
UE2015 (Anterior),TEODORO SAMPAIO,130,109,1759213,ESCOLA MUNICIPAL PADRE JOSÉ NORBERTO RODRIGUES,"RUA DA RODAGEM, S/N - ZONA RURAL",DISTRITO LUSTOSA,44280000,-12.22314636,-38.63349946,268,Com acessibilidade,2026-09-24 10:42:00,420172508881500295455555
UE2015 (Anterior),TEODORO SAMPAIO,130,110,1761306,ESCOLA MUNICIPAL PADRE JOSÉ NORBERTO RODRIGUES,"RUA DA RODAGEM, S/N - ZONA RURAL",DISTRITO LUSTOSA,44280000,-12.22314636,-38.63349946,267,Com acessibilidade,2026-09-24 10:51:00,450475615384556279570788
UE2015 (Anterior),TEODORO SAMPAIO,130,111,1809253,ESCOLA MUNICIPAL PADRE JOSÉ NORBERTO RODRIGUES,"RUA DA RODAGEM, S/N - ZONA RURAL",DISTRITO LUSTOSA,44280000,-12.22314636,-38.63349946,268,Com acessibilidade,2026-09-24 11:01:00,945324213633709186183532
UE2015 (Anterior),TEODORO SAMPAIO,130,112,1766371,ESCOLA MUNICIPAL PADRE JOSÉ NORBERTO RODRIGUES,"RUA DA RODAGEM, S/N - ZONA RURAL",DISTRITO LUSTOSA,44280000,-12.22314636,-38.63349946,268,Com acessibilidade,2026-09-24 11:10:00,975627358236752570449209
UE2015 (Anterior),TEODORO SAMPAIO,130,113,1768107,ESCOLA MUNICIPAL PROFESSORA AMÁLIA MOREIRA VAZ,"RUA DOMINGOS ALVES GONÇALVES, Nº 128 - ZONA RURAL",DISTRITO BURACICA,44280000,-12.27559595,-38.5318558,316,Com acessibilidade,2026-09-24 11:26:00,379667860376660762389042
UE2015 (Anterior),TEODORO SAMPAIO,130,114,1807533,ESCOLA MUNICIPAL PROFESSORA AMÁLIA MOREIRA VAZ,"RUA DOMINGOS ALVES GONÇALVES, Nº 128 - ZONA RURAL",DISTRITO BURACICA,44280000,-12.27559595,-38.5318558,317,Com acessibilidade,2026-09-24 11:36:00,713001319410090120826667
UE2015 (Anterior),TEODORO SAMPAIO,130,115,1837897,ESCOLA MUNICIPAL PROFESSORA AMÁLIA MOREIRA VAZ,"RUA DOMINGOS ALVES GONÇALVES, Nº 128 - ZONA RURAL",DISTRITO BURACICA,44280000,-12.27559595,-38.5318558,319,Com acessibilidade,2026-09-24 11:44:00,177647889656504241467611
UE2015 (Anterior),TEODORO SAMPAIO,130,116,1764438,ESCOLA MUNICIPAL NOSSA SENHORA DA AJUDA,"RUA 7 DE SETEMBRO, S/N - ZONA URBANA",CENTRO,44280000,-12.30240917,-38.64067903,218,Com acessibilidade,2026-09-24 11:53:00,793809617218145805533752
UE2015 (Anterior),TEODORO SAMPAIO,130,117,1811369,ESCOLA MUNICIPAL DEPUTADO GASTÃO PEDREIRA,RUA PRESIDENTE COSTA E SILVA,CENTRO,44280000,-12.30187202,-38.6428841,341,Com acessibilidade,2026-09-24 12:02:00,228152157561168266513963
UE2015 (Anterior),TEODORO SAMPAIO,130,118,1754398,ESCOLA MUNICIPAL DEPUTADO GASTÃO PEDREIRA,RUA PRESIDENTE COSTA E SILVA,CENTRO,44280000,-12.30187202,-38.6428841,339,Com acessibilidade,2026-09-24 12:11:00,541384589593503409233028
UE2015 (Anterior),TEODORO SAMPAIO,130,119,1767187,ESCOLA MUNICIPAL DEPUTADO GASTÃO PEDREIRA,RUA PRESIDENTE COSTA E SILVA,CENTRO,44280000,-12.30187202,-38.6428841,342,Com acessibilidade,2026-09-24 12:20:00,268556417165249034449499
UE2015 (Anterior),TEODORO SAMPAIO,130,173,1811366,COLÉGIO ESTADUAL ASSIS VALENTE,"AVENIDA PAU BRASIL, S/N - ZONA URBANA",CENTRO,44280000,-12.31402513,-38.65092902,398,Com acessibilidade,2026-09-24 12:29:00,511081427790126068495584
UE2015 (Anterior),TEOFILÂNDIA,123,1,1760704,CENTRO EDUCACIONAL RAFAEL LOPES DE ARAÚJO,"RUA JOSÉ AMÉRICO, S/N  -  ZONA URBANA",CENTRO,48770000,-11.4904317,-38.9982533,182,Com acessibilidade,2026-09-29 08:42:00,14657121017350498368439
UE2015 (Anterior),TEOFILÂNDIA,123,3,1766198,CENTRO EDUCACIONAL RAFAEL LOPES DE ARAÚJO,"RUA JOSÉ AMÉRICO, S/N  -  ZONA URBANA",CENTRO,48770000,-11.4904317,-38.9982533,183,Sem acessibilidade,2026-09-29 09:17:00,671223002383207704278889
UE2015 (Anterior),TEOFILÂNDIA,123,5,1765537,CENTRO EDUCACIONAL RAFAEL LOPES DE ARAÚJO,"RUA JOSÉ AMÉRICO, S/N  -  ZONA URBANA",CENTRO,48770000,-11.4904317,-38.9982533,182,Sem acessibilidade,2026-09-29 09:27:00,630819186379256451519446
UE2015 (Anterior),TEOFILÂNDIA,123,7,1789306,CENTRO EDUCACIONAL RAFAEL LOPES DE ARAÚJO,"RUA JOSÉ AMÉRICO, S/N  -  ZONA URBANA",CENTRO,48770000,-11.4904317,-38.9982533,182,Sem acessibilidade,2026-09-29 09:36:00,883344659004527381439617
UE2015 (Anterior),TEOFILÂNDIA,123,9,1833713,CENTRO EDUCACIONAL RAFAEL LOPES DE ARAÚJO,"RUA JOSÉ AMÉRICO, S/N  -  ZONA URBANA",CENTRO,48770000,-11.4904317,-38.9982533,179,Sem acessibilidade,2026-09-29 09:46:00,408596395256131491844632
UE2015 (Anterior),TEOFILÂNDIA,123,11,1767755,GRUPO ESCOLAR JOSÉ HERMÓGENES,RUA JOSÉ HERMÓGENES -  ZONA URBANA,CENTRO,48770000,-11.4887083,-38.998735,177,Sem acessibilidade,2026-09-29 09:57:00,903546082606790294933131
UE2015 (Anterior),TEOFILÂNDIA,123,13,1764813,GRUPO ESCOLAR JOSÉ HERMÓGENES,RUA JOSÉ HERMÓGENES -  ZONA URBANA,CENTRO,48770000,-11.4887083,-38.998735,177,Sem acessibilidade,2026-09-29 10:13:00,893445294305227156786698
UE2015 (Anterior),TEOFILÂNDIA,123,15,1785695,COLÉGIO ESTADUAL DE TEMPO INTEGRAL DE TEOFILANDIA,RUA ITABERABA,NÚCLEO HABITACIONAL CVRD,48770000,-11.4748617,-39.001015,342,Sem acessibilidade,2026-09-29 10:23:00,428798041958847122829053
UE2015 (Anterior),TEOFILÂNDIA,123,16,1774600,COLÉGIO ESTADUAL DE TEMPO INTEGRAL DE TEOFILANDIA,RUA ITABERABA,NÚCLEO HABITACIONAL CVRD,48770000,-11.4748617,-39.001015,343,Sem acessibilidade,2026-09-29 10:33:00,176273903033682118027004
UE2015 (Anterior),TEOFILÂNDIA,123,17,1761731,COLÉGIO ESTADUAL DE TEMPO INTEGRAL DE TEOFILANDIA,RUA ITABERABA,NÚCLEO HABITACIONAL CVRD,48770000,-11.4748617,-39.001015,343,Sem acessibilidade,2026-09-29 10:49:00,812637650597838943877255
UE2015 (Anterior),TEOFILÂNDIA,123,18,1776505,COLÉGIO ESTADUAL DE TEMPO INTEGRAL DE TEOFILANDIA,RUA ITABERABA,NÚCLEO HABITACIONAL CVRD,48770000,-11.4748617,-39.001015,345,Sem acessibilidade,2026-09-29 10:57:00,529708472168496783695353
UE2015 (Anterior),TEOFILÂNDIA,123,19,1765072,COLÉGIO ESTADUAL DE TEMPO INTEGRAL DE TEOFILANDIA,RUA ITABERABA,NÚCLEO HABITACIONAL CVRD,48770000,-11.4748617,-39.001015,344,Sem acessibilidade,2026-09-29 11:05:00,145970207830631558783385
UE2015 (Anterior),TEOFILÂNDIA,123,20,1752791,COLÉGIO ESTADUAL DE TEMPO INTEGRAL DE TEOFILANDIA,RUA ITABERABA,NÚCLEO HABITACIONAL CVRD,48770000,-11.4748617,-39.001015,343,Sem acessibilidade,2026-09-29 11:14:00,75263219523585124463280
UE2015 (Anterior),TEOFILÂNDIA,123,21,1767371,CENTRO EDUCACIONAL RAFAEL LOPES DE ARAÚJO,"RUA JOSÉ AMÉRICO, S/N  -  ZONA URBANA",CENTRO,48770000,-11.4904317,-38.9982533,181,Sem acessibilidade,2026-09-29 11:24:00,44960299820641776364935
UE2015 (Anterior),TEOFILÂNDIA,123,23,1767891,CENTRO EDUCACIONAL RAFAEL LOPES DE ARAÚJO,"RUA JOSÉ AMÉRICO, S/N  -  ZONA URBANA",CENTRO,48770000,-11.4904317,-38.9982533,181,Sem acessibilidade,2026-09-29 11:34:00,903546374106590930601965
UE2015 (Anterior),TEOFILÂNDIA,123,25,1764614,CENTRO EDUCACIONAL RAFAEL LOPES DE ARAÚJO,"RUA JOSÉ AMÉRICO, S/N  -  ZONA URBANA",CENTRO,48770000,-11.4904317,-38.9982533,181,Sem acessibilidade,2026-09-29 11:43:00,236879927239945693456298
UE2015 (Anterior),TEOFILÂNDIA,123,27,1764655,ESCOLA MUNICIPAL JOSÉ DA SILVA,POVOADO LAGOA DO CANTO -  ZONA RURAL,POVOADO LAGOA DO CANTO,48770000,-11.4915917,-38.9227517,282,Sem acessibilidade,2026-09-29 11:52:00,135869041529867566813455
UE2015 (Anterior),TEOFILÂNDIA,123,28,1783324,ESCOLA MUNICIPAL MIGUEL GOMES DE SOUZA,POVOADO SETOR -  ZONA RURAL  ,POVOADO SETOR,48770000,-11.4437533,-38.88134,359,Sem acessibilidade,2026-09-29 12:02:00,943950964610337175032619
UE2015 (Anterior),TEOFILÂNDIA,123,29,1767041,ESCOLA MUNICIPAL MIGUEL GOMES DE SOUZA,POVOADO SETOR -  ZONA RURAL  ,POVOADO SETOR,48770000,-11.4437533,-38.88134,359,Sem acessibilidade,2026-09-29 12:11:00,610617740177029597191579
UE2015 (Anterior),TEOFILÂNDIA,123,30,1765610,ESCOLA MUNICIPAL MIGUEL GOMES DE SOUZA,POVOADO SETOR -  ZONA RURAL  ,POVOADO SETOR,48770000,-11.4437533,-38.88134,359,Sem acessibilidade,2026-10-01 09:25:00,105566313226726775712473
UE2015 (Anterior),TEOFILÂNDIA,123,31,1654954,ESCOLA MUNICIPAL MIGUEL GOMES DE SOUZA,POVOADO SETOR -  ZONA RURAL  ,POVOADO SETOR,48770000,-11.4437533,-38.88134,358,Sem acessibilidade,2026-09-29 12:33:00,236879551939969824172860
UE2015 (Anterior),TEOFILÂNDIA,123,32,1765604,ESCOLA MUNICIPAL MIGUEL GOMES DE SOUZA,POVOADO SETOR -  ZONA RURAL  ,POVOADO SETOR,48770000,-11.4437533,-38.88134,358,Sem acessibilidade,2026-09-29 08:42:00,307586737736647861850872
UE2015 (Anterior),TEOFILÂNDIA,123,33,1767984,ESCOLA MUNICIPAL DOM PEDRO I,POVOADO CANTO -  ZONA RURAL  ,POVOADO CANTO,48770000,-11.443625,-39.046705,252,Sem acessibilidade,2026-09-29 09:17:00,176273719123705915410378
UE2015 (Anterior),TEOFILÂNDIA,123,34,1825663,ESCOLA MUNICIPAL DOM PEDRO I,POVOADO CANTO -  ZONA RURAL  ,POVOADO CANTO,48770000,-11.443625,-39.046705,249,Sem acessibilidade,2026-09-29 09:26:00,923748575998479929789299
UE2015 (Anterior),TEOFILÂNDIA,123,35,1763037,CRECHE E PRE ESCOLA CRIANCA FELIZ IV,POVOADO BRASA - ZONA RURAL,POVOADO BRASA,48770000,-11.5022517,-38.950275,190,Sem acessibilidade,2026-09-29 09:34:00,620718380968124634605395
UE2015 (Anterior),TEOFILÂNDIA,123,37,1769527,ESCOLA MUNICIPAL JOÃO MUNIZ DOS SANTOS,POVOADO BARREIRO  -  ZONA RURAL,POVOADO BARREIRO,48770000,-11.4322683,-38.976075,390,Sem acessibilidade,2026-09-29 09:43:00,943950921900467402186041
UE2015 (Anterior),TEOFILÂNDIA,123,38,1767747,ESCOLA MUNICIPAL JOÃO MUNIZ DOS SANTOS,POVOADO BARREIRO  -  ZONA RURAL,POVOADO BARREIRO,48770000,-11.4322683,-38.976075,391,Sem acessibilidade,2026-09-29 09:52:00,34859124609576529497675
UE2015 (Anterior),TEOFILÂNDIA,123,39,1766388,POSTO SATELITE DO GATO,POVOADO GATO - ZONA RURAL,POVOADO GATO,48770000,-11.43031,-39.01275,218,Sem acessibilidade,2026-09-29 10:01:00,549910741360649005157815
UE2015 (Anterior),TEOFILÂNDIA,123,40,1764616,ESCOLA MUNICIPAL GABRIEL ARCANJO,POVOADO DE  LAGOA DO RAMO - ZONA RURAL ,POVOADO LAGOA DO RAMO,48770000,-11.54674,-38.97046,235,Sem acessibilidade,2026-09-29 10:09:00,913647195897571170921956
UE2015 (Anterior),TEOFILÂNDIA,123,41,1774904,ESCOLA MUNICIPAL SÃO JOSÉ,POVOADO JOSÉ VALÉRIO - ZONA RURAL,POVOADO JOSÉ VALÉRIO,48770000,-11.4228067,-39.0658267,202,Sem acessibilidade,2026-09-29 10:18:00,368192750642047616799017
UE2015 (Anterior),TEOFILÂNDIA,123,42,1791945,ESCOLA MUNICIPAL DOM JOÃO VI,POVOADO LIMEIRA -  ZONA RURAL,POVOADO LIMEIRA,48770000,-11.5175567,-38.9067217,244,Sem acessibilidade,2026-09-29 10:27:00,974253471503672907773195
UE2015 (Anterior),TEOFILÂNDIA,123,43,1766219,ESCOLA MUNICIPAL DOM JOÃO VI,POVOADO LIMEIRA -  ZONA RURAL,POVOADO LIMEIRA,48770000,-11.5175567,-38.9067217,242,Sem acessibilidade,2026-09-29 10:35:00,257081860931902686523893
UE2015 (Anterior),TEOFILÂNDIA,123,44,1805462,POSTO SATELITE DO LUCAS,POVOADO LUCAS - ZONA RURAL,POVOADO LUCAS,48770000,-11.50302,-38.8733133,299,Sem acessibilidade,2026-09-29 10:44:00,257081974731929826659824
UE2015 (Anterior),TEOFILÂNDIA,123,45,1807262,ESCOLA MUNICIPAL PREGIDIO PEREIRA,POVOADO MARIA PRETA -  ZONA RURAL,POVOADO MARIA PRETA,48770000,-11.5240633,-39.0007883,312,Sem acessibilidade,2026-09-29 10:53:00,499405327555185869160979
UE2015 (Anterior),TEOFILÂNDIA,123,46,1767191,ESCOLA MUNICIPAL VASCO DA GAMA,POVOADO LARANJEIRAS - ZONA RURAL,POVOADO LARANJEIRAS,48770000,-11.4899183,-39.0579783,51,Sem acessibilidade,2026-09-29 11:04:00,853041798791277907330931
UE2015 (Anterior),TEOFILÂNDIA,123,47,1755633,ESCOLA MUNICIPAL ANA OLIVEIRA,POVOADO SOCAVÃO - ZONA RURAL,POVOADO SOCAVÃO,48770000,-11.5181717,-39.0267383,309,Sem acessibilidade,2026-09-29 11:13:00,812637864187252107872134
UE2015 (Anterior),TEOFILÂNDIA,123,48,1763944,ESCOLA MUNICIPAL MANOEL JOAQUIM RODRIGUES,POVOADO BAIXÃO -  ZONA RURAL,POVOADO BAIXÃO,48770000,-11.475565,-38.862385,316,Sem acessibilidade,2026-09-29 11:23:00,933849098799466427868752
UE2015 (Anterior),TEOFILÂNDIA,123,49,1792250,POSTO SATELITE DA IPOEIRA,POVOADO IPOEIRA - ZONA RURAL,POVOADO IPOEIRA,48770000,-11.4233517,-38.9080833,209,Sem acessibilidade,2026-09-29 11:33:00,550011829961179038331916
UE2015 (Anterior),TEOFILÂNDIA,123,50,1750635,CRECHE RITA DE CÁSSIA,AVENIDA SALVADOR - ZONA URBANA,PEDRINHAS,48770000,-11.4782717,-38.9986384,230,Sem acessibilidade,2026-09-29 11:45:00,630819989669485370940122
UE2015 (Anterior),TEOFILÂNDIA,123,51,1767054,ESCOLA MUNICIPAL MARIA QUITÉRIA,POVOADO BOLA VERDE -  ZONA RURAL,POVOADO BOLA VERDE,48770000,-11.4903517,-38.9791067,298,Sem acessibilidade,2026-09-29 11:55:00,842940306290783026021244
UE2015 (Anterior),TEOFILÂNDIA,123,52,1795822,ESCOLA MUNICIPAL CORONEL DULCA,POVOADO FOGO POUCO - ZONA RURAL,POVOADO FOGO POUCO,48770000,-11.454285,-38.9253117,318,Sem acessibilidade,2026-09-29 12:05:00,974253549503574192148312
UE2015 (Anterior),TEOFILÂNDIA,123,53,1793966,CRECHE E PRE ESCOLA CRIANCA FELIZ VI,POVOADO JUREMA - ZONA RURAL,POVOADO JUREMA,48770000,-11.4793467,-38.8974733,312,Sem acessibilidade,2026-09-29 12:19:00,933849616099902173893771
UE2015 (Anterior),TEOFILÂNDIA,123,54,1776695,ESCOLA MUNICIPAL JOAQUIM TEÓFILO DE OLIVEIRA,RUA BOA ESPERANÇA -  ZONA URBANA,PEDRINHAS,48770000,-11.4793783,-38.9960333,299,Sem acessibilidade,2026-09-29 08:52:00,44960837941478136612984
UE2015 (Anterior),TEOFILÂNDIA,123,55,1766840,ESCOLA MUNICIPAL JOAQUIM TEÓFILO DE OLIVEIRA,RUA BOA ESPERANÇA -  ZONA URBANA,PEDRINHAS,48770000,-11.4793783,-38.9960333,301,Sem acessibilidade,2026-09-29 09:16:00,550011453392017165901558
UE2015 (Anterior),TEOFILÂNDIA,123,56,1762348,ESCOLA MUNICIPAL JOAQUIM TEÓFILO DE OLIVEIRA,RUA BOA ESPERANÇA -  ZONA URBANA,PEDRINHAS,48770000,-11.4793783,-38.9960333,299,Sem acessibilidade,2026-09-29 09:25:00,994455007836476650058870
UE2015 (Anterior),TEOFILÂNDIA,123,57,1772719,ESCOLA MUNICIPAL JOAQUIM TEÓFILO DE OLIVEIRA,RUA BOA ESPERANÇA -  ZONA URBANA,PEDRINHAS,48770000,-11.4793783,-38.9960333,297,Sem acessibilidade,2026-09-29 09:35:00,55061179942627864026397
UE2015 (Anterior),TEOFILÂNDIA,123,144,1833007,POSTO SATELITE DA IPOEIRA,POVOADO IPOEIRA - ZONA RURAL,POVOADO IPOEIRA,48770000,-11.4233517,-38.9080833,211,Sem acessibilidade,2026-09-29 09:45:00,792435606716452076685727
UE2015 (Anterior),TEOFILÂNDIA,123,150,1760882,ESCOLA MUNICIPAL MANOEL JOAQUIM RODRIGUES,POVOADO BAIXÃO -  ZONA RURAL,POVOADO BAIXÃO,48770000,-11.475565,-38.862385,317,Sem acessibilidade,2026-09-29 10:06:00,529708963889978229813038
UE2015 (Anterior),TEOFILÂNDIA,123,151,1764967,ESCOLA MUNICIPAL GABRIEL ARCANJO,POVOADO DE  LAGOA DO RAMO - ZONA RURAL ,POVOADO LAGOA DO RAMO,48770000,-11.54674,-38.97046,233,Sem acessibilidade,2026-09-29 10:15:00,55061605742526345936618
UE2015 (Anterior),TEOFILÂNDIA,123,157,1767342,ESCOLA MUNICIPAL JOÃO PIMENTEL DE OLIVEIRA,POVOADO MIRANTE -  ZONA RURAL,POVOADO MIRANTE,48770000,-11.5195167,-38.92621,309,Sem acessibilidade,2026-09-29 10:26:00,166172378653796114934995
UE2015 (Anterior),TEOFILÂNDIA,123,161,1815473,CRECHE E PRE ESCOLA CRIANCA FELIZ VI,POVOADO JUREMA - ZONA RURAL,POVOADO JUREMA,48770000,-11.4793467,-38.8974733,308,Sem acessibilidade,2026-09-29 10:35:00,24758645539670225279073
UE2015 (Anterior),TEOFILÂNDIA,123,169,1751439,ESCOLA MUNICIPAL NOSSA SENHORA DA PAZ,POVOADO DO DEZENOVE - ZONA RURAL,POVOADO DO DEZENOVE,48770000,-11.4746533,-38.92207,257,Sem acessibilidade,2026-09-29 10:45:00,156071657952890614592552
UE2015 (Anterior),TEOFILÂNDIA,123,177,1771070,ASSOCIACAO DOS PEQUENOS AGRICULTORES DO POMBAL,POVOADO POMBAL - ZONA RURAL,POVOADO POMBAL,48770000,-11.5360233,-38.9155617,111,Sem acessibilidade,2026-09-29 10:55:00,176273523854004744550177
UE2015 (Anterior),TEOFILÂNDIA,123,178,1788374,ESCOLA MUNICIPAL ANA OLIVEIRA,POVOADO SOCAVÃO - ZONA RURAL,POVOADO SOCAVÃO,48770000,-11.5181717,-39.0267383,310,Sem acessibilidade,2026-09-29 11:11:00,287384748065584509441183
UE2015 (Anterior),TEOFILÂNDIA,123,180,1771050,ESCOLA MUNICIPAL PREGIDIO PEREIRA,POVOADO MARIA PRETA -  ZONA RURAL,POVOADO MARIA PRETA,48770000,-11.5240633,-39.0007883,313,Sem acessibilidade,2026-09-29 11:21:00,156071801452540352336697
UE2015 (Anterior),TEOFILÂNDIA,123,185,1766517,ESCOLA MUNICIPAL JOSÉ DA SILVA,POVOADO LAGOA DO CANTO -  ZONA RURAL,POVOADO LAGOA DO CANTO,48770000,-11.4915917,-38.9227517,282,Sem acessibilidade,2026-09-29 11:31:00,792435996616275719868257
UE2015 (Anterior),TEOFILÂNDIA,123,186,1763936,POSTO SATELITE DO GATO,POVOADO GATO - ZONA RURAL,POVOADO GATO,48770000,-11.43031,-39.01275,217,Sem acessibilidade,2026-09-29 11:40:00,428798734379925392359025
UE2015 (Anterior),TEOFILÂNDIA,123,188,1779116,CRECHE RITA DE CÁSSIA,AVENIDA SALVADOR - ZONA URBANA,PEDRINHAS,48770000,-11.4782717,-38.9986384,235,Sem acessibilidade,2026-09-29 11:49:00,438899963180564811244784
UE2015 (Anterior),TEOFILÂNDIA,123,192,1765322,ESCOLA MUNICIPAL MARIA QUITÉRIA,POVOADO BOLA VERDE -  ZONA RURAL,POVOADO BOLA VERDE,48770000,-11.4903517,-38.9791067,296,Sem acessibilidade,2026-09-29 11:59:00,580314528895804392422971
UE2015 (Anterior),TEOFILÂNDIA,123,200,1764565,ESCOLA MUNICIPAL NOSSA SENHORA DA PAZ,POVOADO DO DEZENOVE - ZONA RURAL,POVOADO DO DEZENOVE,48770000,-11.4746533,-38.92207,258,Sem acessibilidade,2026-09-29 12:09:00,448900625081323075404309
UE2015 (Anterior),TEOFILÂNDIA,123,205,1784673,ESCOLA MUNICIPAL MIGUEL GOMES DE SOUZA,POVOADO SETOR -  ZONA RURAL  ,POVOADO SETOR,48770000,-11.4437533,-38.88134,359,Sem acessibilidade,2026-09-29 12:30:00,883344611625409984550048
UE2015 (Anterior),TEOFILÂNDIA,123,210,1767058,ESCOLA MUNICIPAL PREGIDIO PEREIRA,POVOADO MARIA PRETA -  ZONA RURAL,POVOADO MARIA PRETA,48770000,-11.5240633,-39.0007883,147,Sem acessibilidade,2026-10-01 09:35:00,105566352447815554424989
UE2015 (Anterior),TEOLÂNDIA,197,49,1767224,ESCOLA MUNICIPAL JOÃO MARCOS,RUANDA QUADRA S/N - JOSÉ TELES,JOSÉ TELES MENEZES,45460000,-13.6002512,-39.4917765,307,Com acessibilidade,2026-09-28 14:03:00,311380589037907718441870
UE2015 (Anterior),TEOLÂNDIA,197,50,1763208,CRECHE ESCOLA MUNICIPAL MARIA JOSÉ DE ALMEIDA SOUZA,PRAÇA GEROLINA BATISTA DOS SANTOS S/N - CENTRO - BARRADÃO,BARRADÃO,45460000,-13.605015,-39.4919528,347,Sem acessibilidade,2026-09-28 14:16:00,553704909261440063862154
UE2015 (Anterior),TEOLÂNDIA,197,51,1795797,CRECHE ESCOLA MUNICIPAL MARIA JOSÉ DE ALMEIDA SOUZA,PRAÇA GEROLINA BATISTA DOS SANTOS S/N - CENTRO - BARRADÃO,BARRADÃO,45460000,-13.605015,-39.4919528,345,Sem acessibilidade,2026-09-28 14:25:00,735522198679649739963059
UE2015 (Anterior),TEOLÂNDIA,197,52,1781283,CRECHE ESCOLA MUNICIPAL MARIA JOSÉ DE ALMEIDA SOUZA,PRAÇA GEROLINA BATISTA DOS SANTOS S/N - CENTRO - BARRADÃO,BARRADÃO,45460000,-13.605015,-39.4919528,342,Sem acessibilidade,2026-09-28 14:37:00,614310184567755522372300
UE2015 (Anterior),TEOLÂNDIA,197,53,1774610,CRECHE ESCOLA MUNICIPAL MARIA JOSÉ DE ALMEIDA SOUZA,PRAÇA GEROLINA BATISTA DOS SANTOS S/N - CENTRO - BARRADÃO,BARRADÃO,45460000,-13.605015,-39.4919528,345,Sem acessibilidade,2026-09-28 14:46:00,331582015739493237452747
UE2015 (Anterior),TEOLÂNDIA,197,56,1776970,CRECHE ESCOLA MUNICIPAL MARIA JOSÉ DE ALMEIDA SOUZA,PRAÇA GEROLINA BATISTA DOS SANTOS S/N - CENTRO - BARRADÃO,BARRADÃO,45460000,-13.605015,-39.4919528,344,Sem acessibilidade,2026-09-28 15:14:00,402289416946261256684084
UE2015 (Anterior),TEOLÂNDIA,197,57,1792239,ESCOLA MUNICIPAL TORQUATO GONÇALVES GUIMARÃES,"RUA DO BARRADÃO, S/N - BARRADÃO - ZONA URBANA",CENTRO,45465000,-13.6043783,-39.4916582,377,Sem acessibilidade,2026-09-28 15:23:00,543603665760428173222039
UE2015 (Anterior),TEOLÂNDIA,197,58,1765839,ESCOLA MUNICIPAL TORQUATO GONÇALVES GUIMARÃES,"RUA DO BARRADÃO, S/N - BARRADÃO - ZONA URBANA",CENTRO,45465000,-13.6043783,-39.4916582,378,Sem acessibilidade,2026-09-28 15:32:00,816330042087710880975627
UE2015 (Anterior),TEOLÂNDIA,197,59,1764930,ESCOLA MUNICIPAL TORQUATO GONÇALVES GUIMARÃES,"RUA DO BARRADÃO, S/N - BARRADÃO - ZONA URBANA",CENTRO,45465000,-13.6043783,-39.4916582,377,Com acessibilidade,2026-09-28 15:42:00,78956416313067305893556
UE2015 (Anterior),TEOLÂNDIA,197,60,1774799,ESCOLA MUNICIPAL TORQUATO GONÇALVES GUIMARÃES,"RUA DO BARRADÃO, S/N - BARRADÃO - ZONA URBANA",CENTRO,45465000,-13.6043783,-39.4916582,383,Com acessibilidade,2026-09-28 15:50:00,503299925056443406894404
UE2015 (Anterior),TEOLÂNDIA,197,61,1763206,ESCOLA MUNICIPAL TORQUATO GONÇALVES GUIMARÃES,"RUA DO BARRADÃO, S/N - BARRADÃO - ZONA URBANA",CENTRO,45465000,-13.6043783,-39.4916582,377,Com acessibilidade,2026-09-28 16:00:00,220471754128827467114974
UE2015 (Anterior),TEOLÂNDIA,197,62,1796150,COLÉGIO ESTADUAL DEMOCRÁTICO LÍBIA TINOCO MELO,PRAÇA OLIVIA DE SOUZA OLIVEIRA S/N - ZONA URBANA,CENTRO,45465000,-13.6054096,-39.4894131,382,Com acessibilidade,2026-09-28 16:08:00,907239546396061417945921
UE2015 (Anterior),TEOLÂNDIA,197,63,1769765,COLÉGIO ESTADUAL DEMOCRÁTICO LÍBIA TINOCO MELO,PRAÇA OLIVIA DE SOUZA OLIVEIRA S/N - ZONA URBANA,CENTRO,45465000,-13.6054096,-39.4894131,383,Com acessibilidade,2026-09-28 16:18:00,816330564687063873378970
UE2015 (Anterior),TEOLÂNDIA,197,64,1809533,COLÉGIO ESTADUAL DEMOCRÁTICO LÍBIA TINOCO MELO,PRAÇA OLIVIA DE SOUZA OLIVEIRA S/N - ZONA URBANA,CENTRO,45465000,-13.6054096,-39.4894131,382,Com acessibilidade,2026-09-28 16:28:00,462895328752808993529961
UE2015 (Anterior),TEOLÂNDIA,197,65,1809619,COLÉGIO ESTADUAL DEMOCRÁTICO LÍBIA TINOCO MELO,PRAÇA OLIVIA DE SOUZA OLIVEIRA S/N - ZONA URBANA,CENTRO,45465000,-13.6054096,-39.4894131,380,Com acessibilidade,2026-09-28 16:36:00,341683311440635452316822
UE2015 (Anterior),TEOLÂNDIA,197,66,1824592,COLÉGIO ESTADUAL DEMOCRÁTICO LÍBIA TINOCO MELO,PRAÇA OLIVIA DE SOUZA OLIVEIRA S/N - ZONA URBANA,CENTRO,45465000,-13.6054096,-39.4894131,382,Com acessibilidade,2026-09-28 16:45:00,159764239021467086071087
UE2015 (Anterior),TEOLÂNDIA,197,67,1792143,COLÉGIO ESTADUAL DEMOCRÁTICO LÍBIA TINOCO MELO,PRAÇA OLIVIA DE SOUZA OLIVEIRA S/N - ZONA URBANA,CENTRO,45465000,-13.6054096,-39.4894131,379,Com acessibilidade,2026-09-28 16:55:00,654714841871055476658645
UE2015 (Anterior),TEOLÂNDIA,197,68,1761976,COLÉGIO ESTADUAL DEMOCRÁTICO LÍBIA TINOCO MELO,PRAÇA OLIVIA DE SOUZA OLIVEIRA S/N - ZONA URBANA,CENTRO,45465000,-13.6054096,-39.4894131,380,Com acessibilidade,2026-09-28 17:04:00,644613949170632453017602
UE2015 (Anterior),TEOLÂNDIA,197,69,1771200,COLÉGIO ESTADUAL DEMOCRÁTICO LÍBIA TINOCO MELO,PRAÇA OLIVIA DE SOUZA OLIVEIRA S/N - ZONA URBANA,CENTRO,45465000,-13.6054096,-39.4894131,381,Com acessibilidade,2026-09-28 14:02:00,351784769369873796311182
UE2015 (Anterior),TEOLÂNDIA,197,70,1837860,ESCOLA MANOEL DE SOUZA MENEZES DE BURIETÁ,POVOADO BURIETÁ - ZONA RURAL,POVOADO DE BURIETÁ,45465000,-13.5583568,-39.4689733,226,Com acessibilidade,2026-09-28 14:12:00,786027276112398909331165
UE2015 (Anterior),TEOLÂNDIA,197,72,1765672,ESCOLA MANOEL DE SOUZA MENEZES DE BURIETÁ,POVOADO BURIETÁ - ZONA RURAL,POVOADO DE BURIETÁ,45465000,-13.5583568,-39.4689733,227,Com acessibilidade,2026-09-28 14:21:00,422491134876054627544400
UE2015 (Anterior),TEOLÂNDIA,197,73,1754694,COLÉGIO MUNICIPAL ALVÁRO PAULO DE SOUZA,POVOADO BURIETÁ - ZONA RURAL,POVOADO DE BURIETÁ,45465000,-13.5602649,-39.4713773,269,Com acessibilidade,2026-09-28 14:30:00,58754873139701559737604
UE2015 (Anterior),TEOLÂNDIA,197,74,1763443,COLÉGIO MUNICIPAL ALVÁRO PAULO DE SOUZA,POVOADO BURIETÁ - ZONA RURAL,POVOADO DE BURIETÁ,45465000,-13.5602649,-39.4713773,268,Com acessibilidade,2026-09-28 14:40:00,58754985539792357665838
UE2015 (Anterior),TEOLÂNDIA,197,75,1825402,COLÉGIO MUNICIPAL ALVÁRO PAULO DE SOUZA,POVOADO BURIETÁ - ZONA RURAL,POVOADO DE BURIETÁ,45465000,-13.5602649,-39.4713773,270,Com acessibilidade,2026-09-28 14:49:00,644613684298015673603823
UE2015 (Anterior),TEOLÂNDIA,197,76,1775285,COMPLEXO EDUCACIONAL JOSÉ HENRIQUE,"AVENIDA DANIELE CARVALHO, S/N BAIRRO: JUVENTUDE",JUVENTUDE,45465000,-13.5928583,-39.4957083,217,Com acessibilidade,2026-09-28 14:58:00,260875415360657262120999
UE2015 (Anterior),TEOLÂNDIA,197,77,1757313,COMPLEXO EDUCACIONAL JOSÉ HENRIQUE,"AVENIDA DANIELE CARVALHO, S/N BAIRRO: JUVENTUDE",JUVENTUDE,45465000,-13.5928583,-39.4957083,219,Com acessibilidade,2026-09-28 15:08:00,230572495857283611139653
UE2015 (Anterior),TEOLÂNDIA,197,78,1766997,COMPLEXO EDUCACIONAL JOSÉ HENRIQUE,"AVENIDA DANIELE CARVALHO, S/N BAIRRO: JUVENTUDE",JUVENTUDE,45465000,-13.5928583,-39.4957083,223,Com acessibilidade,2026-09-28 15:20:00,89057451142751210655889
UE2015 (Anterior),TEOLÂNDIA,197,79,1765156,COMPLEXO EDUCACIONAL JOSÉ HENRIQUE,"AVENIDA DANIELE CARVALHO, S/N BAIRRO: JUVENTUDE",JUVENTUDE,45465000,-13.5928583,-39.4957083,223,Com acessibilidade,2026-09-28 15:29:00,594108074493890476492562
UE2015 (Anterior),TEOLÂNDIA,197,80,1757360,COMPLEXO EDUCACIONAL JOSÉ HENRIQUE,"AVENIDA DANIELE CARVALHO, S/N BAIRRO: JUVENTUDE",JUVENTUDE,45465000,-13.5928583,-39.4957083,216,Com acessibilidade,2026-09-28 15:39:00,705219263304094531269394
UE2015 (Anterior),TEOLÂNDIA,197,81,1807069,COMPLEXO EDUCACIONAL JOSÉ HENRIQUE,"AVENIDA DANIELE CARVALHO, S/N BAIRRO: JUVENTUDE",JUVENTUDE,45465000,-13.5928583,-39.4957083,220,Com acessibilidade,2026-09-28 15:49:00,28451697736509579317490
UE2015 (Anterior),TEOLÂNDIA,197,82,1766733,PRÉDIO ESCOLAR JOAQUIM DE SOUZA MENEZES,POVOADO NOVOLÂNDIA - ZONA RURAL,POVOADO DE NOVOLÂNDIA,45465000,-13.5395533,-39.4512583,302,Sem acessibilidade,2026-09-28 15:58:00,321481101966823577203725
UE2015 (Anterior),TEOLÂNDIA,197,83,1809613,PRÉDIO ESCOLAR JOAQUIM DE SOUZA MENEZES,POVOADO NOVOLÂNDIA - ZONA RURAL,POVOADO DE NOVOLÂNDIA,45465000,-13.5395533,-39.4512583,319,Sem acessibilidade,2026-09-28 16:08:00,806229690614960809229467
UE2015 (Anterior),TEOLÂNDIA,197,84,1791386,ESCOLA MUNICIPAL JOÃO MARCOS,RUANDA QUADRA S/N - JOSÉ TELES,JOSÉ TELES MENEZES,45460000,-13.6002512,-39.4917765,189,Com acessibilidade,2026-09-28 16:18:00,927441922126175797389514
UE2015 (Anterior),TEOLÂNDIA,197,201,1781597,ESCOLA MUNICIPAL JOSÉ BENTO DE SOUZA,REGIÃO DO SÃO PAULINHO - ZONA RURAL,REGIÃO DO SÃO PAULINHO,45465000,-13.6193267,-39.3589665,361,Com acessibilidade,2026-09-28 16:27:00,745623032608019889717582
UE2015 (Anterior),TEOLÂNDIA,197,205,1772859,PRÉDIO ESCOLAR JOAQUIM DE SOUZA MENEZES,POVOADO NOVOLÂNDIA - ZONA RURAL,POVOADO DE NOVOLÂNDIA,45465000,-13.5395533,-39.4512583,303,Sem acessibilidade,2026-09-28 16:37:00,18350744635376698417687
UE2015 (Anterior),TEOLÂNDIA,197,209,1774716,ESCOLA MUNICIPAL JOSÉ LIBÂNIO DOS SANTOS,POVOADO DO ALTO ALEGRE - ZONA RURAL,POVOADO DO ALTO ALEGRE,45465000,-13.5370767,-39.56559,205,Sem acessibilidade,2026-09-28 16:46:00,836532006817214907682077
UE2015 (Anterior),TEOLÂNDIA,197,217,1765726,ESCOLA MUNICIPAL JOSÉ BENTO DE SOUZA,REGIÃO DO SÃO PAULINHO - ZONA RURAL,REGIÃO DO SÃO PAULINHO,45465000,-13.6193267,-39.3589665,57,Sem acessibilidade,2026-09-28 16:56:00,957744978929422619393394
UE2015 (Anterior),TERRA NOVA,128,155,1674179,ESCOLA MARGARIDA LISBOA DE OLIVEIRA,"RUA TAMANDARE, S/N - ZONA URBANA",CENTRO,44270000,-12.4050164,-38.6218554,223,Com acessibilidade,2026-09-29 08:26:00,582669578776028513029806
UE2015 (Anterior),TERRA NOVA,128,157,1673659,ESCOLA MARGARIDA LISBOA DE OLIVEIRA,"RUA TAMANDARE, S/N - ZONA URBANA",CENTRO,44270000,-12.4050164,-38.6218554,222,Com acessibilidade,2026-09-29 08:45:00,744285950792292823550255
UE2015 (Anterior),TERRA NOVA,128,158,1665293,ESCOLA MARGARIDA LISBOA DE OLIVEIRA,"RUA TAMANDARE, S/N - ZONA URBANA",CENTRO,44270000,-12.4050164,-38.6218554,221,Com acessibilidade,2026-09-29 08:57:00,612972936379396697426477
UE2015 (Anterior),TERRA NOVA,128,160,1656763,ESCOLA MARGARIDA LISBOA DE OLIVEIRA,"RUA TAMANDARE, S/N - ZONA URBANA",CENTRO,44270000,-12.4050164,-38.6218554,220,Com acessibilidade,2026-09-29 09:06:00,158326661733524191146473
UE2015 (Anterior),TERRA NOVA,128,161,1654947,GINASIO OSCAR PEREIRA DE MAGALHÃES,"PRACA HERMILINO TELES, N 106 - ZONA URBANA",CENTRO,44270000,-12.40403827,-38.62455203,311,Sem acessibilidade,2026-09-29 09:18:00,350346974753953143679977
UE2015 (Anterior),TERRA NOVA,128,162,1655848,GINASIO OSCAR PEREIRA DE MAGALHÃES,"PRACA HERMILINO TELES, N 106 - ZONA URBANA",CENTRO,44270000,-12.40403827,-38.62455203,308,Sem acessibilidade,2026-09-29 09:27:00,703881439388324270947546
UE2015 (Anterior),TERRA NOVA,128,163,1676379,GINASIO OSCAR PEREIRA DE MAGALHÃES,"PRACA HERMILINO TELES, N 106 - ZONA URBANA",CENTRO,44270000,-12.40403827,-38.62455203,309,Sem acessibilidade,2026-09-29 09:38:00,875598714805650119819570
UE2015 (Anterior),TERRA NOVA,128,166,1675282,GINASIO OSCAR PEREIRA DE MAGALHÃES,"PRACA HERMILINO TELES, N 106 - ZONA URBANA",CENTRO,44270000,-12.40403827,-38.62455203,311,Sem acessibilidade,2026-09-29 09:46:00,976508149015702650010810
UE2015 (Anterior),TERRA NOVA,128,167,1655845,GINASIO OSCAR PEREIRA DE MAGALHÃES,"PRACA HERMILINO TELES, N 106 - ZONA URBANA",CENTRO,44270000,-12.40403827,-38.62455203,310,Sem acessibilidade,2026-09-29 09:56:00,855396138103673036207719
UE2015 (Anterior),TERRA NOVA,128,168,1656018,GINASIO OSCAR PEREIRA DE MAGALHÃES,"PRACA HERMILINO TELES, N 106 - ZONA URBANA",CENTRO,44270000,-12.40403827,-38.62455203,310,Sem acessibilidade,2026-09-29 10:09:00,360447757954029323190748
UE2015 (Anterior),TERRA NOVA,128,170,1679544,PREDIO ESCOLAR DR. ANTONIO CARLOS MAGALHAES,"AVENIDA GOVERNADOR CESAR BORGES, 970 - ZONA URBANA",CARACONHA,44270000,-12.3956663,-38.6258268,254,Sem acessibilidade,2026-09-29 10:17:00,683679269286299612312977
UE2015 (Anterior),TERRA NOVA,128,171,1651752,PREDIO ESCOLAR DR. ANTONIO CARLOS MAGALHAES,"AVENIDA GOVERNADOR CESAR BORGES, 970 - ZONA URBANA",CARACONHA,44270000,-12.3956663,-38.6258268,258,Sem acessibilidade,2026-09-29 10:26:00,804891491798437220311797
UE2015 (Anterior),TERRA NOVA,128,172,1677833,PREDIO ESCOLAR DR. ANTONIO CARLOS MAGALHAES,"AVENIDA GOVERNADOR CESAR BORGES, 970 - ZONA URBANA",CARACONHA,44270000,-12.3956663,-38.6258268,258,Sem acessibilidade,2026-09-29 10:35:00,774588578495423243575959
UE2015 (Anterior),TERRA NOVA,128,173,1650341,ESCOLA WALDECK ORNELAS,"RUA JAIME VILAS BOAS, S/N - ZONA URBANA",CENTRO,44270000,-12.40455706,-38.61630456,307,Sem acessibilidade,2026-09-29 10:45:00,633174544381372199396024
UE2015 (Anterior),TERRA NOVA,128,174,1669953,ESCOLA WALDECK ORNELAS,"RUA JAIME VILAS BOAS, S/N - ZONA URBANA",CENTRO,44270000,-12.40455706,-38.61630456,311,Sem acessibilidade,2026-09-29 10:54:00,511962539469274889448046
UE2015 (Anterior),TERRA NOVA,128,175,1656977,ESCOLA JUDITH RABELO BORGES,PRACA MUNICIPAL  - ZONA RURAL,DISTRITO RIO FUNDO,44270000,-12.45235417,-38.61510722,339,Com acessibilidade,2026-09-29 11:02:00,229033358540509922382586
UE2015 (Anterior),TERRA NOVA,128,176,1672283,ESCOLA JUDITH RABELO BORGES,PRACA MUNICIPAL  - ZONA RURAL,DISTRITO RIO FUNDO,44270000,-12.45235417,-38.61510722,339,Com acessibilidade,2026-09-29 11:17:00,107821348528820704141349
UE2015 (Anterior),TERRA NOVA,128,177,1672174,ESCOLA JUDITH RABELO BORGES,PRACA MUNICIPAL  - ZONA RURAL,DISTRITO RIO FUNDO,44270000,-12.45235417,-38.61510722,340,Com acessibilidade,2026-09-29 08:27:00,57316407112561739865064
UE2015 (Anterior),TERRA NOVA,128,178,1654541,ESCOLA MUNICIPAL CAIO MOURA,PRACA MUNICIPAL S/N - ZONA RURAL,DISTRITO JACU,44270000,-12.3301103,-38.6069813,270,Com acessibilidade,2026-09-29 08:35:00,653376119572114688143254
UE2015 (Anterior),TERRA NOVA,128,179,1671161,ESCOLA MUNICIPAL CAIO MOURA,PRACA MUNICIPAL S/N - ZONA RURAL,DISTRITO JACU,44270000,-12.3301103,-38.6069813,272,Com acessibilidade,2026-09-29 08:43:00,299740864836709639449837
UE2015 (Anterior),TERRA NOVA,128,180,1673354,ESCOLA MUNICIPAL CAIO MOURA,PRACA MUNICIPAL S/N - ZONA RURAL,DISTRITO JACU,44270000,-12.3301103,-38.6069813,273,Com acessibilidade,2026-09-29 08:51:00,107821757717468786363055
UE2015 (Anterior),TERRA NOVA,128,182,1654915,ESCOLA CASTRO ALVES,"RUA MARIA DE LOURDES, N 222 - ZONA URBANA",CAIPE,44270000,-12.41190106,-38.6167703,297,Com acessibilidade,2026-09-29 08:59:00,249235118531168265603315
UE2015 (Anterior),TERRA NOVA,128,183,1662351,ESCOLA CASTRO ALVES,"RUA MARIA DE LOURDES, N 222 - ZONA URBANA",CAIPE,44270000,-12.41190106,-38.6167703,308,Com acessibilidade,2026-09-29 09:08:00,340245325441851179416434
UE2015 (Anterior),TERRA NOVA,128,184,1652537,ESCOLA CASTRO ALVES,"RUA MARIA DE LOURDES, N 222 - ZONA URBANA",CAIPE,44270000,-12.41190106,-38.6167703,302,Com acessibilidade,2026-09-29 09:18:00,168427257123766388690353
UE2015 (Anterior),TERRA NOVA,128,185,1682045,ESCOLA MARGARIDA LISBOA DE OLIVEIRA,"RUA TAMANDARE, S/N - ZONA URBANA",CENTRO,44270000,-12.4050164,-38.6218554,221,Com acessibilidade,2026-09-29 09:26:00,168427366223717517241250
UE2015 (Anterior),TERRA NOVA,128,186,1653993,COLÉGIO ESTADUAL TERRA NOVA,RUA GODOFREDO PACHECO PEREIRA - ZONA URBANA,CAIPE,44270000,-12.4073124,-38.62405,391,Com acessibilidade,2026-09-29 09:34:00,633174948570139986214481
UE2015 (Anterior),TERRA NOVA,128,187,1675475,COLÉGIO ESTADUAL TERRA NOVA,RUA GODOFREDO PACHECO PEREIRA - ZONA URBANA,CAIPE,44270000,-12.4073124,-38.62405,387,Com acessibilidade,2026-09-29 09:43:00,764487189983282424068136
UE2015 (Anterior),TERRA NOVA,128,188,1652597,COLÉGIO ESTADUAL TERRA NOVA,RUA GODOFREDO PACHECO PEREIRA - ZONA URBANA,CAIPE,44270000,-12.4073124,-38.62405,388,Com acessibilidade,2026-09-29 09:51:00,107821633117576241388958
UE2015 (Anterior),TERRA NOVA,128,189,1652785,COLÉGIO ESTADUAL TERRA NOVA,RUA GODOFREDO PACHECO PEREIRA - ZONA URBANA,CAIPE,44270000,-12.4073124,-38.62405,388,Com acessibilidade,2026-09-29 10:01:00,562467206263662506227869
UE2015 (Anterior),TERRA NOVA,128,190,1657790,COLÉGIO ESTADUAL TERRA NOVA,RUA GODOFREDO PACHECO PEREIRA - ZONA URBANA,CAIPE,44270000,-12.4073124,-38.62405,388,Com acessibilidade,2026-09-29 10:09:00,229033943929886845995936
UE2015 (Anterior),TERRA NOVA,128,191,1657895,COLÉGIO ESTADUAL TERRA NOVA,RUA GODOFREDO PACHECO PEREIRA - ZONA URBANA,CAIPE,44270000,-12.4073124,-38.62405,388,Com acessibilidade,2026-09-29 10:18:00,27013857109708942890331
UE2015 (Anterior),TERRA NOVA,128,192,1655443,ESCOLA MUNICIPAL JULIETA VILAS BOAS,"RUA PROFESSORA MARIA LUIZA DE PAIVA LONA, N 170 - ZONA URBANA",CENTRO,44270000,-12.4043292,-38.6249319,273,Com acessibilidade,2026-09-29 10:26:00,16912955108645093386581
UE2015 (Anterior),TERRA NOVA,128,193,1673755,ESCOLA MUNICIPAL JULIETA VILAS BOAS,"RUA PROFESSORA MARIA LUIZA DE PAIVA LONA, N 170 - ZONA URBANA",CENTRO,44270000,-12.4043292,-38.6249319,273,Com acessibilidade,2026-09-29 10:36:00,37114080710753166545219
UE2015 (Anterior),TERRA NOVA,128,194,1657782,ESCOLA MUNICIPAL JULIETA VILAS BOAS,"RUA PROFESSORA MARIA LUIZA DE PAIVA LONA, N 170 - ZONA URBANA",CENTRO,44270000,-12.4043292,-38.6249319,271,Com acessibilidade,2026-09-29 10:44:00,128023283619794014547278
UE2015 (Anterior),TERRA NOVA,128,199,1680501,ESCOLA CASTRO ALVES,"RUA MARIA DE LOURDES, N 222 - ZONA URBANA",CAIPE,44270000,-12.41190106,-38.6167703,131,Sem acessibilidade,2026-09-29 10:52:00,178528880024791238130072
UE2015 (Anterior),VALENÇA,31,18,1765775,COLEGIO SOCIAL,"RUA ARGEMIRO ISIDORO FRANCO, 141 - ZONA URBANA",CENTRO,45400000,-13.373623,-39.0760798,372,Sem acessibilidade,2026-10-01 10:20:00,70539024784423039144547
UE2015 (Anterior),VALENÇA,31,19,1771547,COLEGIO SOCIAL,"RUA ARGEMIRO ISIDORO FRANCO, 141 - ZONA URBANA",CENTRO,45400000,-13.373623,-39.0760798,370,Sem acessibilidade,2026-10-01 10:31:00,454377513122960650755676
UE2015 (Anterior),VALENÇA,31,20,1791608,COLÉGIO PERSPECTIVA,"PRAÇA CONSELHEIRO BALTAZAR, 138, TRIANA - ZONA URBANA",CENTRO,45400000,-13.3748873,-39.0764104,366,Sem acessibilidade,2026-10-01 10:47:00,151347299592176571404449
UE2015 (Anterior),VALENÇA,31,21,1767199,COLÉGIO PERSPECTIVA,"PRAÇA CONSELHEIRO BALTAZAR, 138, TRIANA - ZONA URBANA",CENTRO,45400000,-13.3748873,-39.0764104,372,Sem acessibilidade,2026-10-01 10:57:00,242256499801357364160386
UE2015 (Anterior),VALENÇA,31,22,1765914,INSTITUTO FEDERAL DA BAHIA (ANTIGO CEFET),"RUA VEREADOR ROMEU AGRÁRIO MARTINS, S/N - ZONA URBANA",TENTO,45400000,-13.3724442,-39.0611733,344,Sem acessibilidade,2026-10-01 11:10:00,242256600301619673733198
UE2015 (Anterior),VALENÇA,31,23,1835659,INSTITUTO FEDERAL DA BAHIA (ANTIGO CEFET),"RUA VEREADOR ROMEU AGRÁRIO MARTINS, S/N - ZONA URBANA",TENTO,45400000,-13.3724442,-39.0611733,343,Sem acessibilidade,2026-10-01 11:21:00,666498138743196294978431
UE2015 (Anterior),VALENÇA,31,24,1768752,COLÉGIO MUNICIPAL DR ELÍSIO PIMENTEL MARQUES,"RUA BARÃO DO TRIUNFO, N 82 - ZONA URBANA",CENTRO,45420000,-13.3745585,-39.0707125,240,Sem acessibilidade,2026-10-01 11:31:00,30135612180657705134317
UE2015 (Anterior),VALENÇA,31,25,1763230,CENTRO ESTADUAL EDUCAÇÃO PROF E SAÚDE DO L BAIANO-CEEP(ANTIGO COESVA),"RUA FLORESTAL, 01 - ZONA URBANA",BOLÍVIA,45400000,-13.3768483,-39.0673717,309,Com acessibilidade,2026-10-01 11:43:00,373569063514221412401869
UE2015 (Anterior),VALENÇA,31,26,1779204,COLÉGIO DR. DÁRIO GALVÃO DE QUEIROZ,RUA DO CAMPO DE AVIAÇÃO (DEPOIS DO COESVA) - ZONA URBANA,BOLÍVIA,45400000,-13.3776667,-39.066155,350,Sem acessibilidade,2026-10-01 11:53:00,131145937990074849396029
UE2015 (Anterior),VALENÇA,31,27,1837646,CENTRO ESTADUAL EDUCAÇÃO PROF E SAÚDE DO L BAIANO-CEEP(ANTIGO COESVA),"RUA FLORESTAL, 01 - ZONA URBANA",BOLÍVIA,45400000,-13.3768483,-39.0673717,311,Sem acessibilidade,2026-10-01 12:10:00,545286455531028048391076
UE2015 (Anterior),VALENÇA,31,28,1765741,CENTRO ESTADUAL EDUCAÇÃO PROF E SAÚDE DO L BAIANO-CEEP(ANTIGO COESVA),"RUA FLORESTAL, 01 - ZONA URBANA",BOLÍVIA,45400000,-13.3768483,-39.0673717,309,Sem acessibilidade,2026-10-01 15:00:00,787610804955502590661329
UE2015 (Anterior),VALENÇA,31,29,1838088,INSTITUTO FED DE EDUCAÇÃO CIENT E TEC BAIANO-IF-BAIANO (ANTIGA EMARC),"RUA GLICÉRIO TAVARES, S/N - ZONA URBANA",BATE QUENTE,45420000,-13.3736267,-39.0835583,310,Sem acessibilidade,2026-10-01 15:11:00,999731122976874852142272
UE2015 (Anterior),VALENÇA,31,30,1769151,INSTITUTO FED DE EDUCAÇÃO CIENT E TEC BAIANO-IF-BAIANO (ANTIGA EMARC),"RUA GLICÉRIO TAVARES, S/N - ZONA URBANA",BATE QUENTE,45420000,-13.3736267,-39.0835583,307,Sem acessibilidade,2026-10-01 15:28:00,222054439899689023898255
UE2015 (Anterior),VALENÇA,31,31,1757144,COLÉGIO MUNICIPAL DR ELÍSIO PIMENTEL MARQUES,"RUA BARÃO DO TRIUNFO, N 82 - ZONA URBANA",CENTRO,45420000,-13.3745585,-39.0707125,319,Sem acessibilidade,2026-10-01 15:38:00,474579791024026414972067
UE2015 (Anterior),VALENÇA,31,32,1841627,COLÉGIO MUNICIPAL DR ELÍSIO PIMENTEL MARQUES,"RUA BARÃO DO TRIUNFO, N 82 - ZONA URBANA",CENTRO,45420000,-13.3745585,-39.0707125,321,Sem acessibilidade,2026-10-01 15:49:00,424074858719135279215321
UE2015 (Anterior),VALENÇA,31,33,1781397,INSTITUTO FED DE EDUCAÇÃO CIENT E TEC BAIANO-IF-BAIANO (ANTIGA EMARC),"RUA GLICÉRIO TAVARES, S/N - ZONA URBANA",BATE QUENTE,45420000,-13.3736267,-39.0835583,309,Sem acessibilidade,2026-10-01 15:59:00,393771937716196508418103
UE2015 (Anterior),VALENÇA,31,34,1780001,INSTITUTO FED DE EDUCAÇÃO CIENT E TEC BAIANO-IF-BAIANO (ANTIGA EMARC),"RUA GLICÉRIO TAVARES, S/N - ZONA URBANA",BATE QUENTE,45420000,-13.3736267,-39.0835583,310,Sem acessibilidade,2026-10-01 16:10:00,646296291941567615281828
UE2015 (Anterior),VALENÇA,31,35,1769650,INSTITUTO FED DE EDUCAÇÃO CIENT E TEC BAIANO-IF-BAIANO (ANTIGA EMARC),"RUA GLICÉRIO TAVARES, S/N - ZONA URBANA",BATE QUENTE,45420000,-13.3736267,-39.0835583,307,Sem acessibilidade,2026-10-01 16:20:00,999731750176000053181340
UE2015 (Anterior),VALENÇA,31,36,1792031,INSTITUTO FED DE EDUCAÇÃO CIENT E TEC BAIANO-IF-BAIANO (ANTIGA EMARC),"RUA GLICÉRIO TAVARES, S/N - ZONA URBANA",BATE QUENTE,45420000,-13.3736267,-39.0835583,308,Sem acessibilidade,2026-10-01 16:32:00,929024790969160544727870
UE2015 (Anterior),VALENÇA,31,37,1824717,INSTITUTO FED DE EDUCAÇÃO CIENT E TEC BAIANO-IF-BAIANO (ANTIGA EMARC),"RUA GLICÉRIO TAVARES, S/N - ZONA URBANA",BATE QUENTE,45420000,-13.3736267,-39.0835583,308,Sem acessibilidade,2026-10-01 16:43:00,878519853364279033469431
UE2015 (Anterior),VALENÇA,31,38,1764668,COLÉGIO ESTADUAL JOÃO CARDOSO DOS SANTOS,CAMINHO 8 CJ URBIS - SN - ZONA URBANA,SÃO FELIX,45400000,-13.3610967,-39.07088,355,Sem acessibilidade,2026-10-01 16:52:00,444276538421869748682317
UE2015 (Anterior),VALENÇA,31,39,1766702,COLÉGIO ESTADUAL JOÃO CARDOSO DOS SANTOS,CAMINHO 8 CJ URBIS - SN - ZONA URBANA,SÃO FELIX,45400000,-13.3610967,-39.07088,355,Sem acessibilidade,2026-10-01 17:04:00,110943315688330264893232
UE2015 (Anterior),VALENÇA,31,40,1778366,COLÉGIO ESTADUAL JOÃO CARDOSO DOS SANTOS,CAMINHO 8 CJ URBIS - SN - ZONA URBANA,SÃO FELIX,45400000,-13.3610967,-39.07088,355,Sem acessibilidade,2026-10-01 17:15:00,90741375786476063777815
UE2015 (Anterior),VALENÇA,31,41,1824034,ESCOLA ESTADUAL DE PRIMEIRO GRAU GETÚLIO VARGAS,PRAÇA GETÚLIO VARGAS S/N - ZONA URBANA,VILA OPERÁRIA,45400000,-13.3727191,-39.0695253,398,Sem acessibilidade,2026-10-01 17:25:00,393771783116863352225899
UE2015 (Anterior),VALENÇA,31,42,1810234,ESCOLA ESTADUAL DE PRIMEIRO GRAU GETÚLIO VARGAS,PRAÇA GETÚLIO VARGAS S/N - ZONA URBANA,VILA OPERÁRIA,45400000,-13.3727191,-39.0695253,400,Sem acessibilidade,2026-10-01 17:33:00,898721394866319254076462
UE2015 (Anterior),VALENÇA,31,43,1783091,ESCOLA ESTADUAL DE PRIMEIRO GRAU GETÚLIO VARGAS,PRAÇA GETÚLIO VARGAS S/N - ZONA URBANA,VILA OPERÁRIA,45400000,-13.3727191,-39.0695253,400,Sem acessibilidade,2026-10-01 17:46:00,797711406056512843717725
UE2015 (Anterior),VALENÇA,31,44,1833489,ESCOLA ESTADUAL DE PRIMEIRO GRAU GETÚLIO VARGAS,PRAÇA GETÚLIO VARGAS S/N - ZONA URBANA,VILA OPERÁRIA,45400000,-13.3727191,-39.0695253,397,Sem acessibilidade,2026-10-01 17:56:00,545286267631353997495241
UE2015 (Anterior),VALENÇA,31,45,1791875,"UNIVERSIDADE DO ESTADO DA BAHIA (UNEB), CAMPUS XV","RUA PARQUE BOULEVARD, S/N - ZONA URBANA",NOVO HORIZONTE,45400000,-13.3478947,-39.0570384,380,Sem acessibilidade,2026-10-01 18:06:00,605892430437070473402732
UE2015 (Anterior),VALENÇA,31,46,1774460,"UNIVERSIDADE DO ESTADO DA BAHIA (UNEB), CAMPUS XV","RUA PARQUE BOULEVARD, S/N - ZONA URBANA",NOVO HORIZONTE,45400000,-13.3478947,-39.0570384,379,Sem acessibilidade,2026-10-01 18:19:00,605892542537372284892094
UE2015 (Anterior),VALENÇA,31,47,1792019,COLÉGIO ESTADUAL GENTIL PARAÍSO MARTINS (ANTIGO COMPLEXO),RUA PROF PEDRO SANCHES 49 - ZONA URBANA,GRAÇA,45400000,-13.3674236,-39.0671757,398,Sem acessibilidade,2026-10-01 18:32:00,787610834555246888610892
UE2015 (Anterior),VALENÇA,31,48,1807717,COLÉGIO ESTADUAL GENTIL PARAÍSO MARTINS (ANTIGO COMPLEXO),RUA PROF PEDRO SANCHES 49 - ZONA URBANA,GRAÇA,45400000,-13.3674236,-39.0671757,397,Sem acessibilidade,2026-10-01 18:42:00,151347316692708060981985
UE2015 (Anterior),VALENÇA,31,49,1761130,COLÉGIO ESTADUAL GENTIL PARAÍSO MARTINS (ANTIGO COMPLEXO),RUA PROF PEDRO SANCHES 49 - ZONA URBANA,GRAÇA,45400000,-13.3674236,-39.0671757,397,Sem acessibilidade,2026-10-01 18:53:00,20034297579730560424873
UE2015 (Anterior),VALENÇA,31,50,1765814,COLÉGIO ESTADUAL GENTIL PARAÍSO MARTINS (ANTIGO COMPLEXO),RUA PROF PEDRO SANCHES 49 - ZONA URBANA,GRAÇA,45400000,-13.3674236,-39.0671757,398,Sem acessibilidade,2026-10-01 19:06:00,777509124954354644890192
UE2015 (Anterior),VALENÇA,31,51,1781186,COLÉGIO ESTADUAL GENTIL PARAÍSO MARTINS (ANTIGO COMPLEXO),RUA PROF PEDRO SANCHES 49 - ZONA URBANA,GRAÇA,45400000,-13.3674236,-39.0671757,394,Sem acessibilidade,2026-10-01 19:49:00,302862763407453120428403
UE2015 (Anterior),VALENÇA,31,52,1794832,COLÉGIO ESTADUAL GENTIL PARAÍSO MARTINS (ANTIGO COMPLEXO),RUA PROF PEDRO SANCHES 49 - ZONA URBANA,GRAÇA,45400000,-13.3674236,-39.0671757,398,Sem acessibilidade,2026-10-01 19:59:00,959327529572190217555174
UE2015 (Anterior),VALENÇA,31,53,1757042,COLÉGIO ESTADUAL GENTIL PARAÍSO MARTINS (ANTIGO COMPLEXO),RUA PROF PEDRO SANCHES 49 - ZONA URBANA,GRAÇA,45400000,-13.3674236,-39.0671757,397,Sem acessibilidade,2026-10-01 20:09:00,777509451554642332477120
UE2015 (Anterior),VALENÇA,31,54,1842519,COLÉGIO ESTADUAL GENTIL PARAÍSO MARTINS (ANTIGO COMPLEXO),RUA PROF PEDRO SANCHES 49 - ZONA URBANA,GRAÇA,45400000,-13.3674236,-39.0671757,396,Sem acessibilidade,2026-10-01 20:19:00,555387340932514328805342
UE2015 (Anterior),VALENÇA,31,55,1768839,COLÉGIO ESTADUAL GENTIL PARAÍSO MARTINS (ANTIGO COMPLEXO),RUA PROF PEDRO SANCHES 49 - ZONA URBANA,GRAÇA,45400000,-13.3674236,-39.0671757,397,Sem acessibilidade,2026-10-01 20:33:00,50337957182779919916181
UE2015 (Anterior),VALENÇA,31,56,1764734,INSTITUTO FEDERAL DA BAHIA (ANTIGO CEFET),"RUA VEREADOR ROMEU AGRÁRIO MARTINS, S/N - ZONA URBANA",TENTO,45400000,-13.3724442,-39.0611733,343,Sem acessibilidade,2026-10-01 20:44:00,716903724948599789993722
UE2015 (Anterior),VALENÇA,31,57,1775744,INSTITUTO FEDERAL DA BAHIA (ANTIGO CEFET),"RUA VEREADOR ROMEU AGRÁRIO MARTINS, S/N - ZONA URBANA",TENTO,45400000,-13.3724442,-39.0611733,340,Sem acessibilidade,2026-10-01 21:16:00,373569494614231213198594
UE2015 (Anterior),VALENÇA,31,58,1795298,INSTITUTO FEDERAL DA BAHIA (ANTIGO CEFET),"RUA VEREADOR ROMEU AGRÁRIO MARTINS, S/N - ZONA URBANA",TENTO,45400000,-13.3724442,-39.0611733,343,Sem acessibilidade,2026-10-01 21:25:00,302862531707189865828916
UE2015 (Anterior),VALENÇA,31,59,1789108,INSTITUTO FEDERAL DA BAHIA (ANTIGO CEFET),"RUA VEREADOR ROMEU AGRÁRIO MARTINS, S/N - ZONA URBANA",TENTO,45400000,-13.3724442,-39.0611733,342,Sem acessibilidade,2026-10-01 21:36:00,817913158758856651481779
UE2015 (Anterior),VALENÇA,31,60,1795350,CRECHE ESCOLA CASTELO DE AREIA ,PRACA SAO JOSÉ 180 - GUAIBIM ,DISTRITO GUAIBIM,45400000,-13.2880683,-38.9652119,349,Sem acessibilidade,2026-10-01 21:53:00,110943538988129989055826
UE2015 (Anterior),VALENÇA,31,61,1775604,CRECHE ESCOLA CASTELO DE AREIA ,PRACA SAO JOSÉ 180 - GUAIBIM ,DISTRITO GUAIBIM,45400000,-13.2880683,-38.9652119,351,Sem acessibilidade,2026-10-01 22:03:00,90741626786768671095659
UE2015 (Anterior),VALENÇA,31,62,1764150,COLÉGIO ESTADUAL HERMÍNIO MANOEL DE JESUS (COLÉGIO ESTADUAL DO BONFIM),POVOADO BONFIM - ZONA RURAL,POVOADO BONFIM,45420000,-13.3214985,-39.237473,399,Sem acessibilidade,2026-10-01 22:13:00,30135672580799474359021
UE2015 (Anterior),VALENÇA,31,63,1765430,COLÉGIO ESTADUAL HERMÍNIO MANOEL DE JESUS (COLÉGIO ESTADUAL DO BONFIM),POVOADO BONFIM - ZONA RURAL,POVOADO BONFIM,45420000,-13.3214985,-39.237473,394,Sem acessibilidade,2026-10-01 22:24:00,615993369138535681062872
UE2015 (Anterior),VALENÇA,31,64,1819285,COLÉGIO ESTADUAL HERMÍNIO MANOEL DE JESUS (COLÉGIO ESTADUAL DO BONFIM),POVOADO BONFIM - ZONA RURAL,POVOADO BONFIM,45420000,-13.3214985,-39.237473,399,Sem acessibilidade,2026-10-01 22:34:00,848216708861853873885027
UE2015 (Anterior),VALENÇA,31,65,1766666,ESCOLA MUNICIPAL FILOMENA DO LAGO ANDRADE,POVOADO VÁRZEA - ZONA RURAL,POVOADO VÁRZEA,45400000,-13.2875595,-39.372857,390,Sem acessibilidade,2026-10-01 22:48:00,838115802360219685030754
UE2015 (Anterior),VALENÇA,31,66,1775053,ESCOLA MUNICIPAL FILOMENA DO LAGO ANDRADE,POVOADO VÁRZEA - ZONA RURAL,POVOADO VÁRZEA,45400000,-13.2875595,-39.372857,392,Sem acessibilidade,2026-10-01 22:57:00,676599752944074617372567
UE2015 (Anterior),VALENÇA,31,67,1842123,ESCOLA MUNICIPAL JOSÉ FARIAS CAMPOS,POVOADO ENTRONCAMENTO DE VALENÇA - ZONA RURAL,POVOADO ENTRONCAMENTO DE VALENÇA,45400000,-13.2822952,-39.3214819,349,Sem acessibilidade,2026-10-01 23:08:00,141246339791276259097081
UE2015 (Anterior),VALENÇA,31,68,1795938,ESCOLA MUNICIPAL JOSÉ FARIAS CAMPOS,POVOADO ENTRONCAMENTO DE VALENÇA - ZONA RURAL,POVOADO ENTRONCAMENTO DE VALENÇA,45400000,-13.2822952,-39.3214819,349,Sem acessibilidade,2026-10-01 10:28:00,737105034354640668229174
UE2015 (Anterior),VALENÇA,31,84,1766858,ESCOLA MUNICIPAL MANOEL MARQUES DE MAGALHÃES,"RUA SÃO FRANCISCO, S/N - ZONA RURAL",CAJAÍBA-MARICOABO,45400000,-13.4467417,-39.082835,341,Sem acessibilidade,2026-10-01 10:39:00,514983511232588514127277
UE2015 (Anterior),VALENÇA,31,85,1824400,ESCOLA MUNICIPAL MANOEL MARQUES DE MAGALHÃES,"RUA SÃO FRANCISCO, S/N - ZONA RURAL",CAJAÍBA-MARICOABO,45400000,-13.4467417,-39.082835,349,Sem acessibilidade,2026-10-01 10:52:00,333165448414096597996191
UE2015 (Anterior),VALENÇA,31,86,1809382,ESCOLA MUNICIPAL MANOEL MARQUES DE MAGALHÃES,"RUA SÃO FRANCISCO, S/N - ZONA RURAL",CAJAÍBA-MARICOABO,45400000,-13.4467417,-39.082835,343,Sem acessibilidade,2026-10-01 11:03:00,848216065765332925047854
UE2015 (Anterior),VALENÇA,31,87,1756885,ESCOLA MUNICIPAL NECIVALDO XAVIER SILVA ,POVOADO GRACIOSA - ZONA RURAL,POVOADO GRACIOSA,45400000,-13.3402453,-39.2182627,242,Sem acessibilidade,2026-10-01 11:14:00,908822234671552712319416
UE2015 (Anterior),VALENÇA,31,88,1808261,ESCOLA MUNICIPAL NECIVALDO XAVIER SILVA ,POVOADO GRACIOSA - ZONA RURAL,POVOADO GRACIOSA,45400000,-13.3402453,-39.2182627,241,Sem acessibilidade,2026-10-01 11:28:00,797711230560811681030797
UE2015 (Anterior),VALENÇA,31,89,1835156,ESCOLA MUNICIPAL PASTOR ANIEL COSTA,POVOADO PARANÁ-OROBÓ - ZONA RURAL,POVOADO PARANÁ-OROBÓ,45400000,-13.41561,-39.218805,240,Sem acessibilidade,2026-10-01 11:37:00,50337606486094474799855
UE2015 (Anterior),VALENÇA,31,90,1753896,ESCOLA MUNICIPAL PASTOR ANIEL COSTA,POVOADO PARANÁ-OROBÓ - ZONA RURAL,POVOADO PARANÁ-OROBÓ,45400000,-13.41561,-39.218805,239,Sem acessibilidade,2026-10-01 11:49:00,878519503668149820114060
UE2015 (Anterior),VALENÇA,31,91,1774614,COLÉGIO ESTADUAL ONILDO RAIMUNDO DE CRISTO (COL. EST. DO PARANÁ-OROBÓ),"LOTEAMENTO SÃO JOSÉ, BAIRRO DA GIA - ZONA RURAL",POVOADO PARANÁ-OROBÓ,45420000,-13.435545,-39.2178633,295,Sem acessibilidade,2026-10-01 12:10:00,535185271334013116254325
UE2015 (Anterior),VALENÇA,31,92,1790196,ESCOLA MUNICIPAL ATALIBA PEREIRA LACERDA,POVOADO SARAPUÍ - ZONA RURAL,POVOADO SARAPUÍ,45400000,-13.47128,-39.1236583,250,Sem acessibilidade,2026-10-01 13:02:00,848216690165481893709416
UE2015 (Anterior),VALENÇA,31,96,1766020,ESCOLA MUNICIPAL DE SERRA GRANDE,RUA PRINCIPAL S/N - ZONA RURAL,DISTRITO SERRA GRANDE,45400000,-13.312615,-39.4493433,354,Sem acessibilidade,2026-10-01 13:15:00,817913108162753849015562
UE2015 (Anterior),VALENÇA,31,97,1764059,ESCOLA MUNICIPAL DE SERRA GRANDE,RUA PRINCIPAL S/N - ZONA RURAL,DISTRITO SERRA GRANDE,45400000,-13.312615,-39.4493433,355,Sem acessibilidade,2026-10-01 13:26:00,80640480489181355655404
UE2015 (Anterior),VALENÇA,31,98,1794612,ESCOLA MUNICIPAL DE SERRA GRANDE,RUA PRINCIPAL S/N - ZONA RURAL,DISTRITO SERRA GRANDE,45400000,-13.312615,-39.4493433,355,Sem acessibilidade,2026-10-01 13:36:00,908822415471092716027326
UE2015 (Anterior),VALENÇA,31,99,1765754,ESCOLA MUNICIPAL DE SERRA GRANDE,RUA PRINCIPAL S/N - ZONA RURAL,DISTRITO SERRA GRANDE,45400000,-13.312615,-39.4493433,352,Sem acessibilidade,2026-10-01 14:04:00,403872024921294797797392
UE2015 (Anterior),VALENÇA,31,100,1794798,COLÉGIO MUNICIPAL DR ELÍSIO PIMENTEL MARQUES,"RUA BARÃO DO TRIUNFO, N 82 - ZONA URBANA",CENTRO,45420000,-13.3745585,-39.0707125,229,Sem acessibilidade,2026-10-01 14:15:00,504882596331552268936779
UE2015 (Anterior),VALENÇA,31,101,1773568,COLÉGIO PERSPECTIVA,"PRAÇA CONSELHEIRO BALTAZAR, 138, TRIANA - ZONA URBANA",CENTRO,45400000,-13.3748873,-39.0764104,367,Sem acessibilidade,2026-10-01 14:49:00,888620082369488250259923
UE2015 (Anterior),VALENÇA,31,102,1770727,COLÉGIO PERSPECTIVA,"PRAÇA CONSELHEIRO BALTAZAR, 138, TRIANA - ZONA URBANA",CENTRO,45400000,-13.3748873,-39.0764104,370,Sem acessibilidade,2026-10-01 14:37:00,504882811931872696564029
UE2015 (Anterior),VALENÇA,31,103,1837316,ESCOLA ESTADUAL DE PRIMEIRO GRAU ERALDO TINOCO,LOTEAMENTO ERALDO TINOCO S/N - ZONA URBANA,BOLÍVIA,45400000,-13.3780284,-39.0684231,376,Sem acessibilidade,2026-10-01 17:16:00,333165758014781195148717
UE2015 (Anterior),VALENÇA,31,104,1781577,ESCOLA ESTADUAL DE PRIMEIRO GRAU ERALDO TINOCO,LOTEAMENTO ERALDO TINOCO S/N - ZONA URBANA,BOLÍVIA,45400000,-13.3780284,-39.0684231,374,Sem acessibilidade,2026-10-01 17:25:00,929024452273396698967036
UE2015 (Anterior),VALENÇA,31,105,1757299,ESCOLA ESTADUAL DE PRIMEIRO GRAU ERALDO TINOCO,LOTEAMENTO ERALDO TINOCO S/N - ZONA URBANA,BOLÍVIA,45400000,-13.3780284,-39.0684231,372,Sem acessibilidade,2026-10-01 17:37:00,363468000617060764184468
UE2015 (Anterior),VALENÇA,31,106,1766119,ESCOLA ESTADUAL DE PRIMEIRO GRAU ERALDO TINOCO,LOTEAMENTO ERALDO TINOCO S/N - ZONA URBANA,BOLÍVIA,45400000,-13.3780284,-39.0684231,372,Sem acessibilidade,2026-10-01 17:47:00,474579222428264056824802
UE2015 (Anterior),VALENÇA,31,107,1824930,ESCOLA ESTADUAL DE PRIMEIRO GRAU ERALDO TINOCO,LOTEAMENTO ERALDO TINOCO S/N - ZONA URBANA,BOLÍVIA,45400000,-13.3780284,-39.0684231,373,Sem acessibilidade,2026-10-01 17:58:00,171549033698125153400071
UE2015 (Anterior),VALENÇA,31,108,1759022,CENTRO ESTADUAL EDUCAÇÃO PROF E SAÚDE DO L BAIANO-CEEP(ANTIGO COESVA),"RUA FLORESTAL, 01 - ZONA URBANA",BOLÍVIA,45400000,-13.3768483,-39.0673717,310,Sem acessibilidade,2026-10-01 18:09:00,737105700754413799917422
UE2015 (Anterior),VALENÇA,31,109,1782913,COLÉGIO PERSPECTIVA,"PRAÇA CONSELHEIRO BALTAZAR, 138, TRIANA - ZONA URBANA",CENTRO,45400000,-13.3748873,-39.0764104,372,Sem acessibilidade,2026-10-01 18:17:00,666498743147297461449980
UE2015 (Anterior),VALENÇA,31,110,1774919,INSTITUTO FED DE EDUCAÇÃO CIENT E TEC BAIANO-IF-BAIANO (ANTIGA EMARC),"RUA GLICÉRIO TAVARES, S/N - ZONA URBANA",BATE QUENTE,45420000,-13.3736267,-39.0835583,309,Sem acessibilidade,2026-10-01 18:30:00,777509930358095406463105
UE2015 (Anterior),VALENÇA,31,111,1763759,"UNIVERSIDADE DO ESTADO DA BAHIA (UNEB), CAMPUS XV","RUA PARQUE BOULEVARD, S/N - ZONA URBANA",NOVO HORIZONTE,45400000,-13.3478947,-39.0570384,380,Sem acessibilidade,2026-10-01 18:41:00,817913081762291124542590
UE2015 (Anterior),VALENÇA,31,112,1768799,"UNIVERSIDADE DO ESTADO DA BAHIA (UNEB), CAMPUS XV","RUA PARQUE BOULEVARD, S/N - ZONA URBANA",NOVO HORIZONTE,45400000,-13.3478947,-39.0570384,380,Sem acessibilidade,2026-10-01 18:57:00,434175816824429598354065
UE2015 (Anterior),VALENÇA,31,113,1775401,ESCOLA MUNICIPAL MINISTRO JARBAS PASSARINHO,RUA ALTO DE SÃO ROQUE S/N - ZONA URBANA,ALTO DE SAO ROQUE,45400000,-13.3753603,-39.0648045,276,Sem acessibilidade,2026-10-01 19:08:00,90741582690818544171053
UE2015 (Anterior),VALENÇA,31,114,1838515,ESCOLA MUNICIPAL MINISTRO JARBAS PASSARINHO,RUA ALTO DE SÃO ROQUE S/N - ZONA URBANA,ALTO DE SAO ROQUE,45400000,-13.3753603,-39.0648045,277,Sem acessibilidade,2026-10-01 19:17:00,131145737494877367454638
UE2015 (Anterior),VALENÇA,31,115,1795114,COLÉGIO ESTADUAL BERNARDO BISPO DOS SANTOS,FAZENDA CASA VERDE 2 - ZONA RURAL - JEQUIRIÇA,POVOADO JEQUIRIÇÁ,45400000,-13.2879183,-39.1157467,363,Sem acessibilidade,2026-10-01 19:27:00,181650897499014750509228
UE2015 (Anterior),VALENÇA,31,116,1788675,COLÉGIO ESTADUAL BERNARDO BISPO DOS SANTOS,FAZENDA CASA VERDE 2 - ZONA RURAL - JEQUIRIÇA,POVOADO JEQUIRIÇÁ,45400000,-13.2879183,-39.1157467,270,Sem acessibilidade,2026-10-01 19:36:00,100842929291953917867031
UE2015 (Anterior),VALENÇA,31,117,1773136,ESCOLA MUNICIPAL REINALDO MAGALHÃES TAVARES,FAZENDA LAGOA DOURADA - ZONA RURAL,POVOADO LAGOA DOURADA,45400000,-13.3356491,-39.1847462,259,Sem acessibilidade,2026-10-01 19:46:00,403872339621347120760055
UE2015 (Anterior),VALENÇA,31,118,1793385,ESCOLA MUNICIPAL ASSOCIAÇÃO DOS MORADORES UNIDOS DO TARIMBA,POVOADO TARIMBA-OROBÓ - ZONA RURAL,POVOADO TARIMBA-OROBÓ,45400000,-13.3633767,-39.13734,357,Sem acessibilidade,2026-10-01 20:00:00,696701730750934152323471
UE2015 (Anterior),VALENÇA,31,119,1758857,ESCOLA MUNICIPAL PROFESSORA ADACY DA SILVA RABELO,POVOADO SIDE-OROBÓ - ZONA RURAL,POVOADO SIDE-OROBÓ,45400000,-13.3633812,-39.1375606,252,Sem acessibilidade,2026-10-01 20:10:00,918923065072246334671786
UE2015 (Anterior),VALENÇA,31,120,1768312,ESCOLA MUNICIPAL MANOEL TOMÉ DE SOUSA,PRAÇA MANOEL TOMÉ DE SOUSA - ZONA RURAL,POVOADO ENTRONCAMENTO DE VALENÇA,45420000,-13.2839185,-39.3224443,384,Sem acessibilidade,2026-10-01 20:21:00,393771628520886950333373
UE2015 (Anterior),VALENÇA,31,121,1767508,ESCOLA MUNICIPAL MANOEL TOMÉ DE SOUSA,PRAÇA MANOEL TOMÉ DE SOUSA - ZONA RURAL,POVOADO ENTRONCAMENTO DE VALENÇA,45420000,-13.2839185,-39.3224443,386,Sem acessibilidade,2026-10-01 20:36:00,171549511198101100333112
UE2015 (Anterior),VALENÇA,31,124,1791145,COLÉGIO MUNICIPAL DR ELÍSIO PIMENTEL MARQUES,"RUA BARÃO DO TRIUNFO, N 82 - ZONA URBANA",CENTRO,45420000,-13.3745585,-39.0707125,243,Sem acessibilidade,2026-10-01 20:46:00,70539746988097317061532
UE2015 (Anterior),VALENÇA,31,125,1750968,COLÉGIO DR. DÁRIO GALVÃO DE QUEIROZ,RUA DO CAMPO DE AVIAÇÃO (DEPOIS DO COESVA) - ZONA URBANA,BOLÍVIA,45400000,-13.3776667,-39.066155,346,Sem acessibilidade,2026-10-01 21:02:00,807812589461295466817213
UE2015 (Anterior),VALENÇA,31,126,1775736,CENTRO ESTADUAL EDUCAÇÃO PROF E SAÚDE DO L BAIANO-CEEP(ANTIGO COESVA),"RUA FLORESTAL, 01 - ZONA URBANA",BOLÍVIA,45400000,-13.3768483,-39.0673717,309,Sem acessibilidade,2026-10-01 21:14:00,959327841176674917730934
UE2015 (Anterior),VALENÇA,31,127,1838534,INSTITUTO FED DE EDUCAÇÃO CIENT E TEC BAIANO-IF-BAIANO (ANTIGA EMARC),"RUA GLICÉRIO TAVARES, S/N - ZONA URBANA",BATE QUENTE,45420000,-13.3736267,-39.0835583,307,Sem acessibilidade,2026-10-01 21:30:00,838115835764453560527309
UE2015 (Anterior),VALENÇA,31,128,1834542,COLÉGIO ESTADUAL JOÃO CARDOSO DOS SANTOS,CAMINHO 8 CJ URBIS - SN - ZONA URBANA,SÃO FELIX,45400000,-13.3610967,-39.07088,354,Sem acessibilidade,2026-10-01 21:51:00,171549284898044572725210
UE2015 (Anterior),VALENÇA,31,129,1766052,COLÉGIO ESTADUAL JOÃO CARDOSO DOS SANTOS,CAMINHO 8 CJ URBIS - SN - ZONA URBANA,SÃO FELIX,45400000,-13.3610967,-39.07088,353,Sem acessibilidade,2026-10-01 22:01:00,211953437202743066549595
UE2015 (Anterior),VALENÇA,31,130,1765745,COLÉGIO ESTADUAL GENTIL PARAÍSO MARTINS (ANTIGO COMPLEXO),RUA PROF PEDRO SANCHES 49 - ZONA URBANA,GRAÇA,45400000,-13.3674236,-39.0671757,397,Sem acessibilidade,2026-10-01 22:12:00,615993916842308704802805
UE2015 (Anterior),VALENÇA,31,131,1778074,COLÉGIO DR. DÁRIO GALVÃO DE QUEIROZ,RUA DO CAMPO DE AVIAÇÃO (DEPOIS DO COESVA) - ZONA URBANA,BOLÍVIA,45400000,-13.3776667,-39.066155,352,Sem acessibilidade,2026-10-01 22:22:00,70539482788852697614820
UE2015 (Anterior),VALENÇA,31,132,1765899,COLÉGIO ESTADUAL HERMÍNIO MANOEL DE JESUS (COLÉGIO ESTADUAL DO BONFIM),POVOADO BONFIM - ZONA RURAL,POVOADO BONFIM,45420000,-13.3214985,-39.237473,397,Sem acessibilidade,2026-10-01 22:34:00,252357773006261573175285
UE2015 (Anterior),VALENÇA,31,133,1781324,ESCOLA MUNICIPAL JOSÉ FARIAS CAMPOS,POVOADO ENTRONCAMENTO DE VALENÇA - ZONA RURAL,POVOADO ENTRONCAMENTO DE VALENÇA,45400000,-13.2822952,-39.3214819,349,Sem acessibilidade,2026-10-01 22:46:00,20034653683268391433967
UE2015 (Anterior),VALENÇA,31,135,1834504,ESCOLA MUNICIPAL LÁZARO ROMANO PINTO,POVOADO RIO VERMELHO - ZONA RURAL,POVOADO RIO VERMELHO,45400000,-13.4663299,-39.2202859,325,Sem acessibilidade,2026-10-01 22:56:00,90741941490424107884858
UE2015 (Anterior),VALENÇA,31,137,1844141,COLÉGIO DR. DÁRIO GALVÃO DE QUEIROZ,RUA DO CAMPO DE AVIAÇÃO (DEPOIS DO COESVA) - ZONA URBANA,BOLÍVIA,45400000,-13.3776667,-39.066155,349,Sem acessibilidade,2026-10-01 23:08:00,989630050379119383128803
UE2015 (Anterior),VALENÇA,31,138,1779618,"UNIVERSIDADE DO ESTADO DA BAHIA (UNEB), CAMPUS XV","RUA PARQUE BOULEVARD, S/N - ZONA URBANA",NOVO HORIZONTE,45400000,-13.3478947,-39.0570384,382,Sem acessibilidade,2026-10-01 23:22:00,464478648727357661477842
UE2015 (Anterior),VALENÇA,31,139,1775540,ESCOLA MUNICIPAL DE SERRA GRANDE,RUA PRINCIPAL S/N - ZONA RURAL,DISTRITO SERRA GRANDE,45400000,-13.312615,-39.4493433,356,Sem acessibilidade,2026-10-01 23:32:00,898721184870878011051981
UE2015 (Anterior),VALENÇA,31,140,1821317,COLEGIO SOCIAL,"RUA ARGEMIRO ISIDORO FRANCO, 141 - ZONA URBANA",CENTRO,45400000,-13.373623,-39.0760798,373,Sem acessibilidade,2026-10-01 10:29:00,939125308426911960663131
UE2015 (Anterior),VALENÇA,31,141,1755245,COLEGIO SOCIAL,"RUA ARGEMIRO ISIDORO FRANCO, 141 - ZONA URBANA",CENTRO,45400000,-13.373623,-39.0760798,372,Sem acessibilidade,2026-10-01 10:41:00,908822385123506847302753
UE2015 (Anterior),VALENÇA,31,143,1795830,COLÉGIO DR. DÁRIO GALVÃO DE QUEIROZ,RUA DO CAMPO DE AVIAÇÃO (DEPOIS DO COESVA) - ZONA URBANA,BOLÍVIA,45400000,-13.3776667,-39.066155,352,Sem acessibilidade,2026-10-01 10:53:00,504882204183337343945878
UE2015 (Anterior),VALENÇA,31,144,1767008,ESCOLA MUNICIPAL AUGUSTA MESSIAS GUIMARÃES,RUA A S/N CONJUNTO HABITACIONAL URBIS I - ZONA URBANA,URBIS I,45400000,-13.3605433,-39.0703533,362,Sem acessibilidade,2026-10-01 11:07:00,30135846236806258553382
UE2015 (Anterior),VALENÇA,31,145,1751680,ESCOLA MUNICIPAL MANOEL COSME ALVES,TESOURA - ZONA RURAL,POVOADO PARANÁ-OROBÓ,45400000,-13.4213567,-39.2211533,297,Sem acessibilidade,2026-10-01 11:30:00,666498581899219024343875
UE2015 (Anterior),VALENÇA,31,146,1764586,ESCOLA MUNICIPAL FRANCISCO JACINTO DE ARAÚJO,"POVOADO TERRA PRETA, S/N - ZONA RURAL",POVOADO TERRA PRETA,45400000,-13.27038,-39.3782885,346,Sem acessibilidade,2026-10-01 11:41:00,252357286258962815885820
UE2015 (Anterior),VALENÇA,31,148,1793661,ESCOLA MUNICIPAL MANOEL MARQUES DE MAGALHÃES,"RUA SÃO FRANCISCO, S/N - ZONA RURAL",CAJAÍBA-MARICOABO,45400000,-13.4467417,-39.082835,357,Sem acessibilidade,2026-10-01 11:52:00,504882755183373539287587
UE2015 (Anterior),VALENÇA,31,149,1764491,COLÉGIO ESTADUAL ONILDO RAIMUNDO DE CRISTO (COL. EST. DO PARANÁ-OROBÓ),"LOTEAMENTO SÃO JOSÉ, BAIRRO DA GIA - ZONA RURAL",POVOADO PARANÁ-OROBÓ,45420000,-13.435545,-39.2178633,301,Sem acessibilidade,2026-10-01 12:09:00,716903076704737872710905
UE2015 (Anterior),VALENÇA,31,156,1791021,COLÉGIO PERSPECTIVA,"PRAÇA CONSELHEIRO BALTAZAR, 138, TRIANA - ZONA URBANA",CENTRO,45400000,-13.3748873,-39.0764104,371,Sem acessibilidade,2026-10-01 12:22:00,939125039026646814615913
UE2015 (Anterior),VALENÇA,31,169,1754953,COLÉGIO MUNICIPAL DR ELÍSIO PIMENTEL MARQUES,"RUA BARÃO DO TRIUNFO, N 82 - ZONA URBANA",CENTRO,45420000,-13.3745585,-39.0707125,238,Sem acessibilidade,2026-10-01 12:34:00,615993115594553932091979
UE2015 (Anterior),VALENÇA,31,170,1824797,CENTRO ESTADUAL EDUCAÇÃO PROF E SAÚDE DO L BAIANO-CEEP(ANTIGO COESVA),"RUA FLORESTAL, 01 - ZONA URBANA",BOLÍVIA,45400000,-13.3768483,-39.0673717,309,Sem acessibilidade,2026-10-01 12:47:00,878519452120114275792549
UE2015 (Anterior),VALENÇA,31,171,1766187,COLÉGIO PERSPECTIVA,"PRAÇA CONSELHEIRO BALTAZAR, 138, TRIANA - ZONA URBANA",CENTRO,45400000,-13.3748873,-39.0764104,368,Sem acessibilidade,2026-10-01 13:01:00,868418552219432368548248
UE2015 (Anterior),VALENÇA,31,172,1812848,INSTITUTO FED DE EDUCAÇÃO CIENT E TEC BAIANO-IF-BAIANO (ANTIGA EMARC),"RUA GLICÉRIO TAVARES, S/N - ZONA URBANA",BATE QUENTE,45420000,-13.3736267,-39.0835583,305,Sem acessibilidade,2026-10-01 14:05:00,262458069259220337274398
UE2015 (Anterior),VALENÇA,31,173,1770720,ESCOLA MUNICIPAL LEONEL LÚCIO DE FARIAS,POVOADO BAIXÃO DA VÁRZEA - ZONA RURAL,POVOADO BAIXÃO DA VÁRZEA,45400000,-13.258815,-39.4170117,363,Sem acessibilidade,2026-10-01 14:17:00,888620799421076370296496
UE2015 (Anterior),VALENÇA,31,174,1765599,ESCOLA MUNICIPAL NOVA TRAVESSÃO DO OROBÓ II,FAZENDA CANTA GALO - ZONA RURAL,DISTRITO DE CANTA GALO,45420000,-13.4427786,-39.3103683,382,Sem acessibilidade,2026-10-01 14:33:00,302862321463397154539009
UE2015 (Anterior),VALENÇA,31,175,1809413,ESCOLA MUNICIPAL JOÃO TEODORO DO NASCIMENTO,POVOADO QUEBRA MACHADO - ZONA RURAL,POVOADO QUEBRA MACHADO,45400000,-13.261565,-39.190765,377,Sem acessibilidade,2026-10-01 14:45:00,959327080728271502421086
UE2015 (Anterior),VALENÇA,31,178,1769223,COLÉGIO DR. DÁRIO GALVÃO DE QUEIROZ,RUA DO CAMPO DE AVIAÇÃO (DEPOIS DO COESVA) - ZONA URBANA,BOLÍVIA,45400000,-13.3776667,-39.066155,347,Sem acessibilidade,2026-10-01 14:55:00,989630446631397978959915
UE2015 (Anterior),VALENÇA,31,179,1767204,ESCOLA MUNICIPAL COSME E DAMIÃO,POVOADO ARUEIRAS - ZONA RURAL,POVOADO ARUEIRAS,45400000,-13.4343117,-39.138585,330,Sem acessibilidade,2026-10-01 15:06:00,242256816157385800148800
UE2015 (Anterior),VALENÇA,31,180,1840678,ESCOLA MUNICIPAL ALBINA MARIA MENEZES,POVOADO TRÊS JUERANAS - ZONA RURAL,POVOADO TRÊS JUERANAS,45400000,-13.3687983,-39.25364,399,Sem acessibilidade,2026-10-01 15:17:00,413973064174717252453476
UE2015 (Anterior),VALENÇA,31,181,1772759,ESCOLA MUNICIPAL MARIA JÚLIA DA CONCEIÇÃO HIPÓLITO,POVOADO GEREBA - ZONA RURAL,POVOADO GEREBA,45400000,-13.3103978,-39.1344502,397,Sem acessibilidade,2026-10-01 15:29:00,615993379994141235911438
UE2015 (Anterior),VALENÇA,31,182,1837902,ESCOLA BOM JESUS DA LAPA II,DISTRITO DE GUERÉM - ZONA RURAL,POVOADO GAMELEIRA,45400000,-13.3633617,-39.2680517,399,Sem acessibilidade,2026-10-01 15:40:00,918923783324990491937938
UE2015 (Anterior),VALENÇA,31,183,1844102,COLÉGIO ESTADUAL GENTIL PARAÍSO MARTINS (ANTIGO COMPLEXO),RUA PROF PEDRO SANCHES 49 - ZONA URBANA,GRAÇA,45400000,-13.3674236,-39.0671757,393,Sem acessibilidade,2026-10-01 15:51:00,605892583093847158938616
UE2015 (Anterior),VALENÇA,31,184,1789319,ESCOLA MUNICIPAL MANOEL SANTOS SILVA,POVOADO BAIXÃO DO OROBÓ - ZONA RURAL,POVOADO BAIXÃO DO OROBÓ,45400000,-13.3714118,-39.0717244,336,Sem acessibilidade,2026-10-01 16:02:00,575589669790548259361989
UE2015 (Anterior),VALENÇA,31,185,1773009,ESCOLA MUNICIPAL ALISSON MAGALHÃES FREITAS,POVOADO RIACHÃO DA SERRA - ZONA RURAL,POVOADO RIACHÃO DA SERRA,45400000,-13.3685614,-39.2929362,267,Sem acessibilidade,2026-10-01 16:12:00,191751396252259622307796
UE2015 (Anterior),VALENÇA,31,186,1757238,INSTITUTO FEDERAL DA BAHIA (ANTIGO CEFET),"RUA VEREADOR ROMEU AGRÁRIO MARTINS, S/N - ZONA URBANA",TENTO,45400000,-13.3724442,-39.0611733,347,Sem acessibilidade,2026-10-01 16:23:00,312963622664530747239219
UE2015 (Anterior),VALENÇA,31,187,1759265,"UNIVERSIDADE DO ESTADO DA BAHIA (UNEB), CAMPUS XV","RUA PARQUE BOULEVARD, S/N - ZONA URBANA",NOVO HORIZONTE,45400000,-13.3478947,-39.0570384,380,Sem acessibilidade,2026-10-01 16:33:00,767408189509079122083418
UE2015 (Anterior),VALENÇA,31,188,1757080,ESCOLA MUNICIPAL MANOEL COSME ALVES,TESOURA - ZONA RURAL,POVOADO PARANÁ-OROBÓ,45400000,-13.4213567,-39.2211533,295,Sem acessibilidade,2026-10-01 16:44:00,19933546534486401078165
UE2015 (Anterior),VALENÇA,31,189,1795867,COLÉGIO ESTADUAL BERNARDO BISPO DOS SANTOS,FAZENDA CASA VERDE 2 - ZONA RURAL - JEQUIRIÇA,POVOADO JEQUIRIÇÁ,45400000,-13.2879183,-39.1157467,363,Sem acessibilidade,2026-10-01 16:53:00,767408406309258862652326
UE2015 (Anterior),VALENÇA,31,190,1791315,INSTITUTO FED DE EDUCAÇÃO CIENT E TEC BAIANO-IF-BAIANO (ANTIGA EMARC),"RUA GLICÉRIO TAVARES, S/N - ZONA URBANA",BATE QUENTE,45420000,-13.3736267,-39.0835583,310,Sem acessibilidade,2026-10-01 17:03:00,191751916252346668035837
UE2015 (Anterior),VALENÇA,31,191,1765944,COLÉGIO DR. DÁRIO GALVÃO DE QUEIROZ,RUA DO CAMPO DE AVIAÇÃO (DEPOIS DO COESVA) - ZONA URBANA,BOLÍVIA,45400000,-13.3776667,-39.066155,352,Sem acessibilidade,2026-10-01 17:13:00,232155063556471315781834
UE2015 (Anterior),VALENÇA,31,194,1835314,ESCOLA MUNICIPAL MANOEL MARQUES DE MAGALHÃES,"RUA SÃO FRANCISCO, S/N - ZONA RURAL",CAJAÍBA-MARICOABO,45400000,-13.4467417,-39.082835,349,Sem acessibilidade,2026-10-01 19:10:00,727004888305973255474930
UE2015 (Anterior),VALENÇA,31,198,1780200,ESCOLA ESTADUAL DE PRIMEIRO GRAU ERALDO TINOCO,LOTEAMENTO ERALDO TINOCO S/N - ZONA URBANA,BOLÍVIA,45400000,-13.3780284,-39.0684231,375,Sem acessibilidade,2026-10-01 19:21:00,222054828255631321701479
UE2015 (Anterior),VALENÇA,31,204,1774560,COLÉGIO ESTADUAL GENTIL PARAÍSO MARTINS (ANTIGO COMPLEXO),RUA PROF PEDRO SANCHES 49 - ZONA URBANA,GRAÇA,45400000,-13.3674236,-39.0671757,397,Sem acessibilidade,2026-10-01 19:30:00,817913435314246543407668
UE2015 (Anterior),VALENÇA,31,205,1772344,ESCOLA ESTADUAL DE PRIMEIRO GRAU GETÚLIO VARGAS,PRAÇA GETÚLIO VARGAS S/N - ZONA URBANA,VILA OPERÁRIA,45400000,-13.3727191,-39.0695253,399,Sem acessibilidade,2026-10-01 19:40:00,525084250685044658973627
UE2015 (Anterior),VALENÇA,31,206,1750775,INSTITUTO FED DE EDUCAÇÃO CIENT E TEC BAIANO-IF-BAIANO (ANTIGA EMARC),"RUA GLICÉRIO TAVARES, S/N - ZONA URBANA",BATE QUENTE,45420000,-13.3736267,-39.0835583,304,Sem acessibilidade,2026-10-01 19:50:00,626094464695233263155147
UE2015 (Anterior),VALENÇA,31,207,1831757,ESCOLA COMUNITÁRIA MUNICIPAL DO JAMBEIRO,RUA DO JAMBEIRO S/N - ZONA URBANA,JAMBEIRO,45400000,-13.3663283,-39.0880183,350,Sem acessibilidade,2026-10-01 20:00:00,939125886726174818389008
UE2015 (Anterior),VALENÇA,31,208,1764234,INSTITUTO FEDERAL DA BAHIA (ANTIGO CEFET),"RUA VEREADOR ROMEU AGRÁRIO MARTINS, S/N - ZONA URBANA",TENTO,45400000,-13.3724442,-39.0611733,341,Sem acessibilidade,2026-10-01 20:10:00,484680549181811394339082
UE2015 (Anterior),VALENÇA,31,209,1768139,CENTRO ESTADUAL EDUCAÇÃO PROF E SAÚDE DO L BAIANO-CEEP(ANTIGO COESVA),"RUA FLORESTAL, 01 - ZONA URBANA",BOLÍVIA,45400000,-13.3768483,-39.0673717,318,Sem acessibilidade,2026-10-01 20:21:00,595791767692086025493480
UE2015 (Anterior),VALENÇA,31,210,1775490,INSTITUTO FEDERAL DA BAHIA (ANTIGO CEFET),"RUA VEREADOR ROMEU AGRÁRIO MARTINS, S/N - ZONA URBANA",TENTO,45400000,-13.3724442,-39.0611733,345,Sem acessibilidade,2026-10-01 20:36:00,959327200228886752658224
UE2015 (Anterior),VALENÇA,31,214,1773630,CENTRO ESTADUAL EDUCAÇÃO PROF E SAÚDE DO L BAIANO-CEEP(ANTIGO COESVA),"RUA FLORESTAL, 01 - ZONA URBANA",BOLÍVIA,45400000,-13.3768483,-39.0673717,323,Sem acessibilidade,2026-10-01 20:49:00,757307441208985883386688
UE2015 (Anterior),VALENÇA,31,215,1825099,"UNIVERSIDADE DO ESTADO DA BAHIA (UNEB), CAMPUS XV","RUA PARQUE BOULEVARD, S/N - ZONA URBANA",NOVO HORIZONTE,45400000,-13.3478947,-39.0570384,380,Sem acessibilidade,2026-10-01 21:03:00,565488366889120320965984
UE2015 (Anterior),VALENÇA,31,216,1765917,ESCOLA MUNICIPAL REINALDO MAGALHÃES TAVARES,FAZENDA LAGOA DOURADA - ZONA RURAL,POVOADO LAGOA DOURADA,45400000,-13.3356491,-39.1847462,266,Sem acessibilidade,2026-10-01 21:14:00,323064233865042268522297
UE2015 (Anterior),VALENÇA,31,218,1780803,CENTRO ESTADUAL EDUCAÇÃO PROF E SAÚDE DO L BAIANO-CEEP(ANTIGO COESVA),"RUA FLORESTAL, 01 - ZONA URBANA",BOLÍVIA,45400000,-13.3768483,-39.0673717,316,Sem acessibilidade,2026-10-01 21:26:00,444276577377393349092199
UE2015 (Anterior),VALENÇA,31,222,1768214,CRECHE ESCOLA CASTELO DE AREIA ,PRACA SAO JOSÉ 180 - GUAIBIM ,DISTRITO GUAIBIM,45400000,-13.2880683,-38.9652119,350,Sem acessibilidade,2026-10-01 21:38:00,373569919470558386332132
UE2015 (Anterior),VALENÇA,31,223,1780097,ESCOLA MUNICIPAL AUGUSTA MESSIAS GUIMARÃES,RUA A S/N CONJUNTO HABITACIONAL URBIS I - ZONA URBANA,URBIS I,45400000,-13.3605433,-39.0703533,363,Sem acessibilidade,2026-10-01 21:56:00,40236691237267292466557
UE2015 (Anterior),VALENÇA,31,226,1766995,CENTRO ESTADUAL EDUCAÇÃO PROF E SAÚDE DO L BAIANO-CEEP(ANTIGO COESVA),"RUA FLORESTAL, 01 - ZONA URBANA",BOLÍVIA,45400000,-13.3768483,-39.0673717,328,Sem acessibilidade,2026-10-01 22:06:00,272559251260159692738694
UE2015 (Anterior),VALENÇA,31,227,1778593,"UNIVERSIDADE DO ESTADO DA BAHIA (UNEB), CAMPUS XV","RUA PARQUE BOULEVARD, S/N - ZONA URBANA",NOVO HORIZONTE,45400000,-13.3478947,-39.0570384,378,Sem acessibilidade,2026-10-01 22:17:00,696701783702734480302738
UE2015 (Anterior),VALENÇA,31,228,1765320,INSTITUTO FEDERAL DA BAHIA (ANTIGO CEFET),"RUA VEREADOR ROMEU AGRÁRIO MARTINS, S/N - ZONA URBANA",TENTO,45400000,-13.3724442,-39.0611733,341,Sem acessibilidade,2026-10-01 22:29:00,373569574970645262323792
UE2015 (Anterior),VALENÇA,31,229,1752027,ESCOLA COMUNITÁRIA MUNICIPAL DO JAMBEIRO,RUA DO JAMBEIRO S/N - ZONA URBANA,JAMBEIRO,45400000,-13.3663283,-39.0880183,351,Sem acessibilidade,2026-10-01 22:42:00,787610099411745146211733
UE2015 (Anterior),VALENÇA,31,230,1771778,ESCOLA MUNICIPAL MINISTRO JARBAS PASSARINHO,RUA ALTO DE SÃO ROQUE S/N - ZONA URBANA,ALTO DE SAO ROQUE,45400000,-13.3753603,-39.0648045,276,Sem acessibilidade,2026-10-01 22:54:00,969428353829154864677026
UE2015 (Anterior),VALENÇA,31,233,1825874,CENTRO ESTADUAL EDUCAÇÃO PROF E SAÚDE DO L BAIANO-CEEP(ANTIGO COESVA),"RUA FLORESTAL, 01 - ZONA URBANA",BOLÍVIA,45400000,-13.3768483,-39.0673717,324,Sem acessibilidade,2026-10-01 13:08:00,696701417085751225969079
UE2015 (Anterior),VALENÇA,31,234,1793342,ESCOLA MUNICIPAL LUIZ GÓES TELES,POVOADO CAPELA DE SÃO JOSÉ - ZONA RURAL,POVOADO CAPELA DE SÃO JOSÉ,45400000,-13.4916868,-39.2226623,371,Sem acessibilidade,2026-10-01 13:25:00,696701523685728923598433
UE2015 (Anterior),VALENÇA,31,235,1762851,INSTITUTO FED DE EDUCAÇÃO CIENT E TEC BAIANO-IF-BAIANO (ANTIGA EMARC),"RUA GLICÉRIO TAVARES, S/N - ZONA URBANA",BATE QUENTE,45420000,-13.3736267,-39.0835583,308,Sem acessibilidade,2026-10-01 13:34:00,434175370559480751135079
UE2015 (Anterior),VALENÇA,31,236,1764589,"UNIVERSIDADE DO ESTADO DA BAHIA (UNEB), CAMPUS XV","RUA PARQUE BOULEVARD, S/N - ZONA URBANA",NOVO HORIZONTE,45400000,-13.3478947,-39.0570384,380,Sem acessibilidade,2026-10-01 13:46:00,787610834294065626936030
UE2015 (Anterior),VALENÇA,31,237,1811431,CENTRO ESTADUAL EDUCAÇÃO PROF E SAÚDE DO L BAIANO-CEEP(ANTIGO COESVA),"RUA FLORESTAL, 01 - ZONA URBANA",BOLÍVIA,45400000,-13.3768483,-39.0673717,316,Sem acessibilidade,2026-10-01 13:58:00,737105892889247851445520
UE2015 (Anterior),VALENÇA,31,239,1793354,COLÉGIO ESTADUAL GENTIL PARAÍSO MARTINS (ANTIGO COMPLEXO),RUA PROF PEDRO SANCHES 49 - ZONA URBANA,GRAÇA,45400000,-13.3674236,-39.0671757,399,Sem acessibilidade,2026-10-01 14:10:00,858317238101558786005436
UE2015 (Anterior),VALENÇA,31,240,1762845,ESCOLA MUNICIPAL AUGUSTA MESSIAS GUIMARÃES,RUA A S/N CONJUNTO HABITACIONAL URBIS I - ZONA URBANA,URBIS I,45400000,-13.3605433,-39.0703533,366,Sem acessibilidade,2026-10-01 14:20:00,191751650635983369708272
UE2015 (Anterior),VALENÇA,31,241,1766892,ESCOLA MUNICIPAL ATALIBA PEREIRA LACERDA,POVOADO SARAPUÍ - ZONA RURAL,POVOADO SARAPUÍ,45400000,-13.47128,-39.1236583,253,Sem acessibilidade,2026-10-01 14:30:00,959327524611837039827058
UE2015 (Anterior),VALENÇA,31,242,1750525,ESCOLA MUNICIPAL ASSOCIAÇÃO DOS MORADORES UNIDOS DO TARIMBA,POVOADO TARIMBA-OROBÓ - ZONA RURAL,POVOADO TARIMBA-OROBÓ,45400000,-13.3633767,-39.13734,358,Sem acessibilidade,2026-10-01 14:41:00,757307439091798480110819
UE2015 (Anterior),VALENÇA,31,243,1767588,CENTRO ESTADUAL EDUCAÇÃO PROF E SAÚDE DO L BAIANO-CEEP(ANTIGO COESVA),"RUA FLORESTAL, 01 - ZONA URBANA",BOLÍVIA,45400000,-13.3768483,-39.0673717,312,Sem acessibilidade,2026-10-01 14:51:00,747206535690871297961459
UE2015 (Anterior),VALENÇA,31,244,1777677,ESCOLA MUNICIPAL DE SERRA GRANDE,RUA PRINCIPAL S/N - ZONA RURAL,DISTRITO SERRA GRANDE,45400000,-13.312615,-39.4493433,354,Sem acessibilidade,2026-10-01 15:01:00,40236948420834651884914
UE2015 (Anterior),VALENÇA,31,245,1761537,COLÉGIO ESTADUAL HERMÍNIO MANOEL DE JESUS (COLÉGIO ESTADUAL DO BONFIM),POVOADO BONFIM - ZONA RURAL,POVOADO BONFIM,45420000,-13.3214985,-39.237473,397,Sem acessibilidade,2026-10-01 15:13:00,545286551870565904965662
UE2015 (Anterior),VALENÇA,31,246,1814877,ESCOLA ESTADUAL DE PRIMEIRO GRAU GETÚLIO VARGAS,PRAÇA GETÚLIO VARGAS S/N - ZONA URBANA,VILA OPERÁRIA,45400000,-13.3727191,-39.0695253,396,Sem acessibilidade,2026-10-01 15:30:00,211953332937207379156523
UE2015 (Anterior),VALENÇA,31,248,1781184,ESCOLA MUNICIPAL MANOEL TOMÉ DE SOUSA,PRAÇA MANOEL TOMÉ DE SOUSA - ZONA RURAL,POVOADO ENTRONCAMENTO DE VALENÇA,45420000,-13.2839185,-39.3224443,387,Sem acessibilidade,2026-10-01 15:49:00,110943459727827978562855
UE2015 (Anterior),VALENÇA,31,251,1765436,COLÉGIO ESTADUAL ONILDO RAIMUNDO DE CRISTO (COL. EST. DO PARANÁ-OROBÓ),"LOTEAMENTO SÃO JOSÉ, BAIRRO DA GIA - ZONA RURAL",POVOADO PARANÁ-OROBÓ,45420000,-13.435545,-39.2178633,222,Sem acessibilidade,2026-10-01 16:15:00,989630628214255729544428
UE2015 (Anterior),VALENÇA,31,252,1768870,ESCOLA MUNICIPAL ALOÍSIO EVANGELISTA DA FONSECA,"RUA DO TAMARINEIRO, PRAÇA CENTRAL, S/N, ZONA RURAL",DISTRITO GUAIBIM,45400000,-13.2872078,-38.9654713,350,Sem acessibilidade,2026-10-01 16:26:00,979529722613407504746283
UE2015 (Anterior),VALENÇA,31,253,1811851,ESCOLA MUNICIPAL JACY FRANCO GUIMARÃES ,"RUA BERNARDETE QUEIROZ NERI, S/N - ZONA URBANA",BOLÍVIA,45420000,-13.3758144,-39.0649886,307,Sem acessibilidade,2026-10-01 16:38:00,201852062536864850099854
UE2015 (Anterior),VALENÇA,31,254,1779833,ESCOLA COMUNITÁRIA MUNICIPAL DO JAMBEIRO,RUA DO JAMBEIRO S/N - ZONA URBANA,JAMBEIRO,45400000,-13.3663283,-39.0880183,349,Sem acessibilidade,2026-10-01 16:47:00,464478437862144933843316
UE2015 (Anterior),VALENÇA,31,255,1769798,ESCOLA MUNICIPAL NOSSA SENHORA DE FÁTIMA,"POVOADO DERRADEIRA, KM 16 - ZONA RURAL",POVOADO DERRADEIRA,45420000,-13.3660467,-39.0705208,339,Sem acessibilidade,2026-10-01 16:56:00,151347234031859598064315
UE2015 (Anterior),VALENÇA,31,257,1824850,ESCOLA MUNICIPAL NOSSA SENHORA DE FÁTIMA,"POVOADO DERRADEIRA, KM 16 - ZONA RURAL",POVOADO DERRADEIRA,45420000,-13.3660467,-39.0705208,336,Sem acessibilidade,2026-10-01 17:07:00,828014121698256533203538
UE2015 (Anterior),VALENÇA,31,261,1763059,ESCOLA MUNICIPAL AUGUSTA MESSIAS GUIMARÃES,RUA A S/N CONJUNTO HABITACIONAL URBIS I - ZONA URBANA,URBIS I,45400000,-13.3605433,-39.0703533,366,Sem acessibilidade,2026-10-01 17:17:00,807812516796324664273667
UE2015 (Anterior),VALENÇA,31,262,1829372,ESCOLA MUNICIPAL JACY FRANCO GUIMARÃES ,"RUA BERNARDETE QUEIROZ NERI, S/N - ZONA URBANA",BOLÍVIA,45420000,-13.3758144,-39.0649886,307,Sem acessibilidade,2026-10-01 17:26:00,646296464880185472080245
UE2015 (Anterior),VALENÇA,31,263,1763202,"UNIVERSIDADE DO ESTADO DA BAHIA (UNEB), CAMPUS XV","RUA PARQUE BOULEVARD, S/N - ZONA URBANA",NOVO HORIZONTE,45400000,-13.3478947,-39.0570384,377,Sem acessibilidade,2026-10-01 17:36:00,413973342457044075138633
UE2015 (Anterior),VALENÇA,31,264,1771750,COLÉGIO ESTADUAL GENTIL PARAÍSO MARTINS (ANTIGO COMPLEXO),RUA PROF PEDRO SANCHES 49 - ZONA URBANA,GRAÇA,45400000,-13.3674236,-39.0671757,397,Sem acessibilidade,2026-10-01 17:45:00,868418903402512540147726
UE2015 (Anterior),VALENÇA,31,265,1835545,ESCOLA MUNICIPAL JACY FRANCO GUIMARÃES ,"RUA BERNARDETE QUEIROZ NERI, S/N - ZONA URBANA",BOLÍVIA,45420000,-13.3758144,-39.0649886,304,Sem acessibilidade,2026-10-01 17:55:00,232155389039972698532594
UE2015 (Anterior),VALENÇA,31,274,1759370,COLÉGIO ESTADUAL ONILDO RAIMUNDO DE CRISTO (COL. EST. DO PARANÁ-OROBÓ),"LOTEAMENTO SÃO JOSÉ, BAIRRO DA GIA - ZONA RURAL",POVOADO PARANÁ-OROBÓ,45420000,-13.435545,-39.2178633,294,Sem acessibilidade,2026-10-01 18:05:00,353367462751753883985075
UE2015 (Anterior),VALENÇA,31,275,1767418,ESCOLA MUNICIPAL MANOEL MARQUES DE MAGALHÃES,"RUA SÃO FRANCISCO, S/N - ZONA RURAL",CAJAÍBA-MARICOABO,45400000,-13.4467417,-39.082835,337,Sem acessibilidade,2026-10-01 18:17:00,110943330927743518358917
UE2015 (Anterior),VALENÇA,31,278,1763497,ESCOLA MUNICIPAL MANOEL TOMÉ DE SOUSA,PRAÇA MANOEL TOMÉ DE SOUSA - ZONA RURAL,POVOADO ENTRONCAMENTO DE VALENÇA,45420000,-13.2839185,-39.3224443,386,Sem acessibilidade,2026-10-01 18:27:00,878519422803593540104044
UE2015 (Anterior),VALENÇA,31,282,1772034,"UNIVERSIDADE DO ESTADO DA BAHIA (UNEB), CAMPUS XV","RUA PARQUE BOULEVARD, S/N - ZONA URBANA",NOVO HORIZONTE,45400000,-13.3478947,-39.0570384,380,Sem acessibilidade,2026-10-01 18:40:00,252357214741661936204731
UE2015 (Anterior),VALENÇA,31,283,1755689,ESCOLA MUNICIPAL AUGUSTA MESSIAS GUIMARÃES,RUA A S/N CONJUNTO HABITACIONAL URBIS I - ZONA URBANA,URBIS I,45400000,-13.3605433,-39.0703533,365,Sem acessibilidade,2026-10-01 18:50:00,656397723481150027229418
UE2015 (Anterior),VALENÇA,31,285,1763587,ESCOLA MUNICIPAL PROFESSORA ADACY DA SILVA RABELO,POVOADO SIDE-OROBÓ - ZONA RURAL,POVOADO SIDE-OROBÓ,45400000,-13.3633812,-39.1375606,252,Sem acessibilidade,2026-10-01 19:03:00,595791889675964145559993
UE2015 (Anterior),VALENÇA,31,286,1792206,ESCOLA MUNICIPAL DE SERRA GRANDE,RUA PRINCIPAL S/N - ZONA RURAL,DISTRITO SERRA GRANDE,45400000,-13.312615,-39.4493433,351,Sem acessibilidade,2026-10-01 19:12:00,636195030679028606725120
UE2015 (Anterior),VALENÇA,31,287,1788712,ESCOLA MUNICIPAL ALOÍSIO EVANGELISTA DA FONSECA,"RUA DO TAMARINEIRO, PRAÇA CENTRAL, S/N, ZONA RURAL",DISTRITO GUAIBIM,45400000,-13.2872078,-38.9654713,348,Sem acessibilidade,2026-10-01 19:23:00,737105246989282232738200
UE2015 (Anterior),VALENÇA,31,289,1838286,"UNIVERSIDADE DO ESTADO DA BAHIA (UNEB), CAMPUS XV","RUA PARQUE BOULEVARD, S/N - ZONA URBANA",NOVO HORIZONTE,45400000,-13.3478947,-39.0570384,380,Sem acessibilidade,2026-10-01 19:31:00,504882237666002234811346
UE2015 (Anterior),VALENÇA,31,290,1769191,ESCOLA MUNICIPAL REINALDO MAGALHÃES TAVARES,FAZENDA LAGOA DOURADA - ZONA RURAL,POVOADO LAGOA DOURADA,45400000,-13.3356491,-39.1847462,165,Sem acessibilidade,2026-10-01 19:42:00,514983327167171277063871
UE2015 (Anterior),VALENÇA,31,291,1769771,ESCOLA MUNICIPAL AUGUSTA MESSIAS GUIMARÃES,RUA A S/N CONJUNTO HABITACIONAL URBIS I - ZONA URBANA,URBIS I,45400000,-13.3605433,-39.0703533,365,Sem acessibilidade,2026-10-01 19:59:00,888620802804123759436059
UE2015 (Anterior),VALENÇA,31,292,1779956,ESCOLA COMUNITÁRIA MUNICIPAL DO JAMBEIRO,RUA DO JAMBEIRO S/N - ZONA URBANA,JAMBEIRO,45400000,-13.3663283,-39.0880183,349,Sem acessibilidade,2026-10-01 20:10:00,383670412654715905795537
UE2015 (Anterior),VALENÇA,31,293,1768395,"UNIVERSIDADE DO ESTADO DA BAHIA (UNEB), CAMPUS XV","RUA PARQUE BOULEVARD, S/N - ZONA URBANA",NOVO HORIZONTE,45400000,-13.3478947,-39.0570384,379,Sem acessibilidade,2026-10-01 20:21:00,312963459247804101488568
UE2015 (Anterior),VALENÇA,31,294,1754835,COLEGIO SOCIAL,"RUA ARGEMIRO ISIDORO FRANCO, 141 - ZONA URBANA",CENTRO,45400000,-13.373623,-39.0760798,368,Sem acessibilidade,2026-10-01 20:37:00,767408015992760784982607
UE2015 (Anterior),VALENÇA,31,800,1776795,PRISIONAL - CONJUNTO PENAL DE VALENÇA,"RUA DO PITANGUINHA, 71 - ZONA URBANA",BAIXA ALEGRE,45400000,-1.0,-1.0,0,Com acessibilidade,2026-10-01 20:48:00,636195354579799512697668
UE2015 (Anterior),VALENÇA,31,806,1780159,ESCOLA MUNICIPAL ALOÍSIO EVANGELISTA DA FONSECA,"RUA DO TAMARINEIRO, PRAÇA CENTRAL, S/N, ZONA RURAL",DISTRITO GUAIBIM,45400000,-13.2872078,-38.9654713,344,Sem acessibilidade,2026-10-01 21:03:00,211953591037772297759157
UE2015 (Anterior),VALENÇA,31,807,1809498,COLÉGIO ESTADUAL JOÃO CARDOSO DOS SANTOS,CAMINHO 8 CJ URBIS - SN - ZONA URBANA,SÃO FELIX,45400000,-13.3610967,-39.07088,354,Sem acessibilidade,2026-10-01 21:14:00,282660777344008387132049
UE2015 (Anterior),VALENÇA,31,808,1809741,ESCOLA MUNICIPAL AUGUSTA MESSIAS GUIMARÃES,RUA A S/N CONJUNTO HABITACIONAL URBIS I - ZONA URBANA,URBIS I,45400000,-13.3605433,-39.0703533,363,Sem acessibilidade,2026-10-01 21:27:00,626094221078648912880401
UE2015 (Anterior),VALENÇA,31,809,1784442,ESCOLA MUNICIPAL MANOEL MARQUES DE MAGALHÃES,"RUA SÃO FRANCISCO, S/N - ZONA RURAL",CAJAÍBA-MARICOABO,45400000,-13.4467417,-39.082835,314,Sem acessibilidade,2026-10-01 21:44:00,656397363781645615982894
UE2015 (Anterior),VALENÇA,31,815,1807935,COLÉGIO ESTADUAL BERNARDO BISPO DOS SANTOS,FAZENDA CASA VERDE 2 - ZONA RURAL - JEQUIRIÇA,POVOADO JEQUIRIÇÁ,45400000,-13.2879183,-39.1157467,258,Sem acessibilidade,2026-10-01 21:54:00,504882841966583915711838
UE2015 (Anterior),VERA CRUZ,141,20,1779582,COLÉGIO MUNICIPAL TELMA REGIS DE ANDRADE,"ALTO DE SANTA BÁRBARA, S/N. - ZONA URBANA",RIACHINHO,44470000,-12.9603621,-38.6110955,392,Com acessibilidade,2026-09-23 08:06:00,243172388166968177279899
UE2015 (Anterior),VERA CRUZ,141,21,1769968,COLÉGIO MUNICIPAL TELMA REGIS DE ANDRADE,"ALTO DE SANTA BÁRBARA, S/N. - ZONA URBANA",RIACHINHO,44470000,-12.9603621,-38.6110955,392,Com acessibilidade,2026-09-23 08:16:00,20950270844838768318494
UE2015 (Anterior),VERA CRUZ,141,22,1766656,COLÉGIO MUNICIPAL TELMA REGIS DE ANDRADE,"ALTO DE SANTA BÁRBARA, S/N. - ZONA URBANA",RIACHINHO,44470000,-12.9603621,-38.6110955,394,Com acessibilidade,2026-09-23 08:26:00,273475635669178451400032
UE2015 (Anterior),VERA CRUZ,141,23,1796085,COLÉGIO MUNICIPAL TELMA REGIS DE ANDRADE,"ALTO DE SANTA BÁRBARA, S/N. - ZONA URBANA",RIACHINHO,44470000,-12.9603621,-38.6110955,395,Com acessibilidade,2026-09-23 08:35:00,81556555250003615917577
UE2015 (Anterior),VERA CRUZ,141,24,1809150,COLÉGIO MUNICIPAL TELMA REGIS DE ANDRADE,"ALTO DE SANTA BÁRBARA, S/N. - ZONA URBANA",RIACHINHO,44470000,-12.9603621,-38.6110955,393,Com acessibilidade,2026-09-23 08:45:00,738021318115747306431056
UE2015 (Anterior),VERA CRUZ,141,25,1775306,CRECHE ESCOLA MUNICIPAL EDUCANDÁRIO TIO AURÉLIO,"PRAÇA SÃO BENTO, S/N - ZONA URBANA ",DISTRITO DE MAR GRANDE,44470000,-12.9636487,-38.6087095,347,Com acessibilidade,2026-09-23 08:54:00,647112331906679481133493
UE2015 (Anterior),VERA CRUZ,141,26,1768619,ESCOLA MUNICIPAL GERALDA MARIA DA CONCEIÇÃO,RUA DENDEZEIRO S/N - ZONA RURAL,DISTRITO DE GAMELEIRA,44470000,-12.9354059,-38.6192741,265,Com acessibilidade,2026-09-23 09:03:00,748122540416364693311898
UE2015 (Anterior),VERA CRUZ,141,27,1775526,ESCOLA MUNICIPAL GERALDA MARIA DA CONCEIÇÃO,RUA DENDEZEIRO S/N - ZONA RURAL,DISTRITO DE GAMELEIRA,44470000,-12.9354059,-38.6192741,264,Com acessibilidade,2026-09-23 09:12:00,61354979748706492035416
UE2015 (Anterior),VERA CRUZ,141,28,1821221,ESCOLA MUNICIPAL GERALDA MARIA DA CONCEIÇÃO,RUA DENDEZEIRO S/N - ZONA RURAL,DISTRITO DE GAMELEIRA,44470000,-12.9354059,-38.6192741,263,Com acessibilidade,2026-09-23 09:21:00,980546003940641742563603
UE2015 (Anterior),VERA CRUZ,141,29,1771008,ESCOLA MUNICIPAL GERALDA MARIA DA CONCEIÇÃO,RUA DENDEZEIRO S/N - ZONA RURAL,DISTRITO DE GAMELEIRA,44470000,-12.9354059,-38.6192741,264,Com acessibilidade,2026-09-23 09:30:00,485596616490162535389121
UE2015 (Anterior),VERA CRUZ,141,30,1769012,CENTRO DE EDUCAÇÃO INTEGRAL DA ESCOLA LUÍS EDUARDO MAGALHÃES (OAF),RUA DAS MANGUEIRAS S/N - ZONA URBANA ,GAMBOA,44470000,-12.9759787,-38.6186635,338,Com acessibilidade,2026-09-23 09:39:00,293677506371608981365367
UE2015 (Anterior),VERA CRUZ,141,31,1788624,CENTRO DE EDUCAÇÃO INTEGRAL DA ESCOLA LUÍS EDUARDO MAGALHÃES (OAF),RUA DAS MANGUEIRAS S/N - ZONA URBANA ,GAMBOA,44470000,-12.9759787,-38.6186635,340,Com acessibilidade,2026-09-23 09:49:00,243172564266644902619696
UE2015 (Anterior),VERA CRUZ,141,32,1751523,ESCOLA MUNICIPAL JOÃO JOSÉ DE MACEDO,RUA DA CHAPADA S/N - ZONA RURAL,DISTRITO DE BAIACU,44470000,-12.996524,-38.6956701,324,Com acessibilidade,2026-09-23 09:58:00,818829248723234197791166
UE2015 (Anterior),VERA CRUZ,141,33,1798933,ESCOLA MUNICIPAL JOÃO JOSÉ DE MACEDO,RUA DA CHAPADA S/N - ZONA RURAL,DISTRITO DE BAIACU,44470000,-12.996524,-38.6956701,322,Com acessibilidade,2026-09-23 10:07:00,192667737161170316220565
UE2015 (Anterior),VERA CRUZ,141,34,1796322,CRECHE MUNICIPAL VOVÔ NÍZIO (BAIACU),RUA DA CHAPADA S/N - ZONA RURAL,DISTRITO DE BAIACU,44470000,-12.9949,-38.7003283,363,Com acessibilidade,2026-09-23 10:16:00,51253707747054238583000
UE2015 (Anterior),VERA CRUZ,141,35,1838623,CRECHE MUNICIPAL VOVÔ NÍZIO (BAIACU),RUA DA CHAPADA S/N - ZONA RURAL,DISTRITO DE BAIACU,44470000,-12.9949,-38.7003283,359,Com acessibilidade,2026-09-23 10:25:00,930041695435953525540548
UE2015 (Anterior),VERA CRUZ,141,36,1809877,COLEGIO JUVENAL GALVÃO,RUA BEIRA MAR S/N. - ZONA RURAL,DISTRITO DE MATARANDIBA,44470000,-13.0061143,-38.7687602,289,Com acessibilidade,2026-09-23 10:35:00,273475146969389264371147
UE2015 (Anterior),VERA CRUZ,141,37,1766835,COLEGIO JUVENAL GALVÃO,RUA BEIRA MAR S/N. - ZONA RURAL,DISTRITO DE MATARANDIBA,44470000,-13.0061143,-38.7687602,290,Com acessibilidade,2026-09-23 10:44:00,515899496393643405004388
UE2015 (Anterior),VERA CRUZ,141,38,1839557,COLÉGIO MUNICIPAL DÁULIA ANGÉLICA,"RODOVIA BA 001 KM 09, S/N. - ZONA RURAL",DISTRITO DE BARRA DO GIL,44470000,-12.9945704,-38.6379472,377,Com acessibilidade,2026-09-23 10:53:00,313879406373464943111201
UE2015 (Anterior),VERA CRUZ,141,39,1767582,COLÉGIO MUNICIPAL DÁULIA ANGÉLICA,"RODOVIA BA 001 KM 09, S/N. - ZONA RURAL",DISTRITO DE BARRA DO GIL,44470000,-12.9945704,-38.6379472,376,Com acessibilidade,2026-09-23 11:03:00,697617899711501328687060
UE2015 (Anterior),VERA CRUZ,141,40,1768081,COLÉGIO MUNICIPAL DÁULIA ANGÉLICA,"RODOVIA BA 001 KM 09, S/N. - ZONA RURAL",DISTRITO DE BARRA DO GIL,44470000,-12.9945704,-38.6379472,377,Com acessibilidade,2026-09-23 11:12:00,576405855099402322895641
UE2015 (Anterior),VERA CRUZ,141,41,1767139,COLÉGIO MUNICIPAL DÁULIA ANGÉLICA,"RODOVIA BA 001 KM 09, S/N. - ZONA RURAL",DISTRITO DE BARRA DO GIL,44470000,-12.9945704,-38.6379472,373,Com acessibilidade,2026-09-23 11:21:00,10849400943866473213527
UE2015 (Anterior),VERA CRUZ,141,42,1781613,ESCOLA MUNICIPAL GUILHERME FRANCO GUIMARÃES,RUA DO CAMPO S/N - ZONA RURAL,DISTRITO DE BARRA GRANDE,44470000,-13.0412866,-38.6795547,370,Com acessibilidade,2026-09-23 11:30:00,293677796471162733711103
UE2015 (Anterior),VERA CRUZ,141,43,1781427,ESCOLA MUNICIPAL GUILHERME FRANCO GUIMARÃES,RUA DO CAMPO S/N - ZONA RURAL,DISTRITO DE BARRA GRANDE,44470000,-13.0412866,-38.6795547,367,Com acessibilidade,2026-09-23 12:09:00,667314273408003405754003
UE2015 (Anterior),VERA CRUZ,141,44,1774695,CRECHE DE JIRIBATUBA,"RUA DO FOGO, S/N. - ZONA URBANA",DISTRITO DE JIRIBATUBA,44470000,-13.0637844,-38.796785,355,Com acessibilidade,2026-09-23 12:18:00,243172968166600168353391
UE2015 (Anterior),VERA CRUZ,141,45,1837451,CRECHE DE JIRIBATUBA,"RUA DO FOGO, S/N. - ZONA URBANA",DISTRITO DE JIRIBATUBA,44470000,-13.0637844,-38.796785,355,Com acessibilidade,2026-09-23 12:39:00,990647825241600853900468
UE2015 (Anterior),VERA CRUZ,141,46,1825993,ESCOLA MUNICIPAL NARCISO FRANCISCO DE PINHO,"RUA DAS FLORES, S/N. - ZONA URBANA",DISTRITO DE JIRIBATUBA,44470000,-13.0614347,-38.7965898,393,Com acessibilidade,2026-09-23 12:51:00,233071174465465645088567
UE2015 (Anterior),VERA CRUZ,141,47,1784596,ESCOLA MUNICIPAL NARCISO FRANCISCO DE PINHO,"RUA DAS FLORES, S/N. - ZONA URBANA",DISTRITO DE JIRIBATUBA,44470000,-13.0614347,-38.7965898,395,Com acessibilidade,2026-09-23 13:01:00,909738956032798308473362
UE2015 (Anterior),VERA CRUZ,141,48,1770755,ESCOLA JURACY MAGALHÃES JÚNIOR,"AVENIDA BEIRA MAR, S/N. - ZONA RURAL",DISTRITO DE CACHA PREGOS,44470000,-13.12025,-38.7954433,328,Com acessibilidade,2026-09-23 13:11:00,505798663492489271289846
UE2015 (Anterior),VERA CRUZ,141,49,1751662,ESCOLA JURACY MAGALHÃES JÚNIOR,"AVENIDA BEIRA MAR, S/N. - ZONA RURAL",DISTRITO DE CACHA PREGOS,44470000,-13.12025,-38.7954433,328,Com acessibilidade,2026-09-23 13:21:00,445192719286514092223428
UE2015 (Anterior),VERA CRUZ,141,50,1785139,ESCOLA JURACY MAGALHÃES JÚNIOR,"AVENIDA BEIRA MAR, S/N. - ZONA RURAL",DISTRITO DE CACHA PREGOS,44470000,-13.12025,-38.7954433,324,Com acessibilidade,2026-09-23 13:30:00,697617048111782986555947
UE2015 (Anterior),VERA CRUZ,141,51,1824454,ESCOLA MUNICIPAL JOAQUIM BARRETO DE ARAÚJO,RUA ALTO DO CRUZEIRO S/N - ZONA URBANA,ILHOTA,44470000,-12.9676782,-38.6141027,397,Com acessibilidade,2026-09-23 13:40:00,586506040000769476213420
UE2015 (Anterior),VERA CRUZ,141,52,1843688,ESCOLA MUNICIPAL JOAQUIM BARRETO DE ARAÚJO,RUA ALTO DO CRUZEIRO S/N - ZONA URBANA,ILHOTA,44470000,-12.9676782,-38.6141027,399,Com acessibilidade,2026-09-23 13:49:00,889536452630696336308830
UE2015 (Anterior),VERA CRUZ,141,53,1771539,SEDE SOCIAL DE CATU,"RUA DAS COROAS, S/N. - ZONA RURAL",DISTRITO DE CATU,44470000,-13.104145,-38.7920033,279,Com acessibilidade,2026-09-23 13:58:00,556203234897386627224627
UE2015 (Anterior),VERA CRUZ,141,54,1771653,ESCOLA AURELIANO AZEVEDO MONTEIRO,"AVENIDA BEIRA MAR, S/N. - ZONA URBANA",DISTRITO DE ARATUBA,44470000,-13.0935967,-38.74867,400,Com acessibilidade,2026-09-23 14:08:00,828930615024317598169528
UE2015 (Anterior),VERA CRUZ,141,55,1841238,ESCOLA AURELIANO AZEVEDO MONTEIRO,"AVENIDA BEIRA MAR, S/N. - ZONA URBANA",DISTRITO DE ARATUBA,44470000,-13.0935967,-38.74867,398,Com acessibilidade,2026-09-23 14:17:00,758223651217260503029731
UE2015 (Anterior),VERA CRUZ,141,56,1770423,COLÉGIO MUNICIPAL DE VERA CRUZ (GINÁSIO DE TAIRU),"ESTRADA DE CACHA-PREGOS, N. 472 - ZONA URBANA",DISTRITO DE TAIRU,44470000,-13.0689698,-38.7306171,355,Com acessibilidade,2026-09-23 08:12:00,758223768745289649071057
UE2015 (Anterior),VERA CRUZ,141,57,1773046,ESCOLA PADRE IGNÁCIO ALVES PEREIRA,RUA DO CAMPO S/N - ZONA RURAL,DISTRITO DE CONCEIÇÃO,44470000,-13.0215339,-38.6514283,395,Com acessibilidade,2026-09-23 08:22:00,142162267484766962394368
UE2015 (Anterior),VERA CRUZ,141,58,1781360,ESCOLA PADRE IGNÁCIO ALVES PEREIRA,RUA DO CAMPO S/N - ZONA RURAL,DISTRITO DE CONCEIÇÃO,44470000,-13.0215339,-38.6514283,393,Com acessibilidade,2026-09-23 08:34:00,536001769523388988288467
UE2015 (Anterior),VERA CRUZ,141,65,1811463,COLÉGIO AGINOEL AQUILINO DOS SANTOS,"LADEIRA DO RIACHINHO, S/N - ALTO DO RIACHINHO - ZONA URBANA",RIACHINHO,44470000,-12.9580586,-38.6139976,398,Sem acessibilidade,2026-09-23 08:44:00,334081303903277739958364
UE2015 (Anterior),VERA CRUZ,141,66,1838607,CENTRO DE EDUCAÇÃO INTEGRAL DA ESCOLA LUÍS EDUARDO MAGALHÃES (OAF),RUA DAS MANGUEIRAS S/N - ZONA URBANA ,GAMBOA,44470000,-12.9759787,-38.6186635,339,Com acessibilidade,2026-09-23 08:54:00,919839996661943950488359
UE2015 (Anterior),VERA CRUZ,141,67,1783990,ESCOLA MUNICIPAL NARCISO FRANCISCO DE PINHO,"RUA DAS FLORES, S/N. - ZONA URBANA",DISTRITO DE JIRIBATUBA,44470000,-13.0614347,-38.7965898,395,Com acessibilidade,2026-09-23 09:04:00,253273446095945756344014
UE2015 (Anterior),VERA CRUZ,141,69,1760164,ESCOLA MUNICIPAL DE PONTA GROSSA,RUA DA MANGUEIRA S/N - ZONA RURAL,DISTRITO DE PONTA GROSSA,44470000,-13.0083647,-38.7232003,245,Com acessibilidade,2026-09-23 09:14:00,142162554784927714884166
UE2015 (Anterior),VERA CRUZ,141,70,1767848,COLÉGIO MUNICIPAL DE VERA CRUZ (GINÁSIO DE TAIRU),"ESTRADA DE CACHA-PREGOS, N. 472 - ZONA URBANA",DISTRITO DE TAIRU,44470000,-13.0689698,-38.7306171,369,Com acessibilidade,2026-09-23 09:24:00,818829304051689254497108
UE2015 (Anterior),VERA CRUZ,141,71,1780169,ESCOLA AURELIANO AZEVEDO MONTEIRO,"AVENIDA BEIRA MAR, S/N. - ZONA URBANA",DISTRITO DE ARATUBA,44470000,-13.0935967,-38.74867,398,Com acessibilidade,2026-09-23 09:33:00,869334468656753940021787
UE2015 (Anterior),VERA CRUZ,141,72,1842407,CRECHE ESCOLA MUNICIPAL EDUCANDÁRIO TIO AURÉLIO,"PRAÇA SÃO BENTO, S/N - ZONA URBANA ",DISTRITO DE MAR GRANDE,44470000,-12.9636487,-38.6087095,346,Com acessibilidade,2026-09-23 09:43:00,222970934092207563254887
UE2015 (Anterior),VERA CRUZ,141,73,1776306,ESCOLA MUNICIPAL RAIMUNDO AFONSO BORGES,"RUA DIRETA DA GAMELEIRA, S/N - ZONA RURAL",DISTRITO DE GAMELEIRA,44470000,-12.9336193,-38.6208344,383,Com acessibilidade,2026-09-23 09:53:00,445192260814515395809547
UE2015 (Anterior),VERA CRUZ,141,76,1835627,ESCOLA MUNICIPAL GUILHERME FRANCO GUIMARÃES,RUA DO CAMPO S/N - ZONA RURAL,DISTRITO DE BARRA GRANDE,44470000,-13.0412866,-38.6795547,361,Com acessibilidade,2026-09-23 10:03:00,51253207575752606508976
UE2015 (Anterior),VERA CRUZ,141,80,1770332,ESCOLA MUNICIPAL GUILHERME FRANCO GUIMARÃES,RUA DO CAMPO S/N - ZONA RURAL,DISTRITO DE BARRA GRANDE,44470000,-13.0412866,-38.6795547,374,Com acessibilidade,2026-09-23 10:13:00,111859671881905175978215
UE2015 (Anterior),VERA CRUZ,141,81,1793527,ESCOLA MUNICIPAL JOAQUIM BARRETO DE ARAÚJO,RUA ALTO DO CRUZEIRO S/N - ZONA URBANA,ILHOTA,44470000,-12.9676782,-38.6141027,400,Com acessibilidade,2026-09-23 10:24:00,778425448147720776608431
UE2015 (Anterior),VERA CRUZ,141,84,1844891,ESCOLA MUNICIPAL RAIMUNDO AFONSO BORGES,"RUA DIRETA DA GAMELEIRA, S/N - ZONA RURAL",DISTRITO DE GAMELEIRA,44470000,-12.9336193,-38.6208344,383,Com acessibilidade,2026-09-23 10:34:00,455293455415497648061504
UE2015 (Anterior),VERA CRUZ,141,85,1767283,ESCOLA MUNICIPAL RAIMUNDO AFONSO BORGES,"RUA DIRETA DA GAMELEIRA, S/N - ZONA RURAL",DISTRITO DE GAMELEIRA,44470000,-12.9336193,-38.6208344,380,Com acessibilidade,2026-09-23 10:45:00,697617808539895469734946
UE2015 (Anterior),VERA CRUZ,141,86,1848218,ESCOLA MUNICIPAL JORGE CALMON,"RUA DIRETA DA COROA, S/N. - ZONA URBANA",DISTRITO DE COROA,44470000,-13.0032202,-38.6429363,396,Com acessibilidade,2026-09-23 10:55:00,172465399587463664078854
UE2015 (Anterior),VERA CRUZ,141,87,1820598,ESCOLA MUNICIPAL NARCISO FRANCISCO DE PINHO,"RUA DAS FLORES, S/N. - ZONA URBANA",DISTRITO DE JIRIBATUBA,44470000,-13.0614347,-38.7965898,392,Com acessibilidade,2026-09-23 11:06:00,445192773714462711173422
UE2015 (Anterior),VERA CRUZ,141,88,1788129,ESCOLA MUNICIPAL GEZILDA ALVES DE SOUZA,RUA DIRETA DE CAMPINAS S/N - ZONA RURAL,DISTRITO DE CAMPINAS,44470000,-13.0355833,-38.7197217,229,Com acessibilidade,2026-09-23 11:15:00,303778745800343241302742
UE2015 (Anterior),VERA CRUZ,141,90,1810264,ESCOLA PADRE IGNÁCIO ALVES PEREIRA,RUA DO CAMPO S/N - ZONA RURAL,DISTRITO DE CONCEIÇÃO,44470000,-13.0215339,-38.6514283,397,Com acessibilidade,2026-09-23 11:26:00,61354699876260794560073
UE2015 (Anterior),VERA CRUZ,141,92,1765191,CRECHE ESCOLA MUNICIPAL EDUCANDÁRIO TIO AURÉLIO,"PRAÇA SÃO BENTO, S/N - ZONA URBANA ",DISTRITO DE MAR GRANDE,44470000,-12.9636487,-38.6087095,346,Com acessibilidade,2026-09-23 11:36:00,475495323117765853395853
UE2015 (Anterior),VERA CRUZ,141,94,1771274,COLÉGIO AGINOEL AQUILINO DOS SANTOS,"LADEIRA DO RIACHINHO, S/N - ALTO DO RIACHINHO - ZONA URBANA",RIACHINHO,44470000,-12.9580586,-38.6139976,398,Sem acessibilidade,2026-09-23 11:47:00,505798572120956043869689
UE2015 (Anterior),VERA CRUZ,141,95,1780124,COLÉGIO MUNICIPAL DÁULIA ANGÉLICA,"RODOVIA BA 001 KM 09, S/N. - ZONA RURAL",DISTRITO DE BARRA DO GIL,44470000,-12.9945704,-38.6379472,377,Com acessibilidade,2026-09-23 11:56:00,626910807332096844826846
UE2015 (Anterior),VERA CRUZ,141,96,1795683,ESCOLA MUNICIPAL JORGE CALMON,"RUA DIRETA DA COROA, S/N. - ZONA URBANA",DISTRITO DE COROA,44470000,-13.0032202,-38.6429363,399,Com acessibilidade,2026-09-23 12:06:00,818829104051947037430074
UE2015 (Anterior),VERA CRUZ,141,97,1760561,COLÉGIO MUNICIPAL DE VERA CRUZ (GINÁSIO DE TAIRU),"ESTRADA DE CACHA-PREGOS, N. 472 - ZONA URBANA",DISTRITO DE TAIRU,44470000,-13.0689698,-38.7306171,359,Com acessibilidade,2026-09-23 12:39:00,81556484278691443878747
UE2015 (Anterior),VERA CRUZ,141,98,1764727,CENTRO DE EDUCAÇÃO INTEGRAL DA ESCOLA LUÍS EDUARDO MAGALHÃES (OAF),RUA DAS MANGUEIRAS S/N - ZONA URBANA ,GAMBOA,44470000,-12.9759787,-38.6186635,337,Com acessibilidade,2026-09-23 12:53:00,596607105329967843308311
UE2015 (Anterior),VERA CRUZ,141,100,1814926,ESCOLA JURACY MAGALHÃES JÚNIOR,"AVENIDA BEIRA MAR, S/N. - ZONA RURAL",DISTRITO DE CACHA PREGOS,44470000,-13.12025,-38.7954433,327,Com acessibilidade,2026-09-23 13:03:00,667314751736697916854731
UE2015 (Anterior),VERA CRUZ,141,101,1811329,CRECHE ESCOLA MUNICIPAL EDUCANDÁRIO TIO AURÉLIO,"PRAÇA SÃO BENTO, S/N - ZONA URBANA ",DISTRITO DE MAR GRANDE,44470000,-12.9636487,-38.6087095,342,Com acessibilidade,2026-09-23 13:13:00,818829019051930581359594
UE2015 (Anterior),VERA CRUZ,141,103,1844118,CRECHE MUNICIPAL VOVÔ NÍZIO (BAIACU),RUA DA CHAPADA S/N - ZONA RURAL,DISTRITO DE BAIACU,44470000,-12.9949,-38.7003283,375,Com acessibilidade,2026-09-23 13:25:00,192667615489541621387361
UE2015 (Anterior),VERA CRUZ,141,104,1794550,ESCOLA MUNICIPAL OLGA SEABRA,RUA DO ARAÇÁ S/N - ZONA URBANA,GAMBOA,44470000,-12.9752459,-38.6171919,301,Com acessibilidade,2026-09-23 13:37:00,889536417158464256273216
UE2015 (Anterior),VERA CRUZ,141,105,1751251,ESCOLA MUNICIPAL IVANDITE PIRES MIRANDA COSTA,"RUA NOVA, S/N - ZONA RURAL",DISTRITO DE BARRA GRANDE,44470000,-13.0409768,-38.6777662,303,Com acessibilidade,2026-09-23 13:47:00,202768842090874558182877
UE2015 (Anterior),VERA CRUZ,141,106,1765212,ESCOLA MUNICIPAL GERALDA MARIA DA CONCEIÇÃO,RUA DENDEZEIRO S/N - ZONA RURAL,DISTRITO DE GAMELEIRA,44470000,-12.9354059,-38.6192741,264,Com acessibilidade,2026-09-23 13:59:00,10849761371910664596560
UE2015 (Anterior),VERA CRUZ,141,107,1764902,COLÉGIO AGINOEL AQUILINO DOS SANTOS,"LADEIRA DO RIACHINHO, S/N - ALTO DO RIACHINHO - ZONA URBANA",RIACHINHO,44470000,-12.9580586,-38.6139976,396,Sem acessibilidade,2026-09-23 14:16:00,404788268110849333808007
UE2015 (Anterior),VERA CRUZ,141,108,1825935,ESCOLA MUNICIPAL GERALDA MARIA DA CONCEIÇÃO,RUA DENDEZEIRO S/N - ZONA RURAL,DISTRITO DE GAMELEIRA,44470000,-12.9354059,-38.6192741,261,Com acessibilidade,2026-09-23 14:33:00,142162118784554097261525
UE2015 (Anterior),VERA CRUZ,141,109,1769832,ESCOLA MUNICIPAL NOVA DIVINEIA,"RUA DA RODAGEM, S/N. - ZONA URBANA",DISTRITO DE BERLINQUE,44470000,-13.0981917,-38.7535817,339,Sem acessibilidade,2026-09-23 14:43:00,909738980260403224745056
UE2015 (Anterior),VERA CRUZ,141,114,1759511,COLÉGIO MUNICIPAL TELMA REGIS DE ANDRADE,"ALTO DE SANTA BÁRBARA, S/N. - ZONA URBANA",RIACHINHO,44470000,-12.9603621,-38.6110955,394,Com acessibilidade,2026-09-23 14:54:00,475495079617136864229480
UE2015 (Anterior),VERA CRUZ,141,115,1765633,ESCOLA MUNICIPAL GAUDÊNCIO ACELINO MARQUES,"TRAVESSA RAFAEL MARQUES, S/N. - ZONA URBANA",BARRA DO POTE,44470000,-13.016022,-38.649783,329,Com acessibilidade,2026-09-23 14:27:00,748717185602797695673
UE2015 (Anterior),VERA CRUZ,141,116,1782154,ESCOLA MUNICIPAL JORGE CALMON,"RUA DIRETA DA COROA, S/N. - ZONA URBANA",DISTRITO DE COROA,44470000,-13.0032202,-38.6429363,397,Com acessibilidade,2026-09-23 14:36:00,667314482851284280816679
UE2015 (Anterior),VERA CRUZ,141,117,1760202,ESCOLA MUNICIPAL ALMIRO ANTUNES DE BRITO,"RUA DA IGREJA, S/N. - ZONA RURAL",POVOADO DA JUERANA,44470000,-12.9499933,-38.6406633,267,Com acessibilidade,2026-09-23 14:45:00,445192370029089349084742
UE2015 (Anterior),VERA CRUZ,141,123,1824732,ESCOLA MUNICIPAL JOÃO JOSÉ DE MACEDO,RUA DA CHAPADA S/N - ZONA RURAL,DISTRITO DE BAIACU,44470000,-12.996524,-38.6956701,321,Com acessibilidade,2026-09-23 14:54:00,909738461375563639714366
UE2015 (Anterior),VERA CRUZ,141,124,1765471,COLÉGIO MUNICIPAL DÁULIA ANGÉLICA,"RODOVIA BA 001 KM 09, S/N. - ZONA RURAL",DISTRITO DE BARRA DO GIL,44470000,-12.9945704,-38.6379472,377,Com acessibilidade,2026-09-23 15:04:00,606708274345926623800873
UE2015 (Anterior),VERA CRUZ,141,126,1755734,CRECHE ESCOLA MUNICIPAL EDUCANDÁRIO TIO AURÉLIO,"PRAÇA SÃO BENTO, S/N - ZONA URBANA ",DISTRITO DE MAR GRANDE,44470000,-12.9636487,-38.6087095,344,Com acessibilidade,2026-09-23 15:13:00,212869109706550099598707
UE2015 (Anterior),VERA CRUZ,141,130,1833968,ESCOLA MUNICIPAL PRESIDENTE EMÍLIO GARRASTAZU MÉDICI,RUA DA CHAPADA S/N. - ZONA URBANA,DISTRITO DE JIRIBATUBA,44470000,-13.0631399,-38.7953084,309,Com acessibilidade,2026-09-23 15:22:00,182566484403545024892339
UE2015 (Anterior),VERA CRUZ,141,131,1789643,COLÉGIO MUNICIPAL DE VERA CRUZ (GINÁSIO DE TAIRU),"ESTRADA DE CACHA-PREGOS, N. 472 - ZONA URBANA",DISTRITO DE TAIRU,44470000,-13.0689698,-38.7306171,362,Com acessibilidade,2026-09-23 15:31:00,960344373681342622741642
UE2015 (Anterior),VERA CRUZ,141,132,1781319,ESCOLA PADRE IGNÁCIO ALVES PEREIRA,RUA DO CAMPO S/N - ZONA RURAL,DISTRITO DE CONCEIÇÃO,44470000,-13.0215339,-38.6514283,395,Com acessibilidade,2026-09-23 15:40:00,31051557188438312370382
UE2015 (Anterior),VERA CRUZ,141,134,1843941,ESCOLA MUNICIPAL GAUDÊNCIO ACELINO MARQUES,"TRAVESSA RAFAEL MARQUES, S/N. - ZONA URBANA",BARRA DO POTE,44470000,-13.016022,-38.649783,326,Com acessibilidade,2026-09-23 15:50:00,485596220033971590261172
UE2015 (Anterior),VERA CRUZ,141,135,1764025,ESCOLA MUNICIPAL GUILHERME FRANCO GUIMARÃES,RUA DO CAMPO S/N - ZONA RURAL,DISTRITO DE BARRA GRANDE,44470000,-13.0412866,-38.6795547,362,Com acessibilidade,2026-09-23 15:59:00,818829660866936058203322
UE2015 (Anterior),VERA CRUZ,141,140,1783711,ESCOLA MUNICIPAL DE PONTA GROSSA,RUA DA MANGUEIRA S/N - ZONA RURAL,DISTRITO DE PONTA GROSSA,44470000,-13.0083647,-38.7232003,238,Com acessibilidade,2026-09-23 16:09:00,899637263174678453609151
UE2015 (Anterior),VERA CRUZ,141,141,1766058,CRECHE ESCOLA MUNICIPAL EDUCANDÁRIO TIO AURÉLIO,"PRAÇA SÃO BENTO, S/N - ZONA URBANA ",DISTRITO DE MAR GRANDE,44470000,-12.9636487,-38.6087095,343,Com acessibilidade,2026-09-23 16:18:00,101758581595905578712294
UE2015 (Anterior),VERA CRUZ,141,142,1844295,ESCOLA MUNICIPAL IVANDITE PIRES MIRANDA COSTA,"RUA NOVA, S/N - ZONA RURAL",DISTRITO DE BARRA GRANDE,44470000,-13.0409768,-38.6777662,304,Com acessibilidade,2026-09-23 16:27:00,283576873113106070897581
UE2015 (Anterior),VERA CRUZ,141,143,1810883,ESCOLA MUNICIPAL GAUDÊNCIO ACELINO MARQUES,"TRAVESSA RAFAEL MARQUES, S/N. - ZONA URBANA",BARRA DO POTE,44470000,-13.016022,-38.649783,329,Com acessibilidade,2026-09-23 16:37:00,414889118826324592006586
UE2015 (Anterior),VERA CRUZ,141,144,1774591,ESCOLA MUNICIPAL NOVA DIVINEIA,"RUA DA RODAGEM, S/N. - ZONA URBANA",DISTRITO DE BERLINQUE,44470000,-13.0981917,-38.7535817,338,Sem acessibilidade,2026-09-23 16:46:00,162364973001093014302381
UE2015 (Anterior),VERA CRUZ,141,145,1825283,COLÉGIO MUNICIPAL DÁULIA ANGÉLICA,"RODOVIA BA 001 KM 09, S/N. - ZONA RURAL",DISTRITO DE BARRA DO GIL,44470000,-12.9945704,-38.6379472,378,Com acessibilidade,2026-09-23 16:56:00,293677219014319578502299
UE2015 (Anterior),VERA CRUZ,141,146,1773899,COLÉGIO MUNICIPAL TELMA REGIS DE ANDRADE,"ALTO DE SANTA BÁRBARA, S/N. - ZONA URBANA",RIACHINHO,44470000,-12.9603621,-38.6110955,396,Com acessibilidade,2026-09-23 17:05:00,919839948976525993011320
UE2015 (Anterior),VERA CRUZ,141,147,1790119,CRECHE ESCOLA MUNICIPAL EDUCANDÁRIO TIO AURÉLIO,"PRAÇA SÃO BENTO, S/N - ZONA URBANA ",DISTRITO DE MAR GRANDE,44470000,-12.9636487,-38.6087095,345,Com acessibilidade,2026-09-23 17:14:00,980546125483617983848700
UE2015 (Anterior),VERA CRUZ,141,150,1837158,ESCOLA MUNICIPAL JORGE CALMON,"RUA DIRETA DA COROA, S/N. - ZONA URBANA",DISTRITO DE COROA,44470000,-13.0032202,-38.6429363,396,Com acessibilidade,2026-09-23 17:24:00,839031277868554538315663
UE2015 (Anterior),VERA CRUZ,141,152,1848062,ESCOLA JURACY MAGALHÃES JÚNIOR,"AVENIDA BEIRA MAR, S/N. - ZONA RURAL",DISTRITO DE CACHA PREGOS,44470000,-13.12025,-38.7954433,328,Com acessibilidade,2026-09-23 17:34:00,293677959414104648924376
UE2015 (Anterior),VERA CRUZ,141,158,1767843,ESCOLA MUNICIPAL ALMIRO ANTUNES DE BRITO,"RUA DA IGREJA, S/N. - ZONA RURAL",POVOADO DA JUERANA,44470000,-12.9499933,-38.6406633,264,Com acessibilidade,2026-09-23 17:43:00,596607917344429187721133
UE2015 (Anterior),VERA CRUZ,141,159,1765888,ESCOLA MUNICIPAL PRESIDENTE EMÍLIO GARRASTAZU MÉDICI,RUA DA CHAPADA S/N. - ZONA URBANA,DISTRITO DE JIRIBATUBA,44470000,-13.0631399,-38.7953084,311,Com acessibilidade,2026-09-23 17:52:00,435091862828289799241355
UE2015 (Anterior),VERA CRUZ,141,160,1838220,ESCOLA MUNICIPAL GAUDÊNCIO ACELINO MARQUES,"TRAVESSA RAFAEL MARQUES, S/N. - ZONA URBANA",BARRA DO POTE,44470000,-13.016022,-38.649783,328,Com acessibilidade,2026-09-23 18:02:00,61354571291576151799261
UE2015 (Anterior),VERA CRUZ,141,161,1837360,COLÉGIO MUNICIPAL DE VERA CRUZ (GINÁSIO DE TAIRU),"ESTRADA DE CACHA-PREGOS, N. 472 - ZONA URBANA",DISTRITO DE TAIRU,44470000,-13.0689698,-38.7306171,355,Com acessibilidade,2026-09-23 18:12:00,919839533976516532018068
UE2015 (Anterior),VERA CRUZ,141,162,1780741,COLÉGIO MUNICIPAL TELMA REGIS DE ANDRADE,"ALTO DE SANTA BÁRBARA, S/N. - ZONA URBANA",RIACHINHO,44470000,-12.9603621,-38.6110955,394,Com acessibilidade,2026-09-23 18:21:00,960344694481583575635736
UE2015 (Anterior),VERA CRUZ,141,163,1788953,ESCOLA MUNICIPAL NOVA DIVINEIA,"RUA DA RODAGEM, S/N. - ZONA URBANA",DISTRITO DE BERLINQUE,44470000,-13.0981917,-38.7535817,336,Sem acessibilidade,2026-09-23 18:31:00,152263997800866991802844
UE2015 (Anterior),VERA CRUZ,141,166,1755619,CRECHE ESCOLA MUNICIPAL EDUCANDÁRIO TIO AURÉLIO,"PRAÇA SÃO BENTO, S/N - ZONA URBANA ",DISTRITO DE MAR GRANDE,44470000,-12.9636487,-38.6087095,351,Com acessibilidade,2026-09-23 18:40:00,283576452013012458089489
UE2015 (Anterior),VERA CRUZ,141,168,1805470,SEDE SOCIAL DE CONCEIÇÃO,RUA DIRETA DA CONCEIÇÃO S/N - ZONA RURAL ,DISTRITO DE CONCEIÇÃO,44470000,-13.0216117,-38.6486333,168,Com acessibilidade,2026-09-23 18:49:00,354283745020716388996916
UE2015 (Anterior),VERA CRUZ,141,169,1773033,COMPLEXO CULTURAL ARISTÓTELES GOMES," RUA NOSSA SENHORA DAS CANDEIAS, S/N - ZONA URBANA",ILHOTA,44470000,-12.9665874,-38.6095448,231,Com acessibilidade,2026-09-23 18:59:00,354283855720807720914073
UE2015 (Anterior),VERA CRUZ,141,170,1768509,ESCOLA MUNICIPAL NOVA DIVINEIA,"RUA DA RODAGEM, S/N. - ZONA URBANA",DISTRITO DE BERLINQUE,44470000,-13.0981917,-38.7535817,92,Com acessibilidade,2026-09-23 19:08:00,828930409467862153857499
UE2015 (Anterior),VERA CRUZ,141,172,1837105,COLÉGIO MUNICIPAL DÁULIA ANGÉLICA,"RODOVIA BA 001 KM 09, S/N. - ZONA RURAL",DISTRITO DE BARRA DO GIL,44470000,-12.9945704,-38.6379472,374,Sem acessibilidade,2026-09-23 19:18:00,536001336638667146480908
UE2015 (Anterior),VERA CRUZ,141,173,1760054,COLÉGIO MUNICIPAL DE VERA CRUZ (GINÁSIO DE TAIRU),"ESTRADA DE CACHA-PREGOS, N. 472 - ZONA URBANA",DISTRITO DE TAIRU,44470000,-13.0689698,-38.7306171,349,Sem acessibilidade,2026-09-23 20:00:00,51253962090617682369888
UE2015 (Anterior),VERA CRUZ,141,176,1802497,CRECHE MUNICIPAL VOVÔ NÍZIO (BAIACU),RUA DA CHAPADA S/N - ZONA RURAL,DISTRITO DE BAIACU,44470000,-12.9949,-38.7003283,109,Sem acessibilidade,2026-09-23 19:36:00,778425015062943270386884
UE2015 (Anterior),VERA CRUZ,141,177,1762858,ESCOLA MUNICIPAL GUILHERME FRANCO GUIMARÃES,RUA DO CAMPO S/N - ZONA RURAL,DISTRITO DE BARRA GRANDE,44470000,-13.0412866,-38.6795547,209,Sem acessibilidade,2026-09-23 19:46:00,515899867636774885782384
UE2015 (Anterior),WENCESLAU GUIMARÃES,197,85,1811062,ESCOLA MUNICIPAL ROSELI DOS SANTOS,AVENIDA BEIRA RIO - ZONA URBANA,JOÃO CLÍMACO,45460000,-13.6797789,-39.475085,305,Com acessibilidade,2026-09-28 08:45:00,562005672519025112906955
UE2015 (Anterior),WENCESLAU GUIMARÃES,197,86,1773382,ESCOLA MUNICIPAL ROSELI DOS SANTOS,AVENIDA BEIRA RIO - ZONA URBANA,JOÃO CLÍMACO,45460000,-13.6797789,-39.475085,305,Com acessibilidade,2026-09-28 08:54:00,6449228963483527068586
UE2015 (Anterior),WENCESLAU GUIMARÃES,197,87,1773397,ESCOLA MUNICIPAL ROSELI DOS SANTOS,AVENIDA BEIRA RIO - ZONA URBANA,JOÃO CLÍMACO,45460000,-13.6797789,-39.475085,313,Com acessibilidade,2026-09-28 09:03:00,491398829412563484215005
UE2015 (Anterior),WENCESLAU GUIMARÃES,197,88,1763347,ESCOLA MUNICIPAL ROSELI DOS SANTOS,AVENIDA BEIRA RIO - ZONA URBANA,JOÃO CLÍMACO,45460000,-13.6797789,-39.475085,302,Com acessibilidade,2026-09-28 09:12:00,208469649983297020266679
UE2015 (Anterior),WENCESLAU GUIMARÃES,197,89,1793991,COLÉGIO ESTADUAL NAIR LOPES JENKINS,"RUA BEIRA RIO, S/N - ZONA URBANA",ALIANÇA,45460000,-13.6824752,-39.4756659,322,Com acessibilidade,2026-09-28 09:20:00,319580868694358165081718
UE2015 (Anterior),WENCESLAU GUIMARÃES,197,90,1762411,COLÉGIO ESTADUAL NAIR LOPES JENKINS,"RUA BEIRA RIO, S/N - ZONA URBANA",ALIANÇA,45460000,-13.6824752,-39.4756659,324,Com acessibilidade,2026-09-28 09:29:00,612510245124282697051494
UE2015 (Anterior),WENCESLAU GUIMARÃES,197,91,1786971,COLÉGIO ESTADUAL NAIR LOPES JENKINS,"RUA BEIRA RIO, S/N - ZONA URBANA",ALIANÇA,45460000,-13.6824752,-39.4756659,321,Com acessibilidade,2026-09-28 09:38:00,188267926781875679395955
UE2015 (Anterior),WENCESLAU GUIMARÃES,197,92,1769239,COLÉGIO ESTADUAL NAIR LOPES JENKINS,"RUA BEIRA RIO, S/N - ZONA URBANA",ALIANÇA,45460000,-13.6824752,-39.4756659,324,Com acessibilidade,2026-09-28 09:47:00,652914509828366587826361
UE2015 (Anterior),WENCESLAU GUIMARÃES,197,93,1793387,COLÉGIO ESTADUAL NAIR LOPES JENKINS,"RUA BEIRA RIO, S/N - ZONA URBANA",ALIANÇA,45460000,-13.6824752,-39.4756659,324,Com acessibilidade,2026-09-28 09:55:00,157964117178811954038890
UE2015 (Anterior),WENCESLAU GUIMARÃES,197,94,1837533,COLÉGIO ESTADUAL NAIR LOPES JENKINS,"RUA BEIRA RIO, S/N - ZONA URBANA",ALIANÇA,45460000,-13.6824752,-39.4756659,321,Com acessibilidade,2026-09-28 10:04:00,329681398895542456600786
UE2015 (Anterior),WENCESLAU GUIMARÃES,197,95,1796168,ESCOLA MUNICIPAL PROFESSORA MARTINHA NUNES DE SOUZA,RUA LOURIVAL BATISTA NUNES - ZONA RURAL,DISTRITO DA PALMEIRA,45460000,-13.71613106,-39.55735561,266,Sem acessibilidade,2026-09-28 10:13:00,794328973542035924791338
UE2015 (Anterior),WENCESLAU GUIMARÃES,197,96,1771979,PRÉDIO ESCOLAR LEOPOLDO H. KNOEDT,POVOADO RIO PRETO - LOTEAMENTO CARLOS ASSIS,POVOADO RIO PRETO,45460000,-13.60363177,-39.49721603,295,Com acessibilidade,2026-09-28 10:22:00,471196761210732493462836
UE2015 (Anterior),WENCESLAU GUIMARÃES,197,97,1765194,PRÉDIO ESCOLAR LEOPOLDO H. KNOEDT,POVOADO RIO PRETO - LOTEAMENTO CARLOS ASSIS,POVOADO RIO PRETO,45460000,-13.60363177,-39.49721603,291,Com acessibilidade,2026-09-28 10:30:00,753924158638963647880344
UE2015 (Anterior),WENCESLAU GUIMARÃES,197,98,1795182,PRÉDIO ESCOLAR LEOPOLDO H. KNOEDT,POVOADO RIO PRETO - LOTEAMENTO CARLOS ASSIS,POVOADO RIO PRETO,45460000,-13.60363177,-39.49721603,295,Com acessibilidade,2026-09-28 10:39:00,713520228634554063684754
UE2015 (Anterior),WENCESLAU GUIMARÃES,197,99,1756325,ESCOLA QUILOMBOLA CAMINHO DA BOA ESPERANÇA,DISTRITO DE NOVA ESPERANÇA - ZONA RURAL,DISTRITO DE NOVA ESPERANÇA,45460000,-13.60191011,-39.69990512,309,Com acessibilidade,2026-09-28 10:48:00,97358716472956476213313
UE2015 (Anterior),WENCESLAU GUIMARÃES,197,100,1795981,ESCOLA QUILOMBOLA CAMINHO DA BOA ESPERANÇA,DISTRITO DE NOVA ESPERANÇA - ZONA RURAL,DISTRITO DE NOVA ESPERANÇA,45460000,-13.60191011,-39.69990512,306,Com acessibilidade,2026-09-28 10:56:00,97358187172904262714362
UE2015 (Anterior),WENCESLAU GUIMARÃES,197,102,1810478,ESCOLA QUILOMBOLA CAMINHO DA BOA ESPERANÇA,DISTRITO DE NOVA ESPERANÇA - ZONA RURAL,DISTRITO DE NOVA ESPERANÇA,45460000,-13.60191011,-39.69990512,309,Com acessibilidade,2026-09-28 11:05:00,642813951727049141239819
UE2015 (Anterior),WENCESLAU GUIMARÃES,197,103,1767324,ESCOLA MUNICIPAL ADELINA MARIA DE SOUZA ALMEIDA,RUA NOSSA SENHORA APARECIDA - ZONA RURAL,DISTRITO DO COCÃO,45460000,-13.59849415,-39.60870308,377,Com acessibilidade,2026-09-28 11:13:00,127661547875472431434034
UE2015 (Anterior),WENCESLAU GUIMARÃES,197,104,1808788,ESCOLA MUNICIPAL ADELINA MARIA DE SOUZA ALMEIDA,RUA NOSSA SENHORA APARECIDA - ZONA RURAL,DISTRITO DO COCÃO,45460000,-13.59849415,-39.60870308,377,Com acessibilidade,2026-09-28 11:22:00,77156605370442470882422
UE2015 (Anterior),WENCESLAU GUIMARÃES,197,105,1824535,ESCOLA MUNICIPAL ADELINA MARIA DE SOUZA ALMEIDA,RUA NOSSA SENHORA APARECIDA - ZONA RURAL,DISTRITO DO COCÃO,45460000,-13.59849415,-39.60870308,379,Com acessibilidade,2026-09-28 11:30:00,753924391138078452537164
UE2015 (Anterior),WENCESLAU GUIMARÃES,197,106,1811272,ESCOLA MUNICIPAL PAULO LEANDRO DE MATOS,RUA LOURIVAL BATISTA NUNES - ZONA RURAL,DISTRITO DA PALMEIRA,45460000,-13.71729825,-39.55789593,294,Com acessibilidade,2026-09-28 11:40:00,471196224110883558909536
UE2015 (Anterior),WENCESLAU GUIMARÃES,197,107,1780822,ESCOLA MUNICIPAL PAULO LEANDRO DE MATOS,RUA LOURIVAL BATISTA NUNES - ZONA RURAL,DISTRITO DA PALMEIRA,45460000,-13.71729825,-39.55789593,289,Com acessibilidade,2026-09-28 11:48:00,541803409617516323517470
UE2015 (Anterior),WENCESLAU GUIMARÃES,197,108,1750944,ESCOLA MUNICIPAL MARIA ALICE DOS SANTOS,POVOADO COCÃO - ZONA RURAL,DISTRITO DO COCÃO,45460000,-13.59999803,-39.6081459,347,Com acessibilidade,2026-09-28 11:57:00,663015632229656346913171
UE2015 (Anterior),WENCESLAU GUIMARÃES,197,109,1769764,ESCOLA MUNICIPAL MARIA ALICE DOS SANTOS,POVOADO COCÃO - ZONA RURAL,DISTRITO DO COCÃO,45460000,-13.59999803,-39.6081459,348,Com acessibilidade,2026-09-28 12:05:00,440893520007950337334300
UE2015 (Anterior),WENCESLAU GUIMARÃES,197,110,1816812,ESCOLA MUNICIPAL MARIA ALICE DOS SANTOS,POVOADO COCÃO - ZONA RURAL,DISTRITO DO COCÃO,45460000,-13.59999803,-39.6081459,348,Com acessibilidade,2026-09-28 12:14:00,319580474694843135798498
UE2015 (Anterior),WENCESLAU GUIMARÃES,197,111,1760201,ESCOLA MUNICIPAL MARIA ALICE DOS SANTOS,POVOADO COCÃO - ZONA RURAL,DISTRITO DO COCÃO,45460000,-13.59999803,-39.6081459,347,Com acessibilidade,2026-09-28 12:22:00,602409870723086223232629
UE2015 (Anterior),WENCESLAU GUIMARÃES,197,112,1774769,PRÉDIO ESCOLAR DEMOCRÁTICO ESTADUAL DE 1 GRAU SÃO JORGE,POVOADO VILA TANCREDO NEVES - ZONA RURAL,POVOADO VILA TANCREDO NEVES,45460000,-13.68237636,-39.61529128,265,Sem acessibilidade,2026-09-28 12:31:00,218570598884717963770379
UE2015 (Anterior),WENCESLAU GUIMARÃES,197,113,1765596,PRÉDIO ESCOLAR DEMOCRÁTICO ESTADUAL DE 1 GRAU SÃO JORGE,POVOADO VILA TANCREDO NEVES - ZONA RURAL,POVOADO VILA TANCREDO NEVES,45460000,-13.68237636,-39.61529128,261,Sem acessibilidade,2026-09-28 08:44:00,774126263402160150857073
UE2015 (Anterior),WENCESLAU GUIMARÃES,197,114,1825606,PRÉDIO ESCOLAR MARIA RUFINA DE JESUS,POVOADO DARAMÃO - ZONA RURAL,POVOADO DARAMÃO,45460000,-13.63977385,-39.74313441,282,Sem acessibilidade,2026-09-28 08:53:00,723621320097136961096412
UE2015 (Anterior),WENCESLAU GUIMARÃES,197,116,1774318,ESCOLA MUNICIPAL EMÍLIA PEREIRA DO ROSÁRIO ,"PRAÇA NAIR LOPES JENKINS, S/N- ZONA URBANA",CENTRO,45460000,-13.686195,-39.4782817,372,Com acessibilidade,2026-09-28 09:01:00,420691241767356576185663
UE2015 (Anterior),WENCESLAU GUIMARÃES,197,117,1773919,ESCOLA MUNICIPAL EMÍLIA PEREIRA DO ROSÁRIO ,"PRAÇA NAIR LOPES JENKINS, S/N- ZONA URBANA",CENTRO,45460000,-13.686195,-39.4782817,371,Com acessibilidade,2026-09-28 09:10:00,97358022634043415165197
UE2015 (Anterior),WENCESLAU GUIMARÃES,197,118,1785942,ESCOLA MUNICIPAL EMÍLIA PEREIRA DO ROSÁRIO ,"PRAÇA NAIR LOPES JENKINS, S/N- ZONA URBANA",CENTRO,45460000,-13.686195,-39.4782817,372,Com acessibilidade,2026-09-28 09:19:00,218570253746799357334744
UE2015 (Anterior),WENCESLAU GUIMARÃES,197,119,1793623,ESCOLA MUNICIPAL SANTA LUZ,POVOADO ALTO DO PAULO BISPO - ZONA RURAL,POVOADO ALTO DO PAULO BISPO,45460000,-13.61135344,-39.55062917,243,Com acessibilidade,2026-09-28 09:27:00,966045117121493131829984
UE2015 (Anterior),WENCESLAU GUIMARÃES,197,121,1762092,PRÉDIO ESCOLAR AGNELO MARTINS DE SOUZA,REGIÃO DA PEDRA DO SINO - ZONA RURAL,REGIÃO DA PEDRA DO SINO,45460000,-13.54262271,-39.66076012,282,Com acessibilidade,2026-09-28 09:37:00,764025103501387992902976
UE2015 (Anterior),WENCESLAU GUIMARÃES,197,122,1785837,ESCOLA MUNICIPAL UNIÃO DO IMBIRUSSU,POVOADO IMBIRUSSU - ZONA RURAL,POVOADO IBIRUSSU,45460000,-13.67729223,-39.67909187,191,Sem acessibilidade,2026-09-28 09:45:00,794328242204369731626167
UE2015 (Anterior),WENCESLAU GUIMARÃES,197,123,1779538,COLÉGIO ESTADUAL NAIR LOPES JENKINS,"RUA BEIRA RIO, S/N - ZONA URBANA",ALIANÇA,45460000,-13.6824752,-39.4756659,325,Com acessibilidade,2026-09-28 09:54:00,420691989867014340139024
UE2015 (Anterior),WENCESLAU GUIMARÃES,197,124,1795734,ESCOLA MUNICIPAL ROSELI DOS SANTOS,AVENIDA BEIRA RIO - ZONA URBANA,JOÃO CLÍMACO,45460000,-13.6797789,-39.475085,285,Com acessibilidade,2026-09-28 10:03:00,854934520510002449610236
UE2015 (Anterior),WENCESLAU GUIMARÃES,197,125,1753974,ESCOLA MUNICIPAL ROSELI DOS SANTOS,AVENIDA BEIRA RIO - ZONA URBANA,JOÃO CLÍMACO,45460000,-13.6797789,-39.475085,287,Com acessibilidade,2026-09-28 10:12:00,6449781625176129553490
UE2015 (Anterior),WENCESLAU GUIMARÃES,197,126,1757034,ESCOLA MUNICIPAL ROSELI DOS SANTOS,AVENIDA BEIRA RIO - ZONA URBANA,JOÃO CLÍMACO,45460000,-13.6797789,-39.475085,284,Com acessibilidade,2026-09-28 10:20:00,764025652101882097013287
UE2015 (Anterior),WENCESLAU GUIMARÃES,197,127,1778494,ESCOLA MUNICIPAL ROSELI DOS SANTOS,AVENIDA BEIRA RIO - ZONA URBANA,JOÃO CLÍMACO,45460000,-13.6797789,-39.475085,289,Com acessibilidade,2026-09-28 10:29:00,319580310156068663881631
UE2015 (Anterior),WENCESLAU GUIMARÃES,197,128,1774324,ESCOLA MUNICIPAL ROSELI DOS SANTOS,AVENIDA BEIRA RIO - ZONA URBANA,JOÃO CLÍMACO,45460000,-13.6797789,-39.475085,287,Com acessibilidade,2026-09-28 10:37:00,147863256439845884321898
UE2015 (Anterior),WENCESLAU GUIMARÃES,197,129,1766990,ANEXO ESCOLA MUNICIPAL EMÍLIA PEREIRA DO ROSÁRIO,AV. OSVALDO JOSÉ DE SOUZA - ZONA URBANA,CENTRO,45460000,-13.685905,-39.4786359,307,Sem acessibilidade,2026-09-28 10:47:00,137762355338921177619851
UE2015 (Anterior),WENCESLAU GUIMARÃES,197,130,1796052,ANEXO ESCOLA MUNICIPAL EMÍLIA PEREIRA DO ROSÁRIO,AV. OSVALDO JOSÉ DE SOUZA - ZONA URBANA,CENTRO,45460000,-13.685905,-39.4786359,303,Sem acessibilidade,2026-09-28 10:56:00,925641227617738762080038
UE2015 (Anterior),WENCESLAU GUIMARÃES,197,131,1778476,ANEXO ESCOLA MUNICIPAL EMÍLIA PEREIRA DO ROSÁRIO,AV. OSVALDO JOSÉ DE SOUZA - ZONA URBANA,CENTRO,45460000,-13.685905,-39.4786359,298,Sem acessibilidade,2026-09-28 11:05:00,430792840968833915677567
UE2015 (Anterior),WENCESLAU GUIMARÃES,197,132,1796355,CENTRO INCLUSIVO TERAPÊUTICO EDUCACIONAL - CITE,"AV. OSVALDO JOSÉ DE SOUZA, Nº 74 - ZONA URBANA",CENTRO,45460000,-13.68595,-39.4784917,317,Com acessibilidade,2026-09-28 11:14:00,764025280801182156195697
UE2015 (Anterior),WENCESLAU GUIMARÃES,197,133,1809130,CENTRO INCLUSIVO TERAPÊUTICO EDUCACIONAL - CITE,"AV. OSVALDO JOSÉ DE SOUZA, Nº 74 - ZONA URBANA",CENTRO,45460000,-13.68595,-39.4784917,316,Com acessibilidade,2026-09-28 11:23:00,865035497211305427938024
UE2015 (Anterior),WENCESLAU GUIMARÃES,197,191,1793232,COLÉGIO ESTADUAL NAIR LOPES JENKINS,"RUA BEIRA RIO, S/N - ZONA URBANA",ALIANÇA,45460000,-13.6824752,-39.4756659,322,Com acessibilidade,2026-09-28 11:31:00,602409430985994392229540
UE2015 (Anterior),WENCESLAU GUIMARÃES,197,192,1795957,ESCOLA MUNICIPAL SANTA LUZ,POVOADO ALTO DO PAULO BISPO - ZONA RURAL,POVOADO ALTO DO PAULO BISPO,45460000,-13.61135344,-39.55062917,245,Com acessibilidade,2026-09-28 11:40:00,693318635294103418766310
UE2015 (Anterior),WENCESLAU GUIMARÃES,197,199,1769749,PRÉDIO ESCOLAR MARIA RUFINA DE JESUS,POVOADO DARAMÃO - ZONA RURAL,POVOADO DARAMÃO,45460000,-13.63977385,-39.74313441,281,Sem acessibilidade,2026-09-28 11:49:00,390388101864436284410776
UE2015 (Anterior),WENCESLAU GUIMARÃES,197,200,1767838,ESCOLA MUNICIPAL 19 DE JULHO,RUA JOÃO ROMÃO - ZONA URBANA,JOÃO ROMÃO,45460000,-13.6864986,-39.4855918,265,Sem acessibilidade,2026-09-28 11:58:00,622611801087681081329995
UE2015 (Anterior),WENCESLAU GUIMARÃES,197,202,1839680,ESCOLA MUNICIPAL ROSELI DOS SANTOS,AVENIDA BEIRA RIO - ZONA URBANA,JOÃO CLÍMACO,45460000,-13.6797789,-39.475085,285,Com acessibilidade,2026-09-28 12:07:00,966045360521612575978855
UE2015 (Anterior),WENCESLAU GUIMARÃES,197,208,1807607,CENTRO EDUCACIONAL INFANTIL VOVÓ JUSTINA,RUA NOSSA SENHORA APARECIDA - ZONA RURAL,DISTRITO DO COCÃO,45460000,-13.599145,-39.6091467,332,Sem acessibilidade,2026-09-28 12:15:00,612510679486211563941685
UE2015 (Anterior),WENCESLAU GUIMARÃES,197,213,1795457,ESCOLA MUNICIPAL ROSELI DOS SANTOS,AVENIDA BEIRA RIO - ZONA URBANA,JOÃO CLÍMACO,45460000,-13.6797789,-39.475085,288,Sem acessibilidade,2026-09-28 12:24:00,743823322299364026221015
UE2015 (Anterior),WENCESLAU GUIMARÃES,197,214,1794576,CENTRO INCLUSIVO TERAPÊUTICO EDUCACIONAL - CITE,"AV. OSVALDO JOSÉ DE SOUZA, Nº 74 - ZONA URBANA",CENTRO,45460000,-13.68595,-39.4784917,312,Sem acessibilidade,2026-09-28 12:33:00,572106261682211485582370
UE2015 (Anterior),ÁGUA FRIA,74,1,1770479,ESCOLA MUNICIPAL DOM JACKSON BERENGUER PRADO - ANEXO I,AVENIDA ESTELITA FALCAO - ZONA URBANA,CENTRO,48170000,-11.87098607,-38.76231296,162,Sem acessibilidade,2026-09-22 12:47:00,652958768662120189025229
UE2015 (Anterior),ÁGUA FRIA,74,3,1769174,COLÉGIO MUNICIPAL RUBEM CARNEIRO DA SILVA ," AVENIDA ANTONIO SERGIO CARNEIRO, S/N - ZONA URBANA ",CENTRO,48170000,-11.87819775,-38.76518751,177,Sem acessibilidade,2026-09-22 13:05:00,875180201284958436263380
UE2015 (Anterior),ÁGUA FRIA,74,5,1793531,COLÉGIO MUNICIPAL RUBEM CARNEIRO DA SILVA ," AVENIDA ANTONIO SERGIO CARNEIRO, S/N - ZONA URBANA ",CENTRO,48170000,-11.87819775,-38.76518751,177,Sem acessibilidade,2026-09-22 14:51:00,289221838925647878825583
UE2015 (Anterior),ÁGUA FRIA,74,7,1756920,COLÉGIO MUNICIPAL RUBEM CARNEIRO DA SILVA ," AVENIDA ANTONIO SERGIO CARNEIRO, S/N - ZONA URBANA ",CENTRO,48170000,-11.87819775,-38.76518751,177,Sem acessibilidade,2026-09-22 15:00:00,329625098429276556791383
UE2015 (Anterior),ÁGUA FRIA,74,9,1753838,COLÉGIO ESTADUAL DE ÁGUA FRIA,AVENIDA ANTÔNIO SÉRGIO CARNEIRO - ZONA URBANA,BARRA,48170000,-11.88616049,-38.76827321,362,Com acessibilidade,2026-09-22 13:01:00,471140464839275538417209
UE2015 (Anterior),ÁGUA FRIA,74,10,1789525,CÂMARA MUNICIPAL,AV. SÉRGIO CARNEIRO - ZONA URBANA,CENTRO,48170000,-11.87336503,-38.76372423,397,Com acessibilidade,2026-09-22 15:50:00,592352668856994629250924
UE2015 (Anterior),ÁGUA FRIA,74,11,1792231,COLÉGIO ESTADUAL DE ÁGUA FRIA,AVENIDA ANTÔNIO SÉRGIO CARNEIRO - ZONA URBANA,BARRA,48170000,-11.88616049,-38.76827321,364,Com acessibilidade,2026-09-22 13:10:00,329625506324146872071095
UE2015 (Anterior),ÁGUA FRIA,74,12,1826064,COLÉGIO MUNICIPAL RUBEM CARNEIRO DA SILVA ," AVENIDA ANTONIO SERGIO CARNEIRO, S/N - ZONA URBANA ",CENTRO,48170000,-11.87819775,-38.76518751,177,Sem acessibilidade,2026-09-22 15:09:00,309423597327882612889755
UE2015 (Anterior),ÁGUA FRIA,74,15,1757367,COLÉGIO MUNICIPAL JOÃO LEÃO DE ALMEIDA,RUA DO MATADOURO ,DISTRITO PATAIBA,48170000,-11.69660527,-38.74318213,152,Sem acessibilidade,2026-09-22 09:50:00,804473420677572214531770
UE2015 (Anterior),ÁGUA FRIA,74,17,1767021,COLÉGIO MUNICIPAL JOÃO LEÃO DE ALMEIDA,RUA DO MATADOURO ,DISTRITO PATAIBA,48170000,-11.69660527,-38.74318213,150,Sem acessibilidade,2026-09-22 10:04:00,329625165029003095841719
UE2015 (Anterior),ÁGUA FRIA,74,19,1810801,COLÉGIO MUNICIPAL JOÃO LEÃO DE ALMEIDA,RUA DO MATADOURO ,DISTRITO PATAIBA,48170000,-11.69660527,-38.74318213,150,Sem acessibilidade,2026-09-22 10:14:00,410534478238188593952286
UE2015 (Anterior),ÁGUA FRIA,74,96,1763813,COLÉGIO ESTADUAL DE ÁGUA FRIA,AVENIDA ANTÔNIO SÉRGIO CARNEIRO - ZONA URBANA,BARRA,48170000,-11.88616049,-38.76827321,361,Com acessibilidade,2026-09-22 13:18:00,966089254188346032022164
UE2015 (Anterior),ÁGUA FRIA,74,98,1759852,COLÉGIO MUNICIPAL JOÃO LEÃO DE ALMEIDA,RUA DO MATADOURO ,DISTRITO PATAIBA,48170000,-11.69660527,-38.74318213,150,Sem acessibilidade,2026-09-22 10:25:00,279120785024202452634831
UE2015 (Anterior),ÁGUA FRIA,74,99,1796343,COLÉGIO ESTADUAL DE ÁGUA FRIA,AVENIDA ANTÔNIO SÉRGIO CARNEIRO - ZONA URBANA,BARRA,48170000,-11.88616049,-38.76827321,364,Com acessibilidade,2026-09-22 13:27:00,178110792009573736049854
UE2015 (Anterior),ÁGUA FRIA,74,101,1764146,ESCOLA MUNICIPAL DOM JACKSON BERENGUER PRADO-SEDE,AVENIDA ESTELITA FALCÃO-ZONA URBANA,CENTRO,48170000,-11.87132187,-38.76237589,177,Com acessibilidade,2026-09-22 15:20:00,127605327704259877368172
UE2015 (Anterior),ÁGUA FRIA,74,132,1765140,ESCOLA MUNICIPAL ANEXO BALBINO LEÃO DE ALMEIDA,POVOADO TOPO - ZONA RURAL,POVOADO TOPO,48170000,-11.78262874,-38.77064999,149,Sem acessibilidade,2026-09-22 11:01:00,925685441289505398688619
UE2015 (Anterior),ÁGUA FRIA,74,152,1767464,ESCOLA MUNICIPAL NOSSA SENHORA DA CONCEICAO,POVOADO MARACAIA - ZONA RURAL,POVOADO MARACAIA,48175000,-11.70542132,-38.63640026,256,Sem acessibilidade,2026-09-22 09:54:00,642857308156697227972796
UE2015 (Anterior),ÁGUA FRIA,74,153,1764905,ESCOLA MUNICIPAL JOANIRA MARIA LIMA,POVOADO FAZENDA NOVA - ZONA RURAL,POVOADO FAZENDA NOVA,48170000,-11.72524755,-38.7829922,102,Sem acessibilidade,2026-09-22 12:38:00,945887716291395499071903
UE2015 (Anterior),ÁGUA FRIA,74,154,1836491,ESCOLA MUNICIPAL PERCILIA SENA DE OLIVEIRA,POVOADO DE CATANA NOVO -ZONA RURAL,POVOADO CATANA NOVO,48170000,-11.84734208,-38.82222014,286,Sem acessibilidade,2026-09-22 11:11:00,420635303039096423606542
UE2015 (Anterior),ÁGUA FRIA,74,156,1768620,COLÉGIO MUNICIPAL PROFESSORA MARIA HELENA ARAÚJO BRITO,POVOADO CATANA VELHO - ZONA RURAL,POVOADO CATANA VELHO,48170000,-11.82744605,-38.84555855,310,Sem acessibilidade,2026-09-22 12:12:00,642857742461498446516048
UE2015 (Anterior),ÁGUA FRIA,74,180,1764923,ESCOLA MUNICIPAL REGINALDO CERQUEIRA SANTOS,POVOADO DE ALTO ALEGRE - ZONA RURAL,POVOADO ALTO ALEGRE,48170000,-11.92926154,-38.77853642,204,Sem acessibilidade,2026-09-22 10:43:00,582251233050555912433670
UE2015 (Anterior),ÁGUA FRIA,74,182,1769620,COLÉGIO MUNICIPAL JOÃO LEÃO DE ALMEIDA,RUA DO MATADOURO ,DISTRITO PATAIBA,48170000,-11.69660527,-38.74318213,152,Sem acessibilidade,2026-09-22 10:35:00,157908028412178432437028
UE2015 (Anterior),ÁGUA FRIA,74,193,1775756,ESCOLA MUNICIPAL DOM JACKSON BERENGUER PRADO-SEDE,AVENIDA ESTELITA FALCÃO-ZONA URBANA,CENTRO,48170000,-11.87132187,-38.76237589,176,Com acessibilidade,2026-09-22 15:29:00,511544568943271019857426
UE2015 (Anterior),ÁGUA FRIA,74,194,1764200,ESCOLA MUNICIPAL BALBINO LEÃO DE ALMEIDA,FAZENDA PAU DE FERRO - ZONA RURAL,POVOADO PAU FERRO,48170000,-11.74210089,-38.74434205,188,Sem acessibilidade,2026-09-22 10:33:00,279120430119158587277697
UE2015 (Anterior),ÁGUA FRIA,74,196,1763641,ESCOLA MUNICIPAL MARIA DE LOURDES CARNEIRO SANTOS,AVENIDA ANTONIO SERGIO CARNEIRO - ZONA URBANA,BARRA,48170000,-11.88476171,-38.76762909,163,Sem acessibilidade,2026-09-22 15:38:00,26695404894804255565596
UE2015 (Anterior),ÁGUA FRIA,74,203,1817728,ESCOLA MUNICIPAL MARIA DE LOURDES CARNEIRO SANTOS,AVENIDA ANTONIO SERGIO CARNEIRO - ZONA URBANA,BARRA,48170000,-11.88476171,-38.76762909,163,Sem acessibilidade,2026-09-22 15:47:00,279120780919076968845922
UE2015 (Anterior),ÁGUA FRIA,74,226,1758674,COLÉGIO ESTADUAL DE ÁGUA FRIA,AVENIDA ANTÔNIO SÉRGIO CARNEIRO - ZONA URBANA,BARRA,48170000,-11.88616049,-38.76827321,363,Com acessibilidade,2026-09-22 15:11:00,935786913385041175994290
UE2015 (Anterior),ÁGUA FRIA,74,241,1803313,CRECHE MUNICIPAL MUNDO ENCANTADO,AVENIDA ANTONIO SÉRGIO CARNEIRO,CENTRO,48170000,-11.87614473,-38.76430301,192,Com acessibilidade,2026-09-22 15:56:00,925685494384748130097314
UE2015 (Anterior),ÁGUA FRIA,74,260,1765414,ESCOLA MUNICIPAL DOM JACKSON BERENGUER PRADO - ANEXO I,AVENIDA ESTELITA FALCAO - ZONA URBANA,CENTRO,48170000,-11.87098607,-38.76231296,165,Sem acessibilidade,2026-09-22 12:56:00,804473402477299067405458
UE2015 (Anterior),ÁGUA FRIA,74,271,1758931,ESCOLA MUNICIPAL REGINALDO CERQUEIRA SANTOS,POVOADO DE ALTO ALEGRE - ZONA RURAL,POVOADO ALTO ALEGRE,48170000,-11.92926154,-38.77853642,203,Sem acessibilidade,2026-09-22 10:53:00,905483688082965816959634
UE2015 (Anterior),ÁGUA FRIA,74,273,1754592,CRECHE MUNICIPAL MUNDO ENCANTADO,AVENIDA ANTONIO SÉRGIO CARNEIRO,CENTRO,48170000,-11.87614473,-38.76430301,189,Sem acessibilidade,2026-09-22 16:05:00,683261686960097187794818
UE2015 (Anterior),ÁGUA FRIA,74,276,1766343,ESCOLA MUNICIPAL EVANILDO MASCARENHAS,POVOADO DE CURRAL DE FORA - ZONA RURAL,POVOADO CURRAL DE FORA,48170000,-11.70387659,-38.69270909,278,Sem acessibilidade,2026-09-22 11:13:00,137706468305947430834065
UE2015 (Anterior),ÁGUA FRIA,74,277,1782740,ESCOLA MUNICIPAL PERCILIA SENA DE OLIVEIRA,POVOADO DE CATANA NOVO -ZONA RURAL,POVOADO CATANA NOVO,48170000,-11.84734208,-38.82222014,284,Sem acessibilidade,2026-09-22 11:21:00,521645960949288283048326
UE2015 (Anterior),ÁGUA FRIA,74,278,1770817,ESCOLA MUNICIPAL NOSSA SENHORA DA CONCEICAO,POVOADO MARACAIA - ZONA RURAL,POVOADO MARACAIA,48175000,-11.70542132,-38.63640026,257,Sem acessibilidade,2026-09-22 10:12:00,349827899926976782829061
UE2015 (Anterior),ÁGUA FRIA,74,280,1764906,COLÉGIO MUNICIPAL PROFESSORA MARIA HELENA ARAÚJO BRITO,POVOADO CATANA VELHO - ZONA RURAL,POVOADO CATANA VELHO,48170000,-11.82744605,-38.84555855,312,Sem acessibilidade,2026-09-22 12:21:00,652958394262528639304228
UE2015 (Anterior),ÁGUA FRIA,74,284,1768448,ESCOLA MUNICIPAL REGINALDO CERQUEIRA SANTOS,POVOADO DE ALTO ALEGRE - ZONA RURAL,POVOADO ALTO ALEGRE,48170000,-11.92926154,-38.77853642,199,Sem acessibilidade,2026-09-22 11:02:00,178110355709821442753652
UE2015 (Anterior),ÁGUA FRIA,74,287,1770271,ESCOLA MUNICIPAL DOM JACKSON BERENGUER - ANEXO II,AVENIDA STELITA FALCÃO S/N - ZONA URBANA,CENTRO,48170000,-11.8692727,-38.76070613,271,Com acessibilidade,2026-09-22 16:08:00,784271291375407272853199
UE2015 (Anterior),ÁGUA FRIA,74,295,1793263,COLÉGIO MUNICIPAL RUBEM CARNEIRO DA SILVA ," AVENIDA ANTONIO SERGIO CARNEIRO, S/N - ZONA URBANA ",CENTRO,48170000,-11.87819775,-38.76518751,175,Sem acessibilidade,2026-09-22 15:41:00,67099429703442422049472
UE2015 (Anterior),ÁGUA FRIA,74,296,1764954,CÂMARA MUNICIPAL,AV. SÉRGIO CARNEIRO - ZONA URBANA,CENTRO,48170000,-11.87336503,-38.76372423,394,Com acessibilidade,2026-09-22 15:58:00,117504582508076099266439
UE2015 (Anterior),ÁGUA FRIA,74,303,1770323,ESCOLA MUNICIPAL EVANILDO MASCARENHAS,POVOADO DE CURRAL DE FORA - ZONA RURAL,POVOADO CURRAL DE FORA,48170000,-11.70387659,-38.69270909,277,Sem acessibilidade,2026-09-22 12:30:00,360029964128256488696856
UE2015 (Anterior),ÁGUA FRIA,74,305,1752118,CRECHE MUNICIPAL MUNDO ENCANTADO,AVENIDA ANTONIO SÉRGIO CARNEIRO,CENTRO,48170000,-11.87614473,-38.76430301,191,Com acessibilidade,2026-09-22 16:14:00,370130195829808433782205
UE2015 (Anterior),ÁGUA FRIA,74,306,1766133,ESCOLA MUNICIPAL NOSSA SENHORA DA CONCEICAO,POVOADO MARACAIA - ZONA RURAL,POVOADO MARACAIA,48175000,-11.70542132,-38.63640026,256,Sem acessibilidade,2026-09-22 10:23:00,289221217320071386607983
UE2015 (Anterior),ÁGUA FRIA,74,318,1780173,ESCOLA MUNICIPAL FABIO HENRIQUE DE CERQUEIRA,ASSENTAMENTO MENINO JESUS - ZONA RURAL,POVOADO ASSENTAMENTO MENINO JESUS,48170000,-11.75392849,-38.65882081,251,Sem acessibilidade,2026-09-22 12:40:00,16594235893998194721944
UE2015 (Anterior),ÁGUA FRIA,74,320,1782991,COLÉGIO MUNICIPAL PROFESSORA MARIA HELENA ARAÚJO BRITO,POVOADO CATANA VELHO - ZONA RURAL,POVOADO CATANA VELHO,48170000,-11.82744605,-38.84555855,310,Sem acessibilidade,2026-09-22 12:29:00,269019676123691173371986
UE2015 (Anterior),ÁGUA FRIA,74,329,1838264,ESCOLA MUNICIPAL AMÔNIO LOPES CERQUEIRA,POVOADO MALHADA DO MURO - ZONA RURAL,MALHADA DO MURO,48170000,-11.87566295,-38.78295856,117,Sem acessibilidade,2026-09-22 12:50:00,582251984450657754352349
