MODELO_URNA,NM_MUNICIPIO,ZONA,SECAO,NUMERO_URNA,LOCAL_VOTACAO,ENDERECO,BAIRRO,CEP,LATITUDE,LONGITUDE,TOTAL_ELEITORES,ACESSIBILIDADE,DATA_CARGA,CODIGO_CARGA
UE2015 (Anterior),ABARÉ,158,106,1810240,GRUPO ESCOLAR EDESIO TOLENTINO,AV EDESIO TOLENTINO - ZONA URBANA,CENTRO,48680000,-8.7219687,-39.113923,268,Com acessibilidade,2026-09-23 10:14:00,524584278645380242264558
UE2015 (Anterior),ABARÉ,158,107,1758633,GRUPO ESCOLAR EDESIO TOLENTINO,AV EDESIO TOLENTINO - ZONA URBANA,CENTRO,48680000,-8.7219687,-39.113923,268,Com acessibilidade,2026-09-23 10:23:00,403372262733288421353660
UE2015 (Anterior),ABARÉ,158,108,1768278,GRUPO ESCOLAR EDESIO TOLENTINO,AV EDESIO TOLENTINO - ZONA URBANA,CENTRO,48680000,-8.7219687,-39.113923,271,Com acessibilidade,2026-09-23 10:32:00,534685501246435092350166
UE2015 (Anterior),ABARÉ,158,109,1767824,GRUPO ESCOLAR EDESIO TOLENTINO,AV EDESIO TOLENTINO - ZONA URBANA,CENTRO,48680000,-8.7219687,-39.113923,271,Com acessibilidade,2026-09-23 10:40:00,160948241709013323536725
UE2015 (Anterior),ABARÉ,158,110,1775365,GRUPO ESCOLAR EDESIO TOLENTINO,AV EDESIO TOLENTINO - ZONA URBANA,CENTRO,48680000,-8.7219687,-39.113923,271,Sem acessibilidade,2026-09-23 10:50:00,443776605637384339611299
UE2015 (Anterior),ABARÉ,158,111,1791908,GRUPO ESCOLAR EDESIO TOLENTINO,AV EDESIO TOLENTINO - ZONA URBANA,CENTRO,48680000,-8.7219687,-39.113923,268,Com acessibilidade,2026-09-23 10:59:00,292261563022861554370207
UE2015 (Anterior),ABARÉ,158,112,1768734,ESCOLA MUNICIPAL PROF. WALTER AUGUSTO JONES,"RUA CONEGO PASCOAL, CENTRO, ABARÉ-BA",CENTRO,48680000,-8.7222252,-39.1148923,384,Com acessibilidade,2026-09-23 11:08:00,948726320887108183609345
UE2015 (Anterior),ABARÉ,158,113,1780007,ESCOLA MUNICIPAL PROF. WALTER AUGUSTO JONES,"RUA CONEGO PASCOAL, CENTRO, ABARÉ-BA",CENTRO,48680000,-8.7222252,-39.1148923,384,Com acessibilidade,2026-09-23 11:18:00,827514319175078795199066
UE2015 (Anterior),ABARÉ,158,114,1765851,ESCOLA MUNICIPAL PROF. WALTER AUGUSTO JONES,"RUA CONEGO PASCOAL, CENTRO, ABARÉ-BA",CENTRO,48680000,-8.7222252,-39.1148923,385,Com acessibilidade,2026-09-23 11:27:00,362968962529634722712587
UE2015 (Anterior),ABARÉ,158,115,1763868,ESCOLA MUNICIPAL PROF. WALTER AUGUSTO JONES,"RUA CONEGO PASCOAL, CENTRO, ABARÉ-BA",CENTRO,48680000,-8.7222252,-39.1148923,384,Com acessibilidade,2026-09-23 11:36:00,665998371159959933241636
UE2015 (Anterior),ABARÉ,158,116,1793731,ESCOLA MUNICIPAL PROF. WALTER AUGUSTO JONES,"RUA CONEGO PASCOAL, CENTRO, ABARÉ-BA",CENTRO,48680000,-8.7222252,-39.1148923,385,Com acessibilidade,2026-09-23 11:45:00,241756069917558744122085
UE2015 (Anterior),ABARÉ,158,117,1772385,ESCOLA MUNICIPAL PROF. WALTER AUGUSTO JONES,"RUA CONEGO PASCOAL, CENTRO, ABARÉ-BA",CENTRO,48680000,-8.7222252,-39.1148923,384,Sem acessibilidade,2026-09-23 11:54:00,958827880288288614933277
UE2015 (Anterior),ABARÉ,158,118,1838075,ESCOLA MUNICIPAL PROF. WALTER AUGUSTO JONES,"RUA CONEGO PASCOAL, CENTRO, ABARÉ-BA",CENTRO,48680000,-8.7222252,-39.1148923,384,Com acessibilidade,2026-09-23 12:03:00,231655271516155403035968
UE2015 (Anterior),ABARÉ,158,119,1762685,COLEGIO ESTADUAL PROFA. JOSEFINA GOMES ARAUJO,DISTRITO IBO - ZONA RURAL ,DISTRITO IBO,48680000,-8.6294733,-39.2477667,371,Com acessibilidade,2026-09-23 13:10:00,524584676945433264596326
UE2015 (Anterior),ABARÉ,158,120,1769686,COLEGIO ESTADUAL PROFA. JOSEFINA GOMES ARAUJO,DISTRITO IBO - ZONA RURAL ,DISTRITO IBO,48680000,-8.6294733,-39.2477667,371,Com acessibilidade,2026-09-23 13:20:00,766908996569766870715443
UE2015 (Anterior),ABARÉ,158,121,1761613,COLEGIO ESTADUAL PROFA. JOSEFINA GOMES ARAUJO,DISTRITO IBO - ZONA RURAL ,DISTRITO IBO,48680000,-8.6294733,-39.2477667,371,Com acessibilidade,2026-09-23 13:29:00,635695977656269292082380
UE2015 (Anterior),ABARÉ,158,122,1774021,COLEGIO ESTADUAL PROFA. JOSEFINA GOMES ARAUJO,DISTRITO IBO - ZONA RURAL ,DISTRITO IBO,48680000,-8.6294733,-39.2477667,372,Com acessibilidade,2026-09-23 13:38:00,383170834031038136670167
UE2015 (Anterior),ABARÉ,158,123,1759728,GRUPO ESCOLAR ISABEL DA SILVA REZENDE,"DISTTRITO DE IBÓ, ZONA RURAL, ABARÉ-BA",DISTRITO IBO,48680000,-8.6317267,-39.2471683,331,Com acessibilidade,2026-09-23 13:47:00,605392169753274440609499
UE2015 (Anterior),ABARÉ,158,124,1809918,GRUPO ESCOLAR ISABEL DA SILVA REZENDE,"DISTTRITO DE IBÓ, ZONA RURAL, ABARÉ-BA",DISTRITO IBO,48680000,-8.6317267,-39.2471683,332,Com acessibilidade,2026-09-23 14:01:00,686100356061682328127694
UE2015 (Anterior),ABARÉ,158,125,1794232,GRUPO ESCOLAR ISABEL DA SILVA REZENDE,"DISTTRITO DE IBÓ, ZONA RURAL, ABARÉ-BA",DISTRITO IBO,48680000,-8.6317267,-39.2471683,331,Com acessibilidade,2026-09-23 14:18:00,231655018116818410897554
UE2015 (Anterior),ABARÉ,158,126,1779809,GRUPO ESCOLAR JOAO BERNARDES,DISTRITO  IBO - ZONA RURAL,DISTRITO IBO,48680000,-8.633586,-39.2499703,356,Com acessibilidade,2026-09-23 14:27:00,362968258929962284436543
UE2015 (Anterior),ABARÉ,158,127,1825180,GRUPO ESCOLAR JOAO BERNARDES,DISTRITO  IBO - ZONA RURAL,DISTRITO IBO,48680000,-8.633586,-39.2499703,354,Com acessibilidade,2026-09-23 14:36:00,989130982591604917522594
UE2015 (Anterior),ABARÉ,158,128,1833804,GRUPO ESCOLAR JOAO BERNARDES,DISTRITO  IBO - ZONA RURAL,DISTRITO IBO,48680000,-8.633586,-39.2499703,357,Com acessibilidade,2026-09-23 14:44:00,463978576339038023594526
UE2015 (Anterior),ABARÉ,158,129,1753044,ESCOLA MUNICIPAL SANTO ANTONIO DO PAMBÚ,"POVOADO PAMBÚ, ZONA RURAL, ABARÉ-BA",POVOADO PAMBU,48680000,-8.5504927,-39.3566081,368,Com acessibilidade,2026-09-23 10:15:00,544786767479478536892724
UE2015 (Anterior),ABARÉ,158,130,1793340,GRUPO ESCOLAR JOSINO SOARES,"DISTRITO DE ICOZEIRA, ZONA RURAL, ABARÉ-BA",POVOADO ICOZEIRA,48680000,-8.9407624,-39.3270673,214,Com acessibilidade,2026-09-23 10:24:00,928524224117872304422309
UE2015 (Anterior),ABARÉ,158,131,1824538,GRUPO ESCOLAR JOSINO SOARES,"DISTRITO DE ICOZEIRA, ZONA RURAL, ABARÉ-BA",POVOADO ICOZEIRA,48680000,-8.9407624,-39.3270673,213,Com acessibilidade,2026-09-23 10:33:00,595291002284569376279515
UE2015 (Anterior),ABARÉ,158,132,1825587,GRUPO ESCOLAR JOSINO SOARES,"DISTRITO DE ICOZEIRA, ZONA RURAL, ABARÉ-BA",POVOADO ICOZEIRA,48680000,-8.9407624,-39.3270673,212,Com acessibilidade,2026-09-23 10:42:00,70039592532065862824829
UE2015 (Anterior),ABARÉ,158,133,1815662,GRUPO ESCOLAR JOSINO SOARES,"DISTRITO DE ICOZEIRA, ZONA RURAL, ABARÉ-BA",POVOADO ICOZEIRA,48680000,-8.9407624,-39.3270673,212,Com acessibilidade,2026-09-23 10:51:00,958827584220963948566777
UE2015 (Anterior),ABARÉ,158,134,1790007,GRUPO ESCOLAR JOSINO SOARES,"DISTRITO DE ICOZEIRA, ZONA RURAL, ABARÉ-BA",POVOADO ICOZEIRA,48680000,-8.9407624,-39.3270673,213,Com acessibilidade,2026-09-23 11:00:00,9332742025607077277255
UE2015 (Anterior),ABARÉ,158,135,1778463,ESCOLA MUNICIPAL JOSÉ DE ANCHIETA AGROVILA 18,"DISTRITO DE PEDRA BRANCA, AGROVILA 18, ZONA RURAL, ABARÉ-BA",POVOADO PROJETO PEDRA BRANCA AGROVILA 18,48680000,-8.7015159,-39.4017552,300,Com acessibilidade,2026-09-23 11:08:00,171049024542338297684699
UE2015 (Anterior),ABARÉ,158,136,1810682,ESCOLA MUNICIPAL JOSÉ DE ANCHIETA AGROVILA 18,"DISTRITO DE PEDRA BRANCA, AGROVILA 18, ZONA RURAL, ABARÉ-BA",POVOADO PROJETO PEDRA BRANCA AGROVILA 18,48680000,-8.7015159,-39.4017552,298,Com acessibilidade,2026-09-23 11:17:00,403372366465587260936059
UE2015 (Anterior),ABARÉ,158,137,1767497,ESCOLA MUNICIPAL JOSÉ DE ANCHIETA AGROVILA 18,"DISTRITO DE PEDRA BRANCA, AGROVILA 18, ZONA RURAL, ABARÉ-BA",POVOADO PROJETO PEDRA BRANCA AGROVILA 18,48680000,-8.7015159,-39.4017552,297,Com acessibilidade,2026-09-23 11:26:00,120544198937329825479919
UE2015 (Anterior),ABARÉ,158,143,1755979,ESCOLA MUNICIPAL JOSÉ DE ANCHIETA AGROVILA 18,"DISTRITO DE PEDRA BRANCA, AGROVILA 18, ZONA RURAL, ABARÉ-BA",POVOADO PROJETO PEDRA BRANCA AGROVILA 18,48680000,-8.7015159,-39.4017552,299,Sem acessibilidade,2026-09-23 11:35:00,676099374692897964619701
UE2015 (Anterior),ABARÉ,158,144,1840420,GRUPO ESCOLAR SÃO FRANCISCO DE ASSIS,"AVENIDA EDÉSIO TOLENTINO, CENTRO, ABARÉ-BA",CENTRO,48680000,-8.725315,-39.1150167,335,Com acessibilidade,2026-09-23 11:44:00,312463129056559189126812
UE2015 (Anterior),ABARÉ,158,145,1769253,ESCOLA MUNICIPAL AGROVILANO DEMOCRÁTICO AGROVILA 16,"DISTRITO DE PEDRA BRANCA, AGROVILA 16, ZONA RURAL, ABARÉ-BA",POVOADO PROJETO PEDRA BRANCA AGROVILA 16,48680000,-8.6903902,-39.3991046,390,Com acessibilidade,2026-09-23 11:54:00,181150101943516255860973
UE2015 (Anterior),ABARÉ,158,146,1810533,GRUPO ESCOLAR SÃO FRANCISCO DE ASSIS,"AVENIDA EDÉSIO TOLENTINO, CENTRO, ABARÉ-BA",CENTRO,48680000,-8.725315,-39.1150167,331,Com acessibilidade,2026-09-23 13:10:00,766908794701673689385668
UE2015 (Anterior),ABARÉ,158,150,1760667,ESCOLA MUNICIPAL SANTO ANTONIO DO PAMBÚ,"POVOADO PAMBÚ, ZONA RURAL, ABARÉ-BA",POVOADO PAMBU,48680000,-8.5504927,-39.3566081,370,Com acessibilidade,2026-09-23 13:20:00,918423358616915804341607
UE2015 (Anterior),ABARÉ,158,151,1757112,GRUPO ESCOLAR SÃO FRANCISCO DE ASSIS,"AVENIDA EDÉSIO TOLENTINO, CENTRO, ABARÉ-BA",CENTRO,48680000,-8.725315,-39.1150167,328,Com acessibilidade,2026-09-23 13:30:00,817413369306908467428004
UE2015 (Anterior),ABARÉ,158,153,1789660,GRUPO ESCOLAR JOAO BERNARDES,DISTRITO  IBO - ZONA RURAL,DISTRITO IBO,48680000,-8.633586,-39.2499703,357,Com acessibilidade,2026-09-23 13:39:00,181150955343905522976821
UE2015 (Anterior),ABARÉ,158,155,1768774,ESCOLA MUNICIPAL AGROVILANO DEMOCRÁTICO AGROVILA 16,"DISTRITO DE PEDRA BRANCA, AGROVILA 16, ZONA RURAL, ABARÉ-BA",POVOADO PROJETO PEDRA BRANCA AGROVILA 16,48680000,-8.6903902,-39.3991046,388,Sem acessibilidade,2026-09-23 13:58:00,817413803906643774570758
UE2015 (Anterior),ABARÉ,158,162,1766958,GRUPO ESCOLAR SÃO FRANCISCO DE ASSIS,"AVENIDA EDÉSIO TOLENTINO, CENTRO, ABARÉ-BA",CENTRO,48680000,-8.725315,-39.1150167,328,Sem acessibilidade,2026-09-23 14:07:00,585190312683003508666970
UE2015 (Anterior),ABARÉ,158,163,1794059,COLEGIO ESTADUAL PROFA. JOSEFINA GOMES ARAUJO,DISTRITO IBO - ZONA RURAL ,DISTRITO IBO,48680000,-8.6294733,-39.2477667,369,Com acessibilidade,2026-09-23 14:16:00,423574267167866849857832
UE2015 (Anterior),ABARÉ,158,164,1820554,GRUPO ESCOLAR ISABEL DA SILVA REZENDE,"DISTTRITO DE IBÓ, ZONA RURAL, ABARÉ-BA",DISTRITO IBO,48680000,-8.6317267,-39.2471683,332,Com acessibilidade,2026-09-23 14:25:00,787110739103247505519421
UE2015 (Anterior),ABARÉ,158,166,1780918,ESCOLA MUNICIPAL PROF. WALTER AUGUSTO JONES,"RUA CONEGO PASCOAL, CENTRO, ABARÉ-BA",CENTRO,48680000,-8.7222252,-39.1148923,385,Com acessibilidade,2026-09-23 14:34:00,70039249932558610268687
UE2015 (Anterior),ABARÉ,158,171,1766660,COLEGIO ESTADUAL PROFA. JOSEFINA GOMES ARAUJO,DISTRITO IBO - ZONA RURAL ,DISTRITO IBO,48680000,-8.6294733,-39.2477667,371,Sem acessibilidade,2026-09-23 14:43:00,494281183574991223499639
UE2015 (Anterior),AMÉLIA RODRIGUES,192,137,1767227,CRECHE ESCOLA MUNICIPAL DULCE CHAVES DA SILVA,"RUA DOUTOR ALOÍSIO DE CASTRO, 360",PATRONATO,44230000,-12.3996233,-38.7601217,299,Com acessibilidade,2026-09-23 09:37:00,663260735290837253781547
UE2015 (Anterior),AMÉLIA RODRIGUES,192,138,1757510,CRECHE ESCOLA MUNICIPAL DULCE CHAVES DA SILVA,"RUA DOUTOR ALOÍSIO DE CASTRO, 360",PATRONATO,44230000,-12.3996233,-38.7601217,297,Com acessibilidade,2026-09-23 09:46:00,622856808486818517597268
UE2015 (Anterior),AMÉLIA RODRIGUES,192,139,1764951,CRECHE ESCOLA MUNICIPAL DULCE CHAVES DA SILVA,"RUA DOUTOR ALOÍSIO DE CASTRO, 360",PATRONATO,44230000,-12.3996233,-38.7601217,297,Com acessibilidade,2026-09-23 09:55:00,521846813976738231475286
UE2015 (Anterior),AMÉLIA RODRIGUES,192,140,1765547,CRECHE ESCOLA MUNICIPAL DULCE CHAVES DA SILVA,"RUA DOUTOR ALOÍSIO DE CASTRO, 360",PATRONATO,44230000,-12.3996233,-38.7601217,297,Com acessibilidade,2026-09-23 10:05:00,87402451932923941656843
UE2015 (Anterior),AMÉLIA RODRIGUES,192,141,1764426,CRECHE ESCOLA MUNICIPAL DULCE CHAVES DA SILVA,"RUA DOUTOR ALOÍSIO DE CASTRO, 360",PATRONATO,44230000,-12.3996233,-38.7601217,299,Com acessibilidade,2026-09-23 10:14:00,339927819757191302574894
UE2015 (Anterior),AMÉLIA RODRIGUES,192,142,1788334,CRECHE ESCOLA MUNICIPAL DULCE CHAVES DA SILVA,"RUA DOUTOR ALOÍSIO DE CASTRO, 360",PATRONATO,44230000,-12.3996233,-38.7601217,294,Sem acessibilidade,2026-09-23 10:23:00,339927924157216803354081
UE2015 (Anterior),AMÉLIA RODRIGUES,192,143,1767351,CRECHE ESCOLA MUNICIPAL DULCE CHAVES DA SILVA,"RUA DOUTOR ALOÍSIO DE CASTRO, 360",PATRONATO,44230000,-12.3996233,-38.7601217,299,Sem acessibilidade,2026-09-23 10:32:00,57199757729950487603072
UE2015 (Anterior),AMÉLIA RODRIGUES,192,144,1841468,CRECHE ESCOLA MUNICIPAL DULCE CHAVES DA SILVA,"RUA DOUTOR ALOÍSIO DE CASTRO, 360",PATRONATO,44230000,-12.3996233,-38.7601217,296,Sem acessibilidade,2026-09-23 10:41:00,511745323575434133977989
UE2015 (Anterior),AMÉLIA RODRIGUES,192,145,1764955,CRECHE ESCOLA MUNICIPAL DULCE CHAVES DA SILVA,"RUA DOUTOR ALOÍSIO DE CASTRO, 360",PATRONATO,44230000,-12.3996233,-38.7601217,295,Sem acessibilidade,2026-09-23 10:50:00,16795932425956817174721
UE2015 (Anterior),AMÉLIA RODRIGUES,192,146,1765925,COLÉGIO ESTADUAL DE TEMPO INTEGRAL AMÉLIA RODRIGUES,"AV. MARIA DA PAZ, S/N, ITAPICURU",ITAPICURU,44230000,-12.39223,-38.75728,235,Com acessibilidade,2026-09-23 10:59:00,360230393560931718894916
UE2015 (Anterior),AMÉLIA RODRIGUES,192,147,1755540,COLÉGIO ESTADUAL DE TEMPO INTEGRAL AMÉLIA RODRIGUES,"AV. MARIA DA PAZ, S/N, ITAPICURU",ITAPICURU,44230000,-12.39223,-38.75728,242,Com acessibilidade,2026-09-23 11:10:00,754169891299443485253100
UE2015 (Anterior),AMÉLIA RODRIGUES,192,148,1756947,COLÉGIO ESTADUAL DE TEMPO INTEGRAL AMÉLIA RODRIGUES,"AV. MARIA DA PAZ, S/N, ITAPICURU",ITAPICURU,44230000,-12.39223,-38.75728,232,Com acessibilidade,2026-09-23 11:19:00,764270011300089756471691
UE2015 (Anterior),AMÉLIA RODRIGUES,192,149,1764470,COLÉGIO ESTADUAL DE TEMPO INTEGRAL AMÉLIA RODRIGUES,"AV. MARIA DA PAZ, S/N, ITAPICURU",ITAPICURU,44230000,-12.39223,-38.75728,234,Com acessibilidade,2026-09-23 11:28:00,36997396827371328938541
UE2015 (Anterior),AMÉLIA RODRIGUES,192,150,1766064,COLÉGIO ESTADUAL DE TEMPO INTEGRAL AMÉLIA RODRIGUES,"AV. MARIA DA PAZ, S/N, ITAPICURU",ITAPICURU,44230000,-12.39223,-38.75728,232,Com acessibilidade,2026-09-23 11:36:00,531947973377826711756069
UE2015 (Anterior),AMÉLIA RODRIGUES,192,151,1766014,COLÉGIO ESTADUAL DE TEMPO INTEGRAL AMÉLIA RODRIGUES,"AV. MARIA DA PAZ, S/N, ITAPICURU",ITAPICURU,44230000,-12.39223,-38.75728,238,Com acessibilidade,2026-09-23 11:46:00,875381421211257602479422
UE2015 (Anterior),AMÉLIA RODRIGUES,192,152,1767361,COLÉGIO ESTADUAL DE TEMPO INTEGRAL AMÉLIA RODRIGUES,"AV. MARIA DA PAZ, S/N, ITAPICURU",ITAPICURU,44230000,-12.39223,-38.75728,229,Com acessibilidade,2026-09-23 11:56:00,380432042162858796543517
UE2015 (Anterior),AMÉLIA RODRIGUES,192,153,1765173,COLÉGIO ESTADUAL DE TEMPO INTEGRAL AMÉLIA RODRIGUES,"AV. MARIA DA PAZ, S/N, ITAPICURU",ITAPICURU,44230000,-12.39223,-38.75728,212,Com acessibilidade,2026-09-23 12:07:00,279321040751472505417471
UE2015 (Anterior),AMÉLIA RODRIGUES,192,154,1833824,COLÉGIO ESTADUAL DE TEMPO INTEGRAL AMÉLIA RODRIGUES,"AV. MARIA DA PAZ, S/N, ITAPICURU",ITAPICURU,44230000,-12.39223,-38.75728,229,Com acessibilidade,2026-09-23 12:16:00,935987813217151902120085
UE2015 (Anterior),AMÉLIA RODRIGUES,192,155,1778616,COLÉGIO ESTADUAL DE TEMPO INTEGRAL AMÉLIA RODRIGUES,"AV. MARIA DA PAZ, S/N, ITAPICURU",ITAPICURU,44230000,-12.39223,-38.75728,232,Com acessibilidade,2026-09-23 12:31:00,279321264151322552560112
UE2015 (Anterior),AMÉLIA RODRIGUES,192,156,1832370,COLÉGIO ESTADUAL DE TEMPO INTEGRAL AMÉLIA RODRIGUES,"AV. MARIA DA PAZ, S/N, ITAPICURU",ITAPICURU,44230000,-12.39223,-38.75728,231,Com acessibilidade,2026-09-23 12:41:00,451139555969591911329928
UE2015 (Anterior),AMÉLIA RODRIGUES,192,157,1759307,GRUPO ESCOLAR ARLETE MAGALHAES,RUA MARIA DA PAZ S/N - ZONA URBANA,ITAPICURU,44230000,-12.3929032,-38.7575129,352,Com acessibilidade,2026-09-23 12:55:00,976391187521482893147834
UE2015 (Anterior),AMÉLIA RODRIGUES,192,158,1764802,GRUPO ESCOLAR ARLETE MAGALHAES,RUA MARIA DA PAZ S/N - ZONA URBANA,ITAPICURU,44230000,-12.3929032,-38.7575129,352,Com acessibilidade,2026-09-23 13:05:00,148008464838312770909006
UE2015 (Anterior),AMÉLIA RODRIGUES,192,159,1765411,GRUPO ESCOLAR ARLETE MAGALHAES,RUA MARIA DA PAZ S/N - ZONA URBANA,ITAPICURU,44230000,-12.3929032,-38.7575129,352,Com acessibilidade,2026-09-23 13:14:00,521846956976719291004698
UE2015 (Anterior),AMÉLIA RODRIGUES,192,160,1767260,GRUPO ESCOLAR ARLETE MAGALHAES,RUA MARIA DA PAZ S/N - ZONA URBANA,ITAPICURU,44230000,-12.3929032,-38.7575129,350,Com acessibilidade,2026-09-23 13:25:00,713765223895060937028395
UE2015 (Anterior),AMÉLIA RODRIGUES,192,161,1807805,GRUPO ESCOLAR JOSÉ LÁZARO PEREIRA,"RUA SANTOS DUMONT,122 - SERRA",SERRA,44230000,-12.4116233,-38.7444733,387,Com acessibilidade,2026-09-23 13:35:00,279321895651715967874019
UE2015 (Anterior),AMÉLIA RODRIGUES,192,162,1765204,GRUPO ESCOLAR JOSÉ LÁZARO PEREIRA,"RUA SANTOS DUMONT,122 - SERRA",SERRA,44230000,-12.4116233,-38.7444733,387,Com acessibilidade,2026-09-23 13:44:00,390533125863850166382696
UE2015 (Anterior),AMÉLIA RODRIGUES,192,163,1839038,GRUPO ESCOLAR JOSÉ LÁZARO PEREIRA,"RUA SANTOS DUMONT,122 - SERRA",SERRA,44230000,-12.4116233,-38.7444733,384,Com acessibilidade,2026-09-23 13:54:00,269220101050816726321180
UE2015 (Anterior),AMÉLIA RODRIGUES,192,164,1767108,GRUPO ESCOLAR JOSÉ LÁZARO PEREIRA,"RUA SANTOS DUMONT,122 - SERRA",SERRA,44230000,-12.4116233,-38.7444733,389,Com acessibilidade,2026-09-23 14:03:00,441038391068580913906378
UE2015 (Anterior),AMÉLIA RODRIGUES,192,165,1768892,COLÉGIO DOUTOR ALOISIO DE CASTRO,"AVENIDA JOÃO BAHIA, S/N",CENTRO,44230000,-12.399945,-38.75563,347,Com acessibilidade,2026-09-23 14:12:00,683462743792849207942412
UE2015 (Anterior),AMÉLIA RODRIGUES,192,166,1767157,COLÉGIO DOUTOR ALOISIO DE CASTRO,"AVENIDA JOÃO BAHIA, S/N",CENTRO,44230000,-12.399945,-38.75563,347,Com acessibilidade,2026-09-23 14:22:00,542048716678798489970507
UE2015 (Anterior),AMÉLIA RODRIGUES,192,167,1809739,COLÉGIO DOUTOR ALOISIO DE CASTRO,"AVENIDA JOÃO BAHIA, S/N",CENTRO,44230000,-12.399945,-38.75563,349,Com acessibilidade,2026-09-23 14:36:00,360230644560983697393826
UE2015 (Anterior),AMÉLIA RODRIGUES,192,168,1766352,COLÉGIO DOUTOR ALOISIO DE CASTRO,"AVENIDA JOÃO BAHIA, S/N",CENTRO,44230000,-12.399945,-38.75563,350,Com acessibilidade,2026-09-23 14:45:00,602654993284243116338100
UE2015 (Anterior),AMÉLIA RODRIGUES,192,169,1769351,COLÉGIO DOUTOR ALOISIO DE CASTRO,"AVENIDA JOÃO BAHIA, S/N",CENTRO,44230000,-12.399945,-38.75563,350,Com acessibilidade,2026-09-23 09:37:00,188412680876358728640382
UE2015 (Anterior),AMÉLIA RODRIGUES,192,170,1763718,COLÉGIO DOUTOR ALOISIO DE CASTRO,"AVENIDA JOÃO BAHIA, S/N",CENTRO,44230000,-12.399945,-38.75563,350,Com acessibilidade,2026-09-23 09:46:00,976391558055163055367888
UE2015 (Anterior),AMÉLIA RODRIGUES,192,171,1765374,COLÉGIO DOUTOR ALOISIO DE CASTRO,"AVENIDA JOÃO BAHIA, S/N",CENTRO,44230000,-12.399945,-38.75563,349,Com acessibilidade,2026-09-23 09:54:00,198513882277335575917428
UE2015 (Anterior),AMÉLIA RODRIGUES,192,172,1769378,COLÉGIO DOUTOR ALOISIO DE CASTRO,"AVENIDA JOÃO BAHIA, S/N",CENTRO,44230000,-12.399945,-38.75563,348,Com acessibilidade,2026-09-23 10:03:00,309624100588008697662134
UE2015 (Anterior),AMÉLIA RODRIGUES,192,173,1769250,COLÉGIO DOUTOR ALOISIO DE CASTRO,"AVENIDA JOÃO BAHIA, S/N",CENTRO,44230000,-12.399945,-38.75563,349,Com acessibilidade,2026-09-23 10:12:00,733967644731457080335987
UE2015 (Anterior),AMÉLIA RODRIGUES,192,174,1772737,COLÉGIO DOUTOR ALOISIO DE CASTRO,"AVENIDA JOÃO BAHIA, S/N",CENTRO,44230000,-12.399945,-38.75563,349,Com acessibilidade,2026-09-23 10:20:00,158109171373828831384661
UE2015 (Anterior),AMÉLIA RODRIGUES,192,175,1765584,ESCOLA JAIME VILLAS BOAS,"RUA DA RODAGEM, S/N - USINA ALIANÇA - ZONA RURAL",DISTRITO MATA DA ALIANÇA,44230000,-12.45812,-38.67603,224,Com acessibilidade,2026-09-23 10:29:00,764270890434068090768222
UE2015 (Anterior),AMÉLIA RODRIGUES,192,176,1789911,ESCOLA JAIME VILLAS BOAS,"RUA DA RODAGEM, S/N - USINA ALIANÇA - ZONA RURAL",DISTRITO MATA DA ALIANÇA,44230000,-12.45812,-38.67603,224,Com acessibilidade,2026-09-23 10:37:00,723866968230974539422742
UE2015 (Anterior),AMÉLIA RODRIGUES,192,177,1758168,ESCOLA JAIME VILLAS BOAS,"RUA DA RODAGEM, S/N - USINA ALIANÇA - ZONA RURAL",DISTRITO MATA DA ALIANÇA,44230000,-12.45812,-38.67603,224,Com acessibilidade,2026-09-23 10:46:00,653159009523922003572576
UE2015 (Anterior),AMÉLIA RODRIGUES,192,178,1766002,ESCOLA MUNICIPAL CLEUSA DA CONCEIÇÃO ARÃO,"TRAVESSA POSSIDÔNIO AZEVEDO, S/N - ZONA RURAL",DISTRITO SÃO BENTO DO INHATÁ,44230000,-12.40119,-38.7000783,330,Sem acessibilidade,2026-09-23 10:56:00,97503550567450880051050
UE2015 (Anterior),AMÉLIA RODRIGUES,192,179,1760589,COLÉGIO MUNICIPAL ANTENOR DEUSDET WEST,"PRAÇA DA MATRIZ, S/N - ZONA RURAL",DISTRITO SÃO BENTO DO INHATÁ,44230000,-12.401125,-38.6991783,271,Sem acessibilidade,2026-09-23 11:05:00,905684471848852703004049
UE2015 (Anterior),AMÉLIA RODRIGUES,192,180,1765033,COLÉGIO MUNICIPAL ANTENOR DEUSDET WEST,"PRAÇA DA MATRIZ, S/N - ZONA RURAL",DISTRITO SÃO BENTO DO INHATÁ,44230000,-12.401125,-38.6991783,273,Sem acessibilidade,2026-09-23 11:14:00,744068390332719333435648
UE2015 (Anterior),AMÉLIA RODRIGUES,192,181,1764937,COLÉGIO MUNICIPAL ANTENOR DEUSDET WEST,"PRAÇA DA MATRIZ, S/N - ZONA RURAL",DISTRITO SÃO BENTO DO INHATÁ,44230000,-12.401125,-38.6991783,266,Com acessibilidade,2026-09-23 11:22:00,481442246706409752557802
UE2015 (Anterior),AMÉLIA RODRIGUES,192,182,1768405,COLÉGIO MUNICIPAL ANTENOR DEUSDET WEST,"PRAÇA DA MATRIZ, S/N - ZONA RURAL",DISTRITO SÃO BENTO DO INHATÁ,44230000,-12.401125,-38.6991783,271,Com acessibilidade,2026-09-23 11:32:00,339927200291343984564917
UE2015 (Anterior),AMÉLIA RODRIGUES,192,183,1767134,ESCOLA MUNICIPAL CLEUSA DA CONCEIÇÃO ARÃO,"TRAVESSA POSSIDÔNIO AZEVEDO, S/N - ZONA RURAL",DISTRITO SÃO BENTO DO INHATÁ,44230000,-12.40119,-38.7000783,330,Com acessibilidade,2026-09-23 11:41:00,441038420702473955414251
UE2015 (Anterior),AMÉLIA RODRIGUES,192,184,1766895,ESCOLA MUNICIPAL CLEUSA DA CONCEIÇÃO ARÃO,"TRAVESSA POSSIDÔNIO AZEVEDO, S/N - ZONA RURAL",DISTRITO SÃO BENTO DO INHATÁ,44230000,-12.40119,-38.7000783,331,Com acessibilidade,2026-09-23 11:50:00,77301168565128740819420
UE2015 (Anterior),AMÉLIA RODRIGUES,192,185,1833970,ESCOLA MUNICIPAL CLEUSA DA CONCEIÇÃO ARÃO,"TRAVESSA POSSIDÔNIO AZEVEDO, S/N - ZONA RURAL",DISTRITO SÃO BENTO DO INHATÁ,44230000,-12.40119,-38.7000783,331,Com acessibilidade,2026-09-23 12:18:00,370331570295732374348519
UE2015 (Anterior),AMÉLIA RODRIGUES,192,186,1762107,ESCOLA MUNICIPAL CLEUSA DA CONCEIÇÃO ARÃO,"TRAVESSA POSSIDÔNIO AZEVEDO, S/N - ZONA RURAL",DISTRITO SÃO BENTO DO INHATÁ,44230000,-12.40119,-38.7000783,331,Com acessibilidade,2026-09-23 12:27:00,299523604187675651312203
UE2015 (Anterior),AMÉLIA RODRIGUES,192,187,1765041,COLÉGIO ESTADUAL DE TEMPO INTEGRAL AMÉLIA RODRIGUES,"AV. MARIA DA PAZ, S/N, ITAPICURU",ITAPICURU,44230000,-12.39223,-38.75728,215,Com acessibilidade,2026-09-23 12:36:00,905684321248303692978003
UE2015 (Anterior),AMÉLIA RODRIGUES,192,188,1772279,COLÉGIO LUIZ VIANA FILHO,"RUA MARIA DA PURIFICAÇÃO AZEVEDO, 62",CENTRO,43230000,-12.4034711,-38.7536966,351,Com acessibilidade,2026-09-23 12:45:00,117705643669532516878356
UE2015 (Anterior),AMÉLIA RODRIGUES,192,189,1752867,COLÉGIO LUIZ VIANA FILHO,"RUA MARIA DA PURIFICAÇÃO AZEVEDO, 62",CENTRO,43230000,-12.4034711,-38.7536966,353,Com acessibilidade,2026-09-23 12:54:00,380432025496820057825479
UE2015 (Anterior),AMÉLIA RODRIGUES,192,190,1840370,COLÉGIO LUIZ VIANA FILHO,"RUA MARIA DA PURIFICAÇÃO AZEVEDO, 62",CENTRO,43230000,-12.4034711,-38.7536966,352,Com acessibilidade,2026-09-23 13:02:00,834977559041799369601165
UE2015 (Anterior),AMÉLIA RODRIGUES,192,192,1832884,COLÉGIO LUIZ VIANA FILHO,"RUA MARIA DA PURIFICAÇÃO AZEVEDO, 62",CENTRO,43230000,-12.4034711,-38.7536966,352,Com acessibilidade,2026-09-23 13:11:00,16795959759990458315254
UE2015 (Anterior),AMÉLIA RODRIGUES,192,194,1763860,GRUPO ESCOLAR ARLETE MAGALHAES,RUA MARIA DA PAZ S/N - ZONA URBANA,ITAPICURU,44230000,-12.3929032,-38.7575129,352,Com acessibilidade,2026-09-23 13:19:00,582452743116127163586978
UE2015 (Anterior),AMÉLIA RODRIGUES,192,195,1750682,COLÉGIO LUIZ VIANA FILHO,"RUA MARIA DA PURIFICAÇÃO AZEVEDO, 62",CENTRO,43230000,-12.4034711,-38.7536966,352,Com acessibilidade,2026-09-23 13:28:00,168210437774724653253445
UE2015 (Anterior),AMÉLIA RODRIGUES,192,198,1769571,COLÉGIO LUIZ VIANA FILHO,"RUA MARIA DA PURIFICAÇÃO AZEVEDO, 62",CENTRO,43230000,-12.4034711,-38.7536966,350,Com acessibilidade,2026-09-23 13:37:00,935987531951517630477814
UE2015 (Anterior),AMÉLIA RODRIGUES,192,199,1755158,COLÉGIO DOUTOR ALOISIO DE CASTRO,"AVENIDA JOÃO BAHIA, S/N",CENTRO,44230000,-12.399945,-38.75563,348,Sem acessibilidade,2026-09-23 13:45:00,572351284915105079654034
UE2015 (Anterior),AMÉLIA RODRIGUES,192,200,1764885,ESCOLA MUNICIPAL ANTONIO DOS SANTOS PAIM,"RUA FAZENDA QUATRO ESTRADAS, S/N - ZONA RURAL",QUATRO ESTRADAS,44230000,-12.3931966,-38.792211,370,Sem acessibilidade,2026-09-23 13:54:00,501644689908059024827131
UE2015 (Anterior),AMÉLIA RODRIGUES,192,201,1810527,GRUPO ESCOLAR DEPUTADO WILSON FALCÃO,"AVENIDA LUIS EDUARDO MAGALHÃES, S/N - ZONA URBANA",AREAL,44230000,-12.4185417,-38.7498317,393,Sem acessibilidade,2026-09-23 14:02:00,683462976426756226775987
UE2015 (Anterior),AMÉLIA RODRIGUES,192,205,1754198,COLÉGIO ESTADUAL DE TEMPO INTEGRAL AMÉLIA RODRIGUES,"AV. MARIA DA PAZ, S/N, ITAPICURU",ITAPICURU,44230000,-12.39223,-38.75728,209,Sem acessibilidade,2026-09-23 14:10:00,340028076192361687077689
UE2015 (Anterior),AMÉLIA RODRIGUES,192,210,1756263,COLÉGIO LUIZ VIANA FILHO,"RUA MARIA DA PURIFICAÇÃO AZEVEDO, 62",CENTRO,43230000,-12.4034711,-38.7536966,351,Sem acessibilidade,2026-09-23 14:20:00,713765964529825459547666
UE2015 (Anterior),AMÉLIA RODRIGUES,192,213,1769544,GRUPO ESCOLAR DEPUTADO WILSON FALCÃO,"AVENIDA LUIS EDUARDO MAGALHÃES, S/N - ZONA URBANA",AREAL,44230000,-12.4185417,-38.7498317,160,Sem acessibilidade,2026-09-23 14:28:00,824876400240497489240628
UE2015 (Anterior),ANGUERA,157,801,1765299,COLÉGIO ESTADUAL PROFESSOR AUREO DE OLIVEIRA FILHO,"RUA FELIPE PEDREIRA BRANDÃO, S/N - ZONA URBANA",CENTRO,44670000,-12.1529943,-39.2451155,240,Com acessibilidade,2026-09-30 08:33:00,778698604068399450006329
UE2015 (Anterior),ANGUERA,157,802,1767329,COLÉGIO ESTADUAL PROFESSOR AUREO DE OLIVEIRA FILHO,"RUA FELIPE PEDREIRA BRANDÃO, S/N - ZONA URBANA",CENTRO,44670000,-12.1529943,-39.2451155,239,Com acessibilidade,2026-09-30 08:42:00,677688617858319311795060
UE2015 (Anterior),ANGUERA,157,803,1765670,COLÉGIO ESTADUAL PROFESSOR AUREO DE OLIVEIRA FILHO,"RUA FELIPE PEDREIRA BRANDÃO, S/N - ZONA URBANA",CENTRO,44670000,-12.1529943,-39.2451155,239,Com acessibilidade,2026-09-30 08:51:00,101931159801767521384401
UE2015 (Anterior),ANGUERA,157,804,1787674,COLÉGIO ESTADUAL PROFESSOR AUREO DE OLIVEIRA FILHO,"RUA FELIPE PEDREIRA BRANDÃO, S/N - ZONA URBANA",CENTRO,44670000,-12.1529943,-39.2451155,239,Com acessibilidade,2026-09-30 09:01:00,879608035178192179802023
UE2015 (Anterior),ANGUERA,157,805,1765704,COLÉGIO ESTADUAL PROFESSOR AUREO DE OLIVEIRA FILHO,"RUA FELIPE PEDREIRA BRANDÃO, S/N - ZONA URBANA",CENTRO,44670000,-12.1529943,-39.2451155,241,Com acessibilidade,2026-09-30 09:10:00,921275491348874163707
UE2015 (Anterior),ANGUERA,157,806,1767289,COLÉGIO ESTADUAL PROFESSOR AUREO DE OLIVEIRA FILHO,"RUA FELIPE PEDREIRA BRANDÃO, S/N - ZONA URBANA",CENTRO,44670000,-12.1529943,-39.2451155,239,Com acessibilidade,2026-09-30 09:19:00,889709265879855838605413
UE2015 (Anterior),ANGUERA,157,807,1760508,ESCOLA ARTHUR VIEIRA DE OLIVEIRA,"RUA VINTE DE NOVEMBRO, S/N - ZONA URBANA",CENTRO,44670000,-12.150684,-39.2434847,206,Com acessibilidade,2026-09-30 09:28:00,606981099151594643147561
UE2015 (Anterior),ANGUERA,157,808,1769535,ESCOLA ARTHUR VIEIRA DE OLIVEIRA,"RUA VINTE DE NOVEMBRO, S/N - ZONA URBANA",CENTRO,44670000,-12.150684,-39.2434847,205,Com acessibilidade,2026-09-30 09:37:00,921601891014785485891
UE2015 (Anterior),ANGUERA,157,809,1764250,ESCOLA ARTHUR VIEIRA DE OLIVEIRA,"RUA VINTE DE NOVEMBRO, S/N - ZONA URBANA",CENTRO,44670000,-12.150684,-39.2434847,206,Com acessibilidade,2026-09-30 09:47:00,61527773597164220956334
UE2015 (Anterior),ANGUERA,157,810,1767241,ESCOLA ARTHUR VIEIRA DE OLIVEIRA,"RUA VINTE DE NOVEMBRO, S/N - ZONA URBANA",CENTRO,44670000,-12.150684,-39.2434847,206,Com acessibilidade,2026-09-30 09:55:00,657486441956707820240085
UE2015 (Anterior),ANGUERA,157,811,1765962,ESCOLA ARTHUR VIEIRA DE OLIVEIRA,"RUA VINTE DE NOVEMBRO, S/N - ZONA URBANA",CENTRO,44670000,-12.150684,-39.2434847,205,Com acessibilidade,2026-09-30 10:04:00,283749184419898567650565
UE2015 (Anterior),ANGUERA,157,812,1767306,ESCOLA ARTHUR VIEIRA DE OLIVEIRA,"RUA VINTE DE NOVEMBRO, S/N - ZONA URBANA",CENTRO,44670000,-12.150684,-39.2434847,205,Com acessibilidade,2026-09-30 10:13:00,394860400130021301765131
UE2015 (Anterior),ANGUERA,157,813,1778836,ESCOLA ARTHUR VIEIRA DE OLIVEIRA,"RUA VINTE DE NOVEMBRO, S/N - ZONA URBANA",CENTRO,44670000,-12.150684,-39.2434847,201,Com acessibilidade,2026-09-30 10:23:00,283749407819004550818982
UE2015 (Anterior),ANGUERA,157,814,1765315,ESCOLA ARTHUR VIEIRA DE OLIVEIRA,"RUA VINTE DE NOVEMBRO, S/N - ZONA URBANA",CENTRO,44670000,-12.150684,-39.2434847,204,Com acessibilidade,2026-09-30 10:32:00,233244466914975675379896
UE2015 (Anterior),ANGUERA,157,815,1759655,ESCOLA MUNICIPAL ÉRICO SOFIA BRANDÃO,"RUA TREZE DE MAIO, S/N - ZONA URBANA",CENTRO,44670000,-12.1548543,-39.2441323,164,Com acessibilidade,2026-09-30 10:40:00,263547606217951486009173
UE2015 (Anterior),ANGUERA,157,817,1768018,ESCOLA MUNICIPAL ÉRICO SOFIA BRANDÃO,"RUA TREZE DE MAIO, S/N - ZONA URBANA",CENTRO,44670000,-12.1548543,-39.2441323,163,Com acessibilidade,2026-09-30 10:51:00,344355901325197456713690
UE2015 (Anterior),ANGUERA,157,819,1758154,ESCOLA MUNICIPAL ÉRICO SOFIA BRANDÃO,"RUA TREZE DE MAIO, S/N - ZONA URBANA",CENTRO,44670000,-12.1548543,-39.2441323,161,Com acessibilidade,2026-09-30 11:02:00,738294515664317338643502
UE2015 (Anterior),ANGUERA,157,821,1764486,ESCOLA MUNICIPAL ÉRICO SOFIA BRANDÃO,"RUA TREZE DE MAIO, S/N - ZONA URBANA",CENTRO,44670000,-12.1548543,-39.2441323,163,Sem acessibilidade,2026-09-30 11:10:00,243345215415771245806280
UE2015 (Anterior),ANGUERA,157,823,1769616,ESCOLA MUNICIPAL ÉRICO SOFIA BRANDÃO,"RUA TREZE DE MAIO, S/N - ZONA URBANA",CENTRO,44670000,-12.1548543,-39.2441323,163,Sem acessibilidade,2026-09-30 11:21:00,465567655837157271533484
UE2015 (Anterior),ANGUERA,157,824,1769859,CRECHE-ESCOLA MARIA VITÓRIA CORREIA,"CONJUNTO FILADELFO NEVES, S/N - ZONA URBANA",CENTRO,44670000,-12.1566851,-39.2406879,194,Com acessibilidade,2026-09-30 11:32:00,869507168377719491023136
UE2015 (Anterior),ANGUERA,157,826,1762097,CRECHE-ESCOLA MARIA VITÓRIA CORREIA,"CONJUNTO FILADELFO NEVES, S/N - ZONA URBANA",CENTRO,44670000,-12.1566851,-39.2406879,194,Com acessibilidade,2026-09-30 11:41:00,162537682007031468329497
UE2015 (Anterior),ANGUERA,157,828,1768869,CRECHE-ESCOLA MARIA VITÓRIA CORREIA,"CONJUNTO FILADELFO NEVES, S/N - ZONA URBANA",CENTRO,44670000,-12.1566851,-39.2406879,193,Com acessibilidade,2026-09-30 11:50:00,404961143931294311733314
UE2015 (Anterior),ANGUERA,157,829,1824468,ESCOLA ARTHUR VIEIRA DE OLIVEIRA,"RUA VINTE DE NOVEMBRO, S/N - ZONA URBANA",CENTRO,44670000,-12.150684,-39.2434847,202,Com acessibilidade,2026-09-30 12:00:00,223143071113771236881275
UE2015 (Anterior),ANGUERA,157,830,1774760,GRUPO ESCOLAR LEÔNCIO HORÁCIO,"POVOADO GUARIBAS, S/N - ZONA RURAL",POVOADO GUARIBAS,44670000,-12.20030303,-39.23728567,364,Com acessibilidade,2026-09-30 12:08:00,51426989196169282813757
UE2015 (Anterior),ANGUERA,157,831,1765311,GRUPO ESCOLAR LEÔNCIO HORÁCIO,"POVOADO GUARIBAS, S/N - ZONA RURAL",POVOADO GUARIBAS,44670000,-12.20030303,-39.23728567,363,Com acessibilidade,2026-09-30 12:17:00,687789727859814037572685
UE2015 (Anterior),ANGUERA,157,832,1756743,GRUPO ESCOLAR LEÔNCIO HORÁCIO,"POVOADO GUARIBAS, S/N - ZONA RURAL",POVOADO GUARIBAS,44670000,-12.20030303,-39.23728567,362,Com acessibilidade,2026-09-30 12:26:00,404961552731551277030449
UE2015 (Anterior),ANGUERA,157,833,1761552,GRUPO ESCOLAR SÃO JOSÉ,"POVOADO CAJÁ, S/N - ZONA RURAL",POVOADO CAJÁ,44670000,-12.21533053,-39.19964772,369,Com acessibilidade,2026-09-30 12:36:00,152436415606399572663458
UE2015 (Anterior),ANGUERA,157,834,1769871,ESCOLA MUNICIPAL MARIA RITA ALVES DE JESUS,"LOTEAMENTO NOVO PARAÍSO, S/N - ZONA RURAL",POVOADO AREIA,44670000,-12.20744557,-39.13406839,354,Com acessibilidade,2026-09-30 12:45:00,364557738327629462794274
UE2015 (Anterior),ANGUERA,157,835,1765740,ESCOLA MUNICIPAL MARIA RITA ALVES DE JESUS,"LOTEAMENTO NOVO PARAÍSO, S/N - ZONA RURAL",POVOADO AREIA,44670000,-12.20744557,-39.13406839,360,Com acessibilidade,2026-09-30 12:54:00,869507344877143437612402
UE2015 (Anterior),ANGUERA,157,836,1764546,GRUPO ESCOLAR CEZÁRIO BOA VENTURA,POVOADO CONTORNO DE BONFIM - ZONA RURAL,POVOADO CONTORNO DE BONFIM DE FEIRA,44670000,-12.22603667,-39.11881694,395,Com acessibilidade,2026-09-30 13:03:00,576678165048445734779700
UE2015 (Anterior),ANGUERA,157,837,1768921,GRUPO ESCOLAR CEZÁRIO BOA VENTURA,POVOADO CONTORNO DE BONFIM - ZONA RURAL,POVOADO CONTORNO DE BONFIM DE FEIRA,44670000,-12.22603667,-39.11881694,395,Com acessibilidade,2026-09-30 13:12:00,445365143435333431421649
UE2015 (Anterior),ANGUERA,157,838,1766081,ESCOLA MUNICIPAL JOSÉ BISPO DE ALMEIDA,"POVOADO PARAÍSO, S/N - ZONA RURAL",POVOADO PARAÍSO,44670000,-12.19867765,-39.1648375,390,Com acessibilidade,2026-09-30 13:22:00,950416767086932811619121
UE2015 (Anterior),ANGUERA,157,839,1766464,ESCOLA MUNICIPAL VITOR BEZERRA LOLA,"RUA DO CONSELHO, S/N - ZONA URBANA",CENTRO,44670000,-12.1508849,-39.2472997,313,Com acessibilidade,2026-09-30 13:34:00,516072435942723844150130
UE2015 (Anterior),ANGUERA,157,840,1764171,ESCOLA MUNICIPAL VITOR BEZERRA LOLA,"RUA DO CONSELHO, S/N - ZONA URBANA",CENTRO,44670000,-12.1508849,-39.2472997,310,Com acessibilidade,2026-09-30 13:43:00,293850298220527153535601
UE2015 (Anterior),ANGUERA,157,841,1763794,ESCOLA MUNICIPAL VITOR BEZERRA LOLA,"RUA DO CONSELHO, S/N - ZONA URBANA",CENTRO,44670000,-12.1508849,-39.2472997,312,Com acessibilidade,2026-09-30 13:52:00,404961517531653040903183
UE2015 (Anterior),ANGUERA,157,849,1768466,ESCOLA MUNICIPAL MARIA RITA ALVES DE JESUS,"LOTEAMENTO NOVO PARAÍSO, S/N - ZONA RURAL",POVOADO AREIA,44670000,-12.20744557,-39.13406839,318,Sem acessibilidade,2026-09-30 14:01:00,202941196411045561732619
UE2015 (Anterior),ANTÔNIO CARDOSO,143,1,1768461,COLÉGIO EST. DO CAMPO DE TEMPO INTEGRAL GENIVALDO DE ALMEIDA BRANDÃO,"RUA EVERALDO SOUZA PEREIRA, S/N - ZONA URBANA",CENTRO,44180000,-12.4307537,-39.1221935,308,Com acessibilidade,2026-09-23 16:48:00,33573140216104615611454
UE2015 (Anterior),ANTÔNIO CARDOSO,143,2,1767089,COLÉGIO EST. DO CAMPO DE TEMPO INTEGRAL GENIVALDO DE ALMEIDA BRANDÃO,"RUA EVERALDO SOUZA PEREIRA, S/N - ZONA URBANA",CENTRO,44180000,-12.4307537,-39.1221935,310,Com acessibilidade,2026-09-23 16:57:00,720442942885818798850097
UE2015 (Anterior),ANTÔNIO CARDOSO,143,3,1837473,COLÉGIO EST. DO CAMPO DE TEMPO INTEGRAL GENIVALDO DE ALMEIDA BRANDÃO,"RUA EVERALDO SOUZA PEREIRA, S/N - ZONA URBANA",CENTRO,44180000,-12.4307537,-39.1221935,308,Com acessibilidade,2026-09-23 17:07:00,710341046484468114328574
UE2015 (Anterior),ANTÔNIO CARDOSO,143,4,1768941,COLÉGIO EST. DO CAMPO DE TEMPO INTEGRAL GENIVALDO DE ALMEIDA BRANDÃO,"RUA EVERALDO SOUZA PEREIRA, S/N - ZONA URBANA",CENTRO,44180000,-12.4307537,-39.1221935,310,Com acessibilidade,2026-09-23 17:16:00,84078522021850243258915
UE2015 (Anterior),ANTÔNIO CARDOSO,143,5,1773126,COLÉGIO EST. DO CAMPO DE TEMPO INTEGRAL GENIVALDO DE ALMEIDA BRANDÃO,"RUA EVERALDO SOUZA PEREIRA, S/N - ZONA URBANA",CENTRO,44180000,-12.4307537,-39.1221935,309,Com acessibilidade,2026-09-23 17:26:00,23472574715882572382526
UE2015 (Anterior),ANTÔNIO CARDOSO,143,6,1752461,CENTRO EDUCACIONAL PROF. FERNANDO BARREIRO DANTAS,AV. SANTO ESTÊVÃO VELHO - ZONA RURAL,DISTRITO SANTO ESTEVÃO VELHO,44180000,-12.3954789,-39.1441369,371,Com acessibilidade,2026-09-23 17:36:00,417311077554362712428658
UE2015 (Anterior),ANTÔNIO CARDOSO,143,7,1775159,CENTRO EDUCACIONAL PROF. FERNANDO BARREIRO DANTAS,AV. SANTO ESTÊVÃO VELHO - ZONA RURAL,DISTRITO SANTO ESTEVÃO VELHO,44180000,-12.3954789,-39.1441369,370,Com acessibilidade,2026-09-23 17:45:00,972967742010946926472092
UE2015 (Anterior),ANTÔNIO CARDOSO,143,8,1768397,CENTRO EDUCACIONAL PROF. FERNANDO BARREIRO DANTAS,AV. SANTO ESTÊVÃO VELHO - ZONA RURAL,DISTRITO SANTO ESTEVÃO VELHO,44180000,-12.3954789,-39.1441369,375,Com acessibilidade,2026-09-23 17:55:00,306200180943361627505289
UE2015 (Anterior),ANTÔNIO CARDOSO,143,9,1762696,CENTRO EDUCACIONAL PROF. FERNANDO BARREIRO DANTAS,AV. SANTO ESTÊVÃO VELHO - ZONA RURAL,DISTRITO SANTO ESTEVÃO VELHO,44180000,-12.3954789,-39.1441369,383,Com acessibilidade,2026-09-23 18:04:00,356705347248003831332042
UE2015 (Anterior),ANTÔNIO CARDOSO,143,10,1767244,ESCOLA MUNICIPAL JAIME PINHEIRO DE MEDEIROS,RUA CEL. LUIZ MIGUEL - ZONA URBANA,CENTRO,44180000,-12.4379352,-39.1196547,97,Com acessibilidade,2026-09-23 18:13:00,508220573163179203451201
UE2015 (Anterior),ANTÔNIO CARDOSO,143,11,1825117,ESCOLA MUNICIPAL JAIME PINHEIRO DE MEDEIROS,RUA CEL. LUIZ MIGUEL - ZONA URBANA,CENTRO,44180000,-12.4379352,-39.1196547,329,Com acessibilidade,2026-09-23 18:23:00,447614625757201772525471
UE2015 (Anterior),ANTÔNIO CARDOSO,143,12,1764663,ESCOLA MUNICIPAL PROFESSORA DELZA SILVA BASTOS,POVOADO OLEIRO - ZONA RURAL,POVOADO OLEIRO,44180000,-12.3657294,-39.2368107,328,Com acessibilidade,2026-09-23 18:33:00,518321804664368148911232
UE2015 (Anterior),ANTÔNIO CARDOSO,143,13,1765910,CENTRO EDUCACIONAL PROF. FERNANDO BARREIRO DANTAS,AV. SANTO ESTÊVÃO VELHO - ZONA RURAL,DISTRITO SANTO ESTEVÃO VELHO,44180000,-12.3954789,-39.1441369,369,Com acessibilidade,2026-09-24 08:07:00,336503737646217374693828
UE2015 (Anterior),ANTÔNIO CARDOSO,143,14,1752696,ESCOLA MUNICIPAL JOÃO TELES DE CARVALHO,DISTRITO POÇO - ZONA RURAL,DISTRITO POÇO,44180000,-12.2983779,-39.1975745,180,Com acessibilidade,2026-09-24 08:17:00,669836179279639987154182
UE2015 (Anterior),ANTÔNIO CARDOSO,143,15,1833027,ESCOLA MUNICIPAL GREGÓRIO DE SOUZA ESTRELA,DISTRITO POÇO - ZONA RURAL,DISTRITO POÇO,44180000,-12.2995033,-39.1968883,340,Com acessibilidade,2026-09-24 08:27:00,841654469497908039399562
UE2015 (Anterior),ANTÔNIO CARDOSO,143,16,1756693,ESCOLA MUNICIPAL GREGÓRIO DE SOUZA ESTRELA,DISTRITO POÇO - ZONA RURAL,DISTRITO POÇO,44180000,-12.2995033,-39.1968883,341,Com acessibilidade,2026-09-24 08:37:00,548624278967692611006577
UE2015 (Anterior),ANTÔNIO CARDOSO,143,17,1796195,ESCOLA MUNICIPAL PROFESSORA DELZA SILVA BASTOS,POVOADO OLEIRO - ZONA RURAL,POVOADO OLEIRO,44180000,-12.3657294,-39.2368107,327,Com acessibilidade,2026-09-24 08:45:00,104280947223209583801572
UE2015 (Anterior),ANTÔNIO CARDOSO,143,112,1758443,ESCOLA MUNICIPAL PROFESSORA DELZA SILVA BASTOS,POVOADO OLEIRO - ZONA RURAL,POVOADO OLEIRO,44180000,-12.3657294,-39.2368107,330,Com acessibilidade,2026-09-24 08:54:00,245694620837361638809818
UE2015 (Anterior),ANTÔNIO CARDOSO,143,118,1780769,CENTRO EDUCACIONAL PROF. FERNANDO BARREIRO DANTAS,AV. SANTO ESTÊVÃO VELHO - ZONA RURAL,DISTRITO SANTO ESTEVÃO VELHO,44180000,-12.3954789,-39.1441369,377,Com acessibilidade,2026-09-23 16:56:00,265896306873285991930860
UE2015 (Anterior),ANTÔNIO CARDOSO,143,130,1768922,ESCOLA MUNICIPAL TEREZINHA NEUMAM,POVOADO TOCOS - ZONA RURAL,POVOADO TOCOS,44180000,-12.3265817,-39.1779783,276,Com acessibilidade,2026-09-23 17:05:00,336503633280942433762571
UE2015 (Anterior),ANTÔNIO CARDOSO,143,131,1763533,ESCOLA MUNICIPAL ADOLFO CURVELO,POVOADO QUEIMADA - ZONA RURAL,POVOADO QUEIMADA,44180000,-12.477005,-39.1288667,364,Com acessibilidade,2026-09-23 17:13:00,528422939899082446248537
UE2015 (Anterior),ANTÔNIO CARDOSO,143,132,1768130,ESCOLA MUNICIPAL RIO BRANCO,POVOADO SALGADO  - ZONA RURAL,POVOADO SALGADO,44180000,-12.3445792,-39.1910516,331,Com acessibilidade,2026-09-23 17:23:00,498119018596149413621926
UE2015 (Anterior),ANTÔNIO CARDOSO,143,133,1777652,ESCOLA MUNICIPAL GREGÓRIO DE SOUZA ESTRELA,DISTRITO POÇO - ZONA RURAL,DISTRITO POÇO,44180000,-12.2995033,-39.1968883,341,Com acessibilidade,2026-09-23 17:32:00,669836297913337937966035
UE2015 (Anterior),ANTÔNIO CARDOSO,143,135,1779170,ESCOLA MUNICIPAL ÁGUA VIVA,NÚCLEO HAB. IÊDA BARRADAS CARNEIRO - ZONA RURAL,POVOADO CABORONGA,44180000,-12.3655283,-39.0833917,285,Com acessibilidade,2026-09-23 17:41:00,488018334895176214843550
UE2015 (Anterior),ANTÔNIO CARDOSO,143,136,1773108,COLÉGIO EST. DO CAMPO DE TEMPO INTEGRAL GENIVALDO DE ALMEIDA BRANDÃO,"RUA EVERALDO SOUZA PEREIRA, S/N - ZONA URBANA",CENTRO,44180000,-12.4307537,-39.1221935,315,Com acessibilidade,2026-09-23 17:50:00,326402287379030620407162
UE2015 (Anterior),ANTÔNIO CARDOSO,143,152,1766194,ESCOLA MUNICIPAL DO MOCÓ,NÚCLEO DO MOCÓ ANTÔNIO CARDOSO - ZONA RURAL,POVOADO MOCÓ,44180000,-12.3875567,-39.2187833,364,Com acessibilidade,2026-09-23 18:17:00,53775712552006318510186
UE2015 (Anterior),ANTÔNIO CARDOSO,143,153,1769536,CENTRO EDUCACIONAL PROF. FERNANDO BARREIRO DANTAS,AV. SANTO ESTÊVÃO VELHO - ZONA RURAL,DISTRITO SANTO ESTEVÃO VELHO,44180000,-12.3954789,-39.1441369,379,Com acessibilidade,2026-09-23 18:27:00,205290974767242170630188
UE2015 (Anterior),ANTÔNIO CARDOSO,143,156,1767524,ESCOLA MUNICIPAL VALDIR MAMONA DA SILVA,POVOADO BANANEIRA - ZONA RURAL,POVOADO BANANEIRA,44180000,-12.360808,-39.1579734,281,Com acessibilidade,2026-09-23 18:36:00,680038784815747098765552
UE2015 (Anterior),ANTÔNIO CARDOSO,143,157,1765158,COLÉGIO EST. DO CAMPO DE TEMPO INTEGRAL GENIVALDO DE ALMEIDA BRANDÃO,"RUA EVERALDO SOUZA PEREIRA, S/N - ZONA URBANA",CENTRO,44180000,-12.4307537,-39.1221935,311,Com acessibilidade,2026-09-24 08:07:00,518321725498398290347429
UE2015 (Anterior),ANTÔNIO CARDOSO,143,167,1750941,ESCOLA MUNICIPAL TEREZINHA NEUMAM,POVOADO TOCOS - ZONA RURAL,POVOADO TOCOS,44180000,-12.3265817,-39.1779783,275,Com acessibilidade,2026-09-24 08:16:00,882058161735784598320013
UE2015 (Anterior),ANTÔNIO CARDOSO,143,170,1768459,CENTRO EDUCACIONAL PROF. FERNANDO BARREIRO DANTAS,AV. SANTO ESTÊVÃO VELHO - ZONA RURAL,DISTRITO SANTO ESTEVÃO VELHO,44180000,-12.3954789,-39.1441369,380,Com acessibilidade,2026-09-24 08:27:00,94179676956156965506607
UE2015 (Anterior),ANTÔNIO CARDOSO,143,183,1776768,ESCOLA MUNICIPAL ÁGUA VIVA,NÚCLEO HAB. IÊDA BARRADAS CARNEIRO - ZONA RURAL,POVOADO CABORONGA,44180000,-12.3655283,-39.0833917,287,Com acessibilidade,2026-09-24 08:40:00,609230583607359230862829
UE2015 (Anterior),ANTÔNIO CARDOSO,143,191,1764261,ESCOLA MUNICIPAL CELESTINO VIEIRA ALVES,POVOADO TRAVESSÃO - ZONA RURAL,POVOADO TRAVESSÃO,44180000,-12.3807348,-39.1500733,382,Com acessibilidade,2026-09-24 09:01:00,952765784442522912167054
UE2015 (Anterior),ANTÔNIO CARDOSO,143,197,1796051,ESCOLA MUNICIPAL VALDIR MAMONA DA SILVA,POVOADO BANANEIRA - ZONA RURAL,POVOADO BANANEIRA,44180000,-12.360808,-39.1579734,275,Com acessibilidade,2026-09-24 09:11:00,609230093507269482528840
UE2015 (Anterior),ANTÔNIO CARDOSO,143,202,1763289,ESCOLA MUNICIPAL OLAVO LOBO,"DISTRITO SANTO ESTEVAO VELHO, ZONA RURAL",DISTRITO SANTO ESTEVÃO VELHO,44180000,-12.3981383,-39.1453883,265,Com acessibilidade,2026-09-24 09:19:00,94179494356318471579229
UE2015 (Anterior),ANTÔNIO CARDOSO,143,215,1837008,ESCOLA MUNICIPAL GREGÓRIO DE SOUZA ESTRELA,DISTRITO POÇO - ZONA RURAL,DISTRITO POÇO,44180000,-12.2995033,-39.1968883,339,Com acessibilidade,2026-09-24 09:28:00,326402126579565228623081
UE2015 (Anterior),ANTÔNIO CARDOSO,143,218,1841628,ESCOLA MUNICIPAL RIO BRANCO,POVOADO SALGADO  - ZONA RURAL,POVOADO SALGADO,44180000,-12.3445792,-39.1910516,132,Com acessibilidade,2026-09-24 09:37:00,286098418275546507218309
UE2015 (Anterior),ANTÔNIO CARDOSO,143,229,1790337,CENTRO EDUCACIONAL PROF. FERNANDO BARREIRO DANTAS,AV. SANTO ESTÊVÃO VELHO - ZONA RURAL,DISTRITO SANTO ESTEVÃO VELHO,44180000,-12.3954789,-39.1441369,223,Sem acessibilidade,2026-09-24 09:45:00,488018792295695637861112
UE2015 (Anterior),ARACI,123,58,1847854,ESCOLA MUNICIPAL IMACULADA CONCEIÇÃO,"RUA ANTONIO OLIVEIRA MOTA, S/N -  ZONA URBANA",CENTRO,48760000,-11.3341509,-38.9633586,314,Sem acessibilidade,2026-09-29 08:42:00,649020878310987550868763
UE2015 (Anterior),ARACI,123,59,1795505,ESCOLA MUNICIPAL IMACULADA CONCEIÇÃO,"RUA ANTONIO OLIVEIRA MOTA, S/N -  ZONA URBANA",CENTRO,48760000,-11.3341509,-38.9633586,313,Sem acessibilidade,2026-09-29 10:47:00,659121994711533256756078
UE2015 (Anterior),ARACI,123,60,1794856,ESCOLA MUNICIPAL IMACULADA CONCEIÇÃO,"RUA ANTONIO OLIVEIRA MOTA, S/N -  ZONA URBANA",CENTRO,48760000,-11.3341509,-38.9633586,310,Sem acessibilidade,2026-09-29 15:22:00,841040264230745643824737
UE2015 (Anterior),ARACI,123,61,1837713,ESCOLA MUNICIPAL IMACULADA CONCEIÇÃO,"RUA ANTONIO OLIVEIRA MOTA, S/N -  ZONA URBANA",CENTRO,48760000,-11.3341509,-38.9633586,313,Sem acessibilidade,2026-09-29 13:05:00,780434312624499699790147
UE2015 (Anterior),ARACI,123,62,1810258,ESCOLA MUNICIPAL IMACULADA CONCEIÇÃO,"RUA ANTONIO OLIVEIRA MOTA, S/N -  ZONA URBANA",CENTRO,48760000,-11.3341509,-38.9633586,315,Sem acessibilidade,2026-09-29 13:15:00,487404126594284568852006
UE2015 (Anterior),ARACI,123,63,1762201,GRUPO ESCOLAR ANA OLIVEIRA,"AVENIDA ARACAJU, S/N",CENTRO,48760000,-11.3391584,-38.9626598,344,Sem acessibilidade,2026-09-29 13:41:00,588414332304372931305324
UE2015 (Anterior),ARACI,123,64,1775761,GRUPO ESCOLAR ANA OLIVEIRA,"AVENIDA ARACAJU, S/N",CENTRO,48760000,-11.3391584,-38.9626598,345,Sem acessibilidade,2026-09-29 13:53:00,921848789638946112989515
UE2015 (Anterior),ARACI,123,65,1766242,CENTRO TERRITORIAL DE EDUCAÇÃO PROFISSIONAL SISAL II,"PRAÇA JULIO DE CARVALHO, S/N",CENTRO,48760000,-11.3422328,-38.9609228,396,Sem acessibilidade,2026-09-29 14:38:00,2656975446303279517190
UE2015 (Anterior),ARACI,123,66,1836898,CENTRO TERRITORIAL DE EDUCAÇÃO PROFISSIONAL SISAL II,"PRAÇA JULIO DE CARVALHO, S/N",CENTRO,48760000,-11.3422328,-38.9609228,394,Sem acessibilidade,2026-09-29 14:50:00,982454067744903674958024
UE2015 (Anterior),ARACI,123,67,1770551,CENTRO TERRITORIAL DE EDUCAÇÃO PROFISSIONAL SISAL II,"PRAÇA JULIO DE CARVALHO, S/N",CENTRO,48760000,-11.3422328,-38.9609228,398,Sem acessibilidade,2026-09-29 15:00:00,487404678294063744361006
UE2015 (Anterior),ARACI,123,68,1757654,ESCOLA MUNICIPAL MARIA DE LOURDES MOTA CARVALHO BARRETO ,RUA JOSÉ PINHEIRO ,CENTRO,48760000,-11.3386667,-38.95957,372,Sem acessibilidade,2026-09-29 15:12:00,537909836299341653456380
UE2015 (Anterior),ARACI,123,69,1842541,ESCOLA MUNICIPAL MARIA DE LOURDES MOTA CARVALHO BARRETO ,RUA JOSÉ PINHEIRO ,CENTRO,48760000,-11.3386667,-38.95957,371,Sem acessibilidade,2026-09-29 15:33:00,942050350940008731363949
UE2015 (Anterior),ARACI,123,70,1754234,ESCOLA MUNICIPAL MARIA LÍDIA,"PRAÇA NICOLAU DE CARVALHO, S/N -  ZONA URBANA",CENTRO,48760000,-11.3378906,-38.9658727,349,Sem acessibilidade,2026-09-29 15:57:00,638919129509157488965883
UE2015 (Anterior),ARACI,123,71,1763015,ESCOLA MUNICIPAL MARIA LÍDIA,"PRAÇA NICOLAU DE CARVALHO, S/N -  ZONA URBANA",CENTRO,48760000,-11.3378906,-38.9658727,350,Sem acessibilidade,2026-09-29 16:06:00,164272762362270848730999
UE2015 (Anterior),ARACI,123,72,1766722,ESCOLA MUNICIPAL MARIA LÍDIA,"PRAÇA NICOLAU DE CARVALHO, S/N -  ZONA URBANA",CENTRO,48760000,-11.3378906,-38.9658727,352,Sem acessibilidade,2026-09-29 16:16:00,982454696544185377603673
UE2015 (Anterior),ARACI,123,73,1764943,COMPLEXO MUNICIPAL DE EDUCAÇÃO DO CAMPO AGOSTINHO DOS SANTOS,POVOADO BARREIRA,POVOADO BARREIRA,48760000,-11.0666717,-39.0473867,250,Sem acessibilidade,2026-09-29 16:25:00,588414405204808601556523
UE2015 (Anterior),ARACI,123,74,1763247,COMPLEXO MUNICIPAL DE EDUCAÇÃO DO CAMPO AGOSTINHO DOS SANTOS,POVOADO BARREIRA,POVOADO BARREIRA,48760000,-11.0666717,-39.0473867,247,Sem acessibilidade,2026-09-29 16:34:00,689424614014925502387824
UE2015 (Anterior),ARACI,123,75,1789156,COMPLEXO MUNICIPAL DE EDUCAÇÃO DO CAMPO AGOSTINHO DOS SANTOS,POVOADO BARREIRA,POVOADO BARREIRA,48760000,-11.0666717,-39.0473867,249,Sem acessibilidade,2026-09-29 16:52:00,497505539295770566951367
UE2015 (Anterior),ARACI,123,76,1764361,COMPLEXO MUNICIPAL DE EDUCAÇÃO DO CAMPO AGOSTINHO DOS SANTOS,POVOADO BARREIRA,POVOADO BARREIRA,48760000,-11.0666717,-39.0473867,246,Sem acessibilidade,2026-09-29 17:01:00,972353125343840540097736
UE2015 (Anterior),ARACI,123,77,1766794,COMPLEXO MUNICIPAL DE EDUCAÇÃO DO CAMPO AGOSTINHO DOS SANTOS,POVOADO BARREIRA,POVOADO BARREIRA,48760000,-11.0666717,-39.0473867,352,Sem acessibilidade,2026-09-29 17:11:00,194575458165153161916716
UE2015 (Anterior),ARACI,123,78,1811682,COMPLEXO MUNICIPAL DE EDUCAÇÃO DO CAMPO OTAVIO BARRETO DE ANDRADE ,POVOADO DE JOÃO VIEIRA ,POVOADO JOÃO VIEIRA,48760000,-11.15002,-38.9835317,257,Sem acessibilidade,2026-09-29 17:21:00,457101827891501923123429
UE2015 (Anterior),ARACI,123,79,1768285,COMPLEXO MUNICIPAL DE EDUCAÇÃO DO CAMPO OTAVIO BARRETO DE ANDRADE ,POVOADO DE JOÃO VIEIRA ,POVOADO JOÃO VIEIRA,48760000,-11.15002,-38.9835317,256,Sem acessibilidade,2026-09-29 17:30:00,881444363134951384296673
UE2015 (Anterior),ARACI,123,80,1776373,COMPLEXO MUNICIPAL DE EDUCAÇÃO DO CAMPO OTAVIO BARRETO DE ANDRADE ,POVOADO DE JOÃO VIEIRA ,POVOADO JOÃO VIEIRA,48760000,-11.15002,-38.9835317,256,Sem acessibilidade,2026-09-29 17:47:00,184474743264832776526830
UE2015 (Anterior),ARACI,123,81,1763464,COMPLEXO MUNICIPAL DE EDUCAÇÃO DO CAMPO OTAVIO BARRETO DE ANDRADE ,POVOADO DE JOÃO VIEIRA ,POVOADO JOÃO VIEIRA,48760000,-11.15002,-38.9835317,256,Sem acessibilidade,2026-09-29 17:56:00,285484950974951721910320
UE2015 (Anterior),ARACI,123,82,1764845,COMPLEXO MUNICIPAL DE EDUCAÇÃO DO CAMPO OTAVIO BARRETO DE ANDRADE ,POVOADO DE JOÃO VIEIRA ,POVOADO JOÃO VIEIRA,48760000,-11.15002,-38.9835317,258,Sem acessibilidade,2026-09-29 18:17:00,184474962364670123955747
UE2015 (Anterior),ARACI,123,83,1835446,COMPLEXO MUNICIPAL DE EDUCAÇÃO DO CAMPO DANIEL DE ALMEIDA RAMOS ,POVOADO DE PEDRA ALTA ,POVOADO PEDRA ALTA,48760000,-11.1388267,-39.1641283,340,Sem acessibilidade,2026-09-29 18:26:00,800636694926312734760218
UE2015 (Anterior),ARACI,123,84,1792112,COMPLEXO MUNICIPAL DE EDUCAÇÃO DO CAMPO DANIEL DE ALMEIDA RAMOS ,POVOADO DE PEDRA ALTA ,POVOADO PEDRA ALTA,48760000,-11.1388267,-39.1641283,338,Sem acessibilidade,2026-09-29 18:36:00,53161051651658326705485
UE2015 (Anterior),ARACI,123,85,1795205,COMPLEXO MUNICIPAL DE EDUCAÇÃO DO CAMPO DANIEL DE ALMEIDA RAMOS ,POVOADO DE PEDRA ALTA ,POVOADO PEDRA ALTA,48760000,-11.1388267,-39.1641283,336,Sem acessibilidade,2026-09-29 18:46:00,830939944429522083889501
UE2015 (Anterior),ARACI,123,86,1825075,COMPLEXO MUNICIPAL DE EDUCAÇÃO DO CAMPO DANIEL DE ALMEIDA RAMOS ,POVOADO DE PEDRA ALTA ,POVOADO PEDRA ALTA,48760000,-11.1388267,-39.1641283,339,Sem acessibilidade,2026-09-29 18:55:00,497505710395206492787539
UE2015 (Anterior),ARACI,123,87,1757037,COMPLEXO MUNICIPAL DE EDUCAÇÃO DO CAMPO DANIEL DE ALMEIDA RAMOS ,POVOADO DE PEDRA ALTA ,POVOADO PEDRA ALTA,48760000,-11.1388267,-39.1641283,336,Sem acessibilidade,2026-09-29 19:05:00,184474519064554457822207
UE2015 (Anterior),ARACI,123,88,1752174,COMPLEXO MUNICIPAL DE EDUCAÇÃO DO CAMPO JOAO PEREIRA DE PINHO,POVOADO  TAPUIO ,POVOADO TAPUIO,48760000,-11.2290617,-39.1725933,320,Sem acessibilidade,2026-09-29 19:26:00,325888768378941832445560
UE2015 (Anterior),ARACI,123,89,1760783,COMPLEXO MUNICIPAL DE EDUCAÇÃO DO CAMPO JOAO PEREIRA DE PINHO,POVOADO  TAPUIO ,POVOADO TAPUIO,48760000,-11.2290617,-39.1725933,321,Sem acessibilidade,2026-09-29 19:52:00,477303023593084064122802
UE2015 (Anterior),ARACI,123,90,1750213,COMPLEXO MUNICIPAL DE EDUCAÇÃO DO CAMPO JOAO PEREIRA DE PINHO,POVOADO  TAPUIO ,POVOADO TAPUIO,48760000,-11.2290617,-39.1725933,320,Sem acessibilidade,2026-09-29 20:01:00,73363707253242323918053
UE2015 (Anterior),ARACI,123,91,1757651,COMPLEXO MUNICIPAL DE EDUCAÇÃO DO CAMPO JOAO PEREIRA DE PINHO,POVOADO  TAPUIO ,POVOADO TAPUIO,48760000,-11.2290617,-39.1725933,385,Sem acessibilidade,2026-09-29 20:12:00,406696142286736319374038
UE2015 (Anterior),ARACI,123,92,1840681,COMPLEXO MUNICIPAL DE EDUCAÇÃO DO CAMPO JOAO PEREIRA DE PINHO,POVOADO  TAPUIO ,POVOADO TAPUIO,48760000,-11.2290617,-39.1725933,385,Sem acessibilidade,2026-09-29 20:20:00,83464935654363334445446
UE2015 (Anterior),ARACI,123,93,1790024,COMPLEXO MUNICIPAL EDUCAÇÃO DO CAMPO ACILINO PEREIRA DE SANTANA ,POVOADO DE VÁRZEA DA PEDRA ,POVOADO VÁRZEA DA PEDRA,48760000,-11.2123983,-39.237455,259,Sem acessibilidade,2026-09-29 20:30:00,800636769526175572734907
UE2015 (Anterior),ARACI,123,94,1793147,ESCOLA MUNICIPAL CATARINO NUNES DA SILVA,POVOADO BARBOSA -  ZONA RURAL,POVOADO BARBOSA,48760000,-11.1305533,-39.0702867,334,Sem acessibilidade,2026-09-29 20:40:00,477303544593932881785779
UE2015 (Anterior),ARACI,123,95,1754210,ESCOLA MUNICIPAL CATARINO NUNES DA SILVA,POVOADO BARBOSA -  ZONA RURAL,POVOADO BARBOSA,48760000,-11.1305533,-39.0702867,336,Sem acessibilidade,2026-09-29 20:50:00,234979419769783517653237
UE2015 (Anterior),ARACI,123,96,1832948,ESCOLA MUNICIPAL JÚLIO BARRETO,POVOADO DO BARREIRO PRETO -  ZONA RURAL,POVOADO BARREIRO PRETO,48760000,-11.177375,-38.9452817,352,Sem acessibilidade,2026-09-29 20:59:00,315787602677493086226468
UE2015 (Anterior),ARACI,123,97,1765575,ESCOLA MUNICIPAL JOÃO BERTOLDO,POVOADO BENTO -  ZONA RURAL,POVOADO BENTO,48760000,-11.1201933,-39.1987217,119,Sem acessibilidade,2026-09-29 21:31:00,436999836989989892691521
UE2015 (Anterior),ARACI,123,98,1674772,ESCOLA MUNICIPAL JOSÉ BONIFÁCIO,POVOADO  CALDEIRÃO  - ZONA RURAL,POVOADO CALDEIRÃO,48760000,-11.2954867,-39.0068783,341,Sem acessibilidade,2026-09-29 21:40:00,315787823977881583743352
UE2015 (Anterior),ARACI,123,99,1767523,ESCOLA MUNICIPAL JOSÉ DE ANCHIETA,POVOADO JACU -  ZONA RURAL,POVOADO JACU,48760000,-11.3144139,-38.9235451,246,Sem acessibilidade,2026-09-29 21:50:00,416797031287074157272565
UE2015 (Anterior),ARACI,123,100,1766991,ESCOLA MUNICIPAL SÃO JORGE,POVOADO RETIRADA  -  ZONA RURAL,POVOADO RETIRADA,48760000,-11.3470933,-39.0215167,217,Sem acessibilidade,2026-10-01 09:42:00,325888418178913279614880
UE2015 (Anterior),ARACI,123,101,1765015,ESCOLA MUNICIPAL PRODUÇÃO COMUNITÁRIA,POVOADO RIBEIRA -  ZONA RURAL,POVOADO RIBEIRA,48760000,-11.18116,-39.02002,319,Sem acessibilidade,2026-10-01 09:58:00,295585495475394521828327
UE2015 (Anterior),ARACI,123,102,1764549,ESCOLA MUNICIPAL PRODUÇÃO COMUNITÁRIA,POVOADO RIBEIRA -  ZONA RURAL,POVOADO RIBEIRA,48760000,-11.18116,-39.02002,319,Sem acessibilidade,2026-09-29 08:54:00,588414897802152826989331
UE2015 (Anterior),ARACI,123,103,1779653,ESCOLA MUNICIPAL JOSÉ FRANCISCO DE SOUSA,POVOADO ROÇA DE DENTRO -  ZONA RURAL,POVOADO ROÇA DE DENTRO,48760000,-11.126455,-39.233235,141,Sem acessibilidade,2026-09-29 13:03:00,406696828084973228723726
UE2015 (Anterior),ARACI,123,105,1768669,CENTRO DE EDUCAÇÃO MUNICIPAL OLIVEIRA BRITO,"RUA SETE DE SETEMBRO, S/N -  ZONA URBANA",CENTRO,48760000,-11.3426989,-38.9629461,362,Sem acessibilidade,2026-09-29 13:13:00,548010183998209177224990
UE2015 (Anterior),ARACI,123,106,1794491,CENTRO DE EDUCAÇÃO MUNICIPAL OLIVEIRA BRITO,"RUA SETE DE SETEMBRO, S/N -  ZONA URBANA",CENTRO,48760000,-11.3426989,-38.9629461,362,Sem acessibilidade,2026-09-29 13:24:00,972353722641798670962612
UE2015 (Anterior),ARACI,123,107,1765702,CENTRO DE EDUCAÇÃO MUNICIPAL OLIVEIRA BRITO,"RUA SETE DE SETEMBRO, S/N -  ZONA URBANA",CENTRO,48760000,-11.3426989,-38.9629461,365,Sem acessibilidade,2026-09-29 13:34:00,224878085866135225400994
UE2015 (Anterior),ARACI,123,108,1810876,CENTRO DE EDUCAÇÃO MUNICIPAL OLIVEIRA BRITO,"RUA SETE DE SETEMBRO, S/N -  ZONA URBANA",CENTRO,48760000,-11.3426989,-38.9629461,364,Sem acessibilidade,2026-09-29 13:43:00,356191329879284259058955
UE2015 (Anterior),ARACI,123,109,1765097,CENTRO DE EDUCAÇÃO MUNICIPAL OLIVEIRA BRITO,"RUA SETE DE SETEMBRO, S/N -  ZONA URBANA",CENTRO,48760000,-11.3426989,-38.9629461,362,Sem acessibilidade,2026-09-29 13:54:00,154171234659249137692710
UE2015 (Anterior),ARACI,123,110,1766105,CENTRO DE EDUCAÇÃO MUNICIPAL OLIVEIRA BRITO,"RUA SETE DE SETEMBRO, S/N -  ZONA URBANA",CENTRO,48760000,-11.3426989,-38.9629461,355,Sem acessibilidade,2026-09-29 14:04:00,578313738701329172271847
UE2015 (Anterior),ARACI,123,111,1764428,ESCOLA MUNICIPAL COSME DE FARIAS,POVOADO GUERRA -  ZONA RURAL,POVOADO GUERRA,48760000,-11.0684667,-38.9557383,260,Sem acessibilidade,2026-09-29 14:14:00,760232035820607847523972
UE2015 (Anterior),ARACI,123,112,1768987,ESCOLA MUNICIPAL FRANCISCO FERREIRA FIRMO,POVOADO LAGOA DO CURRAL  -  ZONA RURAL,POVOADO LAGOA DO CURRAL,48760000,-11.259831,-38.9696674,131,Sem acessibilidade,2026-09-29 14:25:00,22858401246026036302849
UE2015 (Anterior),ARACI,123,113,1767366,COMPLEXO MUNICIPAL EDUCAÇÃO DO CAMPO  MARIA BARRETO DE  JESUS ,POVOADO POÇO GRANDE ,POVOADO POÇO GRANDE,48760000,-11.252869,-39.1061608,390,Sem acessibilidade,2026-09-29 14:34:00,386494876682404453878292
UE2015 (Anterior),ARACI,123,114,1766236,ESCOLA MUNICIPAL OLAVO PINTO,POVOADO QUEIMADINHA -  ZONA RURAL,POVOADO QUEIMADINHA,48760000,-11.39625,-39.057915,156,Sem acessibilidade,2026-09-29 14:43:00,174373779661214885365539
UE2015 (Anterior),ARACI,123,115,1848253,ESCOLA MARTIN PEREIRA DA SILVA,POVOADO BELA VISTA -  ZONA RURAL,POVOADO BELA VISTA,48760000,-11.234225,-39.04315,288,Sem acessibilidade,2026-09-29 14:55:00,436999142087708697081573
UE2015 (Anterior),ARACI,123,116,1765638,ESCOLA MUNICIPAL GUILHERMINO BISPO DE LIMA ,POVOADO CAMPO GRANDE -  ZONA RURAL,POVOADO CAMPO GRANDE,48760000,-10.9944183,-39.258045,76,Sem acessibilidade,2026-09-29 15:13:00,133969952957017181182544
UE2015 (Anterior),ARACI,123,117,1768174,COMPLEXO MUNICIPAL DE EDUCAÇÃO DO CAMPO ERALDO TINOCO,POVOADO LAGOA DO BOI -  ZONA RURAL,POVOADO LAGOA DO BOI,48760000,-11.0988967,-38.9949667,350,Sem acessibilidade,2026-09-29 15:22:00,103666032654009704769006
UE2015 (Anterior),ARACI,123,118,1788378,COMPLEXO MUNICIPAL DE EDUCAÇÃO DO CAMPO ERALDO TINOCO,POVOADO LAGOA DO BOI -  ZONA RURAL,POVOADO LAGOA DO BOI,48760000,-11.0988967,-38.9949667,351,Sem acessibilidade,2026-09-29 15:32:00,224878261066213908437822
UE2015 (Anterior),ARACI,123,119,1836923,ESCOLA MUNICIPAL SÃO JOSÉ,POVOADO RUFINO -  ZONA RURAL,POVOADO RUFINO,48760000,-11.3213183,-39.0292733,286,Sem acessibilidade,2026-09-29 15:42:00,911747065535995073090741
UE2015 (Anterior),ARACI,123,120,1763131,ESCOLA MUNICIPAL JOSÉ ANASTÁCIO BARRETO,POVOADO SERRA BRANCA -  ZONA RURAL,POVOADO SERRA BRANCA,48760000,-11.34594,-38.8775867,253,Sem acessibilidade,2026-09-29 15:53:00,558111785599796959178889
UE2015 (Anterior),ARACI,123,121,1768538,ESCOLA MUNICIPAL IMACULADA CONCEIÇÃO,"RUA ANTONIO OLIVEIRA MOTA, S/N -  ZONA URBANA",CENTRO,48760000,-11.3341509,-38.9633586,315,Sem acessibilidade,2026-09-29 16:05:00,234979575967270189679432
UE2015 (Anterior),ARACI,123,122,1778388,ESCOLA MUNICIPAL IMACULADA CONCEIÇÃO,"RUA ANTONIO OLIVEIRA MOTA, S/N -  ZONA URBANA",CENTRO,48760000,-11.3341509,-38.9633586,315,Sem acessibilidade,2026-09-29 16:15:00,841040297228975152305291
UE2015 (Anterior),ARACI,123,123,1769577,CENTRO DE EDUCAÇÃO MUNICIPAL OLIVEIRA BRITO,"RUA SETE DE SETEMBRO, S/N -  ZONA URBANA",CENTRO,48760000,-11.3426989,-38.9629461,360,Sem acessibilidade,2026-09-29 16:29:00,396595951983891161119166
UE2015 (Anterior),ARACI,123,124,1836452,CENTRO DE EDUCAÇÃO MUNICIPAL OLIVEIRA BRITO,"RUA SETE DE SETEMBRO, S/N -  ZONA URBANA",CENTRO,48760000,-11.3426989,-38.9629461,362,Sem acessibilidade,2026-09-29 16:39:00,275383948071868806454825
UE2015 (Anterior),ARACI,123,125,1766903, ESCOLAR MUNICIPAL ERASMO DE OLIVEIRA CARVALHO,"RUA JOÃO PAULO II, S/N -  ZONA URBANA",COQUEIRO,48760000,-11.3306906,-38.9608617,318,Sem acessibilidade,2026-09-29 16:50:00,164272948460301707518219
UE2015 (Anterior),ARACI,123,126,1766029, ESCOLAR MUNICIPAL ERASMO DE OLIVEIRA CARVALHO,"RUA JOÃO PAULO II, S/N -  ZONA URBANA",COQUEIRO,48760000,-11.3306906,-38.9608617,316,Sem acessibilidade,2026-09-29 17:01:00,315787201275181135172341
UE2015 (Anterior),ARACI,123,127,1762927, ESCOLAR MUNICIPAL ERASMO DE OLIVEIRA CARVALHO,"RUA JOÃO PAULO II, S/N -  ZONA URBANA",COQUEIRO,48760000,-11.3306906,-38.9608617,318,Sem acessibilidade,2026-09-29 17:10:00,739929736317620447784367
UE2015 (Anterior),ARACI,123,128,1774463, ESCOLAR MUNICIPAL ERASMO DE OLIVEIRA CARVALHO,"RUA JOÃO PAULO II, S/N -  ZONA URBANA",COQUEIRO,48760000,-11.3306906,-38.9608617,317,Sem acessibilidade,2026-09-29 17:21:00,750131866719809077820440
UE2015 (Anterior),ARACI,123,130,1839593,ESCOLA MUNICIPAL JORGE AMADO,POVOADO LAJINHA  -  ZONA RURAL,POVOADO LAJINHA,48760000,-11.126795,-39.2463583,213,Sem acessibilidade,2026-09-29 17:32:00,53161354549266053676933
UE2015 (Anterior),ARACI,123,131,1757156,CENTRO DE EDUCAÇÃO MUNICIPAL OLIVEIRA BRITO,"RUA SETE DE SETEMBRO, S/N -  ZONA URBANA",CENTRO,48760000,-11.3426989,-38.9629461,363,Sem acessibilidade,2026-09-29 17:42:00,467202873890761742964342
UE2015 (Anterior),ARACI,123,132,1766603,CENTRO DE EDUCAÇÃO MUNICIPAL OLIVEIRA BRITO,"RUA SETE DE SETEMBRO, S/N -  ZONA URBANA",CENTRO,48760000,-11.3426989,-38.9629461,361,Sem acessibilidade,2026-09-29 18:01:00,830939353027818824674205
UE2015 (Anterior),ARACI,123,133,1815408,ESCOLA MUNICIPAL GUSTAVO FERREIRA DA SILVA,POVOADO QUEIMADA DO BORGES  -  ZONA RURAL,POVOADO QUEIMADA DO BORGES,48760000,-11.2619983,-39.04565,212,Sem acessibilidade,2026-09-29 18:11:00,497505127093566877814351
UE2015 (Anterior),ARACI,123,134,1765931,ESCOLA MUNICIPAL CASTRO ALVES,POVOADO CAMPO DO ELOI  -  ZONA RURAL,POVOADO CAMPO DO ELOI,48760000,-11.16396,-39.1368883,248,Sem acessibilidade,2026-09-29 18:20:00,204676949464298837151014
UE2015 (Anterior),ARACI,123,135,1767426,ESCOLA MUNICIPAL JARBAS PASSARINHO,POVOADO LAGOA DO LAGE  -  ZONA RURAL,POVOADO LAGOA DA LAJE,48760000,-11.05204,-39.1820233,335,Sem acessibilidade,2026-09-29 18:30:00,739929586417911545055992
UE2015 (Anterior),ARACI,123,136,1752641,ESCOLA MUNICIPAL OLAVO BILAC,POVOADO CALDEIRÃO NOVO  -  ZONA RURAL,POVOADO CALDEIRÃO NOVO,48760000,-11.169735,-39.1966883,232,Sem acessibilidade,2026-09-29 18:40:00,740030700018019080886214
UE2015 (Anterior),ARACI,123,137,1765998,ESCOLA MUNICIPAL OITO DE DEZEMBRO,POVOADO SERRA DOS BOIS -  ZONA RURAL,POVOADO SERRA DOS BOIS,48760000,-11.0958917,-39.1636333,122,Sem acessibilidade,2026-09-29 18:50:00,335989403677694527877344
UE2015 (Anterior),ARACI,123,138,1835162,ESCOLA MUNICIPAL VALDEMIRO FERREIRA PINHEIRO,POVOADO UMBURANINHA  -  ZONA RURAL,POVOADO UMBURANINHA,48760000,-11.115585,-39.1452917,186,Sem acessibilidade,2026-09-29 18:58:00,426898607686345877856955
UE2015 (Anterior),ARACI,123,139,1757442,ESCOLA MUNICIPAL VINICIUS DE MORAES,POVOADO PALMEIRA  -  ZONA RURAL,POVOADO PALMEIRA,48760000,-11.183185,-39.0841183,178,Sem acessibilidade,2026-09-29 19:08:00,659121943109237288283785
UE2015 (Anterior),ARACI,123,140,1840876,ESCOLA MUNICIPAL CARLOS OLIVEIRA COSTA,POVOADO QUEIMADA GRANDE -  ZONA RURAL ,POVOADO QUEIMADA GRANDE,48760000,-11.3249517,-38.894235,217,Sem acessibilidade,2026-09-29 19:18:00,578313945301243869754366
UE2015 (Anterior),ARACI,123,141,1766253,CENTRO TERRITORIAL DE EDUCAÇÃO PROFISSIONAL SISAL II,"PRAÇA JULIO DE CARVALHO, S/N",CENTRO,48760000,-11.3422328,-38.9609228,395,Sem acessibilidade,2026-09-29 19:27:00,154171638959846329337733
UE2015 (Anterior),ARACI,123,142,1763430,COMPLEXO MUNICIPAL DE EDUCAÇÃO DO CAMPO AGOSTINHO DOS SANTOS,POVOADO BARREIRA,POVOADO BARREIRA,48760000,-11.0666717,-39.0473867,351,Sem acessibilidade,2026-09-29 19:36:00,103666692254817159728219
UE2015 (Anterior),ARACI,123,143,1755343,ESCOLA MUNICIPAL MARIA DE LOURDES MOTA CARVALHO BARRETO ,RUA JOSÉ PINHEIRO ,CENTRO,48760000,-11.3386667,-38.95957,372,Sem acessibilidade,2026-09-29 19:46:00,285484987872089518952163
UE2015 (Anterior),ARACI,123,145,1832812,GRUPO ESCOLAR ANA OLIVEIRA,"AVENIDA ARACAJU, S/N",CENTRO,48760000,-11.3391584,-38.9626598,345,Sem acessibilidade,2026-09-29 19:55:00,396595314083218243193275
UE2015 (Anterior),ARACI,123,146,1822484,COMPLEXO MUNICIPAL EDUCAÇÃO DO CAMPO  MARIA BARRETO DE  JESUS ,POVOADO POÇO GRANDE ,POVOADO POÇO GRANDE,48760000,-11.252869,-39.1061608,392,Sem acessibilidade,2026-09-29 20:06:00,477303500491990491349388
UE2015 (Anterior),ARACI,123,147,1773525,COMPLEXO MUNICIPAL DE EDUCAÇÃO DO CAMPO JOAO PEREIRA DE PINHO,POVOADO  TAPUIO ,POVOADO TAPUIO,48760000,-11.2290617,-39.1725933,384,Sem acessibilidade,2026-09-29 20:17:00,43060186848726997058571
UE2015 (Anterior),ARACI,123,149,1774426,CENTRO DE EDUCAÇÃO MUNICIPAL OLIVEIRA BRITO,"RUA SETE DE SETEMBRO, S/N -  ZONA URBANA",CENTRO,48760000,-11.3426989,-38.9629461,361,Sem acessibilidade,2026-09-29 20:27:00,32959397847807196486976
UE2015 (Anterior),ARACI,123,152,1765227,ESCOLA MUNICIPAL MARIA LÍDIA,"PRAÇA NICOLAU DE CARVALHO, S/N -  ZONA URBANA",CENTRO,48760000,-11.3378906,-38.9658727,350,Sem acessibilidade,2026-09-29 08:43:00,709626363855116763142013
UE2015 (Anterior),ARACI,123,153,1825803,ESCOLA MUNICIPAL IMACULADA CONCEIÇÃO,"RUA ANTONIO OLIVEIRA MOTA, S/N -  ZONA URBANA",CENTRO,48760000,-11.3341509,-38.9633586,310,Com acessibilidade,2026-09-29 13:11:00,568212337141081450513654
UE2015 (Anterior),ARACI,123,154,1815007,ESCOLA MUNICIPAL SÃO JOSÉ,POVOADO RUFINO -  ZONA RURAL,POVOADO RUFINO,48760000,-11.3213183,-39.0292733,284,Sem acessibilidade,2026-09-29 13:23:00,194575070304947725352798
UE2015 (Anterior),ARACI,123,155,1766021,ESCOLA MUNICIPAL COSME DE FARIAS,POVOADO GUERRA -  ZONA RURAL,POVOADO GUERRA,48760000,-11.0684667,-38.9557383,259,Sem acessibilidade,2026-09-29 13:32:00,63262051591830825388575
UE2015 (Anterior),ARACI,123,156,1757004,ESCOLA MUNICIPAL CATARINO NUNES DA SILVA,POVOADO BARBOSA -  ZONA RURAL,POVOADO BARBOSA,48760000,-11.1305533,-39.0702867,333,Sem acessibilidade,2026-09-29 13:54:00,376393474922460630017468
UE2015 (Anterior),ARACI,123,158,1764863,ESCOLA MUNICIPAL OSVALDO CRUZ,POVOADO DO TANQUE CAVADO -  ZONA RURAL,POVOADO TANQUE CAVADO,48760000,-11.0890383,-39.023255,272,Sem acessibilidade,2026-09-29 14:02:00,739929058258345092270531
UE2015 (Anterior),ARACI,123,159,1778683, ESCOLAR MUNICIPAL ERASMO DE OLIVEIRA CARVALHO,"RUA JOÃO PAULO II, S/N -  ZONA URBANA",COQUEIRO,48760000,-11.3306906,-38.9608617,314,Sem acessibilidade,2026-09-29 14:12:00,548010971839249970274023
UE2015 (Anterior),ARACI,123,162,1765363,ESCOLA MUNICIPAL JOSÉ BONIFÁCIO,POVOADO  CALDEIRÃO  - ZONA RURAL,POVOADO CALDEIRÃO,48760000,-11.2954867,-39.0068783,340,Sem acessibilidade,2026-09-29 14:22:00,800636536365598948239433
UE2015 (Anterior),ARACI,123,163,1767449,ESCOLA MUNICIPAL MARIA DE LOURDES MOTA CARVALHO BARRETO ,RUA JOSÉ PINHEIRO ,CENTRO,48760000,-11.3386667,-38.95957,371,Sem acessibilidade,2026-09-29 14:32:00,366292207621246461833342
UE2015 (Anterior),ARACI,123,164,1751060,ESCOLA MUNICIPAL PRODUÇÃO COMUNITÁRIA,POVOADO RIBEIRA -  ZONA RURAL,POVOADO RIBEIRA,48760000,-11.18116,-39.02002,319,Sem acessibilidade,2026-09-29 14:42:00,457101403330428460744153
UE2015 (Anterior),ARACI,123,165,1767527,CENTRO TERRITORIAL DE EDUCAÇÃO PROFISSIONAL SISAL II,"PRAÇA JULIO DE CARVALHO, S/N",CENTRO,48760000,-11.3422328,-38.9609228,397,Sem acessibilidade,2026-09-29 14:51:00,911747979876902624254267
UE2015 (Anterior),ARACI,123,166,1765611,ESCOLA MARTIN PEREIRA DA SILVA,POVOADO BELA VISTA -  ZONA RURAL,POVOADO BELA VISTA,48760000,-11.234225,-39.04315,288,Sem acessibilidade,2026-09-29 15:11:00,780434950963527060765496
UE2015 (Anterior),ARACI,123,167,1787143,ESCOLA MUNICIPAL JOSÉ DE ANCHIETA,POVOADO JACU -  ZONA RURAL,POVOADO JACU,48760000,-11.3144139,-38.9235451,246,Sem acessibilidade,2026-09-29 15:22:00,234979511008134238857624
UE2015 (Anterior),ARACI,123,168,1765494,ASSOCIAÇÃO COMUNITÁRIA DOS PEQUENOS AGRICULTORES DO RIACHO FUNDO,POVOADO TERRA DURA - ZONA RURAL,POVOADO TERRA DURA,48760000,-11.3303629,-38.9655893,189,Sem acessibilidade,2026-09-29 15:31:00,841040231669760874679699
UE2015 (Anterior),ARACI,123,170,1753598,ASSOCIAÇÃO PEQUENOS AGRICULTORES DA DUAS ESTRADAS ,POVOADO DUAS ESTRADAS - ZONA RURAL,POVOADO DUAS ESTRADAS,48760000,-11.2285383,-39.0895217,192,Sem acessibilidade,2026-09-29 15:43:00,679323251352820354577396
UE2015 (Anterior),ARACI,123,171,1767043,COMPLEXO MUNICIPAL DE EDUCAÇÃO DO CAMPO JOAO PEREIRA DE PINHO,POVOADO  TAPUIO ,POVOADO TAPUIO,48760000,-11.2290617,-39.1725933,381,Sem acessibilidade,2026-09-29 15:55:00,497505180734874724989336
UE2015 (Anterior),ARACI,123,173,1792035,ESCOLA MUNICIPAL MELQUIDES VENTURA,POVOADO RUA DA PALHA DO MINADOR - ZONA RURAL,POVOADO RUA DA PALHA DO MINADOR,48760000,-11.2225433,-38.9830883,236,Sem acessibilidade,2026-09-29 16:05:00,386494299123428808775122
UE2015 (Anterior),ARACI,123,174,1772074,ESCOLA COMUNITÁRIA DO FUBÁ TERESA MARIA DE JESUS,POVOADO FUBÁ - ZONA RURAL,POVOADO FUBÁ,48760000,-11.37048,-38.8825033,307,Sem acessibilidade,2026-09-29 16:28:00,477303491332905791584688
UE2015 (Anterior),ARACI,123,175,1765229,COMPLEXO MUNICIPAL DE EDUCAÇÃO DO CAMPO JOAO PEREIRA DE PINHO,POVOADO  TAPUIO ,POVOADO TAPUIO,48760000,-11.2290617,-39.1725933,320,Sem acessibilidade,2026-09-29 16:36:00,740030876059124686344343
UE2015 (Anterior),ARACI,123,176,1829187,ESCOLA MUNICIPAL DUQUE DE CAXIAS,POVOADO LAGOA DA JUREMA - ZONA RURAL,POVOADO LAGOA DA JUREMA,48760000,-11.1085633,-38.9922717,327,Sem acessibilidade,2026-09-29 16:45:00,638919878948030712317269
UE2015 (Anterior),ARACI,123,179,1754124,COMPLEXO MUNICIPAL DE EDUCAÇÃO DO CAMPO OTAVIO BARRETO DE ANDRADE ,POVOADO DE JOÃO VIEIRA ,POVOADO JOÃO VIEIRA,48760000,-11.15002,-38.9835317,256,Sem acessibilidade,2026-09-29 16:55:00,265282834011758162870150
UE2015 (Anterior),ARACI,123,181,1764328,GRUPO ESCOLAR ANA OLIVEIRA,"AVENIDA ARACAJU, S/N",CENTRO,48760000,-11.3391584,-38.9626598,342,Sem acessibilidade,2026-09-29 17:05:00,144070908999293089839312
UE2015 (Anterior),ARACI,123,182,1837848,ESCOLA MUNICIPAL SÃO JORGE,POVOADO RETIRADA  -  ZONA RURAL,POVOADO RETIRADA,48760000,-11.3470933,-39.0215167,216,Sem acessibilidade,2026-09-29 17:23:00,739929600658929959514098
UE2015 (Anterior),ARACI,123,183,1795274,COMPLEXO MUNICIPAL DE EDUCAÇÃO DO CAMPO DANIEL DE ALMEIDA RAMOS ,POVOADO DE PEDRA ALTA ,POVOADO PEDRA ALTA,48760000,-11.1388267,-39.1641283,337,Sem acessibilidade,2026-09-29 17:35:00,325888306117746292741611
UE2015 (Anterior),ARACI,123,184,1766944,CENTRO TERRITORIAL DE EDUCAÇÃO PROFISSIONAL SISAL II,"PRAÇA JULIO DE CARVALHO, S/N",CENTRO,48760000,-11.3422328,-38.9609228,396,Sem acessibilidade,2026-09-29 17:44:00,891545981074338055002655
UE2015 (Anterior),ARACI,123,187,1814758,ESCOLA MUNICIPAL IMACULADA CONCEIÇÃO,"RUA ANTONIO OLIVEIRA MOTA, S/N -  ZONA URBANA",CENTRO,48760000,-11.3341509,-38.9633586,312,Sem acessibilidade,2026-09-29 17:55:00,689424105653280073539874
UE2015 (Anterior),ARACI,123,189,1769745,CENTRO DE EDUCAÇÃO MUNICIPAL OLIVEIRA BRITO,"RUA SETE DE SETEMBRO, S/N -  ZONA URBANA",CENTRO,48760000,-11.3426989,-38.9629461,361,Sem acessibilidade,2026-09-29 18:06:00,568212209941898615287580
UE2015 (Anterior),ARACI,123,190,1769656,ESCOLA MUNICIPAL MARIA DE LOURDES MOTA CARVALHO BARRETO ,RUA JOSÉ PINHEIRO ,CENTRO,48760000,-11.3386667,-38.95957,371,Sem acessibilidade,2026-09-29 18:17:00,2656725685490683863685
UE2015 (Anterior),ARACI,123,191,1768516,ESCOLA MUNICIPAL EZEQUIEL DIAS BARRETO,POVOADO DO BALAIO - ZONA RURAL,POVOADO DO BALAIO,48760000,-11.35854,-39.0675683,235,Sem acessibilidade,2026-09-29 18:27:00,234979061908811808826846
UE2015 (Anterior),ARACI,123,193,1793521,ESCOLA MUNICIPAL PERPÉTUA PEREIRA DOS SANTOS,POVOADO DE PERPÉTUA - ZONA RURAL,POVOADO DE PERPÉTUA,48760000,-11.143705,-39.0016267,232,Sem acessibilidade,2026-09-29 18:44:00,800636853065356445682708
UE2015 (Anterior),ARACI,123,194,1790534,ESCOLA MUNICIPAL CATARINO NUNES DA SILVA,POVOADO BARBOSA -  ZONA RURAL,POVOADO BARBOSA,48760000,-11.1305533,-39.0702867,332,Sem acessibilidade,2026-09-29 18:54:00,376393539822015881079928
UE2015 (Anterior),ARACI,123,195,1765263,COMPLEXO MUNICIPAL DE EDUCAÇÃO DO CAMPO AGOSTINHO DOS SANTOS,POVOADO BARREIRA,POVOADO BARREIRA,48760000,-11.0666717,-39.0473867,266,Sem acessibilidade,2026-09-29 19:03:00,315787580716546226353191
UE2015 (Anterior),ARACI,123,196,1760504,ESCOLA MUNICIPAL SÃO JOSÉ,POVOADO RUFINO -  ZONA RURAL,POVOADO RUFINO,48760000,-11.3213183,-39.0292733,281,Sem acessibilidade,2026-09-29 19:12:00,618717995646863583431793
UE2015 (Anterior),ARACI,123,197,1768137,ESCOLA MUNICIPAL MARIA LÍDIA,"PRAÇA NICOLAU DE CARVALHO, S/N -  ZONA URBANA",CENTRO,48760000,-11.3378906,-38.9658727,352,Sem acessibilidade,2026-09-29 19:22:00,507606994935846373126820
UE2015 (Anterior),ARACI,123,198,1769760,ESCOLA MUNICIPAL JOSE NILTON DA SILVA SANTIAGO,RUA INTENDENT JOSÉ TOMAZ BARRETO,CASCALHEIRA,48760000,-11.3401617,-38.966685,278,Sem acessibilidade,2026-09-29 19:32:00,618717218146043623218868
UE2015 (Anterior),ARACI,123,199,1766300,ESCOLA MUNICIPAL FAUSTINA LISBOA PINHEIRO,"RUA LOMANTO JÚNIOR, SN",BOMBINHA,48760000,-11.3386652,-38.9546248,344,Sem acessibilidade,2026-09-29 19:44:00,43060750389703422755242
UE2015 (Anterior),ARACI,123,201,1752910,ESCOLA MUNICIPAL IMACULADA CONCEIÇÃO,"RUA ANTONIO OLIVEIRA MOTA, S/N -  ZONA URBANA",CENTRO,48760000,-11.3341509,-38.9633586,314,Sem acessibilidade,2026-09-29 20:10:00,275383563212465585711890
UE2015 (Anterior),ARACI,123,202,1770536,ESCOLA MUNICIPAL PRODUÇÃO COMUNITÁRIA,POVOADO RIBEIRA -  ZONA RURAL,POVOADO RIBEIRA,48760000,-11.18116,-39.02002,314,Sem acessibilidade,2026-09-29 20:21:00,386494789523733373065496
UE2015 (Anterior),ARACI,123,203,1766890,ESCOLA MUNICIPAL JOSÉ ANASTÁCIO BARRETO,POVOADO SERRA BRANCA -  ZONA RURAL,POVOADO SERRA BRANCA,48760000,-11.34594,-38.8775867,250,Sem acessibilidade,2026-09-29 20:30:00,568212078941930961964341
UE2015 (Anterior),ARACI,123,204,1766859,ESCOLA MUNICIPAL OLAVO BILAC,POVOADO CALDEIRÃO NOVO  -  ZONA RURAL,POVOADO CALDEIRÃO NOVO,48760000,-11.169735,-39.1966883,230,Sem acessibilidade,2026-09-29 20:40:00,729828344257181453824300
UE2015 (Anterior),ARACI,123,206,1836294, ESCOLAR MUNICIPAL ERASMO DE OLIVEIRA CARVALHO,"RUA JOÃO PAULO II, S/N -  ZONA URBANA",COQUEIRO,48760000,-11.3306906,-38.9608617,317,Sem acessibilidade,2026-09-29 20:50:00,810737658266368563625425
UE2015 (Anterior),ARACI,123,207,1774513,ESCOLA MUNICIPAL FAUSTINA LISBOA PINHEIRO,"RUA LOMANTO JÚNIOR, SN",BOMBINHA,48760000,-11.3386652,-38.9546248,341,Sem acessibilidade,2026-09-29 20:59:00,457101408930636774671940
UE2015 (Anterior),ARACI,123,211,1815316,ESCOLA MUNICIPAL MARIA MADALENA SANTOS SILVA,POVOADO QUEIMADA REDONDA - ZONA RURAL,POVOADO QUEIMADA REDONDA,48760000,-11.3818117,-39.060175,155,Sem acessibilidade,2026-09-29 21:09:00,103666461795947260517155
UE2015 (Anterior),ARATUÍPE,30,64,1753300,COLÉGIO ESTADUAL PROFESSOR ROCHA PITA,"RUA BARÃO DO RIO BRANCO, N. 02 - ZONA URBANA",CENTRO,44490000,-13.0802086,-39.001993,336,Com acessibilidade,2026-09-25 09:07:00,343155209570429621028608
UE2015 (Anterior),ARATUÍPE,30,65,1810253,COLÉGIO ESTADUAL PROFESSOR ROCHA PITA,"RUA BARÃO DO RIO BRANCO, N. 02 - ZONA URBANA",CENTRO,44490000,-13.0802086,-39.001993,334,Com acessibilidade,2026-09-25 09:18:00,959216926731193483306153
UE2015 (Anterior),ARATUÍPE,30,66,1824436,COLÉGIO ESTADUAL PROFESSOR ROCHA PITA,"RUA BARÃO DO RIO BRANCO, N. 02 - ZONA URBANA",CENTRO,44490000,-13.0802086,-39.001993,339,Com acessibilidade,2026-09-25 09:27:00,747195821210002168565455
UE2015 (Anterior),ARATUÍPE,30,67,1772767,COLÉGIO ESTADUAL PROFESSOR ROCHA PITA,"RUA BARÃO DO RIO BRANCO, N. 02 - ZONA URBANA",CENTRO,44490000,-13.0802086,-39.001993,335,Com acessibilidade,2026-09-25 09:36:00,191640385055472396299616
UE2015 (Anterior),ARATUÍPE,30,68,1794809,ESCOLA MUNICIPAL JOANA ANGÉLICA,RUA JOSE ELIOTERIO - ZONA RURAL,DISTRITO MARAGOGIPINHO,44490000,-13.0536684,-38.9664399,300,Com acessibilidade,2026-09-25 09:45:00,413862717177712504502702
UE2015 (Anterior),ARATUÍPE,30,69,1764665,ESCOLA MUNICIPAL JOANA ANGÉLICA,RUA JOSE ELIOTERIO - ZONA RURAL,DISTRITO MARAGOGIPINHO,44490000,-13.0536684,-38.9664399,300,Com acessibilidade,2026-09-25 09:53:00,787599199114035648983380
UE2015 (Anterior),ARATUÍPE,30,70,1751045,COLÉGIO ESTADUAL PROFESSOR ROCHA PITA,"RUA BARÃO DO RIO BRANCO, N. 02 - ZONA URBANA",CENTRO,44490000,-13.0802086,-39.001993,333,Com acessibilidade,2026-09-25 10:03:00,716892208207598325032150
UE2015 (Anterior),ARATUÍPE,30,71,1794680,ESCOLA MUNICIPAL PROF. CLEONICE DA SILVA NUNES (ANTIGO EMA),"RUA EDMUNDO HONORATO BARRETO, S/N - ZONA URBANA",CIDADE DE PALHA,44490000,-13.0783295,-39.0007172,262,Com acessibilidade,2026-09-25 10:12:00,666387268902564318400440
UE2015 (Anterior),ARATUÍPE,30,72,1762917,CRECHE MUNICIPAL SENHORA DE SANTANA,RUA BARÃO DO RIO BRANCO,CENTRO,44490000,-13.0797044,-39.0010096,312,Com acessibilidade,2026-09-25 10:23:00,999620707835050475865394
UE2015 (Anterior),ARATUÍPE,30,73,1750469,CRECHE MUNICIPAL SENHORA DE SANTANA,RUA BARÃO DO RIO BRANCO,CENTRO,44490000,-13.0797044,-39.0010096,309,Com acessibilidade,2026-09-25 10:32:00,585579404694668396721799
UE2015 (Anterior),ARATUÍPE,30,74,1760131,COLÉGIO MUNICIPAL EDVALDO MACHADO BOAVENTURA,RUA ANTONIO ALMEIDA - ZONA RURAL,DISTRITO MARAGOGIPINHO,44490000,-13.0544848,-38.964427,324,Com acessibilidade,2026-09-25 10:40:00,737094664609768953450185
UE2015 (Anterior),ARATUÍPE,30,75,1824441,COLÉGIO MUNICIPAL EDVALDO MACHADO BOAVENTURA,RUA ANTONIO ALMEIDA - ZONA RURAL,DISTRITO MARAGOGIPINHO,44490000,-13.0544848,-38.964427,319,Com acessibilidade,2026-09-25 10:50:00,928913969628045065670149
UE2015 (Anterior),ARATUÍPE,30,76,1769413,ESCOLA MUNICIPAL NOSSA SENHORA DE SANTANA,RUA CONEGO SILVIO SILVINO - ZONA URBANA,CENTRO,44490000,-13.0768002,-39.0019283,312,Com acessibilidade,2026-09-25 10:59:00,979418126833724733527845
UE2015 (Anterior),ARATUÍPE,30,77,1769743,ESCOLA MUNICIPAL NOSSA SENHORA DE SANTANA,RUA CONEGO SILVIO SILVINO - ZONA URBANA,CENTRO,44490000,-13.0768002,-39.0019283,316,Com acessibilidade,2026-09-25 11:07:00,302751565566579871483283
UE2015 (Anterior),ARATUÍPE,30,78,1770406,CRECHE MUNICIPAL SENHORA DE SANTANA,RUA BARÃO DO RIO BRANCO,CENTRO,44490000,-13.0797044,-39.0010096,307,Com acessibilidade,2026-09-25 11:16:00,19822381837305245470265
UE2015 (Anterior),ARATUÍPE,30,79,1805618,CRECHE MUNICIPAL SENHORA DE SANTANA,RUA BARÃO DO RIO BRANCO,CENTRO,44490000,-13.0797044,-39.0010096,307,Com acessibilidade,2026-09-25 11:24:00,201741685556440923375612
UE2015 (Anterior),ARATUÍPE,30,159,1776548,ESCOLA MUNICIPAL PROF. CLEONICE DA SILVA NUNES (ANTIGO EMA),"RUA EDMUNDO HONORATO BARRETO, S/N - ZONA URBANA",CIDADE DE PALHA,44490000,-13.0783295,-39.0007172,263,Com acessibilidade,2026-09-25 11:35:00,514872949187915286700835
UE2015 (Anterior),ARATUÍPE,30,161,1824582,ESCOLA MUNICIPAL PROF. LUCIANA GÓES,PRACA JOSE ALVES - ZONA URBANA,CENTRO,44490000,-13.0782541,-39.0005575,254,Com acessibilidade,2026-09-25 11:45:00,676488293103166291123259
UE2015 (Anterior),ARATUÍPE,30,166,1834904,ESCOLA MUNICIPAL PROF. CLEONICE DA SILVA NUNES (ANTIGO EMA),"RUA EDMUNDO HONORATO BARRETO, S/N - ZONA URBANA",CIDADE DE PALHA,44490000,-13.0783295,-39.0007172,184,Com acessibilidade,2026-09-25 11:54:00,242145415760753216302164
UE2015 (Anterior),ARATUÍPE,30,181,1769570,ESCOLA MUNICIPAL JOANA ANGÉLICA,RUA JOSE ELIOTERIO - ZONA RURAL,DISTRITO MARAGOGIPINHO,44490000,-13.0536684,-38.9664399,300,Com acessibilidade,2026-09-25 12:04:00,898610650625061471355188
UE2015 (Anterior),ARATUÍPE,30,184,1756216,ESCOLA MUNICIPAL PROF. LUCIANA GÓES,PRACA JOSE ALVES - ZONA URBANA,CENTRO,44490000,-13.0782541,-39.0005575,250,Com acessibilidade,2026-09-25 12:12:00,706791791606824325346942
UE2015 (Anterior),ARATUÍPE,30,188,1761632,ESCOLA MUNICIPAL NOSSA SENHORA DE SANTANA,RUA CONEGO SILVIO SILVINO - ZONA URBANA,CENTRO,44490000,-13.0768002,-39.0019283,312,Com acessibilidade,2026-09-25 12:23:00,80529613444363306635518
UE2015 (Anterior),ARATUÍPE,30,196,1770049,ESCOLA MUNICIPAL JOSÉ LEONE,POVOADO DO SAPÉ - ZONA RURAL,POVOADO SAPÉ,44490000,-13.1090013,-39.1069085,241,Com acessibilidade,2026-09-25 12:31:00,888509264824112734674742
UE2015 (Anterior),ARATUÍPE,30,198,1769225,ESCOLA MUNICIPAL PROF. CLEONICE DA SILVA NUNES (ANTIGO EMA),"RUA EDMUNDO HONORATO BARRETO, S/N - ZONA URBANA",CIDADE DE PALHA,44490000,-13.0783295,-39.0007172,262,Com acessibilidade,2026-09-25 12:47:00,848105447020585390741983
UE2015 (Anterior),ARATUÍPE,30,214,1767337,ESCOLA MUNICIPAL JOSÉ LEONE,POVOADO DO SAPÉ - ZONA RURAL,POVOADO SAPÉ,44490000,-13.1090013,-39.1069085,242,Com acessibilidade,2026-09-25 12:55:00,959216649931642569736142
UE2015 (Anterior),ARATUÍPE,30,225,1775167,ESCOLA MUNICIPAL PROF. LUCIANA GÓES,PRACA JOSE ALVES - ZONA URBANA,CENTRO,44490000,-13.0782541,-39.0005575,201,Com acessibilidade,2026-09-25 13:04:00,423963295878700223431100
UE2015 (Anterior),ARATUÍPE,30,226,1792645,COLÉGIO ESTADUAL PROFESSOR ROCHA PITA,"RUA BARÃO DO RIO BRANCO, N. 02 - ZONA URBANA",CENTRO,44490000,-13.0802086,-39.001993,337,Com acessibilidade,2026-09-25 13:13:00,666387647202964477823321
UE2015 (Anterior),ARATUÍPE,30,233,1825090,COLÉGIO MUNICIPAL EDVALDO MACHADO BOAVENTURA,RUA ANTONIO ALMEIDA - ZONA RURAL,DISTRITO MARAGOGIPINHO,44490000,-13.0544848,-38.964427,167,Sem acessibilidade,2026-09-25 13:22:00,60327783742383761026722
UE2015 (Anterior),BARROCAS,150,136,1825091,COLÉGIO MUNICIPAL DE BARROCAS (CEMETII PROF. VIVIANE CAMPOS LIMA),"AV. CELSO ANTONIO PINHEIRO DA MOTA, S/N - ZONA URBANA",CENTRO,48705000,-11.5322455,-39.0743734,351,Com acessibilidade,2026-09-29 07:28:00,162060125605634072504773
UE2015 (Anterior),BARROCAS,150,137,1836432,COLÉGIO MUNICIPAL DE BARROCAS (CEMETII PROF. VIVIANE CAMPOS LIMA),"AV. CELSO ANTONIO PINHEIRO DA MOTA, S/N - ZONA URBANA",CENTRO,48705000,-11.5322455,-39.0743734,349,Com acessibilidade,2026-09-29 07:38:00,990343063088555423634065
UE2015 (Anterior),BARROCAS,150,138,1775842,COLÉGIO MUNICIPAL DE BARROCAS (CEMETII PROF. VIVIANE CAMPOS LIMA),"AV. CELSO ANTONIO PINHEIRO DA MOTA, S/N - ZONA URBANA",CENTRO,48705000,-11.5322455,-39.0743734,352,Com acessibilidade,2026-09-29 07:48:00,535797715142180795739650
UE2015 (Anterior),BARROCAS,150,139,1776360,COLÉGIO MUNICIPAL DE BARROCAS (CEMETII PROF. VIVIANE CAMPOS LIMA),"AV. CELSO ANTONIO PINHEIRO DA MOTA, S/N - ZONA URBANA",CENTRO,48705000,-11.5322455,-39.0743734,351,Com acessibilidade,2026-09-29 08:03:00,444297689054396827148
UE2015 (Anterior),BARROCAS,150,140,1772124,COLÉGIO MUNICIPAL DE BARROCAS (CEMETII PROF. VIVIANE CAMPOS LIMA),"AV. CELSO ANTONIO PINHEIRO DA MOTA, S/N - ZONA URBANA",CENTRO,48705000,-11.5322455,-39.0743734,347,Com acessibilidade,2026-09-29 08:12:00,404484775829472745010180
UE2015 (Anterior),BARROCAS,150,141,1768442,COLÉGIO MUNICIPAL DE BARROCAS (CEMETII PROF. VIVIANE CAMPOS LIMA),"AV. CELSO ANTONIO PINHEIRO DA MOTA, S/N - ZONA URBANA",CENTRO,48705000,-11.5322455,-39.0743734,353,Com acessibilidade,2026-09-29 08:21:00,919535397780005912100698
UE2015 (Anterior),BARROCAS,150,142,1788975,COLÉGIO MUNICIPAL DE BARROCAS (CEMETII PROF. VIVIANE CAMPOS LIMA),"AV. CELSO ANTONIO PINHEIRO DA MOTA, S/N - ZONA URBANA",CENTRO,48705000,-11.5322455,-39.0743734,350,Com acessibilidade,2026-09-29 08:30:00,858929448874961687794696
UE2015 (Anterior),BARROCAS,150,143,1765355,COLÉGIO MUNICIPAL DE BARROCAS (CEMETII PROF. VIVIANE CAMPOS LIMA),"AV. CELSO ANTONIO PINHEIRO DA MOTA, S/N - ZONA URBANA",CENTRO,48705000,-11.5322455,-39.0743734,350,Com acessibilidade,2026-09-29 08:36:00,141858840403671044196839
UE2015 (Anterior),BARROCAS,150,144,1836947,COLÉGIO MUNICIPAL DE BARROCAS (CEMETII PROF. VIVIANE CAMPOS LIMA),"AV. CELSO ANTONIO PINHEIRO DA MOTA, S/N - ZONA URBANA",CENTRO,48705000,-11.5322455,-39.0743734,350,Com acessibilidade,2026-09-29 08:47:00,798323600168480566130663
UE2015 (Anterior),BARROCAS,150,145,1824676,GRUPO ESCOLAR AGENOR DE FREITAS,"PRAÇA DA MATRIZ, 80 - ZONA URBANA",CENTRO,48705000,-11.530145,-39.0778997,324,Com acessibilidade,2026-09-29 08:56:00,232767151912945287895308
UE2015 (Anterior),BARROCAS,150,146,1784529,GRUPO ESCOLAR AGENOR DE FREITAS,"PRAÇA DA MATRIZ, 80 - ZONA URBANA",CENTRO,48705000,-11.530145,-39.0778997,327,Com acessibilidade,2026-09-29 09:06:00,323676355221695095983652
UE2015 (Anterior),BARROCAS,150,147,1837634,GRUPO ESCOLAR AGENOR DE FREITAS,"PRAÇA DA MATRIZ, 80 - ZONA URBANA",CENTRO,48705000,-11.530145,-39.0778997,324,Com acessibilidade,2026-09-29 09:14:00,798323935168110044657329
UE2015 (Anterior),BARROCAS,150,148,1809713,CENTRO EDUCACIONAL DESEMBARGADOR JÚLIO VIRGÍNIO,"PRAÇA DA MATRIZ, 80 - ZONA URBANA",CENTRO,48705000,-11.5302582,-39.0782495,285,Com acessibilidade,2026-09-29 09:23:00,525696778541864895052614
UE2015 (Anterior),BARROCAS,150,149,1781477,ESCOLA MUNICIPAL ANA FAUSTINA DOS SANTOS,POVOADO BOM GOSTO - ZONA RURAL,POVOADO BOM GOSTO,48705000,-11.5919641,-39.1262006,182,Com acessibilidade,2026-09-29 09:32:00,444888806733800482475391
UE2015 (Anterior),BARROCAS,150,150,1766035,ESCOLA MUNICIPAL FEBRÔNIO TELES DE OLIVEIRA,POVOADO CURRALINHO - ZONA RURAL,POVOADO CURRALINHO,48705000,-11.6061957,-39.1437961,371,Com acessibilidade,2026-09-29 09:41:00,606404041649988151357466
UE2015 (Anterior),BARROCAS,150,151,1754493,ESCOLA MUNICIPAL MARIA QUITÉRIA,POVOADO BRASILEIRO - ZONA RURAL,POVOADO BRASILEIRO,48705000,-11.4714603,-39.0743487,250,Com acessibilidade,2026-09-29 09:50:00,899333449278291741415469
UE2015 (Anterior),BARROCAS,150,152,1762178,CENTRO EDUCACIONAL DESEMBARGADOR JÚLIO VIRGÍNIO,"PRAÇA DA MATRIZ, 80 - ZONA URBANA",CENTRO,48705000,-11.5302582,-39.0782495,284,Com acessibilidade,2026-09-29 09:58:00,10545679990976688293125
UE2015 (Anterior),BARROCAS,150,153,1765692,CENTRO EDUCACIONAL DESEMBARGADOR JÚLIO VIRGÍNIO,"PRAÇA DA MATRIZ, 80 - ZONA URBANA",CENTRO,48705000,-11.5302582,-39.0782495,284,Com acessibilidade,2026-09-29 10:07:00,131757904102658655401316
UE2015 (Anterior),BARROCAS,150,154,1788179,CENTRO EDUCACIONAL DESEMBARGADOR JÚLIO VIRGÍNIO,"PRAÇA DA MATRIZ, 80 - ZONA URBANA",CENTRO,48705000,-11.5302582,-39.0782495,285,Com acessibilidade,2026-09-29 10:24:00,333777211622823226781809
UE2015 (Anterior),BARROCAS,150,155,1779803,CENTRO EDUCACIONAL DESEMBARGADOR JÚLIO VIRGÍNIO,"PRAÇA DA MATRIZ, 80 - ZONA URBANA",CENTRO,48705000,-11.5302582,-39.0782495,283,Com acessibilidade,2026-09-29 10:33:00,586202575747093568182093
UE2015 (Anterior),BARROCAS,150,156,1777292,ESCOLA MUNICIPAL DE 1ª GRAU ROQUE AVELINO DE QUEIROZ,POVOADO NOVA BRASÍLIA - ZONA RURAL,POVOADO NOVA BRASÍLIA,48705000,-11.5977136,-39.0949444,364,Com acessibilidade,2026-09-29 10:42:00,495393597838020563638533
UE2015 (Anterior),BARROCAS,150,157,1772819,ESCOLA MUNICIPAL DE 1ª GRAU ROQUE AVELINO DE QUEIROZ,POVOADO NOVA BRASÍLIA - ZONA RURAL,POVOADO NOVA BRASÍLIA,48705000,-11.5977136,-39.0949444,361,Com acessibilidade,2026-09-29 10:51:00,909434119179453669815885
UE2015 (Anterior),BARROCAS,150,158,1794504,ESCOLA MUNICIPAL ANTÔNIO LUIZ DAMIÃO,POVOADO MINAÇÃO - ZONA RURAL,POVOADO MINAÇÃO,48705000,-11.5898036,-39.137966,274,Com acessibilidade,2026-09-29 10:59:00,656909972954767205530070
UE2015 (Anterior),BARROCAS,150,159,1759674,ESCOLA MUNICIPAL ANTÔNIO LUIZ DAMIÃO,POVOADO MINAÇÃO - ZONA RURAL,POVOADO MINAÇÃO,48705000,-11.5898036,-39.137966,288,Com acessibilidade,2026-09-29 11:08:00,20646455191720006832034
UE2015 (Anterior),BARROCAS,150,160,1759868,ESCOLA MUNICIPAL ANTÔNIO GABRIEL DE OLIVEIRA,POVOADO LAGOA DA CRUZ - ZONA RURAL,POVOADO LAGOA DA CRUZ,48705000,-11.507016,-39.0710947,369,Com acessibilidade,2026-09-29 11:17:00,747818256263469121816667
UE2015 (Anterior),BARROCAS,150,161,1788733,ESCOLA MUNICIPAL ANTÔNIO GABRIEL DE OLIVEIRA,POVOADO LAGOA DA CRUZ - ZONA RURAL,POVOADO LAGOA DA CRUZ,48705000,-11.507016,-39.0710947,370,Com acessibilidade,2026-09-29 11:26:00,949838562183682457242089
UE2015 (Anterior),BARROCAS,150,162,1796183,ESCOLA MUNICIPAL DE 1º GRAU ROQUE AVELINO DE QUEIROZ FILHO,POVOADO SÃO MIGUEL DO OURICURI - ZONA RURAL,POVOADO SÃO MIGUEL DO OURICURI,48705000,-11.5612553,-39.1105416,241,Com acessibilidade,2026-09-29 07:28:00,242868975786717866313842
UE2015 (Anterior),BARROCAS,150,163,1768179,ESCOLA MUNICIPAL DE 1º GRAU ROQUE AVELINO DE QUEIROZ FILHO,POVOADO SÃO MIGUEL DO OURICURI - ZONA RURAL,POVOADO SÃO MIGUEL DO OURICURI,48705000,-11.5612553,-39.1105416,241,Com acessibilidade,2026-09-29 07:38:00,768020603738324938895514
UE2015 (Anterior),BARROCAS,150,166,1839651,ESCOLA MUNICIPAL JOÃO FRANCISCO PEREIRA,POVOADO BARREIRAS - ZONA RURAL,POVOADO BARREIRA,48705000,-11.4921858,-39.0903803,227,Com acessibilidade,2026-09-29 07:50:00,343878511996523477313809
UE2015 (Anterior),BARROCAS,150,167,1657313,ESCOLA MUNICIPAL DE 1º GRAU ANTÔNIO CÂNDIDO PEREIRA,POVOADO ROSÁRIO - ZONA RURAL,POVOADO ROSÁRIO,48705000,-11.5222423,-39.1196366,242,Com acessibilidade,2026-10-03 10:17:00,828626101044755368769534
UE2015 (Anterior),BARROCAS,150,173,1776856,ESCOLA MUNICIPAL HORIOSVALDO SANTOS,POVOADO LADEIRA - ZONA RURAL,POVOADO LADEIRA,48705000,-11.6141028,-39.1192613,297,Com acessibilidade,2026-09-29 08:09:00,101454016472577632736823
UE2015 (Anterior),BARROCAS,150,180,1775618,ESCOLA MUNICIPAL SÃO JOSÉ,POVOADO PIRIQUITO - ZONA RURAL,POVOADO PERIQUITO,48705000,-11.4889298,-39.1175281,177,Com acessibilidade,2026-09-29 08:18:00,778121428239263350121339
UE2015 (Anterior),BARROCAS,150,181,1810541,ESCOLA MUNICIPAL JOSÉ QUINTINO ROCHA,POVOADO IPOEIRA - ZONA RURAL,POVOADO IPOEIRA,48705000,-11.5603134,-39.0266313,312,Com acessibilidade,2026-09-29 08:27:00,263070029088775887872964
UE2015 (Anterior),BARROCAS,150,183,1762872,ESCOLA MUNICIPAL DE SANTA ROSA,POVOADO SANTA ROSA - ZONA RURAL,POVOADO SANTA ROSA,48705000,-11.5494082,-39.0741518,368,Com acessibilidade,2026-09-29 08:36:00,465090443908991995104387
UE2015 (Anterior),BARROCAS,150,184,1765323,COLÉGIO MUNICIPAL DE BARROCAS (CEMETII PROF. VIVIANE CAMPOS LIMA),"AV. CELSO ANTONIO PINHEIRO DA MOTA, S/N - ZONA URBANA",CENTRO,48705000,-11.5322455,-39.0743734,307,Com acessibilidade,2026-09-29 08:44:00,929636013154402786581541
UE2015 (Anterior),BARROCAS,150,226,1795886,ESCOLA MUNICIPAL DOM JACKSON BERENGUER PRADO,POVOADO TOCO PRETO - ZONA RURAL,POVOADO TOCO PRETO,48705000,-11.624075,-39.1320815,190,Com acessibilidade,2026-09-29 08:53:00,50949030567559185332114
UE2015 (Anterior),BARROCAS,150,240,1839673,ESCOLA MUNICIPAL DE 1º GRAU ROQUE AVELINO DE QUEIROZ FILHO,POVOADO SÃO MIGUEL DO OURICURI - ZONA RURAL,POVOADO SÃO MIGUEL DO OURICURI,48705000,-11.5612553,-39.1105416,240,Com acessibilidade,2026-09-29 09:01:00,909434361552920804144834
UE2015 (Anterior),BARROCAS,150,241,1796233,ESCOLA MUNICIPAL DE 1º GRAU ROQUE AVELINO DE QUEIROZ FILHO,POVOADO SÃO MIGUEL DO OURICURI - ZONA RURAL,POVOADO SÃO MIGUEL DO OURICURI,48705000,-11.5612553,-39.1105416,242,Com acessibilidade,2026-09-29 09:10:00,990343568461032365745010
UE2015 (Anterior),BARROCAS,150,242,1753088,ESCOLA MUNICIPAL DANIEL GALDINO,POVOADO ALTO ALEGRE - ZONA RURAL,POVOADO ALTO ALEGRE,48705000,-11.5279014,-39.1113814,349,Com acessibilidade,2026-09-29 09:18:00,40848720466648655502767
UE2015 (Anterior),BARROCAS,150,243,1768478,ESCOLA MUNICIPAL DO ALAMBIQUE,POVOADO ALAMBIQUE - ZONA RURAL,POVOADO ALAMBIQUE,48705000,-11.5349967,-39.1007188,369,Com acessibilidade,2026-09-29 09:27:00,838727625645459363611686
UE2015 (Anterior),BARROCAS,150,276,1768925,ESCOLA MUNICIPAL DE VELHO DOMINGOS,POVOADO VELHO DOMINGOS - ZONA RURAL,POVOADO VELHO DOMINGOS,48705000,-11.5476694,-39.1437692,227,Com acessibilidade,2026-09-29 09:36:00,212565544783855114134221
UE2015 (Anterior),BARROCAS,150,280,1822105,ESCOLA MUNICIPAL DE SANTA ROSA,POVOADO SANTA ROSA - ZONA RURAL,POVOADO SANTA ROSA,48705000,-11.5494082,-39.0741518,361,Com acessibilidade,2026-09-29 09:45:00,606404341722265386817008
UE2015 (Anterior),BARROCAS,150,285,1767654,ESCOLA MUNICIPAL JOÃO FRANCISCO PEREIRA,POVOADO BARREIRAS - ZONA RURAL,POVOADO BARREIRA,48705000,-11.4921858,-39.0903803,223,Com acessibilidade,2026-09-29 09:54:00,232767524385910179976719
UE2015 (Anterior),BARROCAS,150,287,1757415,COLÉGIO ESTADUAL DE BARROCAS,"CONDOMÍNIO ALTO DO IPÊ, S/N - ZONA URBANA",CENTRO,48705000,-11.5338896,-39.0849966,318,Com acessibilidade,2026-09-29 10:02:00,414585920103588691637546
UE2015 (Anterior),BARROCAS,150,296,1808997,ESCOLA MUNICIPAL DE 1º GRAU ANTÔNIO CÂNDIDO PEREIRA,POVOADO ROSÁRIO - ZONA RURAL,POVOADO ROSÁRIO,48705000,-11.5222423,-39.1196366,242,Com acessibilidade,2026-09-29 10:11:00,242868718686434842236257
UE2015 (Anterior),BARROCAS,150,304,1769875,ESCOLA MUNICIPAL HORIOSVALDO SANTOS,POVOADO LADEIRA - ZONA RURAL,POVOADO LADEIRA,48705000,-11.6141028,-39.1192613,182,Com acessibilidade,2026-09-29 10:20:00,677111385029889981057595
UE2015 (Anterior),BARROCAS,150,312,1778177,ESCOLA MUNICIPAL ANTÔNIO LUIZ DAMIÃO,POVOADO MINAÇÃO - ZONA RURAL,POVOADO MINAÇÃO,48705000,-11.5898036,-39.137966,272,Com acessibilidade,2026-09-29 10:29:00,242868807886088834245753
UE2015 (Anterior),BARROCAS,150,313,1839809,ESCOLA MUNICIPAL JOSÉ QUINTINO ROCHA,POVOADO IPOEIRA - ZONA RURAL,POVOADO IPOEIRA,48705000,-11.5603134,-39.0266313,312,Com acessibilidade,2026-09-29 10:38:00,303474974692162786165690
UE2015 (Anterior),BARROCAS,150,330,1763711,COLÉGIO ESTADUAL DE BARROCAS,"CONDOMÍNIO ALTO DO IPÊ, S/N - ZONA URBANA",CENTRO,48705000,-11.5338896,-39.0849966,276,Com acessibilidade,2026-09-29 10:50:00,424686906204900249837301
UE2015 (Anterior),BARROCAS,150,334,1769461,ESCOLA MUNICIPAL DE SANTA ROSA,POVOADO SANTA ROSA - ZONA RURAL,POVOADO SANTA ROSA,48705000,-11.5494082,-39.0741518,156,Sem acessibilidade,2026-09-29 10:58:00,192363112781239984975608
UE2015 (Anterior),BARROCAS,150,337,1774924,ESCOLA MUNICIPAL ANTÔNIO GABRIEL DE OLIVEIRA,POVOADO LAGOA DA CRUZ - ZONA RURAL,POVOADO LAGOA DA CRUZ,48705000,-11.507016,-39.0710947,60,Sem acessibilidade,2026-09-29 11:07:00,222666471484854864744475
UE2015 (Anterior),BARROCAS,150,340,1765972,ASSOCIAÇÃO COMUNITÁRIA DO CEDRO,POVOADO CEDRO - ZONA RURAL,POVOADO CEDRO,48705000,-11.5212286,-39.0615384,111,Sem acessibilidade,2026-09-29 11:15:00,879131421449452039811340
UE2015 (Anterior),BIRITINGA,150,186,1765440,COLÉGIO MUNICIPAL DE BIRITINGA,"RUA PRESIDENTE MEDICI, S/N - ZONA URBANA",CENTRO,48780000,-11.6223285,-38.809426,343,Com acessibilidade,2026-09-29 07:28:00,491493809069965317327182
UE2015 (Anterior),BIRITINGA,150,187,1780132,COLÉGIO MUNICIPAL DE BIRITINGA,"RUA PRESIDENTE MEDICI, S/N - ZONA URBANA",CENTRO,48780000,-11.6223285,-38.809426,346,Com acessibilidade,2026-09-29 07:38:00,329776743652886645853656
UE2015 (Anterior),BIRITINGA,150,188,1769512,COLÉGIO MUNICIPAL DE BIRITINGA,"RUA PRESIDENTE MEDICI, S/N - ZONA URBANA",CENTRO,48780000,-11.6223285,-38.809426,345,Com acessibilidade,2026-09-29 07:47:00,350079880455930421034105
UE2015 (Anterior),BIRITINGA,150,189,1752901,COLÉGIO MUNICIPAL DE BIRITINGA,"RUA PRESIDENTE MEDICI, S/N - ZONA URBANA",CENTRO,48780000,-11.6223285,-38.809426,345,Com acessibilidade,2026-09-29 07:57:00,915635559411581721995831
UE2015 (Anterior),BIRITINGA,150,190,1765167,COLÉGIO MUNICIPAL DE BIRITINGA,"RUA PRESIDENTE MEDICI, S/N - ZONA URBANA",CENTRO,48780000,-11.6223285,-38.809426,344,Com acessibilidade,2026-09-29 08:06:00,198463912439458851843556
UE2015 (Anterior),BIRITINGA,150,191,1765573,COLÉGIO MUNICIPAL DE BIRITINGA,"RUA PRESIDENTE MEDICI, S/N - ZONA URBANA",CENTRO,48780000,-11.6223285,-38.809426,346,Com acessibilidade,2026-09-29 08:15:00,814625648901098366229306
UE2015 (Anterior),BIRITINGA,150,192,1823871,COLÉGIO MUNICIPAL DE BIRITINGA,"RUA PRESIDENTE MEDICI, S/N - ZONA URBANA",CENTRO,48780000,-11.6223285,-38.809426,345,Com acessibilidade,2026-09-29 08:23:00,329776268852559360717697
UE2015 (Anterior),BIRITINGA,150,193,1764778,COLÉGIO MUNICIPAL DE BIRITINGA,"RUA PRESIDENTE MEDICI, S/N - ZONA URBANA",CENTRO,48780000,-11.6223285,-38.809426,344,Com acessibilidade,2026-09-29 08:33:00,471291520567799445330904
UE2015 (Anterior),BIRITINGA,150,194,1752637,COLÉGIO MUNICIPAL DE BIRITINGA,"RUA PRESIDENTE MEDICI, S/N - ZONA URBANA",CENTRO,48780000,-11.6223285,-38.809426,344,Com acessibilidade,2026-09-29 08:41:00,87352247728354232095478
UE2015 (Anterior),BIRITINGA,150,195,1766506,COLÉGIO MUNICIPAL DE BIRITINGA,"RUA PRESIDENTE MEDICI, S/N - ZONA URBANA",CENTRO,48780000,-11.6223285,-38.809426,343,Com acessibilidade,2026-09-29 08:49:00,107554377730933610005617
UE2015 (Anterior),BIRITINGA,150,196,1763184,COLÉGIO MUNICIPAL DE BIRITINGA,"RUA PRESIDENTE MEDICI, S/N - ZONA URBANA",CENTRO,48780000,-11.6223285,-38.809426,345,Com acessibilidade,2026-09-29 08:58:00,16645398321867429730742
UE2015 (Anterior),BIRITINGA,150,197,1759482,COLÉGIO MUNICIPAL DE BIRITINGA,"RUA PRESIDENTE MEDICI, S/N - ZONA URBANA",CENTRO,48780000,-11.6223285,-38.809426,346,Com acessibilidade,2026-09-29 09:07:00,410685906961858257004818
UE2015 (Anterior),BIRITINGA,150,198,1848265,COLÉGIO ESTADUAL DE BIRITINGA,"AV. ELÁDIO GOMES, 390 - ZONA URBANA",CENTRO,48780000,-11.6177304,-38.8071978,340,Com acessibilidade,2026-09-29 09:16:00,390483994559850149046945
UE2015 (Anterior),BIRITINGA,150,199,1765333,COLÉGIO ESTADUAL DE BIRITINGA,"AV. ELÁDIO GOMES, 390 - ZONA URBANA",CENTRO,48780000,-11.6177304,-38.8071978,340,Com acessibilidade,2026-09-29 09:24:00,855029563505266811152097
UE2015 (Anterior),BIRITINGA,150,200,1764563,COLÉGIO ESTADUAL DE BIRITINGA,"AV. ELÁDIO GOMES, 390 - ZONA URBANA",CENTRO,48780000,-11.6177304,-38.8071978,340,Com acessibilidade,2026-09-29 09:32:00,147958320234509403665920
UE2015 (Anterior),BIRITINGA,150,201,1751726,COLÉGIO ESTADUAL DE BIRITINGA,"AV. ELÁDIO GOMES, 390 - ZONA URBANA",CENTRO,48780000,-11.6177304,-38.8071978,341,Com acessibilidade,2026-09-29 09:41:00,87352375528463903661600
UE2015 (Anterior),BIRITINGA,150,202,1765473,COLÉGIO ESTADUAL DE BIRITINGA,"AV. ELÁDIO GOMES, 390 - ZONA URBANA",CENTRO,48780000,-11.6177304,-38.8071978,339,Com acessibilidade,2026-09-29 09:50:00,905534309110308304758501
UE2015 (Anterior),BIRITINGA,150,203,1808536,ESCOLA MUNICIPAL EUJÁCIO SIMÕES,"RUA ANTÔNIO PEDREIRA MARQUES, 95 - ZONA URBANA",CENTRO,48780000,-11.6210554,-38.803632,252,Com acessibilidade,2026-09-29 09:58:00,430887940263395946819897
UE2015 (Anterior),BIRITINGA,150,204,1824819,ESCOLA MUNICIPALIZADA CENTRO EDUCACIONAL DOM BOSCO,"PRAÇA DO IPIRANGA, 340 - ZONA URBANA",CENTRO,48780000,-11.6220494,-38.8083679,186,Com acessibilidade,2026-09-29 10:06:00,97453718029545135815891
UE2015 (Anterior),BIRITINGA,150,205,1770641,ESCOLA MUNICIPALIZADA CENTRO EDUCACIONAL DOM BOSCO,"PRAÇA DO IPIRANGA, 340 - ZONA URBANA",CENTRO,48780000,-11.6220494,-38.8083679,185,Com acessibilidade,2026-09-29 10:15:00,824726551202296421406254
UE2015 (Anterior),BIRITINGA,150,206,1837830,ESCOLA MUNICIPALIZADA CENTRO EDUCACIONAL DOM BOSCO,"PRAÇA DO IPIRANGA, 340 - ZONA URBANA",CENTRO,48780000,-11.6220494,-38.8083679,207,Com acessibilidade,2026-09-29 10:24:00,956039794515449861310988
UE2015 (Anterior),BIRITINGA,150,208,1791389,ESCOLA MUNICIPAL EUJÁCIO SIMÕES,"RUA ANTÔNIO PEDREIRA MARQUES, 95 - ZONA URBANA",CENTRO,48780000,-11.6210554,-38.803632,256,Com acessibilidade,2026-09-29 10:36:00,774221833397492819038623
UE2015 (Anterior),BIRITINGA,150,209,1775213,ESCOLA MUNICIPAL OSVALDO CRUZ,POVOADO BURACO DO DINHEIRO - ZONA RURAL,POVOADO BURACO DO DINHEIRO,48780000,-11.6575939,-38.7916886,372,Com acessibilidade,2026-09-29 10:47:00,481392658016362529495021
UE2015 (Anterior),BIRITINGA,150,210,1810629,ESCOLA MUNICIPAL ANA NERY,POVOADO CAMPO DA EMA - ZONA RURAL,POVOADO CAMPO DA EMA,48780000,-11.6844259,-38.8244486,369,Com acessibilidade,2026-09-29 11:26:00,97453343077833758001811
UE2015 (Anterior),BIRITINGA,150,211,1763847,ESCOLA MUNICIPAL NOSSA SENHORA DA VITÓRIA,POVOADO PONTAL - ZONA RURAL,POVOADO PONTAL,48780000,-11.6582831,-39.0041349,253,Com acessibilidade,2026-09-29 11:04:00,501594866418920619513760
UE2015 (Anterior),BIRITINGA,150,212,1764566,ESCOLA MUNICIPAL ALVARO PEDREIRA,POVOADO BEBEDOURO - ZONA RURAL,POVOADO BEBEDOURO,48780000,-11.6549732,-38.7404042,353,Sem acessibilidade,2026-09-29 11:17:00,733817208841450127538783
UE2015 (Anterior),BIRITINGA,150,213,1790141,ESCOLA MUNICIPAL MANOEL DE SOUZA,POVOADO VILA NOVA - ZONA RURAL,POVOADO VILA NOVA,48780000,-11.6753399,-38.6959809,320,Com acessibilidade,2026-09-29 11:36:00,592403177627428027911909
UE2015 (Anterior),BIRITINGA,150,214,1764587,ESCOLA MUNICIPAL PROFESSORA MARIA JOSÉ BISPO SANTOS,POVOADO ARAÇÁS  I - ZONA RURAL,POVOADO ARAÇÁS I,48780000,-11.558208,-38.7786245,368,Com acessibilidade,2026-09-29 11:45:00,471291169315324309447407
UE2015 (Anterior),BIRITINGA,150,215,1824588,ESCOLA MUNICIPAL MANOEL PEDREIRA GOMES,POVOADO GAMELEIRO - ZONA RURAL,POVOADO GAMELEIRO,48780000,-11.6955482,-38.7691669,340,Sem acessibilidade,2026-09-29 13:27:00,653009458333684803211554
UE2015 (Anterior),BIRITINGA,150,216,1767300,ESCOLA TEOTÔNIO SANSÃO,POVOADO VIRA MÃO - ZONA RURAL,POVOADO VIRA MÃO,48780000,-11.7195815,-38.8616191,364,Com acessibilidade,2026-09-29 13:36:00,178261082585227662314151
UE2015 (Anterior),BIRITINGA,150,217,1767729,ESCOLA MUNICIPAL MANOEL PEREIRA CARDOSO,POVOADO JENIPAPO - ZONA RURAL,POVOADO JENIPAPO,48780000,-11.6674625,-38.8677621,359,Com acessibilidade,2026-09-29 13:44:00,784322801746786923511035
UE2015 (Anterior),BIRITINGA,150,218,1764168,ESCOLA MUNICIPAL CASTRO ALVES,POVOADO SERRA BRANCA - ZONA RURAL,POVOADO SERRA BRANCA,48780000,-11.7019242,-38.7985322,192,Com acessibilidade,2026-09-29 13:56:00,552099686023784355842804
UE2015 (Anterior),BIRITINGA,150,225,1795591,ESCOLA MUNICIPAL EUJÁCIO SIMÕES,"RUA ANTÔNIO PEDREIRA MARQUES, 95 - ZONA URBANA",CENTRO,48780000,-11.6210554,-38.803632,259,Com acessibilidade,2026-09-29 14:06:00,935837803861826244327780
UE2015 (Anterior),BIRITINGA,150,227,1767955,ESCOLA MUNICIPAL EUJÁCIO SIMÕES,"RUA ANTÔNIO PEDREIRA MARQUES, 95 - ZONA URBANA",CENTRO,48780000,-11.6210554,-38.803632,252,Com acessibilidade,2026-09-29 14:15:00,814625903149720747244125
UE2015 (Anterior),BIRITINGA,150,228,1764270,ESCOLA MUNICIPAL ANA NERY,POVOADO CAMPO DA EMA - ZONA RURAL,POVOADO CAMPO DA EMA,48780000,-11.6844259,-38.8244486,369,Com acessibilidade,2026-09-29 14:23:00,875231073855739401959794
UE2015 (Anterior),BIRITINGA,150,248,1763754,ESCOLA MUNICIPAL EUJÁCIO SIMÕES,"RUA ANTÔNIO PEDREIRA MARQUES, 95 - ZONA URBANA",CENTRO,48780000,-11.6210554,-38.803632,252,Com acessibilidade,2026-09-29 14:32:00,723716066340605988790535
UE2015 (Anterior),BIRITINGA,150,258,1792051,ESCOLA MUNICIPALIZADA CENTRO EDUCACIONAL DOM BOSCO,"PRAÇA DO IPIRANGA, 340 - ZONA URBANA",CENTRO,48780000,-11.6220494,-38.8083679,185,Com acessibilidade,2026-09-29 14:41:00,6544413968902026976938
UE2015 (Anterior),BIRITINGA,150,268,1758614,ESCOLA MUNICIPAL JOANA ANGÉLICA,POVOADO MONTANHA - ZONA RURAL,POVOADO MONTANHA,48780000,-11.6664226,-38.8360145,217,Com acessibilidade,2026-09-29 14:50:00,319675790599237749870419
UE2015 (Anterior),BIRITINGA,150,272,1795599,ESCOLA MUNICIPAL MANOEL DE SOUZA,POVOADO VILA NOVA - ZONA RURAL,POVOADO VILA NOVA,48780000,-11.6753399,-38.6959809,324,Com acessibilidade,2026-09-29 14:59:00,996443881667543532199012
UE2015 (Anterior),BIRITINGA,150,295,1795914,COLÉGIO ESTADUAL DE BIRITINGA,"AV. ELÁDIO GOMES, 390 - ZONA URBANA",CENTRO,48780000,-11.6177304,-38.8071978,338,Com acessibilidade,2026-09-29 15:07:00,905534260258973889930883
UE2015 (Anterior),BIRITINGA,150,301,1765564,ESCOLA MUNICIPAL ALVARO PEDREIRA,POVOADO BEBEDOURO - ZONA RURAL,POVOADO BEBEDOURO,48780000,-11.6549732,-38.7404042,97,Com acessibilidade,2026-09-29 15:15:00,26746400870049797173108
UE2015 (Anterior),BIRITINGA,150,303,1766882,ESCOLA MUNICIPAL PROFESSORA MARIA JOSÉ BISPO SANTOS,POVOADO ARAÇÁS  I - ZONA RURAL,POVOADO ARAÇÁS I,48780000,-11.558208,-38.7786245,41,Sem acessibilidade,2026-09-29 15:24:00,915635513159959408162929
UE2015 (Anterior),BIRITINGA,150,315,1767743,ESCOLA MUNICIPAL NOSSA SENHORA DA VITÓRIA,POVOADO PONTAL - ZONA RURAL,POVOADO PONTAL,48780000,-11.6582831,-39.0041349,177,Com acessibilidade,2026-09-29 15:33:00,188362072586242003751606
UE2015 (Anterior),BOM JESUS DA LAPA,71,1,1767999,CEI EUFROSINA BORGES DOURADO,AVENIDA ALMIRANTE BEIRUTE S/N - ZONA URBANA,CAVALHADA,47600000,-13.250581,-43.4186728,244,Com acessibilidade,2026-09-21 09:07:00,386098496839109099914503
UE2015 (Anterior),BOM JESUS DA LAPA,71,2,1818371,CEI EUFROSINA BORGES DOURADO,AVENIDA ALMIRANTE BEIRUTE S/N - ZONA URBANA,CAVALHADA,47600000,-13.250581,-43.4186728,247,Com acessibilidade,2026-09-21 09:17:00,113371336612925942433059
UE2015 (Anterior),BOM JESUS DA LAPA,71,3,1773770,CEI EUFROSINA BORGES DOURADO,AVENIDA ALMIRANTE BEIRUTE S/N - ZONA URBANA,CAVALHADA,47600000,-13.250581,-43.4186728,242,Com acessibilidade,2026-09-21 09:26:00,194179520720023640258701
UE2015 (Anterior),BOM JESUS DA LAPA,71,5,1790008,CENTRO INTEGRADO DE ENSINO CONTINUADO - CIEC,TRAVESSA AVENIDA MANOEL NOVAIS,CENTRO,47600000,-13.2594813,-43.4162386,335,Com acessibilidade,2026-09-21 09:35:00,143674694315991085544631
UE2015 (Anterior),BOM JESUS DA LAPA,71,6,1795585,CENTRO INTEGRADO DE ENSINO CONTINUADO - CIEC,TRAVESSA AVENIDA MANOEL NOVAIS,CENTRO,47600000,-13.2594813,-43.4162386,336,Com acessibilidade,2026-09-21 09:56:00,446604101445543087682248
UE2015 (Anterior),BOM JESUS DA LAPA,71,7,1825003,ESCOLA BATISTA,RUA GUANABARA - ZONA URBANA,CENTRO,47600000,-13.2525367,-43.4170417,315,Com acessibilidade,2026-09-21 10:05:00,971957745698639571139445
UE2015 (Anterior),BOM JESUS DA LAPA,71,8,1838271,ESCOLA BATISTA,RUA GUANABARA - ZONA URBANA,CENTRO,47600000,-13.2525367,-43.4170417,307,Com acessibilidade,2026-09-21 10:14:00,911351796192594855766867
UE2015 (Anterior),BOM JESUS DA LAPA,71,9,1839685,ESCOLA BATISTA,RUA GUANABARA - ZONA URBANA,CENTRO,47600000,-13.2525367,-43.4170417,310,Com acessibilidade,2026-09-21 10:23:00,153775146916853847367522
UE2015 (Anterior),BOM JESUS DA LAPA,71,10,1789958,CEI EUFROSINA BORGES DOURADO,AVENIDA ALMIRANTE BEIRUTE S/N - ZONA URBANA,CAVALHADA,47600000,-13.250581,-43.4186728,243,Com acessibilidade,2026-09-21 10:31:00,42664112105695046091901
UE2015 (Anterior),BOM JESUS DA LAPA,71,11,1758159,SECRETARIA MUNICIPAL DE ASSISTÊNCIA SOCIAL,"AV ALMIRANTE BEIRUTE, S/N - ZONA URBANA",CAVALHADA,47600000,-13.2487375,-43.4180488,272,Com acessibilidade,2026-09-21 10:40:00,820442001083499963274111
UE2015 (Anterior),BOM JESUS DA LAPA,71,12,1770490,SECRETARIA MUNICIPAL DE ASSISTÊNCIA SOCIAL,"AV ALMIRANTE BEIRUTE, S/N - ZONA URBANA",CAVALHADA,47600000,-13.2487375,-43.4180488,272,Com acessibilidade,2026-09-21 10:48:00,678927962968903021051097
UE2015 (Anterior),BOM JESUS DA LAPA,71,13,1811273,SECRETARIA MUNICIPAL DE ASSISTÊNCIA SOCIAL,"AV ALMIRANTE BEIRUTE, S/N - ZONA URBANA",CAVALHADA,47600000,-13.2487375,-43.4180488,270,Com acessibilidade,2026-09-21 10:56:00,982058380199165617171401
UE2015 (Anterior),BOM JESUS DA LAPA,71,14,1825943,ESCOLA MUNICIPALIZADA PADRE FRANCISCO DA SOLEDADE,"AV. MANOEL NOVAIS, S/N - ZONA URBANA",BEIRA RIO,47600000,-13.2518798,-43.4228279,302,Com acessibilidade,2026-09-21 11:05:00,779937284378547037142417
UE2015 (Anterior),BOM JESUS DA LAPA,71,15,1785254,ESCOLA MUNICIPALIZADA PADRE FRANCISCO DA SOLEDADE,"AV. MANOEL NOVAIS, S/N - ZONA URBANA",BEIRA RIO,47600000,-13.2518798,-43.4228279,301,Com acessibilidade,2026-09-21 11:14:00,537513154954328042019102
UE2015 (Anterior),BOM JESUS DA LAPA,71,16,1841656,ESCOLA MUNICIPALIZADA PADRE FRANCISCO DA SOLEDADE,"AV. MANOEL NOVAIS, S/N - ZONA URBANA",BEIRA RIO,47600000,-13.2518798,-43.4228279,302,Com acessibilidade,2026-09-21 11:22:00,719331444072459641246277
UE2015 (Anterior),BOM JESUS DA LAPA,71,17,1767156,CENTRO INTEGRADO DE ENSINO CONTINUADO - CIEC,TRAVESSA AVENIDA MANOEL NOVAIS,CENTRO,47600000,-13.2594813,-43.4162386,337,Com acessibilidade,2026-09-21 11:31:00,103270941311866578020337
UE2015 (Anterior),BOM JESUS DA LAPA,71,18,1837922,UNIVERSIDADE FEDERAL DO OESTE DA BAHIA-UFOB,AVENIDA MANOEL NOVAES - ZONA URBANA,CENTRO,47600000,-13.2592631,-43.4147528,273,Com acessibilidade,2026-09-21 11:39:00,921452875693245098421219
UE2015 (Anterior),BOM JESUS DA LAPA,71,19,1775056,UNIVERSIDADE FEDERAL DO OESTE DA BAHIA-UFOB,AVENIDA MANOEL NOVAES - ZONA URBANA,CENTRO,47600000,-13.2592631,-43.4147528,266,Com acessibilidade,2026-09-21 11:56:00,820442887183118793421282
UE2015 (Anterior),BOM JESUS DA LAPA,71,20,1771810,UNIVERSIDADE FEDERAL DO OESTE DA BAHIA-UFOB,AVENIDA MANOEL NOVAES - ZONA URBANA,CENTRO,47600000,-13.2592631,-43.4147528,267,Com acessibilidade,2026-09-21 12:04:00,699129838070501823864293
UE2015 (Anterior),BOM JESUS DA LAPA,71,21,1770523,ESCOLA MUNICIPALIZADA PADRE FRANCISCO DA SOLEDADE,"AV. MANOEL NOVAIS, S/N - ZONA URBANA",BEIRA RIO,47600000,-13.2518798,-43.4228279,303,Com acessibilidade,2026-09-21 12:24:00,52765302406043693398152
UE2015 (Anterior),BOM JESUS DA LAPA,71,22,1780755,ESCOLA MUNICIPALIZADA PADRE FRANCISCO DA SOLEDADE,"AV. MANOEL NOVAIS, S/N - ZONA URBANA",BEIRA RIO,47600000,-13.2518798,-43.4228279,304,Com acessibilidade,2026-09-21 12:32:00,476907834248418881107318
UE2015 (Anterior),BOM JESUS DA LAPA,71,23,1793558,UNIVERSIDADE FEDERAL DO OESTE DA BAHIA-UFOB,AVENIDA MANOEL NOVAES - ZONA URBANA,CENTRO,47600000,-13.2592631,-43.4147528,277,Com acessibilidade,2026-09-21 12:41:00,466806939247426664833865
UE2015 (Anterior),BOM JESUS DA LAPA,71,24,1778862,UNIVERSIDADE FEDERAL DO OESTE DA BAHIA-UFOB,AVENIDA MANOEL NOVAES - ZONA URBANA,CENTRO,47600000,-13.2592631,-43.4147528,275,Com acessibilidade,2026-09-21 12:51:00,264886847327317306517306
UE2015 (Anterior),BOM JESUS DA LAPA,71,25,1775701,UNIVERSIDADE FEDERAL DO OESTE DA BAHIA-UFOB,AVENIDA MANOEL NOVAES - ZONA URBANA,CENTRO,47600000,-13.2592631,-43.4147528,257,Com acessibilidade,2026-09-21 14:13:00,436503128144483150196887
UE2015 (Anterior),BOM JESUS DA LAPA,71,26,1823812,ESCOLA MUNICIPAL PAULO FREIRE,"AVENIDA AGENOR MAGALHÃES, S/N - ZONA URBANA",SÃO GOTARDO,47600000,-13.2514215,-43.413147,276,Com acessibilidade,2026-09-21 14:21:00,982058789799984222847129
UE2015 (Anterior),BOM JESUS DA LAPA,71,27,1785307,CENTRO EDUCACIONAL MUNICIPALIZADO SÃO JOSÉ,RUA MANOEL GOMES DE SOUZA,SÃO GOTARDO,47600000,-13.259384,-43.4182513,234,Com acessibilidade,2026-09-21 14:29:00,719331624672279569017933
UE2015 (Anterior),BOM JESUS DA LAPA,71,28,1836878,CENTRO EDUCACIONAL MUNICIPALIZADO SÃO JOSÉ,RUA MANOEL GOMES DE SOUZA,SÃO GOTARDO,47600000,-13.259384,-43.4182513,238,Com acessibilidade,2026-09-21 14:38:00,982058005599562562944867
UE2015 (Anterior),BOM JESUS DA LAPA,71,29,1753923,CENTRO EDUCACIONAL MUNICIPALIZADO SÃO JOSÉ,RUA MANOEL GOMES DE SOUZA,SÃO GOTARDO,47600000,-13.259384,-43.4182513,234,Com acessibilidade,2026-09-21 09:30:00,658725781703155828454871
UE2015 (Anterior),BOM JESUS DA LAPA,71,30,1825268,CENTRO EDUCACIONAL MUNICIPALIZADO SÃO JOSÉ,RUA MANOEL GOMES DE SOUZA,SÃO GOTARDO,47600000,-13.259384,-43.4182513,229,Com acessibilidade,2026-09-21 09:39:00,881048097226017268485955
UE2015 (Anterior),BOM JESUS DA LAPA,71,31,1824285,ESCOLA MUNICIPAL PAULO FREIRE,"AVENIDA AGENOR MAGALHÃES, S/N - ZONA URBANA",SÃO GOTARDO,47600000,-13.2514215,-43.413147,275,Com acessibilidade,2026-09-21 09:48:00,113371438149263069926375
UE2015 (Anterior),BOM JESUS DA LAPA,71,32,1767990,ESCOLA MUNICIPAL PAULO FREIRE,"AVENIDA AGENOR MAGALHÃES, S/N - ZONA URBANA",SÃO GOTARDO,47600000,-13.2514215,-43.413147,272,Com acessibilidade,2026-09-21 09:57:00,689028111706857678411246
UE2015 (Anterior),BOM JESUS DA LAPA,71,33,1788496,ESCOLA EDIVALDO FLORES BOAVENTURA,RUA DOS ESCOTEIROS - ZONA URBANA,SÃO JOÃO,47600000,-13.25841,-43.4035683,346,Com acessibilidade,2026-09-21 10:06:00,749634287312476872052595
UE2015 (Anterior),BOM JESUS DA LAPA,71,34,1839674,ESCOLA MUNICIPAL BALÃO MÁGICO,RUA 15 DE NOVEMBRO S/N - ZONA URBANA,SÃO JOÃO,47600000,-13.2602366,-43.406928,314,Com acessibilidade,2026-09-21 10:15:00,901250552428656946759515
UE2015 (Anterior),BOM JESUS DA LAPA,71,35,1764085,ESCOLA MUNICIPAL BALÃO MÁGICO,RUA 15 DE NOVEMBRO S/N - ZONA URBANA,SÃO JOÃO,47600000,-13.2602366,-43.406928,312,Com acessibilidade,2026-09-21 10:24:00,466806223984236121137239
UE2015 (Anterior),BOM JESUS DA LAPA,71,36,1789417,ESCOLA DE 2º GRAU MONSENHOR TURÍBIO VILA NOVA,AVENIDA AGENOR MAGALHÃES - ZONA URBANA,AMARALINA,47600000,-13.2518606,-43.4068634,327,Com acessibilidade,2026-09-21 10:32:00,244684115362968667807027
UE2015 (Anterior),BOM JESUS DA LAPA,71,37,1794157,ESCOLA DE 2º GRAU MONSENHOR TURÍBIO VILA NOVA,AVENIDA AGENOR MAGALHÃES - ZONA URBANA,AMARALINA,47600000,-13.2518606,-43.4068634,331,Com acessibilidade,2026-09-21 10:41:00,274987254565014499024300
UE2015 (Anterior),BOM JESUS DA LAPA,71,38,1821761,ESCOLA DE 2º GRAU MONSENHOR TURÍBIO VILA NOVA,AVENIDA AGENOR MAGALHÃES - ZONA URBANA,AMARALINA,47600000,-13.2518606,-43.4068634,335,Com acessibilidade,2026-09-21 10:50:00,42664132442805566495064
UE2015 (Anterior),BOM JESUS DA LAPA,71,39,1810314,ESCOLA DE 2º GRAU MONSENHOR TURÍBIO VILA NOVA,AVENIDA AGENOR MAGALHÃES - ZONA URBANA,AMARALINA,47600000,-13.2518606,-43.4068634,331,Com acessibilidade,2026-09-21 10:59:00,678927871105064961706263
UE2015 (Anterior),BOM JESUS DA LAPA,71,40,1790064,ESCOLA DE 2º GRAU MONSENHOR TURÍBIO VILA NOVA,AVENIDA AGENOR MAGALHÃES - ZONA URBANA,AMARALINA,47600000,-13.2518606,-43.4068634,326,Com acessibilidade,2026-09-21 11:07:00,608220881998510615423619
UE2015 (Anterior),BOM JESUS DA LAPA,71,41,1767485,ESCOLA WILSON LINS,RUA SANTA LUZIA S/N - ZONA URBANA,SANTA LUZIA,47600000,-13.249673,-43.4139397,289,Com acessibilidade,2026-09-21 11:16:00,810341202919748666986048
UE2015 (Anterior),BOM JESUS DA LAPA,71,42,1810604,ESCOLA WILSON LINS,RUA SANTA LUZIA S/N - ZONA URBANA,SANTA LUZIA,47600000,-13.249673,-43.4139397,287,Com acessibilidade,2026-09-21 11:25:00,507210000488459531281650
UE2015 (Anterior),BOM JESUS DA LAPA,71,43,1766941,ESCOLA WILSON LINS,RUA SANTA LUZIA S/N - ZONA URBANA,SANTA LUZIA,47600000,-13.249673,-43.4139397,287,Com acessibilidade,2026-09-21 11:34:00,547614154892515584778601
UE2015 (Anterior),BOM JESUS DA LAPA,71,44,1792198,ESCOLA WILSON LINS,RUA SANTA LUZIA S/N - ZONA URBANA,SANTA LUZIA,47600000,-13.249673,-43.4139397,287,Com acessibilidade,2026-09-21 11:43:00,93169816247086429446448
UE2015 (Anterior),BOM JESUS DA LAPA,71,45,1824639,ESCOLA WILSON LINS,RUA SANTA LUZIA S/N - ZONA URBANA,SANTA LUZIA,47600000,-13.249673,-43.4139397,286,Com acessibilidade,2026-09-21 11:51:00,497109322887434298331720
UE2015 (Anterior),BOM JESUS DA LAPA,71,46,1792415,ESCOLA WILSON LINS,RUA SANTA LUZIA S/N - ZONA URBANA,SANTA LUZIA,47600000,-13.249673,-43.4139397,288,Com acessibilidade,2026-09-21 12:01:00,285088228766882750381860
UE2015 (Anterior),BOM JESUS DA LAPA,71,47,1768813,CEI PEQUENO POLEGAR,"RUA SÃO JOSÉ, S/N",JOÃO PAULO II,47600000,-13.2462631,-43.4048395,347,Com acessibilidade,2026-09-21 12:10:00,466806513684080294286900
UE2015 (Anterior),BOM JESUS DA LAPA,71,48,1772311,CEI PEQUENO POLEGAR,"RUA SÃO JOSÉ, S/N",JOÃO PAULO II,47600000,-13.2462631,-43.4048395,345,Com acessibilidade,2026-09-21 12:19:00,820442987620078570343770
UE2015 (Anterior),BOM JESUS DA LAPA,71,49,1836442,CEI PEQUENO POLEGAR,"RUA SÃO JOSÉ, S/N",JOÃO PAULO II,47600000,-13.2462631,-43.4048395,345,Com acessibilidade,2026-09-21 12:28:00,769836031814034664465529
UE2015 (Anterior),BOM JESUS DA LAPA,71,50,1772998,UNEB - UNIVERSIDADE DO ESTADO DA BAHIA,"AVENIDA AGENOR MAGALHÃES, S/N",AMARALINA,47600000,-13.251775,-43.4070833,366,Com acessibilidade,2026-09-21 12:37:00,557715904293847964621227
UE2015 (Anterior),BOM JESUS DA LAPA,71,51,1807952,UNEB - UNIVERSIDADE DO ESTADO DA BAHIA,"AVENIDA AGENOR MAGALHÃES, S/N",AMARALINA,47600000,-13.251775,-43.4070833,370,Com acessibilidade,2026-09-21 12:46:00,22462486640331762231866
UE2015 (Anterior),BOM JESUS DA LAPA,71,52,1774828,UNEB - UNIVERSIDADE DO ESTADO DA BAHIA,"AVENIDA AGENOR MAGALHÃES, S/N",AMARALINA,47600000,-13.251775,-43.4070833,369,Com acessibilidade,2026-09-21 12:55:00,810341380219147332400759
UE2015 (Anterior),BOM JESUS DA LAPA,71,53,1768161,UNEB - UNIVERSIDADE DO ESTADO DA BAHIA,"AVENIDA AGENOR MAGALHÃES, S/N",AMARALINA,47600000,-13.251775,-43.4070833,367,Com acessibilidade,2026-09-21 13:03:00,274987950565122679777021
UE2015 (Anterior),BOM JESUS DA LAPA,71,68,1772176,ESCOLA MUNICIPAL NOSSA SENHORA DA CONCEIÇÃO,POVOADO BANDEIRA - ZONA RURAL,POVOADO BANDEIRA,47600000,-12.9599683,-43.3981183,315,Com acessibilidade,2026-09-21 14:21:00,355795652673352703280417
UE2015 (Anterior),BOM JESUS DA LAPA,71,69,1765797,ESCOLA MUNICIPAL JOÃO RIBEIRO LOPES,POVOADO FORTALEZA - ZONA RURAL,POVOADO FORTALEZA,47600000,-12.8372033,-43.3377167,297,Com acessibilidade,2026-09-21 14:30:00,103270519048123009259794
UE2015 (Anterior),BOM JESUS DA LAPA,71,70,1786788,ESCOLA MUNICIPAL ISMAEL ALVES,"POVOADO LAGOA DO ISMAEL,SN  - ZONA RURAL",DISTRITO SEDE,47600000,-12.961585,-43.21234,174,Com acessibilidade,2026-09-21 09:12:00,487008975774943078127469
UE2015 (Anterior),BOM JESUS DA LAPA,71,71,1838216,ESCOLA MUNICIPAL PROFESSOR JOSÉ SOARES SILVA,"POVOADO DO TANQUINHO, SN - ZONA RUAL",DISTRITO SEDE,47600000,-13.7399338,-43.4987597,162,Com acessibilidade,2026-09-21 09:21:00,355795958461837023602051
UE2015 (Anterior),BOM JESUS DA LAPA,71,73,1838508,ESCOLA MUNICIPAL SAGRADA FAMÍLIA,POVOADO FAVELÂNDIA - ZONA RURAL,POVOADO FAVELÂNDIA,47600000,-13.2895233,-42.9531417,132,Com acessibilidade,2026-09-21 09:33:00,305290120756014921355709
UE2015 (Anterior),BOM JESUS DA LAPA,71,76,1796363,ESCOLA MUNICIPAL SAGRADA FAMÍLIA,POVOADO FAVELÂNDIA - ZONA RURAL,POVOADO FAVELÂNDIA,47600000,-13.2895233,-42.9531417,133,Com acessibilidade,2026-09-21 09:42:00,305290455556031665361912
UE2015 (Anterior),BOM JESUS DA LAPA,71,79,1835646,ESCOLA MUNICIPAL SAGRADA FAMÍLIA,POVOADO FAVELÂNDIA - ZONA RURAL,POVOADO FAVELÂNDIA,47600000,-13.2895233,-42.9531417,130,Com acessibilidade,2026-09-21 09:51:00,921452407518679402000899
UE2015 (Anterior),BOM JESUS DA LAPA,71,81,1824482,ESCOLA MUNICIPAL QUILOMBO EMILIANO JOAQUIM VILAÇA,POVOADO BRASILEIRA - ZONA RURAL,POVOADO BRASILEIRA,47600000,-13.7261382,-43.494405,245,Com acessibilidade,2026-09-21 10:00:00,588018251584897665083320
UE2015 (Anterior),BOM JESUS DA LAPA,71,82,1795264,ESCOLA MUNICIPAL QUILOMBO EMILIANO JOAQUIM VILAÇA,POVOADO BRASILEIRA - ZONA RURAL,POVOADO BRASILEIRA,47600000,-13.7261382,-43.494405,243,Com acessibilidade,2026-09-21 10:10:00,497109276775892430615608
UE2015 (Anterior),BOM JESUS DA LAPA,71,134,1810602,ESCOLA BATISTA,RUA GUANABARA - ZONA URBANA,CENTRO,47600000,-13.2525367,-43.4170417,319,Com acessibilidade,2026-09-21 10:19:00,446604188070476860779250
UE2015 (Anterior),BOM JESUS DA LAPA,71,135,1780955,CENTRO EDUCACIONAL MUNICIPALIZADO SÃO JOSÉ,RUA MANOEL GOMES DE SOUZA,SÃO GOTARDO,47600000,-13.259384,-43.4182513,234,Com acessibilidade,2026-09-21 10:31:00,982058830724632839572624
UE2015 (Anterior),BOM JESUS DA LAPA,71,136,1766468,CENTRO EDUCACIONAL MUNICIPALIZADO SÃO JOSÉ,RUA MANOEL GOMES DE SOUZA,SÃO GOTARDO,47600000,-13.259384,-43.4182513,234,Com acessibilidade,2026-09-21 10:42:00,971957934123786192549189
UE2015 (Anterior),BOM JESUS DA LAPA,71,137,1759270,ESCOLA DE 2º GRAU MONSENHOR TURÍBIO VILA NOVA,AVENIDA AGENOR MAGALHÃES - ZONA URBANA,AMARALINA,47600000,-13.2518606,-43.4068634,326,Com acessibilidade,2026-09-21 10:53:00,335593401859300348248089
UE2015 (Anterior),BOM JESUS DA LAPA,71,138,1775362,ESCOLA MUN. PROFª MARTINHA GONÇALVES,"RUA SÃO CRISTOVÃO, S/N - ZONA URBANA",JOÃO PAULO II,47600000,-13.2469264,-43.4046499,290,Com acessibilidade,2026-09-21 11:02:00,295189471455857435381241
UE2015 (Anterior),BOM JESUS DA LAPA,71,139,1790423,CENTRO DE EDUCAÇÃO INFANTIL KATIUSCIA,"RUA SANTA MARIA GORETE, S/N - ZONA URBANA",JOÃO PAULO II,47600000,-13.2446871,-43.4051782,366,Com acessibilidade,2026-09-21 11:12:00,113371404537763680243654
UE2015 (Anterior),BOM JESUS DA LAPA,71,146,1780823,ESCOLA MUNICIPAL OTACÍLIO JOSÉ DAS NEVES,DISTRITO LAGOA DE PEDRA - ZONA RURAL,DISTRITO LAGOA DE PEDRA,47600000,-13.4518283,-43.17735,186,Com acessibilidade,2026-09-21 11:21:00,749634772500411263065548
UE2015 (Anterior),BOM JESUS DA LAPA,71,147,1776651,ESCOLA MUNICIPAL FRANCISCO JOSÉ DA COSTA,POVOADO TANQUE NOVO - ZONA RURAL,POVOADO TANQUE NOVO,47600000,-13.3269717,-43.0560133,199,Com acessibilidade,2026-09-21 11:30:00,739533876899422608160178
UE2015 (Anterior),BOM JESUS DA LAPA,71,148,1824821,ESCOLA MUNICIPAL JOSÉ BATISTA DE SOUZA,POVOADO CHAPADA GRANDE - ZONA RURAL,POVOADO CHAPADA GRANDE,47600000,-13.33583,-43.1356483,270,Com acessibilidade,2026-09-21 11:45:00,295189543955422511452160
UE2015 (Anterior),BOM JESUS DA LAPA,71,149,1775645,CENTRO COMUNITÁRIO JUAZEIRO,POVOADO JUAZEIRO - ZONA RURAL,POVOADO JUAZEIRO,47600000,-13.1916106,-42.9468434,243,Com acessibilidade,2026-09-21 11:54:00,881048249914032424779617
UE2015 (Anterior),BOM JESUS DA LAPA,71,150,1780000,ESCOLA MUNICIPAL LEOBINO FAVELA,POVOADO SILVESTRE - ZONA RURAL,POVOADO SILVESTRE,47600000,-13.0619749,-43.0848819,364,Com acessibilidade,2026-09-21 12:13:00,618321050787448869442289
UE2015 (Anterior),BOM JESUS DA LAPA,71,151,1798114,ESCOLA MUNICIPAL SENHORINHO BARBOSA DOS SANTOS,POVOADO CARAÍBAS - ZONA RURAL,DISTRITO SEDE,47600000,-13.21801,-43.0497333,144,Com acessibilidade,2026-09-21 12:22:00,901250457316755768054092
UE2015 (Anterior),BOM JESUS DA LAPA,71,152,1775816,CENTRO EDUCACIONAL MUNICIPALIZADO SÃO JOSÉ,RUA MANOEL GOMES DE SOUZA,SÃO GOTARDO,47600000,-13.259384,-43.4182513,235,Com acessibilidade,2026-09-21 12:31:00,12361670227887563187350
UE2015 (Anterior),BOM JESUS DA LAPA,71,153,1793087,CENTRO DE EDUCAÇÃO INFANTIL KATIUSCIA,"RUA SANTA MARIA GORETE, S/N - ZONA URBANA",JOÃO PAULO II,47600000,-13.2446871,-43.4051782,370,Com acessibilidade,2026-09-21 12:40:00,739533500899624213752161
UE2015 (Anterior),BOM JESUS DA LAPA,71,155,1822459,ESCOLA MUNICIPAL QUILOMBO EMILIANO JOAQUIM VILAÇA,POVOADO BRASILEIRA - ZONA RURAL,POVOADO BRASILEIRA,47600000,-13.7261382,-43.494405,242,Com acessibilidade,2026-09-21 12:49:00,648624633390163645724547
UE2015 (Anterior),BOM JESUS DA LAPA,71,163,1777242,ESCOLA MUNICIPAL PROFESSORA EGERIA VALE BELO,CAMINHO 03 - ZONA URBANA,MAGALHÃES NETO,47600000,-13.2474626,-43.4110862,359,Com acessibilidade,2026-09-21 14:16:00,274987110153539938680882
UE2015 (Anterior),BOM JESUS DA LAPA,71,177,1810555,CENTRO EDUCACIONAL MUNICIPALIZADO SÃO JOSÉ,RUA MANOEL GOMES DE SOUZA,SÃO GOTARDO,47600000,-13.259384,-43.4182513,239,Com acessibilidade,2026-09-21 14:25:00,184078532944469107325989
UE2015 (Anterior),BOM JESUS DA LAPA,71,201,1766291,ESCOLA MUNICIPAL PROFESSORA EGERIA VALE BELO,CAMINHO 03 - ZONA URBANA,MAGALHÃES NETO,47600000,-13.2474626,-43.4110862,357,Com acessibilidade,2026-09-21 14:34:00,184078471844486367975874
UE2015 (Anterior),BOM JESUS DA LAPA,71,203,1785104,ESCOLA DE 2º GRAU MONSENHOR TURÍBIO VILA NOVA,AVENIDA AGENOR MAGALHÃES - ZONA URBANA,AMARALINA,47600000,-13.2518606,-43.4068634,343,Com acessibilidade,2026-09-21 14:44:00,274987786153664825183152
UE2015 (Anterior),BOM JESUS DA LAPA,71,204,1825128,ESCOLA MUNICIPAL PROFESSOR JOÃO CAMPOS DE ARAÚJO,POVOADO ILHA DA CANABRAVA - ZONA RURAL,POVOADO ILHA DE CANABRAVA,47600000,-13.1905971,-43.4366353,357,Com acessibilidade,2026-09-21 14:53:00,891149512215307248748498
UE2015 (Anterior),BOM JESUS DA LAPA,71,206,1765246,ESCOLA WILSON LINS,RUA SANTA LUZIA S/N - ZONA URBANA,SANTA LUZIA,47600000,-13.249673,-43.4139397,287,Com acessibilidade,2026-09-21 09:07:00,820442666307544074329769
UE2015 (Anterior),BOM JESUS DA LAPA,71,207,1763351,ESCOLA MUNICIPAL LINO SOARES,POVOADO CURRAL DAS VÁRZEAS - ZONA RURAL,POVOADO CURRAL DAS VÁRZEAS,47600000,-13.5368433,-43.3258967,164,Com acessibilidade,2026-09-21 09:17:00,214381165746024139934937
UE2015 (Anterior),BOM JESUS DA LAPA,71,208,1841776,ESCOLA MUNICIPAL FORMOSO A,PROJETO DE IRRIGAÇÃO FORMOSO A - ZONA RURAL,SETOR 33,47600000,-13.2443869,-43.6539249,350,Com acessibilidade,2026-09-21 09:27:00,860846928411765723317684
UE2015 (Anterior),BOM JESUS DA LAPA,71,210,1825022,CENTRO EDUCACIONAL MUNICIPALIZADO SÃO JOSÉ,RUA MANOEL GOMES DE SOUZA,SÃO GOTARDO,47600000,-13.259384,-43.4182513,235,Com acessibilidade,2026-09-21 09:38:00,689028934093747966334687
UE2015 (Anterior),BOM JESUS DA LAPA,71,211,1792008,ESCOLA MUN. PROFª MARTINHA GONÇALVES,"RUA SÃO CRISTOVÃO, S/N - ZONA URBANA",JOÃO PAULO II,47600000,-13.2469264,-43.4046499,295,Com acessibilidade,2026-09-21 09:47:00,658725011290731187700074
UE2015 (Anterior),BOM JESUS DA LAPA,71,212,1770611,ESCOLA MUNICIPAL ELGINO NUNES DE SOUZA,POVOADO RIO DAS RÃS - ZONA RURAL,POVOADO RIO DAS RÃS,47600000,-13.7465234,-43.5004719,376,Com acessibilidade,2026-09-21 09:55:00,709230176795732602684205
UE2015 (Anterior),BOM JESUS DA LAPA,71,213,1807964,ESCOLA MUNICIPAL IZIDÓRIO BATISTA DA SILVA,POVOADO MOSSORONGO - ZONA RURAL,POVOADO MOSSORONGO,47600000,-13.2702434,-43.1306479,343,Com acessibilidade,2026-09-21 10:07:00,386098963163181713701425
UE2015 (Anterior),BOM JESUS DA LAPA,71,214,1811111,ESCOLA MUNICIPAL PAULO FREIRE,"AVENIDA AGENOR MAGALHÃES, S/N - ZONA URBANA",SÃO GOTARDO,47600000,-13.2514215,-43.413147,274,Com acessibilidade,2026-09-21 10:16:00,780038479003609221553127
UE2015 (Anterior),BOM JESUS DA LAPA,71,215,1765163,UNIVERSIDADE FEDERAL DO OESTE DA BAHIA-UFOB,AVENIDA MANOEL NOVAES - ZONA URBANA,CENTRO,47600000,-13.2592631,-43.4147528,273,Com acessibilidade,2026-09-21 10:25:00,396199190864235888983754
UE2015 (Anterior),BOM JESUS DA LAPA,71,217,1769787,ESCOLA MUNICIPAL ISMAEL ALVES,"POVOADO LAGOA DO ISMAEL,SN  - ZONA RURAL",DISTRITO SEDE,47600000,-12.961585,-43.21234,167,Com acessibilidade,2026-09-21 10:37:00,860846889111933366600444
UE2015 (Anterior),BOM JESUS DA LAPA,71,218,1842253,ESCOLA MUNICIPAL PROFESSOR JOSÉ SOARES SILVA,"POVOADO DO TANQUINHO, SN - ZONA RUAL",DISTRITO SEDE,47600000,-13.7399338,-43.4987597,196,Com acessibilidade,2026-09-21 10:46:00,547614677779635702772551
UE2015 (Anterior),BOM JESUS DA LAPA,71,219,1809724,ESCOLA DE 2º GRAU MONSENHOR TURÍBIO VILA NOVA,AVENIDA AGENOR MAGALHÃES - ZONA URBANA,AMARALINA,47600000,-13.2518606,-43.4068634,346,Com acessibilidade,2026-09-21 10:55:00,860846103911975474903918
UE2015 (Anterior),BOM JESUS DA LAPA,71,220,1831431,ESCOLA MUN. PROFª MARTINHA GONÇALVES,"RUA SÃO CRISTOVÃO, S/N - ZONA URBANA",JOÃO PAULO II,47600000,-13.2469264,-43.4046499,308,Com acessibilidade,2026-09-21 11:05:00,355795671260127192125829
UE2015 (Anterior),BOM JESUS DA LAPA,71,221,1795393,ESCOLA MUNICIPAL PROFESSORA EGERIA VALE BELO,CAMINHO 03 - ZONA URBANA,MAGALHÃES NETO,47600000,-13.2474626,-43.4110862,354,Com acessibilidade,2026-09-21 11:14:00,72967505632864315439208
UE2015 (Anterior),BOM JESUS DA LAPA,71,222,1774996,ESCOLA MUNICIPAL FORMOSO A,PROJETO DE IRRIGAÇÃO FORMOSO A - ZONA RURAL,SETOR 33,47600000,-13.2443869,-43.6539249,350,Com acessibilidade,2026-09-21 11:23:00,820442366907632022456564
UE2015 (Anterior),BOM JESUS DA LAPA,71,223,1824088,ESCOLA MUNICIPAL LEOBINO FAVELA,POVOADO SILVESTRE - ZONA RURAL,POVOADO SILVESTRE,47600000,-13.0619749,-43.0848819,362,Com acessibilidade,2026-09-21 11:32:00,860846516911698363822911
UE2015 (Anterior),BOM JESUS DA LAPA,71,224,1795375,CENTRO EDUCACIONAL MUNICIPALIZADO SÃO JOSÉ,RUA MANOEL GOMES DE SOUZA,SÃO GOTARDO,47600000,-13.259384,-43.4182513,236,Com acessibilidade,2026-09-21 11:41:00,22462784727878171716948
UE2015 (Anterior),BOM JESUS DA LAPA,71,225,1771220,ESCOLA MUNICIPAL SENHORINHO BARBOSA DOS SANTOS,POVOADO CARAÍBAS - ZONA RURAL,DISTRITO SEDE,47600000,-13.21801,-43.0497333,144,Com acessibilidade,2026-09-21 11:50:00,961856837621833773736624
UE2015 (Anterior),BOM JESUS DA LAPA,71,226,1752040,UNIVERSIDADE FEDERAL DO OESTE DA BAHIA-UFOB,AVENIDA MANOEL NOVAES - ZONA URBANA,CENTRO,47600000,-13.2592631,-43.4147528,280,Com acessibilidade,2026-09-21 12:00:00,648624623989178918967002
UE2015 (Anterior),BOM JESUS DA LAPA,71,228,1766261,ESCOLA DE 2º GRAU MONSENHOR TURÍBIO VILA NOVA,AVENIDA AGENOR MAGALHÃES - ZONA URBANA,AMARALINA,47600000,-13.2518606,-43.4068634,342,Com acessibilidade,2026-09-21 12:09:00,870947075412032963849680
UE2015 (Anterior),BOM JESUS DA LAPA,71,229,1837579,ESCOLA MUNICIPALIZADA PADRE FRANCISCO DA SOLEDADE,"AV. MANOEL NOVAIS, S/N - ZONA URBANA",BEIRA RIO,47600000,-13.2518798,-43.4228279,303,Com acessibilidade,2026-09-21 12:19:00,780038093203034219204334
UE2015 (Anterior),BOM JESUS DA LAPA,71,231,1762613,ESCOLA MUNICIPAL BALÃO MÁGICO,RUA 15 DE NOVEMBRO S/N - ZONA URBANA,SÃO JOÃO,47600000,-13.2602366,-43.406928,331,Com acessibilidade,2026-09-21 12:29:00,72967572932417926636043
UE2015 (Anterior),BOM JESUS DA LAPA,71,232,1779954,CENTRO EDUCACIONAL MUNICIPALIZADO SÃO JOSÉ,RUA MANOEL GOMES DE SOUZA,SÃO GOTARDO,47600000,-13.259384,-43.4182513,234,Com acessibilidade,2026-09-21 12:37:00,992159606924285978458271
UE2015 (Anterior),BOM JESUS DA LAPA,71,233,1825982,ESCOLA MUNICIPAL FORMOSO A,PROJETO DE IRRIGAÇÃO FORMOSO A - ZONA RURAL,SETOR 33,47600000,-13.2443869,-43.6539249,349,Com acessibilidade,2026-09-21 12:46:00,709230427195013516068652
UE2015 (Anterior),BOM JESUS DA LAPA,71,234,1780153,ESCOLA MUNICIPAL PAULO FREIRE,"AVENIDA AGENOR MAGALHÃES, S/N - ZONA URBANA",SÃO GOTARDO,47600000,-13.2514215,-43.413147,272,Com acessibilidade,2026-09-21 14:17:00,820442651707154610514293
UE2015 (Anterior),BOM JESUS DA LAPA,71,235,1809625,ESCOLA MUNICIPAL NOSSA SENHORA DA CONCEIÇÃO,POVOADO BANDEIRA - ZONA RURAL,POVOADO BANDEIRA,47600000,-12.9599683,-43.3981183,313,Com acessibilidade,2026-09-21 14:27:00,709230642595123879612319
UE2015 (Anterior),BOM JESUS DA LAPA,71,236,1819838,ESCOLA MUNICIPAL PEQUENO PRÍNCIPE,RUA CHÁCARA S/N - ZONA URBANA,AMARALINA,47600000,-13.2503001,-43.4075499,303,Com acessibilidade,2026-09-21 14:37:00,699129748794203999154765
UE2015 (Anterior),BOM JESUS DA LAPA,71,239,1824851,ESCOLA DE 2º GRAU MONSENHOR TURÍBIO VILA NOVA,AVENIDA AGENOR MAGALHÃES - ZONA URBANA,AMARALINA,47600000,-13.2518606,-43.4068634,334,Com acessibilidade,2026-09-21 09:06:00,547614929760197972455493
UE2015 (Anterior),BOM JESUS DA LAPA,71,241,1757555,ESCOLA MUNICIPAL JOSÉ BATISTA DE SOUZA,POVOADO CHAPADA GRANDE - ZONA RURAL,POVOADO CHAPADA GRANDE,47600000,-13.33583,-43.1356483,276,Com acessibilidade,2026-09-21 09:14:00,911351480297512571017554
UE2015 (Anterior),BOM JESUS DA LAPA,71,242,1809347,ESCOLA MUNICIPAL LINO SOARES,POVOADO CURRAL DAS VÁRZEAS - ZONA RURAL,POVOADO CURRAL DAS VÁRZEAS,47600000,-13.5368433,-43.3258967,163,Com acessibilidade,2026-09-21 09:25:00,618321293567379721868194
UE2015 (Anterior),BOM JESUS DA LAPA,71,245,1805701,ESCOLA MUNICIPAL FORMOSO A,PROJETO DE IRRIGAÇÃO FORMOSO A - ZONA RURAL,SETOR 33,47600000,-13.2443869,-43.6539249,349,Com acessibilidade,2026-09-21 09:38:00,224482239028289960651848
UE2015 (Anterior),BOM JESUS DA LAPA,71,247,1792207,CENTRO DE EDUCAÇÃO INFANTIL KATIUSCIA,"RUA SANTA MARIA GORETE, S/N - ZONA URBANA",JOÃO PAULO II,47600000,-13.2446871,-43.4051782,370,Com acessibilidade,2026-09-21 09:46:00,173977406923181601942684
UE2015 (Anterior),BOM JESUS DA LAPA,71,250,1795523,ESCOLA MUNICIPAL BALÃO MÁGICO,RUA 15 DE NOVEMBRO S/N - ZONA URBANA,SÃO JOÃO,47600000,-13.2602366,-43.406928,326,Com acessibilidade,2026-09-21 09:55:00,618321144767640069904928
UE2015 (Anterior),BOM JESUS DA LAPA,71,251,1790996,ESCOLA MUNICIPAL PEQUENO PRÍNCIPE,RUA CHÁCARA S/N - ZONA URBANA,AMARALINA,47600000,-13.2503001,-43.4075499,296,Com acessibilidade,2026-09-21 10:04:00,739533374679327244417826
UE2015 (Anterior),BOM JESUS DA LAPA,71,252,1826071,SECRETARIA MUNICIPAL DE ASSISTÊNCIA SOCIAL,"AV ALMIRANTE BEIRUTE, S/N - ZONA URBANA",CAVALHADA,47600000,-13.2487375,-43.4180488,270,Com acessibilidade,2026-09-21 10:13:00,800240550786417004152832
UE2015 (Anterior),BOM JESUS DA LAPA,71,256,1824952,ESCOLA MUNICIPAL FORMOSO A,PROJETO DE IRRIGAÇÃO FORMOSO A - ZONA RURAL,SETOR 33,47600000,-13.2443869,-43.6539249,349,Com acessibilidade,2026-09-21 10:22:00,476907660653103932139619
UE2015 (Anterior),BOM JESUS DA LAPA,71,257,1809742,ESCOLA DE 2º GRAU MONSENHOR TURÍBIO VILA NOVA,AVENIDA AGENOR MAGALHÃES - ZONA URBANA,AMARALINA,47600000,-13.2518606,-43.4068634,347,Com acessibilidade,2026-09-21 10:30:00,921452224998509745392058
UE2015 (Anterior),BOM JESUS DA LAPA,71,259,1758522,ESCOLA MUNICIPAL ANTONIO CARDOSO DOS SANTOS,"VILA DO SETOR 04, S/N - ZONA RURAL",POVOADO PROJETO FORMOSO A,47600000,-13.2532667,-43.6321267,335,Com acessibilidade,2026-09-21 10:41:00,72967596713810002808214
UE2015 (Anterior),BOM JESUS DA LAPA,71,260,1793360,ESCOLA MUNICIPAL NOSSA SENHORA APARECIDA,"RUA DR. GILVENCIO XAVIER, S/N - ZONA URBANA",LAGOA GRANDE,47600000,-13.2733452,-43.4041054,390,Com acessibilidade,2026-09-21 10:49:00,12361617207318751311527
UE2015 (Anterior),BOM JESUS DA LAPA,71,261,1752287,ESCOLA MUNICIPAL SENHORINHO BARBOSA DOS SANTOS,POVOADO CARAÍBAS - ZONA RURAL,DISTRITO SEDE,47600000,-13.21801,-43.0497333,141,Com acessibilidade,2026-09-21 11:00:00,790139507585219040402571
UE2015 (Anterior),BOM JESUS DA LAPA,71,262,1773008,NÚCLEO EDUCACIONAL BATALHA,ASSENTAMENTO FRUTICULTURA - ZONA RURAL,DISTRITO SEDE,47600000,-13.6183017,-43.427515,307,Com acessibilidade,2026-09-21 11:10:00,779937591183283633959875
UE2015 (Anterior),BOM JESUS DA LAPA,71,263,1824204,UNIDADE BÁSICA DE SAÚDE CABEÇA DO BOI,POVOADO CABEÇA DO BOI - ZONA RURAL,DISTRITO SEDE,47600000,-13.5836333,-43.2780517,285,Com acessibilidade,2026-09-21 11:19:00,325492250538469235300773
UE2015 (Anterior),BOM JESUS DA LAPA,71,264,1778488,ESCOLA MUNICIPAL FORMOSO A,PROJETO DE IRRIGAÇÃO FORMOSO A - ZONA RURAL,SETOR 33,47600000,-13.2443869,-43.6539249,344,Com acessibilidade,2026-09-21 11:28:00,143674180920304025056842
UE2015 (Anterior),BOM JESUS DA LAPA,71,265,1834124,ESCOLA MUNICIPAL BALÃO MÁGICO,RUA 15 DE NOVEMBRO S/N - ZONA URBANA,SÃO JOÃO,47600000,-13.2602366,-43.406928,309,Com acessibilidade,2026-09-21 11:37:00,214381362027391346494248
UE2015 (Anterior),BOM JESUS DA LAPA,71,266,1824785,ESCOLA MUNICIPAL JOSINA MARIA DA CONCEIÇÃO,COMUNIDADE QUILOMBOLA LAGOA DAS PIRANHAS - ZONA RURAL,DISTRITO SEDE,47600000,-13.180425,-43.4717217,217,Com acessibilidade,2026-09-21 11:46:00,83068341314285424731446
UE2015 (Anterior),BOM JESUS DA LAPA,71,267,1762005,ESCOLA MUNICIPAL ELGINO NUNES DE SOUZA,POVOADO RIO DAS RÃS - ZONA RURAL,POVOADO RIO DAS RÃS,47600000,-13.7465234,-43.5004719,372,Com acessibilidade,2026-09-21 11:55:00,103270479716329499469405
UE2015 (Anterior),BOM JESUS DA LAPA,71,275,1824562,CENTRO DE EDUCAÇÃO INFANTIL KATIUSCIA,"RUA SANTA MARIA GORETE, S/N - ZONA URBANA",JOÃO PAULO II,47600000,-13.2446871,-43.4051782,369,Com acessibilidade,2026-09-21 12:04:00,194179416125001734373457
UE2015 (Anterior),BOM JESUS DA LAPA,71,276,1769791,ESCOLA MUNICIPAL PROFESSORA EGERIA VALE BELO,CAMINHO 03 - ZONA URBANA,MAGALHÃES NETO,47600000,-13.2474626,-43.4110862,358,Com acessibilidade,2026-09-21 12:13:00,173977507923004023292126
UE2015 (Anterior),BOM JESUS DA LAPA,71,277,1796334,ESCOLA MUNICIPAL PEQUENO PRÍNCIPE,RUA CHÁCARA S/N - ZONA URBANA,AMARALINA,47600000,-13.2503001,-43.4075499,304,Com acessibilidade,2026-09-21 12:23:00,103270541116025738699276
UE2015 (Anterior),BOM JESUS DA LAPA,71,282,1786072,ESCOLA DE 2º GRAU MONSENHOR TURÍBIO VILA NOVA,AVENIDA AGENOR MAGALHÃES - ZONA URBANA,AMARALINA,47600000,-13.2518606,-43.4068634,336,Com acessibilidade,2026-09-21 12:32:00,436503393849374933191905
UE2015 (Anterior),BOM JESUS DA LAPA,71,283,1782087,NÚCLEO EDUCACIONAL BATALHA,ASSENTAMENTO FRUTICULTURA - ZONA RURAL,DISTRITO SEDE,47600000,-13.6183017,-43.427515,306,Com acessibilidade,2026-09-21 12:40:00,779937849283662633569619
UE2015 (Anterior),BOM JESUS DA LAPA,71,286,1810391,ESCOLA MUNICIPAL ANTONIO CARDOSO DOS SANTOS,"VILA DO SETOR 04, S/N - ZONA RURAL",POVOADO PROJETO FORMOSO A,47600000,-13.2532667,-43.6321267,347,Com acessibilidade,2026-09-21 12:49:00,992159390405518588214259
UE2015 (Anterior),BOM JESUS DA LAPA,71,287,1763833,ESCOLA EDIVALDO FLORES BOAVENTURA,RUA DOS ESCOTEIROS - ZONA URBANA,SÃO JOÃO,47600000,-13.25841,-43.4035683,358,Com acessibilidade,2026-09-21 12:57:00,507210011756970968400674
UE2015 (Anterior),BOM JESUS DA LAPA,71,288,1824170,ESCOLA MUNICIPAL NOSSA SENHORA APARECIDA,"RUA DR. GILVENCIO XAVIER, S/N - ZONA URBANA",LAGOA GRANDE,47600000,-13.2733452,-43.4041054,391,Com acessibilidade,2026-09-21 09:06:00,244684863100898645225771
UE2015 (Anterior),BOM JESUS DA LAPA,71,293,1767003,ESCOLA MUN. PROFª MARTINHA GONÇALVES,"RUA SÃO CRISTOVÃO, S/N - ZONA URBANA",JOÃO PAULO II,47600000,-13.2469264,-43.4046499,304,Com acessibilidade,2026-09-21 09:16:00,497109636325237833343174
UE2015 (Anterior),BOM JESUS DA LAPA,71,294,1781187,ESCOLA MUNICIPAL PEQUENO PRÍNCIPE,RUA CHÁCARA S/N - ZONA URBANA,AMARALINA,47600000,-13.2503001,-43.4075499,298,Com acessibilidade,2026-09-21 09:25:00,244684493700006506485841
UE2015 (Anterior),BOM JESUS DA LAPA,71,297,1795118,ESCOLA EDIVALDO FLORES BOAVENTURA,RUA DOS ESCOTEIROS - ZONA URBANA,SÃO JOÃO,47600000,-13.25841,-43.4035683,357,Com acessibilidade,2026-09-21 09:36:00,992159579175919631246934
UE2015 (Anterior),BOM JESUS DA LAPA,71,299,1764660,ESCOLA MUNICIPAL NOSSA SENHORA APARECIDA,"RUA DR. GILVENCIO XAVIER, S/N - ZONA URBANA",LAGOA GRANDE,47600000,-13.2733452,-43.4041054,388,Com acessibilidade,2026-09-21 09:45:00,285088089604220760768137
UE2015 (Anterior),BOM JESUS DA LAPA,71,300,1824618,ESCOLA MUNICIPAL PEQUENO PRÍNCIPE,RUA CHÁCARA S/N - ZONA URBANA,AMARALINA,47600000,-13.2503001,-43.4075499,326,Com acessibilidade,2026-09-21 09:55:00,992159264775020492739920
UE2015 (Anterior),BOM JESUS DA LAPA,71,302,1764502,ESCOLA MUNICIPAL NOSSA SENHORA APARECIDA,"RUA DR. GILVENCIO XAVIER, S/N - ZONA URBANA",LAGOA GRANDE,47600000,-13.2733452,-43.4041054,390,Com acessibilidade,2026-09-21 10:04:00,678927168043260526309959
UE2015 (Anterior),BOM JESUS DA LAPA,71,303,1809163,ESCOLA EDIVALDO FLORES BOAVENTURA,RUA DOS ESCOTEIROS - ZONA URBANA,SÃO JOÃO,47600000,-13.25841,-43.4035683,360,Com acessibilidade,2026-09-21 10:12:00,133573735989678631121760
UE2015 (Anterior),BOM JESUS DA LAPA,71,306,1759891,NÚCLEO EDUCACIONAL BATALHA,ASSENTAMENTO FRUTICULTURA - ZONA RURAL,DISTRITO SEDE,47600000,-13.6183017,-43.427515,305,Com acessibilidade,2026-09-21 10:21:00,365896299412925471248168
UE2015 (Anterior),BOM JESUS DA LAPA,71,307,1769723,ESCOLA MUNICIPAL NOSSA SENHORA DA CONCEIÇÃO,POVOADO BANDEIRA - ZONA RURAL,POVOADO BANDEIRA,47600000,-12.9599683,-43.3981183,316,Com acessibilidade,2026-09-21 10:30:00,12361050477590105069661
UE2015 (Anterior),BOM JESUS DA LAPA,71,310,1839383,ESCOLA EDIVALDO FLORES BOAVENTURA,RUA DOS ESCOTEIROS - ZONA URBANA,SÃO JOÃO,47600000,-13.25841,-43.4035683,366,Com acessibilidade,2026-09-21 10:39:00,173977513293385994979508
UE2015 (Anterior),BOM JESUS DA LAPA,71,312,1769761,ESCOLA MUNICIPAL NOSSA SENHORA APARECIDA,"RUA DR. GILVENCIO XAVIER, S/N - ZONA URBANA",LAGOA GRANDE,47600000,-13.2733452,-43.4041054,387,Com acessibilidade,2026-09-21 10:47:00,184078744794344004070296
UE2015 (Anterior),BOM JESUS DA LAPA,71,313,1793337,ESCOLA MUN. PROFª MARTINHA GONÇALVES,"RUA SÃO CRISTOVÃO, S/N - ZONA URBANA",JOÃO PAULO II,47600000,-13.2469264,-43.4046499,308,Com acessibilidade,2026-09-21 10:58:00,982058659974309347607405
UE2015 (Anterior),BOM JESUS DA LAPA,71,315,1759821,ESCOLA DE 2º GRAU MONSENHOR TURÍBIO VILA NOVA,AVENIDA AGENOR MAGALHÃES - ZONA URBANA,AMARALINA,47600000,-13.2518606,-43.4068634,336,Com acessibilidade,2026-09-21 11:06:00,12361908277850782063470
UE2015 (Anterior),BOM JESUS DA LAPA,71,316,1754525,ESCOLA MUNICIPAL PEQUENO PRÍNCIPE,RUA CHÁCARA S/N - ZONA URBANA,AMARALINA,47600000,-13.2503001,-43.4075499,301,Com acessibilidade,2026-09-21 11:15:00,547614540530402392035154
UE2015 (Anterior),BOM JESUS DA LAPA,71,320,1809678,ESCOLA MUNICIPAL BALÃO MÁGICO,RUA 15 DE NOVEMBRO S/N - ZONA URBANA,SÃO JOÃO,47600000,-13.2602366,-43.406928,269,Sem acessibilidade,2026-09-21 11:23:00,355795767211162101466073
UE2015 (Anterior),BOM JESUS DA LAPA,71,321,1771331,ESCOLA MUNICIPAL ANTONIO CARDOSO DOS SANTOS,"VILA DO SETOR 04, S/N - ZONA RURAL",POVOADO PROJETO FORMOSO A,47600000,-13.2532667,-43.6321267,208,Sem acessibilidade,2026-09-21 11:32:00,285088803504115522075917
UE2015 (Anterior),BOM JESUS DA LAPA,71,324,1768129,CEI PEQUENO POLEGAR,"RUA SÃO JOSÉ, S/N",JOÃO PAULO II,47600000,-13.2462631,-43.4048395,348,Sem acessibilidade,2026-09-21 11:53:00,860846719262940549425940
UE2015 (Anterior),BOM JESUS DA LAPA,71,325,1769924,ESCOLA PROFESSORA LUCIA MARILAQUE SILVA,"RUA FERNANDO PRESIDIO, 434",SÃO JOÃO,47600000,-13.25766,-43.4038867,239,Sem acessibilidade,2026-09-21 12:01:00,113371073787716248828148
UE2015 (Anterior),BOM JESUS DA LAPA,71,326,1791519,ESCOLA MUNICIPAL PROFESSORA ADILENE MARIA DOS SANTOS,"AVENIDA PRINCIPAL, S/N",primavera i,47600000,-13.2483583,-43.39355,397,Sem acessibilidade,2026-09-21 12:10:00,244684311700860438868729
UE2015 (Anterior),BOM JESUS DA LAPA,71,329,1758290,ESCOLA MUNICIPAL JOSÉ SANTANA,"MORRÃO, ZONA RURAL - BOM JESUS DA LAPA",DISTRITO SEDE,47600000,-13.1378507,-43.2247339,99,Sem acessibilidade,2026-09-21 12:20:00,72967470583784179829037
UE2015 (Anterior),BOM JESUS DA LAPA,71,330,1795363,ESCOLA MUNICIPAL VITALINA MARIA DE JESUS,"RUA SANTA ZITA, 577",JOÃO PAULO II,47600000,-13.242885,-43.4036767,370,Sem acessibilidade,2026-09-21 12:29:00,214381693797551809715024
UE2015 (Anterior),BOM JESUS DA LAPA,71,334,1839602,ESCOLA CAMILO BALDUÍNO DA SILVA,POÇO DO URUBU,DISTRITO SEDE,47600000,-13.14598,-43.32261,146,Sem acessibilidade,2026-09-21 12:37:00,456705378421749503641634
UE2015 (Anterior),BOM JESUS DA LAPA,71,335,1795266,ESCOLA MUNICIPAL NOSSA SENHORA APARECIDA,"RUA DR. GILVENCIO XAVIER, S/N - ZONA URBANA",LAGOA GRANDE,47600000,-13.2733452,-43.4041054,388,Sem acessibilidade,2026-09-21 12:46:00,335593366909648376489770
UE2015 (Anterior),BOM JESUS DA LAPA,71,338,1794996,UNEB - UNIVERSIDADE DO ESTADO DA BAHIA,"AVENIDA AGENOR MAGALHÃES, S/N",AMARALINA,47600000,-13.251775,-43.4070833,370,Sem acessibilidade,2026-09-21 12:54:00,719331078047974586434527
UE2015 (Anterior),BOM JESUS DA LAPA,71,340,1844200,ESCOLA PROFESSORA LUCIA MARILAQUE SILVA,"RUA FERNANDO PRESIDIO, 434",SÃO JOÃO,47600000,-13.25766,-43.4038867,334,Sem acessibilidade,2026-09-21 13:03:00,800240353956655231858558
UE2015 (Anterior),BOTUPORÃ,168,71,1774646,COLÉGIO ESTADUAL DO CAMPO DE BOTUPORÃ,"RUA SANTOS DUMONT, 429 - ZONA URBANA",CENTRO,46580000,-13.3758461,-42.5186281,327,Sem acessibilidade,2026-09-25 08:55:00,578796176855856610157106
UE2015 (Anterior),BOTUPORÃ,168,72,1771930,COLÉGIO ESTADUAL DO CAMPO DE BOTUPORÃ,"RUA SANTOS DUMONT, 429 - ZONA URBANA",CENTRO,46580000,-13.3758461,-42.5186281,326,Sem acessibilidade,2026-09-25 09:05:00,578796289755519764583632
UE2015 (Anterior),BOTUPORÃ,168,73,1752682,COLÉGIO ESTADUAL DO CAMPO DE BOTUPORÃ,"RUA SANTOS DUMONT, 429 - ZONA URBANA",CENTRO,46580000,-13.3758461,-42.5186281,320,Sem acessibilidade,2026-09-25 09:15:00,104049928908139149444272
UE2015 (Anterior),BOTUPORÃ,168,74,1840663,ESCOLA  MARILENE  DA SILVA CALDEIRA,RUA 22 DE MARÇO ZONA URBANA,CENTRO,46570000,-13.4592612,-42.5514008,260,Sem acessibilidade,2026-09-25 09:25:00,700009631468821268345587
UE2015 (Anterior),BOTUPORÃ,168,75,1809709,ESCOLA MUNICIPAL MIGUEL LOURENÇO REIS,RUA PARAMIRIM,IRMÃ DULCE,46570000,-13.3720542,-42.5200498,292,Sem acessibilidade,2026-09-25 09:35:00,174756219315380516490848
UE2015 (Anterior),BOTUPORÃ,168,76,1839927,ESCOLA MUNICIPAL MIGUEL LOURENÇO REIS,RUA PARAMIRIM,IRMÃ DULCE,46570000,-13.3720542,-42.5200498,291,Sem acessibilidade,2026-09-25 09:43:00,477786627445639376872095
UE2015 (Anterior),BOTUPORÃ,168,77,1777876,ESCOLA MUNICIPAL MIGUEL LOURENÇO REIS,RUA PARAMIRIM,IRMÃ DULCE,46570000,-13.3720542,-42.5200498,292,Sem acessibilidade,2026-09-25 09:52:00,619100874659798625318884
UE2015 (Anterior),BOTUPORÃ,168,78,1753452,ESCOLA MUNICIPAL MIGUEL LOURENÇO REIS,RUA PARAMIRIM,IRMÃ DULCE,46570000,-13.3720542,-42.5200498,290,Sem acessibilidade,2026-09-25 10:00:00,952534323693623697918488
UE2015 (Anterior),BOTUPORÃ,168,79,1815237,COLÉGIO ESTADUAL DO CAMPO DE BOTUPORÃ,"RUA SANTOS DUMONT, 429 - ZONA URBANA",CENTRO,46580000,-13.3758461,-42.5186281,322,Sem acessibilidade,2026-09-25 10:09:00,598998079057896432962360
UE2015 (Anterior),BOTUPORÃ,168,80,1775520,COLÉGIO ESTADUAL DO CAMPO DE BOTUPORÃ,"RUA SANTOS DUMONT, 429 - ZONA URBANA",CENTRO,46580000,-13.3758461,-42.5186281,314,Sem acessibilidade,2026-09-25 10:17:00,588897149556835876332242
UE2015 (Anterior),BOTUPORÃ,168,81,1838481,ESCOLA MUNICIPAL MIGUEL LOURENÇO REIS,RUA PARAMIRIM,IRMÃ DULCE,46570000,-13.3720542,-42.5200498,290,Sem acessibilidade,2026-09-25 10:26:00,689807356366953621323643
UE2015 (Anterior),BOTUPORÃ,168,82,1757407,ESCOLA MUNICIPAL MIGUEL LOURENÇO REIS,RUA PARAMIRIM,IRMÃ DULCE,46570000,-13.3720542,-42.5200498,290,Sem acessibilidade,2026-09-25 10:34:00,134352918011357632436956
UE2015 (Anterior),BOTUPORÃ,168,83,1779882,ESCOLA MUNICIPAL MIGUEL LOURENÇO REIS,RUA PARAMIRIM,IRMÃ DULCE,46570000,-13.3720542,-42.5200498,288,Sem acessibilidade,2026-09-25 10:46:00,699908584767144680391023
UE2015 (Anterior),BOTUPORÃ,168,84,1828739,ESCOLA MUNICIPAL MIGUEL LOURENÇO REIS,RUA PARAMIRIM,IRMÃ DULCE,46570000,-13.3720542,-42.5200498,290,Sem acessibilidade,2026-09-25 10:55:00,710110719369188761282454
UE2015 (Anterior),BOTUPORÃ,168,85,1750410,ESCOLA MUNICIPAL MIGUEL LOURENÇO REIS,RUA PARAMIRIM,IRMÃ DULCE,46570000,-13.3720542,-42.5200498,291,Sem acessibilidade,2026-09-25 11:03:00,13140125399003692883627
UE2015 (Anterior),BOTUPORÃ,168,86,1780923,ESCOLA MUNICIPAL MIGUEL LOURENÇO REIS,RUA PARAMIRIM,IRMÃ DULCE,46570000,-13.3720542,-42.5200498,289,Sem acessibilidade,2026-09-25 11:12:00,518190730949523526970096
UE2015 (Anterior),BOTUPORÃ,168,87,1777078,ESCOLA  MARILENE  DA SILVA CALDEIRA,RUA 22 DE MARÇO ZONA URBANA,CENTRO,46570000,-13.4592612,-42.5514008,228,Sem acessibilidade,2026-09-25 11:21:00,811120142879846111910008
UE2015 (Anterior),BOTUPORÃ,168,88,1777664,ESCOLA  MARILENE  DA SILVA CALDEIRA,RUA 22 DE MARÇO ZONA URBANA,CENTRO,46570000,-13.4592612,-42.5514008,230,Sem acessibilidade,2026-09-25 11:30:00,972736413995023420008798
UE2015 (Anterior),BOTUPORÃ,168,89,1785276,ESCOLA MUNICIPAL PEDRO LOIOLA,POVOADO SANTO ANTÔNIO - ZONA RURAL,POVOADO SANTO ANTÔNIO,46570000,-13.3598264,-42.6359002,147,Sem acessibilidade,2026-09-25 11:39:00,841423392082525331210505
UE2015 (Anterior),BOTUPORÃ,168,90,1769658,ESCOLA MUNICIPAL ROBSON NEVES SOUZA,POVOADO BOA VISTA - ZONA RURAL,POVOADO BOA VISTA,46570000,-13.2312955,-42.5170236,214,Sem acessibilidade,2026-09-25 11:47:00,285867910226919835080214
UE2015 (Anterior),BOTUPORÃ,168,91,1765182,ESCOLA MUNICIPAL ROBSON NEVES SOUZA,POVOADO BOA VISTA - ZONA RURAL,POVOADO BOA VISTA,46570000,-13.2312955,-42.5170236,224,Sem acessibilidade,2026-09-25 11:56:00,306069041228953206035989
UE2015 (Anterior),BOTUPORÃ,168,92,1754921,ESCOLA MUNICIPAL ROBSON NEVES SOUZA,POVOADO BOA VISTA - ZONA RURAL,POVOADO BOA VISTA,46570000,-13.2312955,-42.5170236,221,Sem acessibilidade,2026-09-25 12:04:00,982837834196152387961649
UE2015 (Anterior),BOTUPORÃ,168,93,1835918,ESCOLA MUNICIPAL FRANCISCO AUGUSTO SANTANA,POVOADO DO POÇO - ZONA RURAL,POVOADO POÇO,46570000,-13.3350784,-42.6264177,250,Sem acessibilidade,2026-09-25 12:13:00,922231888190118071550446
UE2015 (Anterior),BOTUPORÃ,168,94,1760684,ESCOLA MUNICIPAL JOSÉ BARBOSA,POVOADO VEREDA - ZONA RURAL,POVOADO VEREDA,46570000,-13.3213978,-42.6673997,133,Sem acessibilidade,2026-09-25 12:21:00,821221897280967395453083
UE2015 (Anterior),BOTUPORÃ,168,95,1754791,ESCOLA MUNICIPAL ROBSON NEVES SOUZA,POVOADO BOA VISTA - ZONA RURAL,POVOADO BOA VISTA,46570000,-13.2312955,-42.5170236,192,Sem acessibilidade,2026-09-25 12:29:00,164655342214860115497364
UE2015 (Anterior),BOTUPORÃ,168,96,1840466,ESCOLA MUNICIPAL ROBSON NEVES SOUZA,POVOADO BOA VISTA - ZONA RURAL,POVOADO BOA VISTA,46570000,-13.2312955,-42.5170236,194,Sem acessibilidade,2026-09-25 12:40:00,588897871556831016409235
UE2015 (Anterior),BOTUPORÃ,168,97,1794902,ESCOLA MUNICIPAL FRANCISCO AUGUSTO SANTANA,POVOADO DO POÇO - ZONA RURAL,POVOADO POÇO,46570000,-13.3350784,-42.6264177,227,Sem acessibilidade,2026-09-25 12:48:00,275766670125083069421482
UE2015 (Anterior),BOTUPORÃ,168,98,1760326,ESCOLA  MARILENE  DA SILVA CALDEIRA,RUA 22 DE MARÇO ZONA URBANA,CENTRO,46570000,-13.4592612,-42.5514008,226,Com acessibilidade,2026-09-25 12:56:00,63645572704821225644648
UE2015 (Anterior),BOTUPORÃ,168,100,1771199,ESCOLA MUNICIPAL JOÃO SALES,POVOADO LAGOA D'ÁGUA DO SÃO FRANCISCO - ZONA RURAL,POVOADO LAGOA D'ÁGUA DO SÃO FRANCISCO,46570000,-13.3758798,-42.4600792,348,Sem acessibilidade,2026-09-25 13:05:00,629201719360973446051257
UE2015 (Anterior),BOTUPORÃ,168,101,1655610,ESCOLA MUNICIPAL ROBSON NEVES SOUZA,POVOADO BOA VISTA - ZONA RURAL,POVOADO BOA VISTA,46570000,-13.2312955,-42.5170236,365,Sem acessibilidade,2026-09-25 13:13:00,164655362014460129467234
UE2015 (Anterior),BOTUPORÃ,168,102,1838331,ESCOLA MUNICIPAL JOÃO SALES,POVOADO LAGOA D'ÁGUA DO SÃO FRANCISCO - ZONA RURAL,POVOADO LAGOA D'ÁGUA DO SÃO FRANCISCO,46570000,-13.3758798,-42.4600792,30,Sem acessibilidade,2026-09-25 13:21:00,265665575924517114356619
UE2015 (Anterior),BOTUPORÃ,168,103,1770438,COLÉGIO ESTADUAL DO CAMPO DE BOTUPORÃ,"RUA SANTOS DUMONT, 429 - ZONA URBANA",CENTRO,46580000,-13.3758461,-42.5186281,264,Sem acessibilidade,2026-09-25 13:31:00,487887901646827194357118
UE2015 (Anterior),BOTUPORÃ,168,104,1675555,ESCOLA MUNICIPAL JOSÉ CLEMENTE COSTA,POVOADO LAGOA D'ÁGUA DOS COSTAS - ZONA RURAL,POVOADO LAGOA D'ÁGUA DOS COSTA,46570000,-13.3397136,-42.5524731,317,Sem acessibilidade,2026-09-25 13:42:00,356574884333854759932714
UE2015 (Anterior),BOTUPORÃ,168,197,1775693,COLÉGIO ESTADUAL DO CAMPO DE BOTUPORÃ,"RUA SANTOS DUMONT, 429 - ZONA URBANA",CENTRO,46580000,-13.3758461,-42.5186281,329,Sem acessibilidade,2026-09-25 13:51:00,285867777626801422228213
UE2015 (Anterior),BOTUPORÃ,168,207,1772135,COLÉGIO ESTADUAL DO CAMPO DE BOTUPORÃ,"RUA SANTOS DUMONT, 429 - ZONA URBANA",CENTRO,46580000,-13.3758461,-42.5186281,186,Sem acessibilidade,2026-09-25 14:00:00,73746024505185660191541
UE2015 (Anterior),BREJOLÂNDIA,190,1,1769335,ESCOLA MUNICIPAL PRESIDENTE MEDICI,"RUA ADLEMO DE OLIVEIRA, S/N - ZONA URBANA",CENTRO,47750000,-12.4856167,-43.9626383,336,Com acessibilidade,2026-09-25 17:29:00,777949888181025565771438
UE2015 (Anterior),BREJOLÂNDIA,190,2,1763529,PREDIO ESCOLAR POMPILIO TEIXEIRA,PRACA MARIA ARLINDA DE CASTRO -  ZONA URBANA,CENTRO,47750000,-12.4853483,-43.9590067,250,Com acessibilidade,2026-09-25 17:30:00,565828784509275338014862
UE2015 (Anterior),BREJOLÂNDIA,190,3,1772327,PREDIO ESCOLAR POMPILIO TEIXEIRA,PRACA MARIA ARLINDA DE CASTRO -  ZONA URBANA,CENTRO,47750000,-12.4853483,-43.9590067,255,Com acessibilidade,2026-09-25 17:39:00,192191527823537860456748
UE2015 (Anterior),BREJOLÂNDIA,190,4,1791566,PREDIO ESCOLAR POMPILIO TEIXEIRA,PRACA MARIA ARLINDA DE CASTRO -  ZONA URBANA,CENTRO,47750000,-12.4853483,-43.9590067,254,Com acessibilidade,2026-09-25 17:40:00,676939118820477013620642
UE2015 (Anterior),BREJOLÂNDIA,190,5,1841542,ESCOLA MUNICIPAL OTÁVIO BASTOS DELGADO,RUA ADELMO XAVIER -  ZONA URBANA,CENTRO,47750000,-12.48423,-43.96327,306,Com acessibilidade,2026-09-25 17:47:00,404212955544696771907838
UE2015 (Anterior),BREJOLÂNDIA,190,6,1793915,ESCOLA MUNICIPAL OTÁVIO BASTOS DELGADO,RUA ADELMO XAVIER -  ZONA URBANA,CENTRO,47750000,-12.48423,-43.96327,308,Com acessibilidade,2026-09-25 17:49:00,878959539040301027216579
UE2015 (Anterior),BREJOLÂNDIA,190,7,1807880,ESCOLA MUNICIPAL OTÁVIO BASTOS DELGADO,RUA ADELMO XAVIER -  ZONA URBANA,CENTRO,47750000,-12.48423,-43.96327,305,Com acessibilidade,2026-09-25 17:56:00,485020252052798393162445
UE2015 (Anterior),BREJOLÂNDIA,190,8,1752814,ESCOLA MUNICIPAL PRESIDENTE MEDICI,"RUA ADLEMO DE OLIVEIRA, S/N - ZONA URBANA",CENTRO,47750000,-12.4856167,-43.9626383,336,Com acessibilidade,2026-09-25 17:59:00,828454701635347994856156
UE2015 (Anterior),BREJOLÂNDIA,190,9,1825002,CENTRO EDUCACIONAL MUNICIPAL SANTA LUZIA,POVOADO SANTA LUZIA -  ZONA RURAL,DISTRITO SANTA LUZIA,47750000,-12.65042,-44.0376383,249,Com acessibilidade,2026-09-25 18:05:00,182090176822084482509954
UE2015 (Anterior),BREJOLÂNDIA,190,10,1824574,CENTRO EDUCACIONAL MUNICIPAL SANTA LUZIA,POVOADO SANTA LUZIA -  ZONA RURAL,DISTRITO SANTA LUZIA,47750000,-12.65042,-44.0376383,250,Com acessibilidade,2026-09-25 18:09:00,182090258971369534593620
UE2015 (Anterior),BREJOLÂNDIA,190,12,1772876,PREDIO ESCOLAR JOAO LOPES GALVAO,POVOADO BREJINHO -  ZONA RURAL,POVOADO BREJINHO,47750000,-12.689845,-44.03446,208,Com acessibilidade,2026-09-25 18:14:00,60878354610986581657352
UE2015 (Anterior),BREJOLÂNDIA,190,13,1775687,PREDIO SERAFIM NERI DO PRADO,POVOADO MONONAL -  ZONA RURAL,DISTRITO MAMONAL,47750000,-12.3670683,-43.7976283,218,Com acessibilidade,2026-09-25 18:18:00,313303710484510943998438
UE2015 (Anterior),BREJOLÂNDIA,190,14,1769031,PREDIO SERAFIM NERI DO PRADO,POVOADO MONONAL -  ZONA RURAL,DISTRITO MAMONAL,47750000,-12.3670683,-43.7976283,218,Com acessibilidade,2026-09-25 18:22:00,111383625815988351049961
UE2015 (Anterior),BREJOLÂNDIA,190,15,1774300,PREDIO SERAFIM NERI DO PRADO,POVOADO MONONAL -  ZONA RURAL,DISTRITO MAMONAL,47750000,-12.3670683,-43.7976283,218,Com acessibilidade,2026-09-25 18:32:00,343606962638302912921667
UE2015 (Anterior),BREJOLÂNDIA,190,16,1769557,PREDIO ESCOLAR BENTO LEMOS DA SILVA,POVOADO LIMOEIRO -  ZONA RURAL,POVOADO LIMOEIRO,47750000,-12.4068167,-43.932205,198,Com acessibilidade,2026-09-25 18:31:00,676939402520568788112317
UE2015 (Anterior),BREJOLÂNDIA,190,17,1759326,PREDIO CONRADO ALVES DE ARAUJO,POVOADO MAMBACA -  ZONA RURAL,VILA MAMBAÇA,47750000,-12.5702983,-43.954845,259,Com acessibilidade,2026-09-25 18:41:00,323404162385302765339675
UE2015 (Anterior),BREJOLÂNDIA,190,18,1794784,PREDIO CONRADO ALVES DE ARAUJO,POVOADO MAMBACA -  ZONA RURAL,VILA MAMBAÇA,47750000,-12.5702983,-43.954845,256,Com acessibilidade,2026-09-25 18:50:00,707242653623705059919579
UE2015 (Anterior),BREJOLÂNDIA,190,19,1833415,PREDIO CONRADO ALVES DE ARAUJO,POVOADO MAMBACA -  ZONA RURAL,VILA MAMBAÇA,47750000,-12.5702983,-43.954845,256,Com acessibilidade,2026-09-25 19:01:00,656737717418385882608201
UE2015 (Anterior),BREJOLÂNDIA,190,20,1777167,PREDIO CONRADO ALVES DE ARAUJO,POVOADO MAMBACA -  ZONA RURAL,VILA MAMBAÇA,47750000,-12.5702983,-43.954845,258,Com acessibilidade,2026-09-25 19:04:00,444616587877380875900568
UE2015 (Anterior),BREJOLÂNDIA,190,21,1838260,PREDIO ESCOLAR MARCOS SOARES OLIVEIRA,POVOADO CEDRO -  ZONA RURAL,POVOADO CEDRO,47750000,-12.6805183,-43.9490717,250,Com acessibilidade,2026-09-25 19:10:00,979969224750723622692057
UE2015 (Anterior),BREJOLÂNDIA,190,22,1809895,PREDIO ESCOLAR BENTO LEMOS DA SILVA,POVOADO LIMOEIRO -  ZONA RURAL,POVOADO LIMOEIRO,47750000,-12.4068167,-43.932205,198,Com acessibilidade,2026-09-25 19:12:00,151787516148048437694224
UE2015 (Anterior),BREJOLÂNDIA,190,23,1819198,PREDIO FRANCISCO COELHO SOBRINHO,POVOADO SANTA PAZ DA 25 -  ZONA RURAL,VILA SANTA PAZ DA 25,47750000,-12.4775483,-43.8760217,351,Com acessibilidade,2026-09-25 19:21:00,969868433129878747455863
UE2015 (Anterior),BREJOLÂNDIA,190,24,1781453,PREDIO FRANCISCO COELHO SOBRINHO,POVOADO SANTA PAZ DA 25 -  ZONA RURAL,VILA SANTA PAZ DA 25,47750000,-12.4775483,-43.8760217,352,Com acessibilidade,2026-09-25 19:30:00,454717031078381586708959
UE2015 (Anterior),BREJOLÂNDIA,190,25,1783302,PREDIO ESCOLAR JOAQUIM JOSE DOS SANTOS,POVOADO CAMPESTRE -  ZONA RURAL,POVOADO CAMPESTRE,47750000,-12.62377,-43.99953,299,Com acessibilidade,2026-09-25 19:35:00,919363600344191237881214
UE2015 (Anterior),BREJOLÂNDIA,190,26,1764094,PREDIO ESCOLAR JOAQUIM JOSE DOS SANTOS,POVOADO CAMPESTRE -  ZONA RURAL,POVOADO CAMPESTRE,47750000,-12.62377,-43.99953,302,Com acessibilidade,2026-09-25 19:39:00,111383910644676255473786
UE2015 (Anterior),BREJOLÂNDIA,190,28,1788191,PONTO DE APOIO TEBÚCIO PEREIRA SANTOS,POVOADO PERI PERI -  ZONA RURAL,POVOADO PERI PERI,47750000,-12.658285,-43.99295,251,Com acessibilidade,2026-09-25 19:56:00,20474043555556153384220
UE2015 (Anterior),BREJOLÂNDIA,190,121,1789694,PREDIO SERAFIM NERI DO PRADO,POVOADO MONONAL -  ZONA RURAL,DISTRITO MAMONAL,47750000,-12.3670683,-43.7976283,218,Com acessibilidade,2026-09-25 19:20:00,909262249443740093557140
UE2015 (Anterior),BREJOLÂNDIA,190,128,1835237,FLAVIANA PEREIRA DE SOUZA,POVOADO SERTAOZINHO - ZONA RURAL,VILA SERTÃOZINHO,47750000,-12.5652717,-43.9975567,315,Com acessibilidade,2026-09-25 18:54:00,182090297151461122660536
UE2015 (Anterior),BREJOLÂNDIA,190,129,1773952,PREDIO ESCOLAR SAO SEBASTIAO,POVOADO PONTA D'AGUA - ZONA RURAL,POVOADO PONTA D'AGUA,47750000,-12.4378933,-43.8971,338,Com acessibilidade,2026-09-25 18:42:00,91181310742140624539226
UE2015 (Anterior),BREJOLÂNDIA,190,139,1795720,PREDIO SERAFIM NERI DO PRADO,POVOADO MONONAL -  ZONA RURAL,DISTRITO MAMONAL,47750000,-12.3670683,-43.7976283,218,Com acessibilidade,2026-09-25 18:33:00,283000570161317776415639
UE2015 (Anterior),BREJOLÂNDIA,190,149,1781835,PREDIO ESCOLAR POMPILIO TEIXEIRA,PRACA MARIA ARLINDA DE CASTRO -  ZONA URBANA,CENTRO,47750000,-12.4853483,-43.9590067,250,Com acessibilidade,2026-09-25 18:24:00,656737015498665967187629
UE2015 (Anterior),CAIRU,31,1,1766587,COLÉGIO ESTADUAL CÂNDIDO MEIRELES,"PRAÇA DA BANDEIRA, N 81 - ZONA URBANA",CENTRO,45420000,-13.4865325,-39.0471412,293,Com acessibilidade,2026-10-01 10:14:00,711703823582258249254326
UE2015 (Anterior),CAIRU,31,2,1769409,COLÉGIO ESTADUAL CÂNDIDO MEIRELES,"PRAÇA DA BANDEIRA, N 81 - ZONA URBANA",CENTRO,45420000,-13.4865325,-39.0471412,293,Sem acessibilidade,2026-10-01 10:25:00,45036261815742198870584
UE2015 (Anterior),CAIRU,31,3,1838603,ESCOLA MUNICIPAL ANTONIO CARLOS MAGALHAES,RUA BARAO HOMEM DE MELO,CENTRO,45420000,-13.4871316,-39.0438842,299,Sem acessibilidade,2026-10-01 10:37:00,762208091587692131375647
UE2015 (Anterior),CAIRU,31,4,1791688,ESCOLA MUNICIPAL ANTONIO CARLOS MAGALHAES,RUA BARAO HOMEM DE MELO,CENTRO,45420000,-13.4871316,-39.0438842,300,Sem acessibilidade,2026-10-01 10:51:00,883420325699579353889277
UE2015 (Anterior),CAIRU,31,5,1795138,ESCOLA MUNICIPAL LUIZ NAVARRO DE BRITO,RUA VISCONDE DE CAIRU S/N - ZONA URBANA,CENTRO,45420000,-13.4879265,-39.0433264,293,Sem acessibilidade,2026-10-01 11:01:00,529884076663873622498068
UE2015 (Anterior),CAIRU,31,6,1840653,ESCOLA MUNICIPAL LUIZ NAVARRO DE BRITO,RUA VISCONDE DE CAIRU S/N - ZONA URBANA,CENTRO,45420000,-13.4879265,-39.0433264,293,Sem acessibilidade,2026-10-01 11:13:00,115743774422699579503324
UE2015 (Anterior),CAIRU,31,7,1763279,ESCOLA MUNICIPAL RURAL DO GALEÃO,RUA DIRETA S/N - ZONA RURAL,DISTRITO GALEÃO,45410000,-13.3989301,-39.0352409,320,Sem acessibilidade,2026-10-01 11:26:00,459177226856333209140173
UE2015 (Anterior),CAIRU,31,8,1809633,ESCOLA HUMBERTO CARLOS BARBOSA RIBEIRO,RUA DO GABIRU S/N - ZONA RURAL,DISTRITO GALEÃO,45400000,-13.4010592,-39.0338763,356,Sem acessibilidade,2026-10-01 11:36:00,974329854508940718421462
UE2015 (Anterior),CAIRU,31,9,1792121,COLÉGIO MUNICIPAL DA GAMBOA HILDÉCIO ANTÔNIO MEIRELES - COLÉGIO MODELO,"RUA PRINCIPAL, SN, LOTEAMENTO NOVA GAMBOA - ZONA RURAL",DISTRITO GAMBOA,45420000,-13.3988308,-38.9385922,372,Sem acessibilidade,2026-10-01 11:49:00,95541082220368074871662
UE2015 (Anterior),CAIRU,31,10,1767466,COLÉGIO MUNICIPAL DA GAMBOA HILDÉCIO ANTÔNIO MEIRELES - COLÉGIO MODELO,"RUA PRINCIPAL, SN, LOTEAMENTO NOVA GAMBOA - ZONA RURAL",DISTRITO GAMBOA,45420000,-13.3988308,-38.9385922,372,Sem acessibilidade,2026-10-01 12:01:00,742006810985206768355756
UE2015 (Anterior),CAIRU,31,11,1765637,COLÉGIO MUNICIPAL DA GAMBOA HILDÉCIO ANTÔNIO MEIRELES - COLÉGIO MODELO,"RUA PRINCIPAL, SN, LOTEAMENTO NOVA GAMBOA - ZONA RURAL",DISTRITO GAMBOA,45420000,-13.3988308,-38.9385922,363,Sem acessibilidade,2026-10-01 12:22:00,469278645357176892037218
UE2015 (Anterior),CAIRU,31,12,1754337,ASSOCIAÇÃO COMUNITARIA AQPEGA,"RUA NOVA , S/N - ZONA RURAL",POVOADO GARAPUA,45420000,-13.4740318,-38.9212222,357,Sem acessibilidade,2026-10-01 12:33:00,772309064388644929429391
UE2015 (Anterior),CAIRU,31,13,1765508,ESCOLA MUNICIPAL NOSSA SENHORA DA LUZ,RUA CAMINHO DA PRAIA S/N - ZONA RURAL,DISTRITO MORRO DE SÃO PAULO,45420000,-13.377799,-38.9153951,355,Sem acessibilidade,2026-10-01 12:48:00,671399074378987116739216
UE2015 (Anterior),CAIRU,31,14,1765831,ESCOLA MUNICIPAL ANGELINA PACHECO,RUA DO CAMPO S/N - ZONA RURAL,POVOADO TORRINHA,45420000,-13.5692792,-39.0091512,323,Sem acessibilidade,2026-10-01 12:58:00,226854738933626004727172
UE2015 (Anterior),CAIRU,31,15,1810871,ESCOLA MUNICIPAL DE SÃO SEBASTIÃO ,RIA DO MAGALHÃES SN,POVOADO SÃO SEBASTIÃO,45000420,-13.661679,-38.9448485,352,Sem acessibilidade,2026-10-01 13:13:00,832915450194636319143021
UE2015 (Anterior),CAIRU,31,16,1755519,COLÉGIO MUNICIPAL DE BOIPEBA HILDÉCIO ANTÔNIO MEIRELES-COLÉGIO MODELO,"PRAÇA SANTO ANTONIO, S/N - ZONA RURAL",DISTRITO BOIPEBA,45420000,-13.5870803,-38.927499,358,Sem acessibilidade,2026-10-01 14:25:00,701602435581846908049592
UE2015 (Anterior),CAIRU,31,17,1775407,COLÉGIO MUNICIPAL DE BOIPEBA HILDÉCIO ANTÔNIO MEIRELES-COLÉGIO MODELO,"PRAÇA SANTO ANTONIO, S/N - ZONA RURAL",DISTRITO BOIPEBA,45420000,-13.5870803,-38.927499,364,Sem acessibilidade,2026-10-01 14:35:00,964228806707199642143960
UE2015 (Anterior),CAIRU,31,122,1793669,COLÉGIO ESTADUAL CÂNDIDO MEIRELES,"PRAÇA DA BANDEIRA, N 81 - ZONA URBANA",CENTRO,45420000,-13.4865325,-39.0471412,291,Sem acessibilidade,2026-10-01 14:45:00,236955689634559175629151
UE2015 (Anterior),CAIRU,31,123,1782988,ESCOLA HUMBERTO CARLOS BARBOSA RIBEIRO,RUA DO GABIRU S/N - ZONA RURAL,DISTRITO GALEÃO,45400000,-13.4010592,-39.0338763,352,Sem acessibilidade,2026-10-01 14:59:00,388470942549071254831798
UE2015 (Anterior),CAIRU,31,162,1793078,COLÉGIO MUNICIPAL DA GAMBOA HILDÉCIO ANTÔNIO MEIRELES - COLÉGIO MODELO,"RUA PRINCIPAL, SN, LOTEAMENTO NOVA GAMBOA - ZONA RURAL",DISTRITO GAMBOA,45420000,-13.3988308,-38.9385922,360,Sem acessibilidade,2026-10-01 15:09:00,176349905028522582750280
UE2015 (Anterior),CAIRU,31,176,1835419,ESCOLA MUNICIPAL RURAL DO GALEÃO,RUA DIRETA S/N - ZONA RURAL,DISTRITO GALEÃO,45410000,-13.3989301,-39.0352409,320,Sem acessibilidade,2026-10-01 15:20:00,519783751462418996641264
UE2015 (Anterior),CAIRU,31,192,1768912,ESCOLA MUNICIPAL NOSSA SENHORA DA LUZ,RUA CAMINHO DA PRAIA S/N - ZONA RURAL,DISTRITO MORRO DE SÃO PAULO,45420000,-13.377799,-38.9153951,350,Sem acessibilidade,2026-10-01 15:31:00,85440029619142732251114
UE2015 (Anterior),CAIRU,31,193,1806527,ESCOLA MUNICIPAL LUIZ NAVARRO DE BRITO,RUA VISCONDE DE CAIRU S/N - ZONA URBANA,CENTRO,45420000,-13.4879265,-39.0433264,290,Sem acessibilidade,2026-10-01 15:43:00,337965387244628974049994
UE2015 (Anterior),CAIRU,31,195,1763435,ESCOLA MUNICIPAL DE SÃO SEBASTIÃO ,RIA DO MAGALHÃES SN,POVOADO SÃO SEBASTIÃO,45000420,-13.661679,-38.9448485,355,Sem acessibilidade,2026-10-01 15:53:00,307662578741688832370162
UE2015 (Anterior),CAIRU,31,196,1845784,COLÉGIO MUNICIPAL DE BOIPEBA HILDÉCIO ANTÔNIO MEIRELES-COLÉGIO MODELO,"PRAÇA SANTO ANTONIO, S/N - ZONA RURAL",DISTRITO BOIPEBA,45420000,-13.5870803,-38.927499,360,Sem acessibilidade,2026-10-01 16:03:00,348066726145382386484307
UE2015 (Anterior),CAIRU,31,200,1770171,COLÉGIO ESTADUAL CÂNDIDO MEIRELES,"PRAÇA DA BANDEIRA, N 81 - ZONA URBANA",CENTRO,45420000,-13.4865325,-39.0471412,290,Sem acessibilidade,2026-10-01 16:14:00,812713990992011239432253
UE2015 (Anterior),CAIRU,31,217,1824827,ESCOLA MUNICIPAL ANGELINA PACHECO,RUA DO CAMPO S/N - ZONA RURAL,POVOADO TORRINHA,45420000,-13.5692792,-39.0091512,326,Sem acessibilidade,2026-10-01 16:25:00,459177470956818690272167
UE2015 (Anterior),CAIRU,31,220,1795801,COLÉGIO MUNICIPAL DA GAMBOA HILDÉCIO ANTÔNIO MEIRELES - COLÉGIO MODELO,"RUA PRINCIPAL, SN, LOTEAMENTO NOVA GAMBOA - ZONA RURAL",DISTRITO GAMBOA,45420000,-13.3988308,-38.9385922,365,Sem acessibilidade,2026-10-01 16:35:00,893521215600341654124467
UE2015 (Anterior),CAIRU,31,221,1761328,ESCOLA ADVENTISTA DO SÉTIMO DIA,"RUA DA LAGOA, S/N - ZONA RURAL",DISTRITO MORRO DE SÃO PAULO,45420000,-13.3809182,-38.9177562,387,Sem acessibilidade,2026-10-01 16:46:00,287460717639894060236148
UE2015 (Anterior),CAIRU,31,238,1810269,SALAS DE REUNIÕES DA IGREJA NOSSA SENHORA DA LUZ,"PRAÇA DA AMENDOEIRA, S/N - ZONA RURAL",DISTRITO MORRO DE SÃO PAULO,45420000,-13.3773396,-38.9168903,383,Sem acessibilidade,2026-10-01 16:57:00,812713081892580633935118
UE2015 (Anterior),CAIRU,31,247,1833079,COLÉGIO MUNICIPAL DE BOIPEBA HILDÉCIO ANTÔNIO MEIRELES-COLÉGIO MODELO,"PRAÇA SANTO ANTONIO, S/N - ZONA RURAL",DISTRITO BOIPEBA,45420000,-13.5870803,-38.927499,364,Sem acessibilidade,2026-10-01 17:07:00,146046379725574067325347
UE2015 (Anterior),CAIRU,31,249,1786596,COLÉGIO MUNICIPAL DE BOIPEBA HILDÉCIO ANTÔNIO MEIRELES-COLÉGIO MODELO,"PRAÇA SANTO ANTONIO, S/N - ZONA RURAL",DISTRITO BOIPEBA,45420000,-13.5870803,-38.927499,359,Sem acessibilidade,2026-10-01 17:19:00,641096095275308674065227
UE2015 (Anterior),CAIRU,31,258,1792201,ASSOCIAÇÃO COMUNITARIA AQPEGA,"RUA NOVA , S/N - ZONA RURAL",POVOADO GARAPUA,45420000,-13.4740318,-38.9212222,357,Sem acessibilidade,2026-10-01 17:29:00,681400096679431299744060
UE2015 (Anterior),CAIRU,31,259,1767113,SALAS DE REUNIÕES DA IGREJA NOSSA SENHORA DA LUZ,"PRAÇA DA AMENDOEIRA, S/N - ZONA RURAL",DISTRITO MORRO DE SÃO PAULO,45420000,-13.3773396,-38.9168903,385,Sem acessibilidade,2026-10-01 17:38:00,327864846443095504126495
UE2015 (Anterior),CAIRU,31,269,1754132,COLÉGIO MUNICIPAL HILDÉCIO ANTONIO MEIRELES,"RUA ESTRADA NOVA DO ZIMBO, S/N - ZONA RURAL",DISTRITO MORRO DE SÃO PAULO,45420000,-13.4010536,-38.9152524,349,Sem acessibilidade,2026-10-01 17:47:00,832915429094620199182216
UE2015 (Anterior),CAIRU,31,276,1750908,COLÉGIO ESTADUAL CÂNDIDO MEIRELES,"PRAÇA DA BANDEIRA, N 81 - ZONA URBANA",CENTRO,45420000,-13.4865325,-39.0471412,290,Sem acessibilidade,2026-10-01 17:56:00,125844456023932736865456
UE2015 (Anterior),CAIRU,31,280,1767251,ESCOLA MUNICIPAL NOSSA SENHORA DA LUZ,RUA CAMINHO DA PRAIA S/N - ZONA RURAL,DISTRITO MORRO DE SÃO PAULO,45420000,-13.377799,-38.9153951,348,Sem acessibilidade,2026-10-01 18:06:00,762208504187238529322278
UE2015 (Anterior),CAIRU,31,281,1835337,COLÉGIO MUNICIPAL DA GAMBOA HILDÉCIO ANTÔNIO MEIRELES - COLÉGIO MODELO,"RUA PRINCIPAL, SN, LOTEAMENTO NOVA GAMBOA - ZONA RURAL",DISTRITO GAMBOA,45420000,-13.3988308,-38.9385922,356,Sem acessibilidade,2026-10-01 18:16:00,358167209546915223852826
UE2015 (Anterior),CAIRU,31,288,1809106,COLÉGIO MUNICIPAL HILDÉCIO ANTONIO MEIRELES,"RUA ESTRADA NOVA DO ZIMBO, S/N - ZONA RURAL",DISTRITO MORRO DE SÃO PAULO,45420000,-13.4010536,-38.9152524,353,Sem acessibilidade,2026-10-01 18:26:00,176349792428824469010653
UE2015 (Anterior),CAIRU,31,802,1781608,COLÉGIO MUNICIPAL HILDÉCIO ANTONIO MEIRELES,"RUA ESTRADA NOVA DO ZIMBO, S/N - ZONA RURAL",DISTRITO MORRO DE SÃO PAULO,45420000,-13.4010536,-38.9152524,355,Sem acessibilidade,2026-10-01 18:36:00,216753159032954808660874
UE2015 (Anterior),CAIRU,31,803,1840143,COLÉGIO MUNICIPAL DE BOIPEBA HILDÉCIO ANTÔNIO MEIRELES-COLÉGIO MODELO,"PRAÇA SANTO ANTONIO, S/N - ZONA RURAL",DISTRITO BOIPEBA,45420000,-13.5870803,-38.927499,358,Sem acessibilidade,2026-10-01 18:47:00,75339129418972230437771
UE2015 (Anterior),CAIRU,31,804,1838207,COLÉGIO MUNICIPAL DA GAMBOA HILDÉCIO ANTÔNIO MEIRELES - COLÉGIO MODELO,"RUA PRINCIPAL, SN, LOTEAMENTO NOVA GAMBOA - ZONA RURAL",DISTRITO GAMBOA,45420000,-13.3988308,-38.9385922,370,Sem acessibilidade,2026-10-01 19:07:00,742006902185398660313966
UE2015 (Anterior),CAIRU,31,810,1767477,COLÉGIO MUNICIPAL DE BOIPEBA HILDÉCIO ANTÔNIO MEIRELES-COLÉGIO MODELO,"PRAÇA SANTO ANTONIO, S/N - ZONA RURAL",DISTRITO BOIPEBA,45420000,-13.5870803,-38.927499,358,Sem acessibilidade,2026-10-01 19:17:00,974329765208710680110457
UE2015 (Anterior),CAIRU,31,812,1764597,COLÉGIO MUNICIPAL HILDÉCIO ANTONIO MEIRELES,"RUA ESTRADA NOVA DO ZIMBO, S/N - ZONA RURAL",DISTRITO MORRO DE SÃO PAULO,45420000,-13.4010536,-38.9152524,348,Sem acessibilidade,2026-10-01 19:28:00,550187561266456717521803
UE2015 (Anterior),CAIRU,31,813,1795451,ESCOLA MUNICIPAL NOSSA SENHORA DA LUZ,RUA CAMINHO DA PRAIA S/N - ZONA RURAL,DISTRITO MORRO DE SÃO PAULO,45420000,-13.377799,-38.9153951,204,Sem acessibilidade,2026-10-01 19:38:00,226854341633216052435569
UE2015 (Anterior),CAIRU,31,814,1757357,COLÉGIO MUNICIPAL DA GAMBOA HILDÉCIO ANTÔNIO MEIRELES - COLÉGIO MODELO,"RUA PRINCIPAL, SN, LOTEAMENTO NOVA GAMBOA - ZONA RURAL",DISTRITO GAMBOA,45420000,-13.3988308,-38.9385922,293,Sem acessibilidade,2026-10-01 19:48:00,226854453733307010013750
UE2015 (Anterior),CAMAMU,78,1,1759721,CENTRO EDUCACIONAL CENECISTA PROF. PIRAJÁ DA SILVA,"PRAÇA DR. PIRAJÁ DA SILVA, S/N - ZONA URBANA",CIDADE ALTA,45445000,-13.9426951,-39.1038228,300,Com acessibilidade,2026-09-22 09:24:00,427379531651200599746465
UE2015 (Anterior),CAMAMU,78,2,1752395,CENTRO EDUCACIONAL CENECISTA PROF. PIRAJÁ DA SILVA,"PRAÇA DR. PIRAJÁ DA SILVA, S/N - ZONA URBANA",CIDADE ALTA,45445000,-13.9426951,-39.1038228,302,Com acessibilidade,2026-09-22 09:40:00,659602876174333802780789
UE2015 (Anterior),CAMAMU,78,3,1766899,CENTRO EDUCACIONAL CENECISTA PROF. PIRAJÁ DA SILVA,"PRAÇA DR. PIRAJÁ DA SILVA, S/N - ZONA URBANA",CIDADE ALTA,45445000,-13.9426951,-39.1038228,300,Com acessibilidade,2026-09-22 10:51:00,791016129388716609162560
UE2015 (Anterior),CAMAMU,78,4,1757027,CENTRO EDUCACIONAL CENECISTA PROF. PIRAJÁ DA SILVA,"PRAÇA DR. PIRAJÁ DA SILVA, S/N - ZONA URBANA",CIDADE ALTA,45445000,-13.9426951,-39.1038228,303,Com acessibilidade,2026-09-22 11:18:00,942531385503106172146507
UE2015 (Anterior),CAMAMU,78,5,1778868,CENTRO EDUCACIONAL CENECISTA PROF. PIRAJÁ DA SILVA,"PRAÇA DR. PIRAJÁ DA SILVA, S/N - ZONA URBANA",CIDADE ALTA,45445000,-13.9426951,-39.1038228,302,Com acessibilidade,2026-09-22 11:43:00,841521398593927259312490
UE2015 (Anterior),CAMAMU,78,6,1794489,CENTRO EDUCACIONAL CENECISTA PROF. PIRAJÁ DA SILVA,"PRAÇA DR. PIRAJÁ DA SILVA, S/N - ZONA URBANA",CIDADE ALTA,45445000,-13.9426951,-39.1038228,302,Com acessibilidade,2026-09-22 12:07:00,366773022645476495625837
UE2015 (Anterior),CAMAMU,78,7,1837471,CENTRO EDUCACIONAL CENECISTA PROF. PIRAJÁ DA SILVA,"PRAÇA DR. PIRAJÁ DA SILVA, S/N - ZONA URBANA",CIDADE ALTA,45445000,-13.9426951,-39.1038228,299,Com acessibilidade,2026-09-22 12:18:00,154652929024427898344952
UE2015 (Anterior),CAMAMU,78,8,1794443,COLEGIO ESTADUAL LUIZ ROGERIO DE SOUZA,PRACA DR. LUIZ ROGERIO DE SOUZA - ZONA URBANA,CENTRO,45445000,-13.9432401,-39.1032582,287,Com acessibilidade,2026-09-22 12:34:00,114248990320288719712352
UE2015 (Anterior),CAMAMU,78,9,1792062,COLEGIO ESTADUAL LUIZ ROGERIO DE SOUZA,PRACA DR. LUIZ ROGERIO DE SOUZA - ZONA URBANA,CENTRO,45445000,-13.9432401,-39.1032582,283,Com acessibilidade,2026-09-22 12:44:00,134450127222397223262653
UE2015 (Anterior),CAMAMU,78,10,1825631,GRUPO ESCOLAR JOAQUIM MARCELINO BORGES,"RUA DUQUE DE CAXIAS, S/N - ZONA URBANA",CENTRO,45445000,-13.9435939,-39.1053849,348,Sem acessibilidade,2026-09-22 13:03:00,841521910093781950862033
UE2015 (Anterior),CAMAMU,78,11,1769343,ESCOLA DR ANTONIO CARLOS MAGALHÃES,"TRAVESSA NILO PEÇANHA, N31 - ZONA URBANA",CENTRO,45445000,-13.9458929,-39.102445,337,Sem acessibilidade,2026-09-22 13:18:00,841521028193221562792119
UE2015 (Anterior),CAMAMU,78,12,1759558,ESCOLA DR ANTONIO CARLOS MAGALHÃES,"TRAVESSA NILO PEÇANHA, N31 - ZONA URBANA",CENTRO,45445000,-13.9458929,-39.102445,335,Sem acessibilidade,2026-09-22 13:33:00,296066588538507644577347
UE2015 (Anterior),CAMAMU,78,13,1774395,COLEGIO ESTADUAL LUIZ ROGERIO DE SOUZA,PRACA DR. LUIZ ROGERIO DE SOUZA - ZONA URBANA,CENTRO,45445000,-13.9432401,-39.1032582,343,Com acessibilidade,2026-09-22 13:45:00,599096999568036419890111
UE2015 (Anterior),CAMAMU,78,15,1764199,GRUPO ESCOLAR PEDRO COUTINHO DE ALMEIDA,"RUA DIREITA, S/N  - ZONA RURAL",POVOADO DE PINARE,45445000,-13.8924763,-39.1394718,188,Com acessibilidade,2026-09-22 13:53:00,356672978244747548913371
UE2015 (Anterior),CAMAMU,78,16,1826234,CENTRO EDUCACIONAL CENECISTA PROF. PIRAJÁ DA SILVA,"PRAÇA DR. PIRAJÁ DA SILVA, S/N - ZONA URBANA",CIDADE ALTA,45445000,-13.9426951,-39.1038228,302,Com acessibilidade,2026-09-22 14:27:00,498086227358008340424779
UE2015 (Anterior),CAMAMU,78,17,1766749,PREDIO ESCOLAR EMILIO GARRASTAZU MEDICE,"RUA DA PONTE, S/N  - ZONA RURAL",POVOADO DO ACARAI,45445000,-13.969936,-39.1349037,259,Sem acessibilidade,2026-09-22 14:46:00,164753006825783825910608
UE2015 (Anterior),CAMAMU,78,18,1764639,PREDIO ESCOLAR EMILIO GARRASTAZU MEDICE,"RUA DA PONTE, S/N  - ZONA RURAL",POVOADO DO ACARAI,45445000,-13.969936,-39.1349037,258,Sem acessibilidade,2026-09-22 14:56:00,336470284942048742729081
UE2015 (Anterior),CAMAMU,78,19,1809262,PREDIO ESCOLAR JULIO CALAZANS,"RUA MANOEL BENICIO DIAS, S/N  - ZONA RURAL",POVOADO DE TRAVESSAO,45445000,-14.1492574,-39.3312274,151,Com acessibilidade,2026-09-22 15:12:00,43541104813227189411104
UE2015 (Anterior),CAMAMU,78,22,1784387,PREDIO ESCOLAR NILZA DE SOUZA COUTINHO,"RUA DA IGREJA, S/N  - ZONA RURAL",POVOADO DE TRAVESSAO,45445000,-14.1464285,-39.3314904,108,Sem acessibilidade,2026-09-22 15:34:00,275864638136776523319407
UE2015 (Anterior),CAMAMU,78,33,1765147,ESCOLA PROFESSORA HILDEMAR MARIA SACRAMENTO OLIVEIRA,"RUA DA ENSEADA, S/N  - ZONA RURAL",POVOADO DA CAJAIBA,45445000,-13.9602748,-39.0277453,242,Sem acessibilidade,2026-09-22 15:50:00,982935528107381146660911
UE2015 (Anterior),CAMAMU,78,35,1779812,GINASIO MUNICIPAL PROFESSORA MARIA LUIZA,"PRACA SAO JOAO, S/N  - ZONA RURAL",POVOADO DA ILHA GRANDE,45445000,-13.9174799,-39.0067664,175,Com acessibilidade,2026-09-22 16:09:00,679804436876360757841293
UE2015 (Anterior),CAMAMU,78,36,1832855,ESCOLA MUNICIPAL DE TAPUIA,"RUA ANTONIO DANTAS, S/N",DISTRITO DE TAPUIA,45445000,-14.0856283,-39.0884715,329,Sem acessibilidade,2026-09-22 16:20:00,376874240946617337873290
UE2015 (Anterior),CAMAMU,78,37,1773744,GRUPO ESCOLAR RUI BARBOSA,RUA DR. XAVIER BORGES  - ZONA RURAL,DISTRITO DE BARCELOS DO SUL,45445000,-14.0422877,-39.0076484,231,Com acessibilidade,2026-09-22 16:35:00,871824857896557117146024
UE2015 (Anterior),CAMAMU,78,38,1771972,ANEXO JOSÉ PEREIRA MALTA,"RUA DO CAMPO, S/N",DISTRITO DE BARCELOS DO SUL,45445000,-14.0462292,-39.0124674,376,Sem acessibilidade,2026-09-22 17:16:00,215258302330899469205194
UE2015 (Anterior),CAMAMU,78,39,1758933,GRUPO ESCOLAR CARLOS GOMES,"RUA CENTRAL, S/N  - ZONA RURAL",POVOADO DO OROJO,45445000,-14.0653579,-39.2209533,227,Sem acessibilidade,2026-09-22 17:29:00,366773564445344088766726
UE2015 (Anterior),CAMAMU,78,40,1840502,GRUPO ESCOLAR CARLOS GOMES,"RUA CENTRAL, S/N  - ZONA RURAL",POVOADO DO OROJO,45445000,-14.0653579,-39.2209533,223,Sem acessibilidade,2026-09-22 17:41:00,265763548835863578959660
UE2015 (Anterior),CAMAMU,78,41,1765251,COLEGIO ESTADUAL LUIZ ROGERIO DE SOUZA,PRACA DR. LUIZ ROGERIO DE SOUZA - ZONA URBANA,CENTRO,45445000,-13.9432401,-39.1032582,343,Com acessibilidade,2026-09-22 17:55:00,265763657335235012147043
UE2015 (Anterior),CAMAMU,78,42,1791266,COLEGIO ESTADUAL LUIZ ROGERIO DE SOUZA,PRACA DR. LUIZ ROGERIO DE SOUZA - ZONA URBANA,CENTRO,45445000,-13.9432401,-39.1032582,345,Com acessibilidade,2026-09-22 09:25:00,841521348469697355157367
UE2015 (Anterior),CAMAMU,78,43,1770721,COLEGIO ESTADUAL LUIZ ROGERIO DE SOUZA,PRACA DR. LUIZ ROGERIO DE SOUZA - ZONA URBANA,CENTRO,45445000,-13.9432401,-39.1032582,344,Com acessibilidade,2026-09-22 11:16:00,174854783202191410900641
UE2015 (Anterior),CAMAMU,78,44,1789380,COLEGIO ESTADUAL LUIZ ROGERIO DE SOUZA,PRACA DR. LUIZ ROGERIO DE SOUZA - ZONA URBANA,CENTRO,45445000,-13.9432401,-39.1032582,342,Com acessibilidade,2026-09-22 11:48:00,528389248837951145289379
UE2015 (Anterior),CAMAMU,78,45,1767573,COLEGIO ESTADUAL LUIZ ROGERIO DE SOUZA,PRACA DR. LUIZ ROGERIO DE SOUZA - ZONA URBANA,CENTRO,45445000,-13.9432401,-39.1032582,340,Com acessibilidade,2026-09-22 12:21:00,993036822584867209914543
UE2015 (Anterior),CAMAMU,78,46,1793780,COLEGIO ESTADUAL LUIZ ROGERIO DE SOUZA,PRACA DR. LUIZ ROGERIO DE SOUZA - ZONA URBANA,CENTRO,45445000,-13.9432401,-39.1032582,341,Com acessibilidade,2026-09-22 12:31:00,700107649155661327863575
UE2015 (Anterior),CAMAMU,78,47,1757234,ESCOLINHA INFANTIL MONTEIRO LOBATO,"RUA DR. PIRAJA DA SILVA, S/N - ZONA URBANA",CENTRO,45445000,-13.9420142,-39.1041751,258,Sem acessibilidade,2026-09-22 13:11:00,487985530733375617034393
UE2015 (Anterior),CAMAMU,78,48,1824433,ESCOLA VERA LÚCIA HORA DE SANTANA BISPO,PRAÇA DR. FRANCISCO XAVIER BORGES,CIDADE ALTA,45445000,-13.9440082,-39.1038282,324,Sem acessibilidade,2026-09-22 13:47:00,993036151084575241127562
UE2015 (Anterior),CAMAMU,78,52,1764145,ESCOLINHA INFANTIL MONTEIRO LOBATO,"RUA DR. PIRAJA DA SILVA, S/N - ZONA URBANA",CENTRO,45445000,-13.9420142,-39.1041751,260,Sem acessibilidade,2026-09-22 14:49:00,649501212049473171875828
UE2015 (Anterior),CAMAMU,78,53,1788899,ESCOLA VERA LÚCIA HORA DE SANTANA BISPO,PRAÇA DR. FRANCISCO XAVIER BORGES,CIDADE ALTA,45445000,-13.9440082,-39.1038282,326,Sem acessibilidade,2026-09-22 15:00:00,174854857102125876265260
UE2015 (Anterior),CAMAMU,78,54,1815723,COLEGIO SAO JOSE,"PRACA DA BANDEIRA, 27 -  ZONA RURAL",POVOADO DE TRAVESSAO,45445000,-14.1498706,-39.3315055,267,Sem acessibilidade,2026-09-22 15:14:00,33440822288354362372715
UE2015 (Anterior),CAMAMU,78,55,1810916,ESCOLINHA INFANTIL MONTEIRO LOBATO,"RUA DR. PIRAJA DA SILVA, S/N - ZONA URBANA",CENTRO,45445000,-13.9420142,-39.1041751,262,Sem acessibilidade,2026-09-22 15:37:00,205157102405913374075709
UE2015 (Anterior),CAMAMU,78,56,1779936,GRUPO ESCOLAR JOAQUIM MARCELINO BORGES,"RUA DUQUE DE CAXIAS, S/N - ZONA URBANA",CENTRO,45445000,-13.9435939,-39.1053849,350,Sem acessibilidade,2026-09-22 15:45:00,962733976281621316057549
UE2015 (Anterior),CAMAMU,78,57,1795887,COLEGIO ESTADUAL LUIZ ROGERIO DE SOUZA,PRACA DR. LUIZ ROGERIO DE SOUZA - ZONA URBANA,CENTRO,45445000,-13.9432401,-39.1032582,286,Com acessibilidade,2026-09-22 16:05:00,447581565329855121772034
UE2015 (Anterior),CAMAMU,78,58,1779592,COLEGIO SAO JOSE,"PRACA DA BANDEIRA, 27 -  ZONA RURAL",POVOADO DE TRAVESSAO,45445000,-14.1498706,-39.3315055,270,Sem acessibilidade,2026-09-22 16:19:00,3137236885781680115593
UE2015 (Anterior),CAMAMU,78,59,1842485,COLEGIO MUNICIPAL PAULO MAGALHÃES,"RUA CAMAMU, S/N -  ZONA RURAL",POVOADO DE TRAVESSAO,45445000,-14.1466741,-39.3280617,194,Com acessibilidade,2026-09-22 16:35:00,972834318582657813295803
UE2015 (Anterior),CAMAMU,78,68,1775508,GRUPO ESCOLAR ANTONIO NASCIMENTO,DISTRITO DE TAPUIA - ZONA RURAL,DISTRITO DE TAPUIA,45445000,-14.0873211,-39.0891078,331,Sem acessibilidade,2026-09-22 16:45:00,487985783533258331302514
UE2015 (Anterior),CAMAMU,78,77,1825725,COLEGIO ESTADUAL LUIZ ROGERIO DE SOUZA,PRACA DR. LUIZ ROGERIO DE SOUZA - ZONA URBANA,CENTRO,45445000,-13.9432401,-39.1032582,286,Com acessibilidade,2026-09-22 18:00:00,942531204279224412602944
UE2015 (Anterior),CAMAMU,78,78,1788513,COLEGIO MUNICIPAL PAULO MAGALHÃES,"RUA CAMAMU, S/N -  ZONA RURAL",POVOADO DE TRAVESSAO,45445000,-14.1466741,-39.3280617,196,Com acessibilidade,2026-09-22 17:33:00,94046460094741866191050
UE2015 (Anterior),CAMAMU,78,80,1791672,ANEXO JOSÉ PEREIRA MALTA,"RUA DO CAMPO, S/N",DISTRITO DE BARCELOS DO SUL,45445000,-14.0462292,-39.0124674,371,Sem acessibilidade,2026-09-22 17:47:00,33440590688050764408976
UE2015 (Anterior),CAMAMU,78,82,1789293,COLEGIO ESTADUAL LUIZ ROGERIO DE SOUZA,PRACA DR. LUIZ ROGERIO DE SOUZA - ZONA URBANA,CENTRO,45445000,-13.9432401,-39.1032582,342,Com acessibilidade,2026-09-22 18:18:00,407177180725333841859392
UE2015 (Anterior),CAMAMU,78,86,1762429,ESCOLA PROFESSORA HILDEMAR MARIA SACRAMENTO OLIVEIRA,"RUA DA ENSEADA, S/N  - ZONA RURAL",POVOADO DA CAJAIBA,45445000,-13.9602748,-39.0277453,246,Sem acessibilidade,2026-09-22 18:32:00,861723085971559810615480
UE2015 (Anterior),CAMAMU,78,87,1847794,COLEGIO ESTADUAL LUIZ ROGERIO DE SOUZA,PRACA DR. LUIZ ROGERIO DE SOUZA - ZONA URBANA,CENTRO,45445000,-13.9432401,-39.1032582,344,Com acessibilidade,2026-09-22 18:47:00,174854507302301978113235
UE2015 (Anterior),CAMAMU,78,88,1824932,CENTRO EDUCACIONAL CENECISTA PROF. PIRAJÁ DA SILVA,"PRAÇA DR. PIRAJÁ DA SILVA, S/N - ZONA URBANA",CIDADE ALTA,45445000,-13.9426951,-39.1038228,299,Com acessibilidade,2026-09-22 19:11:00,841521282169399761337158
UE2015 (Anterior),CAMAMU,78,95,1760324,CENTRO EDUCACIONAL CENECISTA PROF. PIRAJÁ DA SILVA,"PRAÇA DR. PIRAJÁ DA SILVA, S/N - ZONA URBANA",CIDADE ALTA,45445000,-13.9426951,-39.1038228,302,Com acessibilidade,2026-09-22 19:20:00,235460412608806860097673
UE2015 (Anterior),CAMAMU,78,96,1765566,COLEGIO ESTADUAL LUIZ ROGERIO DE SOUZA,PRACA DR. LUIZ ROGERIO DE SOUZA - ZONA URBANA,CENTRO,45445000,-13.9432401,-39.1032582,344,Com acessibilidade,2026-09-22 19:34:00,447581736829387655944719
UE2015 (Anterior),CAMAMU,78,97,1761788,COLEGIO MUNICIPAL PAULO MAGALHÃES,"RUA CAMAMU, S/N -  ZONA RURAL",POVOADO DE TRAVESSAO,45445000,-14.1466741,-39.3280617,196,Com acessibilidade,2026-09-22 19:54:00,538490939538655133629629
UE2015 (Anterior),CAMAMU,78,98,1768587,COLEGIO ESTADUAL LUIZ ROGERIO DE SOUZA,PRACA DR. LUIZ ROGERIO DE SOUZA - ZONA URBANA,CENTRO,45445000,-13.9432401,-39.1032582,344,Sem acessibilidade,2026-09-22 09:38:00,558692063710709551891787
UE2015 (Anterior),CAMAMU,78,101,1790041,COLEGIO MUNICIPAL PAULO MAGALHÃES,"RUA CAMAMU, S/N -  ZONA RURAL",POVOADO DE TRAVESSAO,45445000,-14.1466741,-39.3280617,196,Com acessibilidade,2026-09-22 11:09:00,760713968631907244489200
UE2015 (Anterior),CAMAMU,78,104,1837486,COLEGIO ESTADUAL LUIZ ROGERIO DE SOUZA,PRACA DR. LUIZ ROGERIO DE SOUZA - ZONA URBANA,CENTRO,45445000,-13.9432401,-39.1032582,342,Sem acessibilidade,2026-09-22 12:07:00,376874906892482750503238
UE2015 (Anterior),CAMAMU,78,105,1774472,COLEGIO MUNICIPAL PAULO MAGALHÃES,"RUA CAMAMU, S/N -  ZONA RURAL",POVOADO DE TRAVESSAO,45445000,-14.1466741,-39.3280617,195,Com acessibilidade,2026-09-22 12:25:00,245561881879393206112365
UE2015 (Anterior),CAMAMU,78,108,1772797,COLEGIO ESTADUAL LUIZ ROGERIO DE SOUZA,PRACA DR. LUIZ ROGERIO DE SOUZA - ZONA URBANA,CENTRO,45445000,-13.9432401,-39.1032582,344,Sem acessibilidade,2026-09-22 12:39:00,861723835041388206193949
UE2015 (Anterior),CAMAMU,78,109,1751721,ESCOLINHA DA MONICA,"RUA CENTRAL, S/N  - ZONA RURAL",POVOADO DO OROJO,45445000,-14.0655684,-39.2205664,245,Sem acessibilidade,2026-09-22 12:55:00,498086575104918916594349
UE2015 (Anterior),CAMAMU,78,110,1809340,COLEGIO ESTADUAL LUIZ ROGERIO DE SOUZA,PRACA DR. LUIZ ROGERIO DE SOUZA - ZONA URBANA,CENTRO,45445000,-13.9432401,-39.1032582,287,Com acessibilidade,2026-09-22 13:10:00,265763423781082467992385
UE2015 (Anterior),CAMAMU,78,112,1773807,COLEGIO ESTADUAL LUIZ ROGERIO DE SOUZA,PRACA DR. LUIZ ROGERIO DE SOUZA - ZONA URBANA,CENTRO,45445000,-13.9432401,-39.1032582,342,Sem acessibilidade,2026-09-22 13:35:00,871824256842222157393037
UE2015 (Anterior),CAMAMU,78,113,1793314,GINASIO MUNICIPAL PROFESSORA MARIA LUIZA,"PRACA SAO JOAO, S/N  - ZONA RURAL",POVOADO DA ILHA GRANDE,45445000,-13.9174799,-39.0067664,174,Com acessibilidade,2026-09-22 14:29:00,689905172023331364627496
UE2015 (Anterior),CAMAMU,78,114,1763796,COLEGIO ESTADUAL LUIZ ROGERIO DE SOUZA,PRACA DR. LUIZ ROGERIO DE SOUZA - ZONA URBANA,CENTRO,45445000,-13.9432401,-39.1032582,283,Com acessibilidade,2026-09-22 14:47:00,942531544749636299870304
UE2015 (Anterior),CAMAMU,78,115,1752105,ESCOLINHA DA MONICA,"RUA CENTRAL, S/N  - ZONA RURAL",POVOADO DO OROJO,45445000,-14.0655684,-39.2205664,244,Sem acessibilidade,2026-09-22 14:59:00,538490243608459731821351
UE2015 (Anterior),CAMAMU,78,116,1775814,COLEGIO ESTADUAL LUIZ ROGERIO DE SOUZA,PRACA DR. LUIZ ROGERIO DE SOUZA - ZONA URBANA,CENTRO,45445000,-13.9432401,-39.1032582,284,Com acessibilidade,2026-09-22 15:16:00,43541868759508563830673
UE2015 (Anterior),CAMAMU,78,117,1773282,COLEGIO SAO JOSE,"PRACA DA BANDEIRA, 27 -  ZONA RURAL",POVOADO DE TRAVESSAO,45445000,-14.1498706,-39.3315055,266,Sem acessibilidade,2026-09-22 15:34:00,13238948356515279720676
UE2015 (Anterior),CAMAMU,78,119,1758332,GRUPO ESCOLAR JOAQUIM MARCELINO BORGES,"RUA DUQUE DE CAXIAS, S/N - ZONA URBANA",CENTRO,45445000,-13.9435939,-39.1053849,350,Sem acessibilidade,2026-09-22 15:50:00,619298761816010009461543
UE2015 (Anterior),CAMAMU,78,120,1836327,ESCOLA MUNICIPAL PROFESSORA ARABELA PIRAJÁ,"RUA DO CACAU, S/N - ZONA RURAL",POVOADO DO ACARAI,45445000,-13.9707235,-39.1338008,278,Sem acessibilidade,2026-09-22 16:04:00,134450367168477781879820
UE2015 (Anterior),CAMAMU,78,121,1771532,ESCOLA MUNICIPAL DE CAJAÍBA,"RUA DE BAIXO, S/N - ZONA RURAL",POVOADO DA CAJAIBA,45445000,-13.9585808,-39.0331918,356,Sem acessibilidade,2026-09-22 16:14:00,942531282449372283386119
UE2015 (Anterior),CAMAMU,78,122,1772781,GRUPO ESCOLAR RUI BARBOSA,RUA DR. XAVIER BORGES  - ZONA RURAL,DISTRITO DE BARCELOS DO SUL,45445000,-14.0422877,-39.0076484,233,Com acessibilidade,2026-09-22 16:26:00,124349571167783910700888
UE2015 (Anterior),CAMAMU,78,124,1765777,GRUPO ESCOLAR JOAQUIM MARCELINO BORGES,"RUA DUQUE DE CAXIAS, S/N - ZONA URBANA",CENTRO,45445000,-13.9435939,-39.1053849,346,Sem acessibilidade,2026-09-22 16:37:00,245561918279064557547549
UE2015 (Anterior),CAMAMU,78,128,1840691,CENTRO EDUCACIONAL CENECISTA PROF. PIRAJÁ DA SILVA,"PRAÇA DR. PIRAJÁ DA SILVA, S/N - ZONA URBANA",CIDADE ALTA,45445000,-13.9426951,-39.1038228,302,Com acessibilidade,2026-09-22 16:48:00,144551257369120976854270
UE2015 (Anterior),CAMAMU,78,129,1793355,CRECHE OROJÓ,"RUA GUANABARA, S/N - ZONA RURAL",POVOADO DO OROJO,45445000,-14.0647854,-39.2205588,313,Com acessibilidade,2026-09-22 17:00:00,720309947727896403856442
UE2015 (Anterior),CAMAMU,78,131,1772429,COLEGIO MUNICIPAL PAULO MAGALHÃES,"RUA CAMAMU, S/N -  ZONA RURAL",POVOADO DE TRAVESSAO,45445000,-14.1466741,-39.3280617,194,Com acessibilidade,2026-09-22 17:11:00,154652569970487339167097
UE2015 (Anterior),CAMAMU,78,185,1791347,COLEGIO ESTADUAL LUIZ ROGERIO DE SOUZA,PRACA DR. LUIZ ROGERIO DE SOUZA - ZONA URBANA,CENTRO,45445000,-13.9432401,-39.1032582,349,Sem acessibilidade,2026-09-22 17:25:00,467783664001168067592940
UE2015 (Anterior),CAMAMU,78,188,1766951,CENTRO EDUCACIONAL CENECISTA PROF. PIRAJÁ DA SILVA,"PRAÇA DR. PIRAJÁ DA SILVA, S/N - ZONA URBANA",CIDADE ALTA,45445000,-13.9426951,-39.1038228,313,Sem acessibilidade,2026-09-22 17:38:00,124349651767125499901276
UE2015 (Anterior),CAMAMU,78,192,1775623,CRECHE OROJÓ,"RUA GUANABARA, S/N - ZONA RURAL",POVOADO DO OROJO,45445000,-14.0647854,-39.2205588,313,Com acessibilidade,2026-09-22 17:53:00,23339967357856239990606
UE2015 (Anterior),CAMAMU,78,200,1752523,COLEGIO ESTADUAL LUIZ ROGERIO DE SOUZA,PRACA DR. LUIZ ROGERIO DE SOUZA - ZONA URBANA,CENTRO,45445000,-13.9432401,-39.1032582,344,Sem acessibilidade,2026-09-22 18:10:00,104147282565470788863084
UE2015 (Anterior),CAMAMU,78,207,1756433,ESCOLA VERA LÚCIA HORA DE SANTANA BISPO,PRAÇA DR. FRANCISCO XAVIER BORGES,CIDADE ALTA,45445000,-13.9440082,-39.1038282,325,Sem acessibilidade,2026-09-22 18:28:00,417278369696430179873133
UE2015 (Anterior),CAMAÇARI,170,1,1766243,CRECHE MUNICIPAL DA GLEBA C,RUA ABARE S/N - ZONA URBANA,GLEBA C,42800000,-12.7136987,-38.3268084,362,Com acessibilidade,2026-09-30 09:07:00,560114671988308934243416
UE2015 (Anterior),CAMAÇARI,170,2,1795873,ESCOLA MUNICIPAL JOSE ALAN,"RUA ABARE, S/N - ZONA URBANA",GLEBA C,42800000,-12.7150383,-38.3266567,387,Sem acessibilidade,2026-09-30 09:16:00,943952165626707128570774
UE2015 (Anterior),CAMAÇARI,170,3,1768136,COLÉGIO ESTADUAL DE TEMPO INTEGRAL GONÇALO MUNIZ,"RUA IBICARAÍ, S/N° - GLEBA C CAMAÇARI",GLEBA C,42807111,-12.71452526,-38.32764105,387,Sem acessibilidade,2026-09-30 09:25:00,822740157214604037027071
UE2015 (Anterior),CAMAÇARI,170,4,1764707,COLÉGIO ESTADUAL DE TEMPO INTEGRAL GONÇALO MUNIZ,"RUA IBICARAÍ, S/N° - GLEBA C CAMAÇARI",GLEBA C,42807111,-12.71452526,-38.32764105,385,Sem acessibilidade,2026-09-30 09:35:00,600518043292475385576019
UE2015 (Anterior),CAMAÇARI,170,5,1765995,COLÉGIO ESTADUAL DE TEMPO INTEGRAL GONÇALO MUNIZ,"RUA IBICARAÍ, S/N° - GLEBA C CAMAÇARI",GLEBA C,42807111,-12.71452526,-38.32764105,384,Sem acessibilidade,2026-09-30 09:43:00,832841385915653919611740
UE2015 (Anterior),CAMAÇARI,170,6,1757405,CRECHE MUNICIPAL DA GLEBA C,RUA ABARE S/N - ZONA URBANA,GLEBA C,42800000,-12.7136987,-38.3268084,359,Com acessibilidade,2026-09-30 09:54:00,620720281194606228930283
UE2015 (Anterior),CAMAÇARI,170,7,1764599,ESCOLA MUNICIPAL JOSE ALAN,"RUA ABARE, S/N - ZONA URBANA",GLEBA C,42800000,-12.7150383,-38.3266567,388,Sem acessibilidade,2026-09-30 10:04:00,55063828037664548628994
UE2015 (Anterior),CAMAÇARI,170,8,1825885,CRECHE MUNICIPAL DA GLEBA C,RUA ABARE S/N - ZONA URBANA,GLEBA C,42800000,-12.7136987,-38.3268084,360,Com acessibilidade,2026-09-30 10:14:00,156073033647850891480720
UE2015 (Anterior),CAMAÇARI,170,9,1772370,ESCOLA DO NATAL,"RUA DO NATAL, N 124 - ZONA URBANA",BOMBA,42809070,-12.6966384,-38.3201515,350,Sem acessibilidade,2026-09-30 10:27:00,287386277960288399392232
UE2015 (Anterior),CAMAÇARI,170,10,1808220,ESCOLA DO NATAL,"RUA DO NATAL, N 124 - ZONA URBANA",BOMBA,42809070,-12.6966384,-38.3201515,352,Sem acessibilidade,2026-09-30 10:40:00,206578279352892719344975
UE2015 (Anterior),CAMAÇARI,170,11,1766507,ESCOLA DO NATAL,"RUA DO NATAL, N 124 - ZONA URBANA",BOMBA,42809070,-12.6966384,-38.3201515,350,Sem acessibilidade,2026-09-30 10:49:00,236881419955553570139273
UE2015 (Anterior),CAMAÇARI,170,12,1767420,ESCOLA DO NATAL,"RUA DO NATAL, N 124 - ZONA URBANA",BOMBA,42809070,-12.6966384,-38.3201515,346,Sem acessibilidade,2026-09-30 10:59:00,75265364439485455725572
UE2015 (Anterior),CAMAÇARI,170,13,1765309,ESCOLA DO NATAL,"RUA DO NATAL, N 124 - ZONA URBANA",BOMBA,42809070,-12.6966384,-38.3201515,349,Com acessibilidade,2026-09-30 11:08:00,731831134405732022591668
UE2015 (Anterior),CAMAÇARI,170,14,1766151,ESCOLA DO NATAL,"RUA DO NATAL, N 124 - ZONA URBANA",BOMBA,42809070,-12.6966384,-38.3201515,346,Com acessibilidade,2026-09-30 11:16:00,287386797760233588898387
UE2015 (Anterior),CAMAÇARI,170,15,1766478,ESCOLA DO NATAL,"RUA DO NATAL, N 124 - ZONA URBANA",BOMBA,42809070,-12.6966384,-38.3201515,346,Com acessibilidade,2026-09-30 11:25:00,802538423512773432108450
UE2015 (Anterior),CAMAÇARI,170,16,1765597,ESCOLA DO NATAL,"RUA DO NATAL, N 124 - ZONA URBANA",BOMBA,42809070,-12.6966384,-38.3201515,347,Com acessibilidade,2026-09-30 11:45:00,822740554814971114729054
UE2015 (Anterior),CAMAÇARI,170,17,1765184,ESCOLA DO NATAL,"RUA DO NATAL, N 124 - ZONA URBANA",BOMBA,42809070,-12.6966384,-38.3201515,349,Com acessibilidade,2026-09-30 12:02:00,135871971345827311624810
UE2015 (Anterior),CAMAÇARI,170,18,1765336,ESCOLA DO NATAL,"RUA DO NATAL, N 124 - ZONA URBANA",BOMBA,42809070,-12.6966384,-38.3201515,348,Com acessibilidade,2026-09-30 12:13:00,651023604297500124453578
UE2015 (Anterior),CAMAÇARI,170,19,1765902,COLEGIO ESTADUAL POLIVALENTE DE CAMACARI,"RUA SANTA BERNADETE, N 16 - ZONA URBANA",CENTRO,42800030,-12.6982817,-38.3252033,397,Com acessibilidade,2026-09-30 12:23:00,186376246850129782414742
UE2015 (Anterior),CAMAÇARI,170,20,1768764,COLEGIO ESTADUAL POLIVALENTE DE CAMACARI,"RUA SANTA BERNADETE, N 16 - ZONA URBANA",CENTRO,42800030,-12.6982817,-38.3252033,393,Com acessibilidade,2026-09-30 12:32:00,14659154833970490430500
UE2015 (Anterior),CAMAÇARI,170,21,1838872,COLEGIO ESTADUAL POLIVALENTE DE CAMACARI,"RUA SANTA BERNADETE, N 16 - ZONA URBANA",CENTRO,42800030,-12.6982817,-38.3252033,394,Com acessibilidade,2026-09-30 12:46:00,691427949001025402224558
UE2015 (Anterior),CAMAÇARI,170,22,1764448,COLEGIO ESTADUAL POLIVALENTE DE CAMACARI,"RUA SANTA BERNADETE, N 16 - ZONA URBANA",CENTRO,42800030,-12.6982817,-38.3252033,396,Com acessibilidade,2026-09-30 12:56:00,549912905886962312241786
UE2015 (Anterior),CAMAÇARI,170,23,1765818,COLEGIO SAO THOMAZ DE CANTUARIA,"RUA PONCIANO DE OLIVEIRA, N 27 - ZONA URBANA",CENTRO,42800100,-12.7004774,-38.3220213,366,Com acessibilidade,2026-09-30 13:06:00,176275642549253701971368
UE2015 (Anterior),CAMAÇARI,170,24,1774731,COLEGIO SAO THOMAZ DE CANTUARIA,"RUA PONCIANO DE OLIVEIRA, N 27 - ZONA URBANA",CENTRO,42800100,-12.7004774,-38.3220213,366,Com acessibilidade,2026-09-30 13:15:00,974255555929073847898445
UE2015 (Anterior),CAMAÇARI,170,25,1847953,COLEGIO SAO THOMAZ DE CANTUARIA,"RUA PONCIANO DE OLIVEIRA, N 27 - ZONA URBANA",CENTRO,42800100,-12.7004774,-38.3220213,362,Com acessibilidade,2026-09-30 13:31:00,398497085671398218172175
UE2015 (Anterior),CAMAÇARI,170,26,1767501,COLEGIO SAO THOMAZ DE CANTUARIA,"RUA PONCIANO DE OLIVEIRA, N 27 - ZONA URBANA",CENTRO,42800100,-12.7004774,-38.3220213,363,Com acessibilidade,2026-09-30 09:07:00,44962843596784978638819
UE2015 (Anterior),CAMAÇARI,170,27,1772475,ESCOLA LUIZ EDUARDO MAGALHAES,"RUA LUIZ EDUARDO MAGALHAES, S/N -ZONA URBANA",CENTRO,42800420,-12.7013692,-38.3201864,393,Com acessibilidade,2026-09-30 09:16:00,44962950796808493853154
UE2015 (Anterior),CAMAÇARI,170,28,1761815,ESCOLA LUIZ EDUARDO MAGALHAES,"RUA LUIZ EDUARDO MAGALHAES, S/N -ZONA URBANA",CENTRO,42800420,-12.7013692,-38.3201864,397,Com acessibilidade,2026-09-30 09:26:00,731831751865581987500679
UE2015 (Anterior),CAMAÇARI,170,29,1767235,ESCOLA LUIZ EDUARDO MAGALHAES,"RUA LUIZ EDUARDO MAGALHAES, S/N -ZONA URBANA",CENTRO,42800420,-12.7013692,-38.3201864,397,Com acessibilidade,2026-09-30 09:35:00,984356117790852340650221
UE2015 (Anterior),CAMAÇARI,170,30,1767047,COLEGIO SAO THOMAZ DE CANTUARIA,"RUA PONCIANO DE OLIVEIRA, N 27 - ZONA URBANA",CENTRO,42800100,-12.7004774,-38.3220213,366,Com acessibilidade,2026-09-30 09:45:00,832841047775791667699388
UE2015 (Anterior),CAMAÇARI,170,31,1769499,COLEGIO SAO THOMAZ DE CANTUARIA,"RUA PONCIANO DE OLIVEIRA, N 27 - ZONA URBANA",CENTRO,42800100,-12.7004774,-38.3220213,366,Com acessibilidade,2026-09-30 09:55:00,408598725332454579879386
UE2015 (Anterior),CAMAÇARI,170,32,1768695,COLEGIO SAO THOMAZ DE CANTUARIA,"RUA PONCIANO DE OLIVEIRA, N 27 - ZONA URBANA",CENTRO,42800100,-12.7004774,-38.3220213,364,Com acessibilidade,2026-09-30 10:07:00,216679640313032401439660
UE2015 (Anterior),CAMAÇARI,170,33,1770560,COLEGIO SAO THOMAZ DE CANTUARIA,"RUA PONCIANO DE OLIVEIRA, N 27 - ZONA URBANA",CENTRO,42800100,-12.7004774,-38.3220213,363,Com acessibilidade,2026-09-30 10:20:00,14659553793526919157304
UE2015 (Anterior),CAMAÇARI,170,34,1750582,COLEGIO SAO THOMAZ DE CANTUARIA,"RUA PONCIANO DE OLIVEIRA, N 27 - ZONA URBANA",CENTRO,42800100,-12.7004774,-38.3220213,366,Com acessibilidade,2026-09-30 10:30:00,651023301957252169218550
UE2015 (Anterior),CAMAÇARI,170,35,1752143,COLEGIO SAO THOMAZ DE CANTUARIA,"RUA PONCIANO DE OLIVEIRA, N 27 - ZONA URBANA",CENTRO,42800100,-12.7004774,-38.3220213,363,Com acessibilidade,2026-09-30 10:39:00,297487053821529795419017
UE2015 (Anterior),CAMAÇARI,170,36,1757617,COLEGIO SAO THOMAZ DE CANTUARIA,"RUA PONCIANO DE OLIVEIRA, N 27 - ZONA URBANA",CENTRO,42800100,-12.7004774,-38.3220213,364,Com acessibilidade,2026-09-30 10:48:00,226780091414478577178694
UE2015 (Anterior),CAMAÇARI,170,37,1792234,COLEGIO SAO THOMAZ DE CANTUARIA,"RUA PONCIANO DE OLIVEIRA, N 27 - ZONA URBANA",CENTRO,42800100,-12.7004774,-38.3220213,365,Com acessibilidade,2026-09-30 10:58:00,549912521246884362617294
UE2015 (Anterior),CAMAÇARI,170,38,1810157,COLEGIO SAO THOMAZ DE CANTUARIA,"RUA PONCIANO DE OLIVEIRA, N 27 - ZONA URBANA",CENTRO,42800100,-12.7004774,-38.3220213,362,Com acessibilidade,2026-09-30 11:08:00,145972231506144627565384
UE2015 (Anterior),CAMAÇARI,170,39,1750467,COLÉGIO ESTADUAL DE TEMPO INTEGRAL GONÇALO MUNIZ,"RUA IBICARAÍ, S/N° - GLEBA C CAMAÇARI",GLEBA C,42807111,-12.71452526,-38.32764105,396,Com acessibilidade,2026-09-30 11:16:00,176275378709124079394740
UE2015 (Anterior),CAMAÇARI,170,40,1842489,COLÉGIO ESTADUAL DE TEMPO INTEGRAL GONÇALO MUNIZ,"RUA IBICARAÍ, S/N° - GLEBA C CAMAÇARI",GLEBA C,42807111,-12.71452526,-38.32764105,396,Com acessibilidade,2026-09-30 11:26:00,145972423806185569594870
UE2015 (Anterior),CAMAÇARI,170,41,1823730,COLÉGIO ESTADUAL DE TEMPO INTEGRAL GONÇALO MUNIZ,"RUA IBICARAÍ, S/N° - GLEBA C CAMAÇARI",GLEBA C,42807111,-12.71452526,-38.32764105,393,Com acessibilidade,2026-09-30 11:37:00,267184652218465219362083
UE2015 (Anterior),CAMAÇARI,170,42,1811494,CRECHE MUNICIPAL DA GLEBA C,RUA ABARE S/N - ZONA URBANA,GLEBA C,42800000,-12.7136987,-38.3268084,360,Com acessibilidade,2026-09-30 11:53:00,75265575599173822988323
UE2015 (Anterior),CAMAÇARI,170,43,1766148,COLÉGIO ESTADUAL DE TEMPO INTEGRAL GONÇALO MUNIZ,"RUA IBICARAÍ, S/N° - GLEBA C CAMAÇARI",GLEBA C,42807111,-12.71452526,-38.32764105,395,Com acessibilidade,2026-09-30 12:05:00,236881842415130593906059
UE2015 (Anterior),CAMAÇARI,170,44,1789953,ESCOLA DOUTOR LUIZ ROGERIO,"RUA ABARE, S/N - ZONA URBANA",GLEBA C,42805530,-12.7137144,-38.3262527,396,Com acessibilidade,2026-09-30 12:22:00,206578929212079786303377
UE2015 (Anterior),CAMAÇARI,170,45,1765001,ESCOLA DOUTOR LUIZ ROGERIO,"RUA ABARE, S/N - ZONA URBANA",GLEBA C,42805530,-12.7137144,-38.3262527,394,Com acessibilidade,2026-09-30 12:33:00,246982070216276350725448
UE2015 (Anterior),CAMAÇARI,170,46,1767408,COLÉGIO ESTADUAL DE TEMPO INTEGRAL GONÇALO MUNIZ,"RUA IBICARAÍ, S/N° - GLEBA C CAMAÇARI",GLEBA C,42807111,-12.71452526,-38.32764105,395,Com acessibilidade,2026-09-30 12:47:00,95467039601492303095940
UE2015 (Anterior),CAMAÇARI,170,47,1752627,CRECHE MUNICIPAL DA GLEBA C,RUA ABARE S/N - ZONA URBANA,GLEBA C,42800000,-12.7136987,-38.3268084,362,Com acessibilidade,2026-09-30 12:57:00,681326732660172959520194
UE2015 (Anterior),CAMAÇARI,170,48,1760945,ESCOLA DOUTOR LUIZ ROGERIO,"RUA ABARE, S/N - ZONA URBANA",GLEBA C,42805530,-12.7137144,-38.3262527,394,Com acessibilidade,2026-09-30 13:07:00,903548066682051351779923
UE2015 (Anterior),CAMAÇARI,170,49,1771076,ESCOLA DOUTOR LUIZ ROGERIO,"RUA ABARE, S/N - ZONA URBANA",GLEBA C,42805530,-12.7137144,-38.3262527,392,Com acessibilidade,2026-09-30 13:23:00,499407762441548146097206
UE2015 (Anterior),CAMAÇARI,170,50,1765051,CRECHE MUNICIPAL DA GLEBA C,RUA ABARE S/N - ZONA URBANA,GLEBA C,42800000,-12.7136987,-38.3268084,362,Com acessibilidade,2026-09-30 13:34:00,600518959352814272904935
UE2015 (Anterior),CAMAÇARI,170,51,1766215,ESCOLA DOUTOR LUIZ ROGERIO,"RUA ABARE, S/N - ZONA URBANA",GLEBA C,42805530,-12.7137144,-38.3262527,392,Com acessibilidade,2026-09-30 09:08:00,408598868800210542356699
UE2015 (Anterior),CAMAÇARI,170,52,1766584,ESCOLA DOUTOR LUIZ ROGERIO,"RUA ABARE, S/N - ZONA URBANA",GLEBA C,42805530,-12.7137144,-38.3262527,392,Com acessibilidade,2026-09-30 09:16:00,842942412144607216505952
UE2015 (Anterior),CAMAÇARI,170,53,1766889,ESCOLA DOUTOR LUIZ ROGERIO,"RUA ABARE, S/N - ZONA URBANA",GLEBA C,42805530,-12.7137144,-38.3262527,395,Com acessibilidade,2026-09-30 09:26:00,731831417633587986720111
UE2015 (Anterior),CAMAÇARI,170,54,1752259,ESCOLA DOUTOR LUIZ ROGERIO,"RUA ABARE, S/N - ZONA URBANA",GLEBA C,42805530,-12.7137144,-38.3262527,394,Com acessibilidade,2026-09-30 09:35:00,368194151796235745392963
UE2015 (Anterior),CAMAÇARI,170,55,1766479,ESCOLA DOUTOR LUIZ ROGERIO,"RUA ABARE, S/N - ZONA URBANA",GLEBA C,42805530,-12.7137144,-38.3262527,392,Com acessibilidade,2026-09-30 09:44:00,287386189288171931518443
UE2015 (Anterior),CAMAÇARI,170,56,1750424,ESCOLA DOUTOR LUIZ ROGERIO,"RUA ABARE, S/N - ZONA URBANA",GLEBA C,42805530,-12.7137144,-38.3262527,395,Com acessibilidade,2026-09-30 09:53:00,651023666425568946452940
UE2015 (Anterior),CAMAÇARI,170,57,1752741,CENTRO EDUCACIONAL MIGUEL ALVES-CEMA,"AVENIDA JORGE AMADO, S/N° BAIRRO INDUSTRIAL - CAMAÇARI - BAHIA",PONTO CERTO,42801170,-12.70612187,-38.31394993,421,Sem acessibilidade,2026-09-30 10:03:00,297487416289836214126766
UE2015 (Anterior),CAMAÇARI,170,58,1768289,ESCOLA ANGIOLINA TEIXEIRA DE SOUZA,"RUA EIXO E, 119 - ZONA URBANA",PIAÇAVEIRA,42802490,-12.712546,-38.3208764,418,Com acessibilidade,2026-09-30 10:12:00,661124894526229462866564
UE2015 (Anterior),CAMAÇARI,170,59,1751998,CENTRO EDUCACIONAL MIGUEL ALVES-CEMA,"AVENIDA JORGE AMADO, S/N° BAIRRO INDUSTRIAL - CAMAÇARI - BAHIA",PONTO CERTO,42801170,-12.70612187,-38.31394993,419,Sem acessibilidade,2026-09-30 10:22:00,610619951721265057598756
UE2015 (Anterior),CAMAÇARI,170,60,1766717,CENTRO EDUCACIONAL MIGUEL ALVES-CEMA,"AVENIDA JORGE AMADO, S/N° BAIRRO INDUSTRIAL - CAMAÇARI - BAHIA",PONTO CERTO,42801170,-12.70612187,-38.31394993,420,Sem acessibilidade,2026-09-30 10:32:00,560114985716302166229823
UE2015 (Anterior),CAMAÇARI,170,61,1756924,CENTRO EDUCACIONAL MIGUEL ALVES-CEMA,"AVENIDA JORGE AMADO, S/N° BAIRRO INDUSTRIAL - CAMAÇARI - BAHIA",PONTO CERTO,42801170,-12.70612187,-38.31394993,419,Sem acessibilidade,2026-09-30 10:44:00,812639346941787198833209
UE2015 (Anterior),CAMAÇARI,170,62,1764551,CENTRO EDUCACIONAL MIGUEL ALVES-CEMA,"AVENIDA JORGE AMADO, S/N° BAIRRO INDUSTRIAL - CAMAÇARI - BAHIA",PONTO CERTO,42801170,-12.70612187,-38.31394993,420,Sem acessibilidade,2026-09-30 10:53:00,671225312627667094582265
UE2015 (Anterior),CAMAÇARI,170,63,1767020,CENTRO EDUCACIONAL MIGUEL ALVES-CEMA,"AVENIDA JORGE AMADO, S/N° BAIRRO INDUSTRIAL - CAMAÇARI - BAHIA",PONTO CERTO,42801170,-12.70612187,-38.31394993,422,Sem acessibilidade,2026-09-30 11:08:00,812639569041814605810075
UE2015 (Anterior),CAMAÇARI,170,64,1765829,ESCOLA ANGIOLINA TEIXEIRA DE SOUZA,"RUA EIXO E, 119 - ZONA URBANA",PIAÇAVEIRA,42802490,-12.712546,-38.3208764,418,Com acessibilidade,2026-09-30 11:18:00,560114428416656083902759
UE2015 (Anterior),CAMAÇARI,170,65,1767197,CENTRO EDUCACIONAL MIGUEL ALVES-CEMA,"AVENIDA JORGE AMADO, S/N° BAIRRO INDUSTRIAL - CAMAÇARI - BAHIA",PONTO CERTO,42801170,-12.70612187,-38.31394993,419,Sem acessibilidade,2026-09-30 11:28:00,327790298892509469995439
UE2015 (Anterior),CAMAÇARI,170,66,1845746,COLEGIO MARIA QUITERIA,"RUA DO PONTO CERTO, S/N - ZONA URBANA",PONTO CERTO,42800000,-12.7087817,-38.319162,420,Sem acessibilidade,2026-09-30 11:43:00,105568181170112202392404
UE2015 (Anterior),CAMAÇARI,170,67,1764846,COLEGIO MARIA QUITERIA,"RUA DO PONTO CERTO, S/N - ZONA URBANA",PONTO CERTO,42800000,-12.7087817,-38.319162,419,Sem acessibilidade,2026-09-30 11:54:00,206578393480379070461384
UE2015 (Anterior),CAMAÇARI,170,68,1753356,ESCOLA ANGIOLINA TEIXEIRA DE SOUZA,"RUA EIXO E, 119 - ZONA URBANA",PIAÇAVEIRA,42802490,-12.712546,-38.3208764,415,Com acessibilidade,2026-09-30 12:03:00,156073458575913250177575
UE2015 (Anterior),CAMAÇARI,170,69,1751962,COLEGIO MARIA QUITERIA,"RUA DO PONTO CERTO, S/N - ZONA URBANA",PONTO CERTO,42800000,-12.7087817,-38.319162,419,Sem acessibilidade,2026-09-30 12:14:00,600518012920527305593266
UE2015 (Anterior),CAMAÇARI,170,70,1768349,COLEGIO MARIA QUITERIA,"RUA DO PONTO CERTO, S/N - ZONA URBANA",PONTO CERTO,42800000,-12.7087817,-38.319162,421,Sem acessibilidade,2026-09-30 12:24:00,499407989109505189417689
UE2015 (Anterior),CAMAÇARI,170,71,1771500,COLEGIO MARIA QUITERIA,"RUA DO PONTO CERTO, S/N - ZONA URBANA",PONTO CERTO,42800000,-12.7087817,-38.319162,420,Sem acessibilidade,2026-09-30 12:34:00,105568708970208607096353
UE2015 (Anterior),CAMAÇARI,170,72,1775024,COLEGIO MARIA QUITERIA,"RUA DO PONTO CERTO, S/N - ZONA URBANA",PONTO CERTO,42800000,-12.7087817,-38.319162,421,Sem acessibilidade,2026-09-30 12:43:00,832841542143956142603456
UE2015 (Anterior),CAMAÇARI,170,73,1762881,COLEGIO MARIA QUITERIA,"RUA DO PONTO CERTO, S/N - ZONA URBANA",PONTO CERTO,42800000,-12.7087817,-38.319162,416,Sem acessibilidade,2026-09-30 12:53:00,479205294207681364809511
UE2015 (Anterior),CAMAÇARI,170,74,1789959,COLEGIO MARIA QUITERIA,"RUA DO PONTO CERTO, S/N - ZONA URBANA",PONTO CERTO,42800000,-12.7087817,-38.319162,420,Sem acessibilidade,2026-09-30 13:03:00,620720558822499114173774
UE2015 (Anterior),CAMAÇARI,170,75,1764913,ESCOLA LUIZ PEREIRA COSTA,TRAVESSA NOSSA SENHORA DO CARMO S/N - ZONA URBANA,DOIS DE JULHO,42802010,-12.7075265,-38.320294,418,Sem acessibilidade,2026-09-30 13:12:00,994457036059882009546231
UE2015 (Anterior),CAMAÇARI,170,76,1765286,ESCOLA LUIZ PEREIRA COSTA,TRAVESSA NOSSA SENHORA DO CARMO S/N - ZONA URBANA,DOIS DE JULHO,42802010,-12.7075265,-38.320294,420,Sem acessibilidade,2026-09-30 09:08:00,408598556597214311638912
UE2015 (Anterior),CAMAÇARI,170,77,1767374,ESCOLA LUIZ PEREIRA COSTA,TRAVESSA NOSSA SENHORA DO CARMO S/N - ZONA URBANA,DOIS DE JULHO,42802010,-12.7075265,-38.320294,421,Sem acessibilidade,2026-09-30 09:16:00,873245130844636808243643
UE2015 (Anterior),CAMAÇARI,170,78,1766934,ESCOLA LUIZ PEREIRA COSTA,TRAVESSA NOSSA SENHORA DO CARMO S/N - ZONA URBANA,DOIS DE JULHO,42802010,-12.7075265,-38.320294,419,Sem acessibilidade,2026-09-30 09:26:00,459003825502306449611998
UE2015 (Anterior),CAMAÇARI,170,79,1767407,ESCOLA COSME DE FARIAS,"RUA DAS BEGONEAS, S/N - ZONA URBANA",PHOC I,42800000,-12.7145667,-38.334415,234,Sem acessibilidade,2026-09-30 09:35:00,267184740483132919136036
UE2015 (Anterior),CAMAÇARI,170,80,1763072,ESCOLA COSME DE FARIAS,"RUA DAS BEGONEAS, S/N - ZONA URBANA",PHOC I,42800000,-12.7145667,-38.334415,233,Sem acessibilidade,2026-09-30 09:44:00,812639372738704630016659
UE2015 (Anterior),CAMAÇARI,170,81,1813020,ESCOLA COSME DE FARIAS,"RUA DAS BEGONEAS, S/N - ZONA URBANA",PHOC I,42800000,-12.7145667,-38.334415,235,Sem acessibilidade,2026-09-30 09:53:00,408598076597310535268454
UE2015 (Anterior),CAMAÇARI,170,82,1780027,ESCOLA COSME DE FARIAS,"RUA DAS BEGONEAS, S/N - ZONA URBANA",PHOC I,42800000,-12.7145667,-38.334415,234,Sem acessibilidade,2026-09-30 10:03:00,994457773056539773682127
UE2015 (Anterior),CAMAÇARI,170,83,1752598,ESCOLA COSME DE FARIAS,"RUA DAS BEGONEAS, S/N - ZONA URBANA",PHOC I,42800000,-12.7145667,-38.334415,235,Sem acessibilidade,2026-09-30 10:12:00,85366974565640608589539
UE2015 (Anterior),CAMAÇARI,170,84,1768686,ESCOLA COSME DE FARIAS,"RUA DAS BEGONEAS, S/N - ZONA URBANA",PHOC I,42800000,-12.7145667,-38.334415,236,Sem acessibilidade,2026-09-30 10:24:00,216679210178007742929147
UE2015 (Anterior),CAMAÇARI,170,85,1767612,ESCOLA COSME DE FARIAS,"RUA DAS BEGONEAS, S/N - ZONA URBANA",PHOC I,42800000,-12.7145667,-38.334415,234,Sem acessibilidade,2026-09-30 10:32:00,974255085554714781651123
UE2015 (Anterior),CAMAÇARI,170,86,1790097,ESCOLA COSME DE FARIAS,"RUA DAS BEGONEAS, S/N - ZONA URBANA",PHOC I,42800000,-12.7145667,-38.334415,235,Sem acessibilidade,2026-09-30 10:50:00,257083474482037438148465
UE2015 (Anterior),CAMAÇARI,170,87,1767214,ESCOLA COSME DE FARIAS,"RUA DAS BEGONEAS, S/N - ZONA URBANA",PHOC I,42800000,-12.7145667,-38.334415,234,Sem acessibilidade,2026-09-30 10:59:00,428700759099837757789197
UE2015 (Anterior),CAMAÇARI,170,88,1763517,ESCOLA COSME DE FARIAS,"RUA DAS BEGONEAS, S/N - ZONA URBANA",PHOC I,42800000,-12.7145667,-38.334415,235,Sem acessibilidade,2026-09-30 11:08:00,479205910704477362840814
UE2015 (Anterior),CAMAÇARI,170,89,1764866,ESCOLA COSME DE FARIAS,"RUA DAS BEGONEAS, S/N - ZONA URBANA",PHOC I,42800000,-12.7145667,-38.334415,234,Sem acessibilidade,2026-09-30 11:17:00,539811088910555469306045
UE2015 (Anterior),CAMAÇARI,170,90,1759315,ESCOLA COSME DE FARIAS,"RUA DAS BEGONEAS, S/N - ZONA URBANA",PHOC I,42800000,-12.7145667,-38.334415,231,Sem acessibilidade,2026-09-30 11:26:00,236881869480270854561280
UE2015 (Anterior),CAMAÇARI,170,91,1839626,ESCOLA COSME DE FARIAS,"RUA DAS BEGONEAS, S/N - ZONA URBANA",PHOC I,42800000,-12.7145667,-38.334415,235,Sem acessibilidade,2026-09-30 11:42:00,186376921575128914037002
UE2015 (Anterior),CAMAÇARI,170,92,1764828,ESCOLA COSME DE FARIAS,"RUA DAS BEGONEAS, S/N - ZONA URBANA",PHOC I,42800000,-12.7145667,-38.334415,236,Sem acessibilidade,2026-09-30 11:53:00,267184113683360377067608
UE2015 (Anterior),CAMAÇARI,170,93,1756391,CENTRO DE EDUCACAO MUNICIPAL DE CAMACARI,"RUA ARACY, S/N - ZONA URBANA",PHOC II,42805300,-12.7087661,-38.3324751,401,Com acessibilidade,2026-09-30 12:02:00,519609474708204460758419
UE2015 (Anterior),CAMAÇARI,170,94,1774947,CENTRO DE EDUCACAO MUNICIPAL DE CAMACARI,"RUA ARACY, S/N - ZONA URBANA",PHOC II,42805300,-12.7087661,-38.3324751,402,Com acessibilidade,2026-09-30 12:13:00,95467165066941502424147
UE2015 (Anterior),CAMAÇARI,170,95,1751828,CENTRO DE EDUCACAO MUNICIPAL DE CAMACARI,"RUA ARACY, S/N - ZONA URBANA",PHOC II,42805300,-12.7087661,-38.3324751,399,Com acessibilidade,2026-09-30 12:22:00,347992520691216070023196
UE2015 (Anterior),CAMAÇARI,170,96,1766008,CENTRO DE EDUCACAO MUNICIPAL DE CAMACARI,"RUA ARACY, S/N - ZONA URBANA",PHOC II,42805300,-12.7087661,-38.3324751,401,Com acessibilidade,2026-09-30 12:32:00,954053244552912828111191
UE2015 (Anterior),CAMAÇARI,170,97,1764267,CENTRO DE EDUCACAO MUNICIPAL DE CAMACARI,"RUA ARACY, S/N - ZONA URBANA",PHOC II,42805300,-12.7087661,-38.3324751,399,Com acessibilidade,2026-09-30 12:42:00,55063450862107860819404
UE2015 (Anterior),CAMAÇARI,170,98,1789461,CENTRO DE EDUCACAO MUNICIPAL DE CAMACARI,"RUA ARACY, S/N - ZONA URBANA",PHOC II,42805300,-12.7087661,-38.3324751,400,Com acessibilidade,2026-09-30 12:52:00,469104977603601966871868
UE2015 (Anterior),CAMAÇARI,170,99,1765020,CENTRO DE EDUCACAO MUNICIPAL DE CAMACARI,"RUA ARACY, S/N - ZONA URBANA",PHOC II,42805300,-12.7087661,-38.3324751,400,Com acessibilidade,2026-09-30 13:02:00,156073770672953102225449
UE2015 (Anterior),CAMAÇARI,170,100,1771911,CENTRO DE EDUCACAO MUNICIPAL DE CAMACARI,"RUA ARACY, S/N - ZONA URBANA",PHOC II,42805300,-12.7087661,-38.3324751,402,Com acessibilidade,2026-09-30 13:11:00,913649001848731438422706
UE2015 (Anterior),CAMAÇARI,170,101,1787320,CENTRO DE EDUCACAO MUNICIPAL DE CAMACARI,"RUA ARACY, S/N - ZONA URBANA",PHOC II,42805300,-12.7087661,-38.3324751,402,Com acessibilidade,2026-09-30 09:13:00,812639013371361323220448
UE2015 (Anterior),CAMAÇARI,170,102,1756949,CENTRO DE EDUCACAO MUNICIPAL DE CAMACARI,"RUA ARACY, S/N - ZONA URBANA",PHOC II,42805300,-12.7087661,-38.3324751,404,Com acessibilidade,2026-09-30 09:21:00,85366396398584251581916
UE2015 (Anterior),CAMAÇARI,170,103,1766407,CENTRO DE EDUCACAO MUNICIPAL DE CAMACARI,"RUA ARACY, S/N - ZONA URBANA",PHOC II,42805300,-12.7087661,-38.3324751,401,Com acessibilidade,2026-09-30 09:30:00,671225093657199080185486
UE2015 (Anterior),CAMAÇARI,170,104,1767704,CENTRO DE EDUCACAO MUNICIPAL DE CAMACARI,"RUA ARACY, S/N - ZONA URBANA",PHOC II,42805300,-12.7087661,-38.3324751,398,Com acessibilidade,2026-09-30 09:38:00,85366618098168793115393
UE2015 (Anterior),CAMAÇARI,170,105,1765718,CENTRO DE EDUCACAO MUNICIPAL DE CAMACARI,"RUA ARACY, S/N - ZONA URBANA",PHOC II,42805300,-12.7087661,-38.3324751,400,Com acessibilidade,2026-09-30 09:47:00,893447539079997554665982
UE2015 (Anterior),CAMAÇARI,170,106,1764752,CENTRO DE EDUCACAO MUNICIPAL DE CAMACARI,"RUA ARACY, S/N - ZONA URBANA",PHOC II,42805300,-12.7087661,-38.3324751,401,Com acessibilidade,2026-09-30 09:56:00,620720374452741314189107
UE2015 (Anterior),CAMAÇARI,170,107,1766879,ESCOLA MUNICIPAL JOSE ALAN,"RUA ABARE, S/N - ZONA URBANA",GLEBA C,42800000,-12.7150383,-38.3266567,386,Sem acessibilidade,2026-09-30 10:06:00,459003313735208189308462
UE2015 (Anterior),CAMAÇARI,170,108,1789017,ESCOLA MUNICIPAL JOSE ALAN,"RUA ABARE, S/N - ZONA URBANA",GLEBA C,42800000,-12.7150383,-38.3266567,386,Sem acessibilidade,2026-09-30 10:14:00,418699384231119193257019
UE2015 (Anterior),CAMAÇARI,170,109,1764034,ESCOLA DO NATAL,"RUA DO NATAL, N 124 - ZONA URBANA",BOMBA,42809070,-12.6966384,-38.3201515,347,Com acessibilidade,2026-09-30 10:27:00,166174244506167313898073
UE2015 (Anterior),CAMAÇARI,170,110,1767318,COLEGIO MARIA QUITERIA,"RUA DO PONTO CERTO, S/N - ZONA URBANA",PONTO CERTO,42800000,-12.7087817,-38.319162,415,Sem acessibilidade,2026-09-30 10:42:00,610619775251441841947251
UE2015 (Anterior),CAMAÇARI,170,111,1758743,ESCOLA COSME DE FARIAS,"RUA DAS BEGONEAS, S/N - ZONA URBANA",PHOC I,42800000,-12.7145667,-38.334415,234,Sem acessibilidade,2026-09-30 10:51:00,519609785641368027839558
UE2015 (Anterior),CAMAÇARI,170,112,1765172,CENTRO DE EDUCACAO MUNICIPAL DE CAMACARI,"RUA ARACY, S/N - ZONA URBANA",PHOC II,42805300,-12.7087661,-38.3324751,401,Com acessibilidade,2026-09-30 11:00:00,246982629514687092988985
UE2015 (Anterior),CAMAÇARI,170,113,1764271,ESCOLA LUIZ PEREIRA COSTA,TRAVESSA NOSSA SENHORA DO CARMO S/N - ZONA URBANA,DOIS DE JULHO,42802010,-12.7075265,-38.320294,417,Sem acessibilidade,2026-09-30 11:09:00,893447384979968780116843
UE2015 (Anterior),CAMAÇARI,170,114,1759782,ESCOLA COSME DE FARIAS,"RUA DAS BEGONEAS, S/N - ZONA URBANA",PHOC I,42800000,-12.7145667,-38.334415,233,Sem acessibilidade,2026-09-30 11:18:00,943952544384034914059730
UE2015 (Anterior),CAMAÇARI,170,115,1766819,ESCOLA LUIZ PEREIRA COSTA,TRAVESSA NOSSA SENHORA DO CARMO S/N - ZONA URBANA,DOIS DE JULHO,42802010,-12.7075265,-38.320294,421,Sem acessibilidade,2026-09-30 11:28:00,964154672286141684166021
UE2015 (Anterior),CAMAÇARI,170,116,1793484,CENTRO DE EDUCACAO MUNICIPAL DE CAMACARI,"RUA ARACY, S/N - ZONA URBANA",PHOC II,42805300,-12.7087661,-38.3324751,402,Com acessibilidade,2026-09-30 11:43:00,438801257933448430905354
UE2015 (Anterior),CAMAÇARI,170,117,1767759,COLEGIO SAO THOMAZ DE CANTUARIA,"RUA PONCIANO DE OLIVEIRA, N 27 - ZONA URBANA",CENTRO,42800100,-12.7004774,-38.3220213,364,Com acessibilidade,2026-09-30 12:13:00,388396311028233100036940
UE2015 (Anterior),CAMAÇARI,170,118,1765141,COLEGIO MARIA QUITERIA,"RUA DO PONTO CERTO, S/N - ZONA URBANA",PONTO CERTO,42800000,-12.7087817,-38.319162,420,Sem acessibilidade,2026-09-30 12:36:00,196477234809431603117044
UE2015 (Anterior),CAMAÇARI,170,119,1765338,COLEGIO SAO THOMAZ DE CANTUARIA,"RUA PONCIANO DE OLIVEIRA, N 27 - ZONA URBANA",CENTRO,42800100,-12.7004774,-38.3220213,364,Com acessibilidade,2026-09-30 12:45:00,297487442419555509112483
UE2015 (Anterior),CAMAÇARI,170,120,1769333,ESCOLA DOUTOR LUIZ ROGERIO,"RUA ABARE, S/N - ZONA URBANA",GLEBA C,42805530,-12.7137144,-38.3262527,394,Sem acessibilidade,2026-09-30 12:58:00,620720854852187912836113
UE2015 (Anterior),CAMAÇARI,170,121,1819783,ESCOLA LUIZ EDUARDO MAGALHAES,"RUA LUIZ EDUARDO MAGALHAES, S/N -ZONA URBANA",CENTRO,42800420,-12.7013692,-38.3201864,391,Com acessibilidade,2026-09-30 13:07:00,14659352291166850825561
UE2015 (Anterior),CAMAÇARI,170,122,1813213,ESCOLA MUNICIPAL SONIA REGINA,RUA DA FLEXA S/N - ZONA URBANA,PHOC III,42804660,-12.7187852,-38.3352759,399,Com acessibilidade,2026-09-30 13:16:00,964154415186133054300433
UE2015 (Anterior),CAMAÇARI,170,123,1837743,ESCOLA ESPECIAL CAIC,"AVENIDA LUIZ GONZAGA, S/N° PHOC I CAMAÇARI",PHOC I,42807790,-12.71508381,-38.33767844,385,Sem acessibilidade,2026-09-30 13:24:00,145972709504267979281121
UE2015 (Anterior),CAMAÇARI,170,124,1776270,ESCOLA LUIZ EDUARDO MAGALHAES,"RUA LUIZ EDUARDO MAGALHAES, S/N -ZONA URBANA",CENTRO,42800420,-12.7013692,-38.3201864,399,Com acessibilidade,2026-09-30 13:33:00,802538476070945711426885
UE2015 (Anterior),CAMAÇARI,170,125,1766170,CENTRO TERRITORIAL DE EDUCAÇÃO PROFISSIONAL DA REGIÃO METROPOLITANA,"RUA DA RODOVIÁRIA, 142, ZONA URBANA",CENTRO,42800400,-12.7000976,-38.3200178,387,Com acessibilidade,2026-09-30 13:45:00,731831513563100888706042
UE2015 (Anterior),CAMAÇARI,170,126,1767040,ESCOLA MUNICIPAL SONIA REGINA,RUA DA FLEXA S/N - ZONA URBANA,PHOC III,42804660,-12.7187852,-38.3352759,397,Sem acessibilidade,2026-09-30 09:08:00,741932630567555546005216
UE2015 (Anterior),CAMAÇARI,170,127,1807439,CENTRO TERRITORIAL DE EDUCAÇÃO PROFISSIONAL DA REGIÃO METROPOLITANA,"RUA DA RODOVIÁRIA, 142, ZONA URBANA",CENTRO,42800400,-12.7000976,-38.3200178,392,Com acessibilidade,2026-09-30 09:17:00,853043855578684360628955
UE2015 (Anterior),CAMAÇARI,170,128,1767388,ESCOLA ILAY GARCIA ELLERY,"RUA PRAÇA DO COMÉRCIO, S/N - ZONA URBANA",NOVO HORIZONTE,42800000,-12.6973854,-38.3091338,361,Com acessibilidade,2026-09-30 09:26:00,822740935075678780531755
UE2015 (Anterior),CAMAÇARI,170,129,1765762,ESCOLA ANGIOLINA TEIXEIRA DE SOUZA,"RUA EIXO E, 119 - ZONA URBANA",PIAÇAVEIRA,42802490,-12.712546,-38.3208764,420,Com acessibilidade,2026-09-30 09:34:00,590417816152391029993174
UE2015 (Anterior),CAMAÇARI,170,130,1764864,ESCOLA MARIA JOSE DE MATOS DA CONCEICAO,"RUA ALTO DA BOA VISTA, N 44 - ZONA URBANA",GLEBA B,42800000,-12.6957711,-38.3237514,402,Com acessibilidade,2026-09-30 09:43:00,954053251388774317331292
UE2015 (Anterior),CAMAÇARI,170,131,1764952,CIEI DA GLEBA E,"RUA DAS FLORES, S/N, ZONA URBANA",GLEBA E,42808105,-12.7222767,-38.3291983,425,Com acessibilidade,2026-09-30 09:52:00,135871540906973319434249
UE2015 (Anterior),CAMAÇARI,170,132,1842496,ESCOLA ESPECIAL CAIC,"AVENIDA LUIZ GONZAGA, S/N° PHOC I CAMAÇARI",PHOC I,42807790,-12.71508381,-38.33767844,395,Sem acessibilidade,2026-09-30 10:01:00,560114086449963414984349
UE2015 (Anterior),CAMAÇARI,170,133,1767690,ESCOLA ANGIOLINA TEIXEIRA DE SOUZA,"RUA EIXO E, 119 - ZONA URBANA",PIAÇAVEIRA,42802490,-12.712546,-38.3208764,423,Com acessibilidade,2026-09-30 10:10:00,974255602590397712827189
UE2015 (Anterior),CAMAÇARI,170,134,1772832,ESCOLA MUNICIPAL JOSE ALAN,"RUA ABARE, S/N - ZONA URBANA",GLEBA C,42800000,-12.7150383,-38.3266567,388,Sem acessibilidade,2026-09-30 10:27:00,984356725891980155423117
UE2015 (Anterior),CAMAÇARI,170,135,1794182,ESCOLA ANGIOLINA TEIXEIRA DE SOUZA,"RUA EIXO E, 119 - ZONA URBANA",PIAÇAVEIRA,42802490,-12.712546,-38.3208764,418,Com acessibilidade,2026-09-30 10:42:00,156073002108988343963386
UE2015 (Anterior),CAMAÇARI,170,136,1765794,CIEI DA GLEBA E,"RUA DAS FLORES, S/N, ZONA URBANA",GLEBA E,42808105,-12.7222767,-38.3291983,424,Com acessibilidade,2026-09-30 10:51:00,752033712868605141751706
UE2015 (Anterior),CAMAÇARI,170,137,1805748,ESCOLA ILAY GARCIA ELLERY,"RUA PRAÇA DO COMÉRCIO, S/N - ZONA URBANA",NOVO HORIZONTE,42800000,-12.6973854,-38.3091338,363,Com acessibilidade,2026-09-30 11:00:00,489306552341929363578189
UE2015 (Anterior),CAMAÇARI,170,138,1768994,ESCOLA ANGIOLINA TEIXEIRA DE SOUZA,"RUA EIXO E, 119 - ZONA URBANA",PIAÇAVEIRA,42802490,-12.712546,-38.3208764,422,Com acessibilidade,2026-09-30 11:09:00,287386462221359659921052
UE2015 (Anterior),CAMAÇARI,170,139,1765205,ESCOLA LUIZ EDUARDO MAGALHAES,"RUA LUIZ EDUARDO MAGALHAES, S/N -ZONA URBANA",CENTRO,42800420,-12.7013692,-38.3201864,393,Com acessibilidade,2026-09-30 11:18:00,65164353499157628557115
UE2015 (Anterior),CAMAÇARI,170,140,1773166,CIEI DA GLEBA E,"RUA DAS FLORES, S/N, ZONA URBANA",GLEBA E,42808105,-12.7222767,-38.3291983,422,Com acessibilidade,2026-09-30 11:28:00,772235146670950479401240
UE2015 (Anterior),CAMAÇARI,170,141,1764497,COLEGIO ESTADUAL POLIVALENTE DE CAMACARI,"RUA SANTA BERNADETE, N 16 - ZONA URBANA",CENTRO,42800030,-12.6982817,-38.3252033,396,Com acessibilidade,2026-09-30 11:43:00,539811010346544937333077
UE2015 (Anterior),CAMAÇARI,170,142,1769505,ESCOLA MUNICIPAL JOSE ALAN,"RUA ABARE, S/N - ZONA URBANA",GLEBA C,42800000,-12.7150383,-38.3266567,387,Sem acessibilidade,2026-09-30 12:08:00,166174750109278922759024
UE2015 (Anterior),CAMAÇARI,170,143,1780052,ESCOLA PROFESSORA ILDA LEAL ULM DA SILVA - CAIC,"AVENIDA LUIS GONZAGA, S/N - ZONA URBANA",PHOC I,42805002,-12.714692,-38.3377825,385,Sem acessibilidade,2026-09-30 12:28:00,358093055428646125439050
UE2015 (Anterior),CAMAÇARI,170,144,1765175,ESCOLA ESPECIAL CAIC,"AVENIDA LUIZ GONZAGA, S/N° PHOC I CAMAÇARI",PHOC I,42807790,-12.71508381,-38.33767844,393,Sem acessibilidade,2026-09-30 12:17:00,24760830095157342483963
UE2015 (Anterior),CAMAÇARI,170,145,1766887,ESCOLA MUNICIPAL SONIA REGINA,RUA DA FLEXA S/N - ZONA URBANA,PHOC III,42804660,-12.7187852,-38.3352759,400,Sem acessibilidade,2026-09-30 12:37:00,398497312432700568405548
UE2015 (Anterior),CAMAÇARI,170,146,1762827,ESCOLA LUIZ EDUARDO MAGALHAES,"RUA LUIZ EDUARDO MAGALHAES, S/N -ZONA URBANA",CENTRO,42800420,-12.7013692,-38.3201864,390,Com acessibilidade,2026-09-30 12:50:00,853043886878857184384808
UE2015 (Anterior),CAMAÇARI,170,147,1765419,ESCOLA PADRE PAULO TANNUCCI,"RUA PRACA DO COMERCIO, S/N - ZONA URBANA",NOVO HORIZONTE,42800000,-12.6981835,-38.3094974,364,Com acessibilidade,2026-09-30 13:02:00,863144007579663175481142
UE2015 (Anterior),CAMAÇARI,170,148,1780003,ESCOLA ANGIOLINA TEIXEIRA DE SOUZA,"RUA EIXO E, 119 - ZONA URBANA",PIAÇAVEIRA,42802490,-12.712546,-38.3208764,421,Com acessibilidade,2026-09-30 13:11:00,186376439111009938068493
UE2015 (Anterior),CAMAÇARI,170,149,1810495,ESCOLA ANGIOLINA TEIXEIRA DE SOUZA,"RUA EIXO E, 119 - ZONA URBANA",PIAÇAVEIRA,42802490,-12.712546,-38.3208764,415,Com acessibilidade,2026-09-30 13:20:00,651023011358491972366270
UE2015 (Anterior),CAMAÇARI,170,150,1767181,ESCOLA MARIA JOSE DE MATOS DA CONCEICAO,"RUA ALTO DA BOA VISTA, N 44 - ZONA URBANA",GLEBA B,42800000,-12.6957711,-38.3237514,402,Com acessibilidade,2026-09-30 13:29:00,913649358284386002679586
UE2015 (Anterior),CAMAÇARI,170,151,1754690,ESCOLA ANÍSIO TEIXEIRA,"RUA DAS FLORES, Nº 55  - GLEBA E",GLEBA E,42804550,-12.7219174,-38.3291012,418,Com acessibilidade,2026-09-30 09:09:00,721730276273603898883342
UE2015 (Anterior),CAMAÇARI,170,152,1757145,ESCOLA LUIZ PEREIRA COSTA,TRAVESSA NOSSA SENHORA DO CARMO S/N - ZONA URBANA,DOIS DE JULHO,42802010,-12.7075265,-38.320294,421,Sem acessibilidade,2026-09-30 09:18:00,620720283463525296781977
UE2015 (Anterior),CAMAÇARI,170,153,1758162,CENTRO DE EDUCACAO MUNICIPAL DE CAMACARI,"RUA ARACY, S/N - ZONA URBANA",PHOC II,42805300,-12.7087661,-38.3324751,401,Com acessibilidade,2026-09-30 09:28:00,368194131237350763582639
UE2015 (Anterior),CAMAÇARI,170,154,1757041,ESCOLA MUNICIPAL SANTO ANTONIO DO MACHADINHO,FAZENDA MACHADINHO S/N - ZONA RURAL,MACHADINHO,42800000,-12.7602167,-38.2813133,393,Com acessibilidade,2026-09-30 09:37:00,34861913204044015645264
UE2015 (Anterior),CAMAÇARI,170,155,1766501,ESCOLA PADRE PAULO TANNUCCI,"RUA PRACA DO COMERCIO, S/N - ZONA URBANA",NOVO HORIZONTE,42800000,-12.6981835,-38.3094974,362,Com acessibilidade,2026-09-30 09:46:00,135871123514160853234390
UE2015 (Anterior),CAMAÇARI,170,156,1765648,ESCOLA MUNICIPAL SANTO ANTONIO DO MACHADINHO,FAZENDA MACHADINHO S/N - ZONA RURAL,MACHADINHO,42800000,-12.7602167,-38.2813133,389,Com acessibilidade,2026-09-30 09:55:00,691427799670744960558310
UE2015 (Anterior),CAMAÇARI,170,157,1768691,ESCOLA ANÍSIO TEIXEIRA,"RUA DAS FLORES, Nº 55  - GLEBA E",GLEBA E,42804550,-12.7219174,-38.3291012,425,Com acessibilidade,2026-09-30 10:04:00,802538012681411894055843
UE2015 (Anterior),CAMAÇARI,170,158,1839085,ESCOLA PADRE PAULO TANNUCCI,"RUA PRACA DO COMERCIO, S/N - ZONA URBANA",NOVO HORIZONTE,42800000,-12.6981835,-38.3094974,361,Com acessibilidade,2026-09-30 10:13:00,277285593928900577597451
UE2015 (Anterior),CAMAÇARI,170,159,1763417,ESCOLA MUNICIPAL SONIA REGINA,RUA DA FLEXA S/N - ZONA URBANA,PHOC III,42804660,-12.7187852,-38.3352759,396,Sem acessibilidade,2026-09-30 10:23:00,378295809038091269402942
UE2015 (Anterior),CAMAÇARI,170,160,1778370,ESCOLA LUIZ PEREIRA COSTA,TRAVESSA NOSSA SENHORA DO CARMO S/N - ZONA URBANA,DOIS DE JULHO,42802010,-12.7075265,-38.320294,421,Sem acessibilidade,2026-09-30 10:32:00,630821146864378300847456
UE2015 (Anterior),CAMAÇARI,170,161,1767604,ESCOLA MARIA JOSE DE MATOS DA CONCEICAO,"RUA ALTO DA BOA VISTA, N 44 - ZONA URBANA",GLEBA B,42800000,-12.6957711,-38.3237514,401,Com acessibilidade,2026-09-30 11:09:00,428700040743496693724763
UE2015 (Anterior),CAMAÇARI,170,162,1765109,ESCOLA ANGIOLINA TEIXEIRA DE SOUZA,"RUA EIXO E, 119 - ZONA URBANA",PIAÇAVEIRA,42802490,-12.712546,-38.3208764,417,Com acessibilidade,2026-09-30 11:19:00,570215301458733753692600
UE2015 (Anterior),CAMAÇARI,170,163,1754135,ESCOLA PADRE PAULO TANNUCCI,"RUA PRACA DO COMERCIO, S/N - ZONA URBANA",NOVO HORIZONTE,42800000,-12.6981835,-38.3094974,365,Com acessibilidade,2026-09-30 11:28:00,408598247441580799437291
UE2015 (Anterior),CAMAÇARI,170,164,1763966,ESCOLA ANÍSIO TEIXEIRA,"RUA DAS FLORES, Nº 55  - GLEBA E",GLEBA E,42804550,-12.7219174,-38.3291012,422,Com acessibilidade,2026-09-30 11:52:00,166174115017197249945979
UE2015 (Anterior),CAMAÇARI,170,165,1750243,ESCOLA LUIZ PEREIRA COSTA,TRAVESSA NOSSA SENHORA DO CARMO S/N - ZONA URBANA,DOIS DE JULHO,42802010,-12.7075265,-38.320294,416,Sem acessibilidade,2026-09-30 12:01:00,762134827477380195607203
UE2015 (Anterior),CAMAÇARI,170,166,1775773,ESCOLA PADRE PAULO TANNUCCI,"RUA PRACA DO COMERCIO, S/N - ZONA URBANA",NOVO HORIZONTE,42800000,-12.6981835,-38.3094974,362,Com acessibilidade,2026-09-30 12:12:00,388396557139160837962969
UE2015 (Anterior),CAMAÇARI,170,167,1810194,ESCOLA MUNICIPAL SANTO ANTONIO DO MACHADINHO,FAZENDA MACHADINHO S/N - ZONA RURAL,MACHADINHO,42800000,-12.7602167,-38.2813133,389,Com acessibilidade,2026-09-30 12:21:00,75265352508873178751780
UE2015 (Anterior),CAMAÇARI,170,168,1764342,ESCOLA MUNICIPAL SONIA REGINA,RUA DA FLEXA S/N - ZONA URBANA,PHOC III,42804660,-12.7187852,-38.3352759,394,Sem acessibilidade,2026-09-30 12:30:00,14659404402837665982866
UE2015 (Anterior),CAMAÇARI,170,169,1765767,ESCOLA LUIZ EDUARDO MAGALHAES,"RUA LUIZ EDUARDO MAGALHAES, S/N -ZONA URBANA",CENTRO,42800420,-12.7013692,-38.3201864,399,Com acessibilidade,2026-09-30 12:40:00,943952444195857075998291
UE2015 (Anterior),CAMAÇARI,170,170,1764995,ESCOLA ANÍSIO TEIXEIRA,"RUA DAS FLORES, Nº 55  - GLEBA E",GLEBA E,42804550,-12.7219174,-38.3291012,417,Com acessibilidade,2026-09-30 12:49:00,701528283771241104787684
UE2015 (Anterior),CAMAÇARI,170,171,1765380,ESCOLA LUIZ PEREIRA COSTA,TRAVESSA NOSSA SENHORA DO CARMO S/N - ZONA URBANA,DOIS DE JULHO,42802010,-12.7075265,-38.320294,420,Sem acessibilidade,2026-09-30 13:02:00,812639505982612444541279
UE2015 (Anterior),CAMAÇARI,170,172,1770262,ESCOLA PADRE PAULO TANNUCCI,"RUA PRACA DO COMERCIO, S/N - ZONA URBANA",NOVO HORIZONTE,42800000,-12.6981835,-38.3094974,362,Com acessibilidade,2026-09-30 13:12:00,428700227543313772302791
UE2015 (Anterior),CAMAÇARI,170,173,1769218,ESCOLA LUIZ EDUARDO MAGALHAES,"RUA LUIZ EDUARDO MAGALHAES, S/N -ZONA URBANA",CENTRO,42800420,-12.7013692,-38.3201864,390,Com acessibilidade,2026-09-30 13:23:00,438801344544480636679004
UE2015 (Anterior),CAMAÇARI,170,174,1838434,ESCOLA ANÍSIO TEIXEIRA,"RUA DAS FLORES, Nº 55  - GLEBA E",GLEBA E,42804550,-12.7219174,-38.3291012,420,Com acessibilidade,2026-09-30 13:32:00,741932764175810794838129
UE2015 (Anterior),CAMAÇARI,170,175,1824085,ESCOLA MUNICIPAL SANTO ANTONIO DO MACHADINHO,FAZENDA MACHADINHO S/N - ZONA RURAL,MACHADINHO,42800000,-12.7602167,-38.2813133,394,Com acessibilidade,2026-09-30 13:53:00,135871266914455045873037
UE2015 (Anterior),CAMAÇARI,170,176,1754521,ESCOLA PADRE PAULO TANNUCCI,"RUA PRACA DO COMERCIO, S/N - ZONA URBANA",NOVO HORIZONTE,42800000,-12.6981835,-38.3094974,362,Com acessibilidade,2026-09-30 09:09:00,125770362776003372956499
UE2015 (Anterior),CAMAÇARI,170,177,1814181,ESCOLA LUIZ EDUARDO MAGALHAES,"RUA LUIZ EDUARDO MAGALHAES, S/N -ZONA URBANA",CENTRO,42800420,-12.7013692,-38.3201864,399,Com acessibilidade,2026-09-30 09:18:00,145972493078041374017497
UE2015 (Anterior),CAMAÇARI,170,178,1752750,ESCOLA PROFESSORA ILDA LEAL ULM DA SILVA - CAIC,"AVENIDA LUIS GONZAGA, S/N - ZONA URBANA",PHOC I,42805002,-12.714692,-38.3377825,392,Sem acessibilidade,2026-09-30 09:28:00,327790786796319884650192
UE2015 (Anterior),CAMAÇARI,170,179,1832663,ESCOLA ANÍSIO TEIXEIRA,"RUA DAS FLORES, Nº 55  - GLEBA E",GLEBA E,42804550,-12.7219174,-38.3291012,418,Com acessibilidade,2026-09-30 09:37:00,408598979104410072875837
UE2015 (Anterior),CAMAÇARI,170,180,1759055,ESCOLA MUNICIPAL SONIA REGINA,RUA DA FLEXA S/N - ZONA URBANA,PHOC III,42804660,-12.7187852,-38.3352759,397,Sem acessibilidade,2026-09-30 09:47:00,166174811080264372079799
UE2015 (Anterior),CAMAÇARI,170,181,1765239,CENTRO TERRITORIAL DE EDUCAÇÃO PROFISSIONAL DA REGIÃO METROPOLITANA,"RUA DA RODOVIÁRIA, 142, ZONA URBANA",CENTRO,42800400,-12.7000976,-38.3200178,389,Com acessibilidade,2026-09-30 09:56:00,509508264714627315974683
UE2015 (Anterior),CAMAÇARI,170,182,1759702,ESCOLA MARIA JOSE DE MATOS DA CONCEICAO,"RUA ALTO DA BOA VISTA, N 44 - ZONA URBANA",GLEBA B,42800000,-12.6957711,-38.3237514,398,Com acessibilidade,2026-09-30 10:05:00,630821502427315685669335
UE2015 (Anterior),CAMAÇARI,170,183,1768910,CENTRO TERRITORIAL DE EDUCAÇÃO PROFISSIONAL DA REGIÃO METROPOLITANA,"RUA DA RODOVIÁRIA, 142, ZONA URBANA",CENTRO,42800400,-12.7000976,-38.3200178,393,Com acessibilidade,2026-09-30 10:14:00,661124643630364707833088
UE2015 (Anterior),CAMAÇARI,170,184,1767278,ESCOLA ANÍSIO TEIXEIRA,"RUA DAS FLORES, Nº 55  - GLEBA E",GLEBA E,42804550,-12.7219174,-38.3291012,422,Com acessibilidade,2026-09-30 10:23:00,600518691024325316691729
UE2015 (Anterior),CAMAÇARI,170,185,1766808,ESCOLA PADRE PAULO TANNUCCI,"RUA PRACA DO COMERCIO, S/N - ZONA URBANA",NOVO HORIZONTE,42800000,-12.6981835,-38.3094974,362,Com acessibilidade,2026-09-30 10:33:00,105568301674911613400365
UE2015 (Anterior),CAMAÇARI,170,186,1764674,ESCOLA LUIZ EDUARDO MAGALHAES,"RUA LUIZ EDUARDO MAGALHAES, S/N -ZONA URBANA",CENTRO,42800420,-12.7013692,-38.3201864,393,Com acessibilidade,2026-09-30 10:51:00,257083564089106936931464
UE2015 (Anterior),CAMAÇARI,170,187,1789452,COLEGIO ESTADUAL POLIVALENTE DE CAMACARI,"RUA SANTA BERNADETE, N 16 - ZONA URBANA",CENTRO,42800030,-12.6982817,-38.3252033,396,Com acessibilidade,2026-09-30 11:01:00,469104887410977788383241
UE2015 (Anterior),CAMAÇARI,170,188,1795921,COLÉGIO VIRGÍNIA REIS TUDE,"RUA PETROLINA, S/N - ZONA URBANA",VERDES HORIZONTES,42800000,-12.7198096,-38.3194953,395,Sem acessibilidade,2026-09-30 11:12:00,448902974008116454114672
UE2015 (Anterior),CAMAÇARI,170,189,1811513,ESCOLA MUNICIPAL SANTO ANTONIO DO MACHADINHO,FAZENDA MACHADINHO S/N - ZONA RURAL,MACHADINHO,42800000,-12.7602167,-38.2813133,393,Com acessibilidade,2026-09-30 12:18:00,721730363036925239961504
UE2015 (Anterior),CAMAÇARI,170,190,1838721,ESCOLA ANÍSIO TEIXEIRA,"RUA DAS FLORES, Nº 55  - GLEBA E",GLEBA E,42804550,-12.7219174,-38.3291012,418,Com acessibilidade,2026-09-30 11:31:00,893447613953675360037271
UE2015 (Anterior),CAMAÇARI,170,191,1808132,ESCOLA PROFESSORA ILDA LEAL ULM DA SILVA - CAIC,"AVENIDA LUIS GONZAGA, S/N - ZONA URBANA",PHOC I,42805002,-12.714692,-38.3377825,381,Sem acessibilidade,2026-09-30 11:44:00,297487122493372906305467
UE2015 (Anterior),CAMAÇARI,170,192,1757104,COLÉGIO VIRGÍNIA REIS TUDE,"RUA PETROLINA, S/N - ZONA URBANA",VERDES HORIZONTES,42800000,-12.7198096,-38.3194953,395,Sem acessibilidade,2026-09-30 12:08:00,539811477217649679586473
UE2015 (Anterior),CAMAÇARI,170,193,1765492,ESCOLA PADRE PAULO TANNUCCI,"RUA PRACA DO COMERCIO, S/N - ZONA URBANA",NOVO HORIZONTE,42800000,-12.6981835,-38.3094974,362,Com acessibilidade,2026-09-30 12:29:00,196477243383550951840486
UE2015 (Anterior),CAMAÇARI,170,194,1841128,ESCOLA ANÍSIO TEIXEIRA,"RUA DAS FLORES, Nº 55  - GLEBA E",GLEBA E,42804550,-12.7219174,-38.3291012,420,Com acessibilidade,2026-09-30 12:41:00,14659172065990955393018
UE2015 (Anterior),CAMAÇARI,170,195,1759683,ESCOLA MUNICIPAL SONIA REGINA,RUA DA FLEXA S/N - ZONA URBANA,PHOC III,42804660,-12.7187852,-38.3352759,398,Sem acessibilidade,2026-09-30 12:52:00,802538073144947432981370
UE2015 (Anterior),CAMAÇARI,170,196,1769530,COLEGIO ESTADUAL POLIVALENTE DE CAMACARI,"RUA SANTA BERNADETE, N 16 - ZONA URBANA",CENTRO,42800030,-12.6982817,-38.3252033,399,Com acessibilidade,2026-09-30 13:02:00,832841215647636323968220
UE2015 (Anterior),CAMAÇARI,170,197,1806300,COLÉGIO VIRGÍNIA REIS TUDE,"RUA PETROLINA, S/N - ZONA URBANA",VERDES HORIZONTES,42800000,-12.7198096,-38.3194953,398,Sem acessibilidade,2026-09-30 13:15:00,287386776892384221249663
UE2015 (Anterior),CAMAÇARI,170,198,1788984,COLÉGIO MUNICIPAL HILDEBRANDO LIMA FILHO,"AV. RUI BARBOSA, SN",PARQUE DAS MANGABAS,42800000,-12.7326222,-38.2964028,390,Sem acessibilidade,2026-09-30 13:25:00,236881832887421543969733
UE2015 (Anterior),CAMAÇARI,170,199,1765895,CENTRO EDUCACIONAL YOLANDA PIRES,"RUA PRINCIPAL, S/N - ZONA URBANA",JARDIM LIMOEIRO,42800000,-12.703585,-38.3000067,411,Sem acessibilidade,2026-09-30 13:34:00,994457706863201634498642
UE2015 (Anterior),CAMAÇARI,170,200,1760741,ESCOLA MUNICIPAL PARQUE VERDE,"CONDOMÍNIO RIO DA PRATA, S/N - ZONA URBANA",PARQUE VERDE,42800000,-12.7336449,-38.3295792,390,Sem acessibilidade,2026-09-30 13:43:00,287386465492511734897721
UE2015 (Anterior),CAMAÇARI,170,201,1767088,ESCOLA ILAY GARCIA ELLERY,"RUA PRAÇA DO COMÉRCIO, S/N - ZONA URBANA",NOVO HORIZONTE,42800000,-12.6973854,-38.3091338,412,Sem acessibilidade,2026-09-30 09:10:00,347992638177683750307495
UE2015 (Anterior),CAMAÇARI,170,202,1766320,ESCOLA MUNICIPAL EDIVALDO MACHADO BOAVENTURA ,"RUA PONCIANO DE OLIVEIRA, S/N - ZONA URBANA",CENTRO,42800000,-12.7008405,-38.322666,383,Com acessibilidade,2026-09-30 09:19:00,14659412244981700310832
UE2015 (Anterior),CAMAÇARI,170,203,1809830,CENTRO EDUCACIONAL YOLANDA PIRES,"RUA PRINCIPAL, S/N - ZONA URBANA",JARDIM LIMOEIRO,42800000,-12.703585,-38.3000067,405,Sem acessibilidade,2026-09-30 09:29:00,34861543846091214805660
UE2015 (Anterior),CAMAÇARI,170,204,1834619,CENTRO EDUCACIONAL YOLANDA PIRES,"RUA PRINCIPAL, S/N - ZONA URBANA",JARDIM LIMOEIRO,42800000,-12.703585,-38.3000067,408,Sem acessibilidade,2026-09-30 09:38:00,24760647045106714669309
UE2015 (Anterior),CAMAÇARI,170,205,1768847,COLÉGIO MUNICIPAL HILDEBRANDO LIMA FILHO,"AV. RUI BARBOSA, SN",PARQUE DAS MANGABAS,42800000,-12.7326222,-38.2964028,400,Sem acessibilidade,2026-09-30 09:48:00,418699140084582403198393
UE2015 (Anterior),CAMAÇARI,170,206,1766900,CENTRO EDUCACIONAL YOLANDA PIRES,"RUA PRINCIPAL, S/N - ZONA URBANA",JARDIM LIMOEIRO,42800000,-12.703585,-38.3000067,412,Sem acessibilidade,2026-09-30 10:00:00,560114409799894523558517
UE2015 (Anterior),CAMAÇARI,170,207,1766757,COLEGIO ESTADUAL POLIVALENTE DE CAMACARI,"RUA SANTA BERNADETE, N 16 - ZONA URBANA",CENTRO,42800030,-12.6982817,-38.3252033,395,Com acessibilidade,2026-09-30 10:09:00,630821580806592177115054
UE2015 (Anterior),CAMAÇARI,170,208,1751679,ESCOLA MUNICIPAL PARQUE VERDE,"CONDOMÍNIO RIO DA PRATA, S/N - ZONA URBANA",PARQUE VERDE,42800000,-12.7336449,-38.3295792,395,Sem acessibilidade,2026-09-30 10:36:00,772235839920796932362666
UE2015 (Anterior),CAMAÇARI,170,209,1761556,CENTRO EDUCACIONAL YOLANDA PIRES,"RUA PRINCIPAL, S/N - ZONA URBANA",JARDIM LIMOEIRO,42800000,-12.703585,-38.3000067,418,Sem acessibilidade,2026-09-30 10:47:00,327790490975501863864113
UE2015 (Anterior),CAMAÇARI,170,210,1766824,CENTRO EDUCACIONAL YOLANDA PIRES,"RUA PRINCIPAL, S/N - ZONA URBANA",JARDIM LIMOEIRO,42800000,-12.703585,-38.3000067,406,Sem acessibilidade,2026-09-30 10:57:00,166174410859436786887263
UE2015 (Anterior),CAMAÇARI,170,211,1812643,ESCOLA PADRE PAULO TANNUCCI,"RUA PRACA DO COMERCIO, S/N - ZONA URBANA",NOVO HORIZONTE,42800000,-12.6981835,-38.3094974,363,Com acessibilidade,2026-09-30 11:06:00,822740188925681589109700
UE2015 (Anterior),CAMAÇARI,170,212,1765007,ESCOLA MUNICIPAL SONIA REGINA,RUA DA FLEXA S/N - ZONA URBANA,PHOC III,42804660,-12.7187852,-38.3352759,393,Sem acessibilidade,2026-09-30 11:19:00,246982715667402653033790
UE2015 (Anterior),CAMAÇARI,170,213,1769368,COLÉGIO MUNICIPAL HILDEBRANDO LIMA FILHO,"AV. RUI BARBOSA, SN",PARQUE DAS MANGABAS,42800000,-12.7326222,-38.2964028,396,Sem acessibilidade,2026-09-30 11:54:00,842942424827016281796324
UE2015 (Anterior),CAMAÇARI,170,214,1763282,ESCOLA ILAY GARCIA ELLERY,"RUA PRAÇA DO COMÉRCIO, S/N - ZONA URBANA",NOVO HORIZONTE,42800000,-12.6973854,-38.3091338,417,Sem acessibilidade,2026-09-30 12:03:00,762134454719523099246365
UE2015 (Anterior),CAMAÇARI,170,215,1769631,CENTRO EDUCACIONAL YOLANDA PIRES,"RUA PRINCIPAL, S/N - ZONA URBANA",JARDIM LIMOEIRO,42800000,-12.703585,-38.3000067,413,Sem acessibilidade,2026-09-30 12:21:00,903548707933700649669866
UE2015 (Anterior),CAMAÇARI,170,216,1768439,ESCOLA MUNICIPAL EDIVALDO MACHADO BOAVENTURA ,"RUA PONCIANO DE OLIVEIRA, S/N - ZONA URBANA",CENTRO,42800000,-12.7008405,-38.322666,385,Com acessibilidade,2026-09-30 12:36:00,327790237075562235243984
UE2015 (Anterior),CAMAÇARI,170,217,1766530,CENTRO EDUCACIONAL YOLANDA PIRES,"RUA PRINCIPAL, S/N - ZONA URBANA",JARDIM LIMOEIRO,42800000,-12.703585,-38.3000067,417,Sem acessibilidade,2026-09-30 14:25:00,378295398380676216107574
UE2015 (Anterior),CAMAÇARI,170,218,1762868,ESCOLA MUNICIPAL PARQUE VERDE,"CONDOMÍNIO RIO DA PRATA, S/N - ZONA URBANA",PARQUE VERDE,42800000,-12.7336449,-38.3295792,400,Sem acessibilidade,2026-09-30 13:10:00,317689446774067328505218
UE2015 (Anterior),CAMAÇARI,170,219,1761505,CENTRO EDUCACIONAL YOLANDA PIRES,"RUA PRINCIPAL, S/N - ZONA URBANA",JARDIM LIMOEIRO,42800000,-12.703585,-38.3000067,414,Sem acessibilidade,2026-09-30 13:19:00,317689554474694120605349
UE2015 (Anterior),CAMAÇARI,170,220,1766844,COLÉGIO MUNICIPAL HILDEBRANDO LIMA FILHO,"AV. RUI BARBOSA, SN",PARQUE DAS MANGABAS,42800000,-12.7326222,-38.2964028,398,Sem acessibilidade,2026-09-30 13:34:00,14659331544222973542871
UE2015 (Anterior),CAMAÇARI,170,221,1770626,ESCOLA PROFESSORA ILDA LEAL ULM DA SILVA - CAIC,"AVENIDA LUIS GONZAGA, S/N - ZONA URBANA",PHOC I,42805002,-12.714692,-38.3377825,380,Sem acessibilidade,2026-09-30 13:43:00,792437223222022923822879
UE2015 (Anterior),CAMAÇARI,170,222,1793165,CENTRO EDUCACIONAL YOLANDA PIRES,"RUA PRINCIPAL, S/N - ZONA URBANA",JARDIM LIMOEIRO,42800000,-12.703585,-38.3000067,417,Sem acessibilidade,2026-09-30 13:52:00,853043398728102969583853
UE2015 (Anterior),CAMAÇARI,170,223,1765607,ESCOLA MUNICIPAL PARQUE VERDE,"CONDOMÍNIO RIO DA PRATA, S/N - ZONA URBANA",PARQUE VERDE,42800000,-12.7336449,-38.3295792,402,Sem acessibilidade,2026-09-30 14:04:00,358093000978401949678216
UE2015 (Anterior),CAMAÇARI,170,224,1759144,COLÉGIO MUNICIPAL HILDEBRANDO LIMA FILHO,"AV. RUI BARBOSA, SN",PARQUE DAS MANGABAS,42800000,-12.7326222,-38.2964028,400,Sem acessibilidade,2026-09-30 14:15:00,741932505517950852089393
UE2015 (Anterior),CAMAÇARI,170,225,1778386,COLEGIO ESTADUAL POLIVALENTE DE CAMACARI,"RUA SANTA BERNADETE, N 16 - ZONA URBANA",CENTRO,42800030,-12.6982817,-38.3252033,395,Com acessibilidade,2026-09-30 14:37:00,358093220578880381660502
UE2015 (Anterior),CAMAÇARI,170,226,1793844,ESCOLA MUNICIPAL EDIVALDO MACHADO BOAVENTURA ,"RUA PONCIANO DE OLIVEIRA, S/N - ZONA URBANA",CENTRO,42800000,-12.7008405,-38.322666,382,Com acessibilidade,2026-09-30 14:46:00,499407476992043766201953
UE2015 (Anterior),CAMAÇARI,170,227,1792916,ESCOLA ILAY GARCIA ELLERY,"RUA PRAÇA DO COMÉRCIO, S/N - ZONA URBANA",NOVO HORIZONTE,42800000,-12.6973854,-38.3091338,415,Sem acessibilidade,2026-09-30 14:56:00,782336878121423695017659
UE2015 (Anterior),CAMAÇARI,170,228,1777679,ESCOLA MUNICIPAL SONIA REGINA,RUA DA FLEXA S/N - ZONA URBANA,PHOC III,42804660,-12.7187852,-38.3352759,393,Sem acessibilidade,2026-09-30 15:07:00,550013755398924132144467
UE2015 (Anterior),CAMAÇARI,170,229,1838114,COLÉGIO MUNICIPAL HILDEBRANDO LIMA FILHO,"AV. RUI BARBOSA, SN",PARQUE DAS MANGABAS,42800000,-12.7326222,-38.2964028,395,Sem acessibilidade,2026-09-30 15:20:00,428700736685485610276832
UE2015 (Anterior),CAMAÇARI,170,230,1769607,ESCOLA MUNICIPAL PARQUE VERDE,"CONDOMÍNIO RIO DA PRATA, S/N - ZONA URBANA",PARQUE VERDE,42800000,-12.7336449,-38.3295792,387,Sem acessibilidade,2026-09-30 15:30:00,964154350639114709816503
UE2015 (Anterior),CAMAÇARI,170,231,1759021,COLÉGIO MUNICIPAL HILDEBRANDO LIMA FILHO,"AV. RUI BARBOSA, SN",PARQUE DAS MANGABAS,42800000,-12.7326222,-38.2964028,395,Sem acessibilidade,2026-09-30 09:11:00,287386785330694942616798
UE2015 (Anterior),CAMAÇARI,170,232,1826224,ESCOLA LUIZ EDUARDO MAGALHAES,"RUA LUIZ EDUARDO MAGALHAES, S/N -ZONA URBANA",CENTRO,42800420,-12.7013692,-38.3201864,377,Com acessibilidade,2026-09-30 09:20:00,34861641605463103442064
UE2015 (Anterior),CAMAÇARI,170,233,1763877,CENTRO EDUCACIONAL YOLANDA PIRES,"RUA PRINCIPAL, S/N - ZONA URBANA",JARDIM LIMOEIRO,42800000,-12.703585,-38.3000067,410,Sem acessibilidade,2026-09-30 09:28:00,105568825712091052103004
UE2015 (Anterior),CAMAÇARI,170,234,1839697,COLÉGIO VIRGÍNIA REIS TUDE,"RUA PETROLINA, S/N - ZONA URBANA",VERDES HORIZONTES,42800000,-12.7198096,-38.3194953,391,Sem acessibilidade,2026-09-30 09:37:00,44962878706050261757171
UE2015 (Anterior),CAMAÇARI,170,235,1761017,ESCOLA MUNICIPAL PARQUE VERDE,"CONDOMÍNIO RIO DA PRATA, S/N - ZONA URBANA",PARQUE VERDE,42800000,-12.7336449,-38.3295792,396,Sem acessibilidade,2026-09-30 09:49:00,105568041712344413954131
UE2015 (Anterior),CAMAÇARI,170,236,1795342,ESCOLA ILAY GARCIA ELLERY,"RUA PRAÇA DO COMÉRCIO, S/N - ZONA URBANA",NOVO HORIZONTE,42800000,-12.6973854,-38.3091338,413,Sem acessibilidade,2026-09-30 10:00:00,135871189815460589982600
UE2015 (Anterior),CAMAÇARI,170,237,1750313,CENTRO EDUCACIONAL YOLANDA PIRES,"RUA PRINCIPAL, S/N - ZONA URBANA",JARDIM LIMOEIRO,42800000,-12.703585,-38.3000067,410,Sem acessibilidade,2026-09-30 10:08:00,75265237909969276916032
UE2015 (Anterior),CAMAÇARI,170,238,1766397,COLÉGIO VIRGÍNIA REIS TUDE,"RUA PETROLINA, S/N - ZONA URBANA",VERDES HORIZONTES,42800000,-12.7198096,-38.3194953,393,Sem acessibilidade,2026-09-30 10:18:00,933851205495910399436903
UE2015 (Anterior),CAMAÇARI,170,239,1810199,COLÉGIO VIRGÍNIA REIS TUDE,"RUA PETROLINA, S/N - ZONA URBANA",VERDES HORIZONTES,42800000,-12.7198096,-38.3194953,391,Sem acessibilidade,2026-09-30 10:42:00,206578588322030982929270
UE2015 (Anterior),CAMAÇARI,170,240,1764973,COLÉGIO MUNICIPAL HILDEBRANDO LIMA FILHO,"AV. RUI BARBOSA, SN",PARQUE DAS MANGABAS,42800000,-12.7326222,-38.2964028,393,Sem acessibilidade,2026-09-30 10:57:00,651023119267920600321521
UE2015 (Anterior),CAMAÇARI,170,241,1768238,CENTRO EDUCACIONAL YOLANDA PIRES,"RUA PRINCIPAL, S/N - ZONA URBANA",JARDIM LIMOEIRO,42800000,-12.703585,-38.3000067,413,Sem acessibilidade,2026-09-30 11:13:00,792437369481539681854595
UE2015 (Anterior),CAMAÇARI,170,242,1788021,CIEI DA NOVA VITÓRIA,"RUA MARIA MEIRA, 3 TRAVESSA, QUADRA B, ZONA URBANA",NOVA VITORIA,42802529,-12.7223935,-38.3291264,231,Sem acessibilidade,2026-09-30 11:23:00,974255654699803683587415
UE2015 (Anterior),CAMAÇARI,170,243,1789783,CENTRO TERRITORIAL DE EDUCAÇÃO PROFISSIONAL DA REGIÃO METROPOLITANA,"RUA DA RODOVIÁRIA, 142, ZONA URBANA",CENTRO,42800400,-12.7000976,-38.3200178,390,Sem acessibilidade,2026-09-30 11:40:00,691427486071496125375579
UE2015 (Anterior),CAMAÇARI,170,244,1752787,ESCOLA MUNICIPAL EXPERIMENTAL PROFESSORA MARINA TAVARES CARIDOSO ,"RUA DAS FLORES, S/N, ZONA URBANA",GLEBA E,42808169,-12.7235578,-38.33447,115,Sem acessibilidade,2026-09-30 12:05:00,459003357647352690819882
UE2015 (Anterior),CAMAÇARI,170,245,1842125,CIEI DA GLEBA E,"RUA DAS FLORES, S/N, ZONA URBANA",GLEBA E,42808105,-12.7222767,-38.3291983,248,Sem acessibilidade,2026-09-30 12:16:00,762134777778822388678486
UE2015 (Anterior),CAMAÇARI,170,246,1770235,ESCOLA MUNICIPAL PARQUE VERDE,"CONDOMÍNIO RIO DA PRATA, S/N - ZONA URBANA",PARQUE VERDE,42800000,-12.7336449,-38.3295792,398,Sem acessibilidade,2026-09-30 12:45:00,560114688358823273207043
UE2015 (Anterior),CAMAÇARI,170,247,1809861,COLÉGIO VIRGÍNIA REIS TUDE,"RUA PETROLINA, S/N - ZONA URBANA",VERDES HORIZONTES,42800000,-12.7198096,-38.3194953,398,Sem acessibilidade,2026-09-30 13:09:00,893447126691180718910418
UE2015 (Anterior),CAMAÇARI,170,248,1764911,CENTRO TERRITORIAL DE EDUCAÇÃO PROFISSIONAL DA REGIÃO METROPOLITANA,"RUA DA RODOVIÁRIA, 142, ZONA URBANA",CENTRO,42800400,-12.7000976,-38.3200178,385,Sem acessibilidade,2026-09-30 13:20:00,550013899857392706471592
UE2015 (Anterior),CAMAÇARI,170,249,1822823,CENTRO EDUCACIONAL YOLANDA PIRES,"RUA PRINCIPAL, S/N - ZONA URBANA",JARDIM LIMOEIRO,42800000,-12.703585,-38.3000067,414,Sem acessibilidade,2026-09-30 13:36:00,257083703527600817908001
UE2015 (Anterior),CAMAÇARI,170,250,1807138,CENTRO TERRITORIAL DE EDUCAÇÃO PROFISSIONAL DA REGIÃO METROPOLITANA,"RUA DA RODOVIÁRIA, 142, ZONA URBANA",CENTRO,42800400,-12.7000976,-38.3200178,393,Sem acessibilidade,2026-09-30 13:50:00,216679746123324545442097
UE2015 (Anterior),CAMAÇARI,170,251,1768126,COLÉGIO MUNICIPAL HILDEBRANDO LIMA FILHO,"AV. RUI BARBOSA, SN",PARQUE DAS MANGABAS,42800000,-12.7326222,-38.2964028,393,Sem acessibilidade,2026-09-30 14:06:00,196477839821384973102901
UE2015 (Anterior),CAMAÇARI,170,252,1824771,ESCOLA PROFESSORA ILDA LEAL ULM DA SILVA - CAIC,"AVENIDA LUIS GONZAGA, S/N - ZONA URBANA",PHOC I,42805002,-12.714692,-38.3377825,324,Sem acessibilidade,2026-09-30 14:28:00,307588058832816681583100
UE2015 (Anterior),CAMAÇARI,170,253,1752974,COLÉGIO VIRGÍNIA REIS TUDE,"RUA PETROLINA, S/N - ZONA URBANA",VERDES HORIZONTES,42800000,-12.7198096,-38.3194953,399,Sem acessibilidade,2026-09-30 14:42:00,933851790095206069698907
UE2015 (Anterior),CAMAÇARI,170,254,1834316,ESCOLA MUNICIPAL PARQUE VERDE,"CONDOMÍNIO RIO DA PRATA, S/N - ZONA URBANA",PARQUE VERDE,42800000,-12.7336449,-38.3295792,390,Sem acessibilidade,2026-09-30 14:53:00,620720598264059886546130
UE2015 (Anterior),CAMAÇARI,170,255,1835535,CENTRO EDUCACIONAL YOLANDA PIRES,"RUA PRINCIPAL, S/N - ZONA URBANA",JARDIM LIMOEIRO,42800000,-12.703585,-38.3000067,397,Sem acessibilidade,2026-09-30 15:06:00,883346964490182977504716
UE2015 (Anterior),CAMAÇARI,170,256,1765518,CENTRO TERRITORIAL DE EDUCAÇÃO PROFISSIONAL DA REGIÃO METROPOLITANA,"RUA DA RODOVIÁRIA, 142, ZONA URBANA",CENTRO,42800400,-12.7000976,-38.3200178,250,Sem acessibilidade,2026-09-30 15:16:00,196477380621589509830384
UE2015 (Anterior),CAMAÇARI,170,257,1810463,COLÉGIO MUNICIPAL HILDEBRANDO LIMA FILHO,"AV. RUI BARBOSA, SN",PARQUE DAS MANGABAS,42800000,-12.7326222,-38.2964028,128,Sem acessibilidade,2026-09-30 15:27:00,994457299601549815500031
UE2015 (Anterior),CAMAÇARI,170,258,1757540,COLEGIO MARIA QUITERIA,"RUA DO PONTO CERTO, S/N - ZONA URBANA",PONTO CERTO,42800000,-12.7087817,-38.319162,185,Sem acessibilidade,2026-09-30 15:37:00,560114971158206073187538
UE2015 (Anterior),CAMAÇARI,170,259,1767924,ESCOLA ILAY GARCIA ELLERY,"RUA PRAÇA DO COMÉRCIO, S/N - ZONA URBANA",NOVO HORIZONTE,42800000,-12.6973854,-38.3091338,54,Sem acessibilidade,2026-09-30 15:48:00,105568621812907256364586
UE2015 (Anterior),CAMAÇARI,170,260,1770128,COLEGIO ESTADUAL POLIVALENTE DE CAMACARI,"RUA SANTA BERNADETE, N 16 - ZONA URBANA",CENTRO,42800030,-12.6982817,-38.3252033,82,Sem acessibilidade,2026-09-30 15:57:00,145972745016969765666832
UE2015 (Anterior),CAMAÇARI,170,261,1825238,ESCOLA MARIA JOSE DE MATOS DA CONCEICAO,"RUA ALTO DA BOA VISTA, N 44 - ZONA URBANA",GLEBA B,42800000,-12.6957711,-38.3237514,49,Sem acessibilidade,2026-09-30 16:08:00,398497109041942790358326
UE2015 (Anterior),CAMAÇARI,170,262,1767510,ESCOLA LUIZ PEREIRA COSTA,TRAVESSA NOSSA SENHORA DO CARMO S/N - ZONA URBANA,DOIS DE JULHO,42802010,-12.7075265,-38.320294,64,Sem acessibilidade,2026-09-30 16:18:00,145972964716780920286813
UE2015 (Anterior),CAMAÇARI,170,263,1757102,ESCOLA ANGIOLINA TEIXEIRA DE SOUZA,"RUA EIXO E, 119 - ZONA URBANA",PIAÇAVEIRA,42802490,-12.712546,-38.3208764,48,Sem acessibilidade,2026-09-30 16:28:00,115669041213842343557990
UE2015 (Anterior),CAMAÇARI,170,265,1789231,COLÉGIO VIRGÍNIA REIS TUDE,"RUA PETROLINA, S/N - ZONA URBANA",VERDES HORIZONTES,42800000,-12.7198096,-38.3194953,51,Sem acessibilidade,2026-09-30 16:41:00,388396532140804260241722
UE2015 (Anterior),CAMAÇARI,170,266,1761968,CENTRO EDUCACIONAL YOLANDA PIRES,"RUA PRINCIPAL, S/N - ZONA URBANA",JARDIM LIMOEIRO,42800000,-12.703585,-38.3000067,96,Sem acessibilidade,2026-09-30 16:50:00,176275435119617724863199
UE2015 (Anterior),CAMAÇARI,171,38,1752694,CENTRO EDUCACIONAL MARQUÊS DE ABRANTES,RUA ALICE UZEDA S/N - ZONA URBANA ,VILA DE ABRANTES,42800000,-12.83107,-38.2625433,414,Com acessibilidade,2026-09-24 09:17:00,317600403932396696371928
UE2015 (Anterior),CAMAÇARI,171,39,1765734,CENTRO EDUCACIONAL MARQUÊS DE ABRANTES,RUA ALICE UZEDA S/N - ZONA URBANA ,VILA DE ABRANTES,42800000,-12.83107,-38.2625433,412,Com acessibilidade,2026-09-24 09:30:00,206589400721977618949820
UE2015 (Anterior),CAMAÇARI,171,40,1764759,CENTRO EDUCACIONAL MARQUÊS DE ABRANTES,RUA ALICE UZEDA S/N - ZONA URBANA ,VILA DE ABRANTES,42800000,-12.83107,-38.2625433,409,Com acessibilidade,2026-09-24 09:44:00,499418779450639541283526
UE2015 (Anterior),CAMAÇARI,171,41,1766998,CENTRO EDUCACIONAL MARQUÊS DE ABRANTES,RUA ALICE UZEDA S/N - ZONA URBANA ,VILA DE ABRANTES,42800000,-12.83107,-38.2625433,409,Com acessibilidade,2026-09-24 09:56:00,186387573019554901152950
UE2015 (Anterior),CAMAÇARI,171,42,1766043,CENTRO EDUCACIONAL MARQUÊS DE ABRANTES,RUA ALICE UZEDA S/N - ZONA URBANA ,VILA DE ABRANTES,42800000,-12.83107,-38.2625433,414,Com acessibilidade,2026-09-24 10:07:00,590428090860662854661815
UE2015 (Anterior),CAMAÇARI,171,43,1755785,CENTRO EDUCACIONAL MARQUÊS DE ABRANTES,RUA ALICE UZEDA S/N - ZONA URBANA ,VILA DE ABRANTES,42800000,-12.83107,-38.2625433,413,Com acessibilidade,2026-09-24 10:18:00,418610028142640532938097
UE2015 (Anterior),CAMAÇARI,171,44,1809706,ESCOLA MUNICIPAL THOMAZ CAMILO,RUA DA MANGUEIRA S/N - ZONA RURAL,POVOADO AREIAS,42800000,-12.8077783,-38.2336417,383,Com acessibilidade,2026-09-24 10:28:00,469115189547789395157291
UE2015 (Anterior),CAMAÇARI,171,45,1762607,ESCOLA MUNICIPAL THOMAZ CAMILO,RUA DA MANGUEIRA S/N - ZONA RURAL,POVOADO AREIAS,42800000,-12.8077783,-38.2336417,383,Sem acessibilidade,2026-09-24 10:41:00,570226400458589133579936
UE2015 (Anterior),CAMAÇARI,171,46,1770426,COLÉGIO MUNICIPAL PROFESSORA LÍDIA COELHO PINTO,RUA GUILHERME MACHADO S/N - ZONA RURAL,POVOADO AREMBEPE,42800000,-12.7706197,-38.1761818,419,Com acessibilidade,2026-09-24 11:02:00,539822479254362045105733
UE2015 (Anterior),CAMAÇARI,171,47,1795959,COLÉGIO MUNICIPAL PROFESSORA LÍDIA COELHO PINTO,RUA GUILHERME MACHADO S/N - ZONA RURAL,POVOADO AREMBEPE,42800000,-12.7706197,-38.1761818,413,Sem acessibilidade,2026-09-24 11:12:00,964165019797883617690596
UE2015 (Anterior),CAMAÇARI,171,48,1840657,COLÉGIO MUNICIPAL PROFESSORA LÍDIA COELHO PINTO,RUA GUILHERME MACHADO S/N - ZONA RURAL,POVOADO AREMBEPE,42800000,-12.7706197,-38.1761818,415,Sem acessibilidade,2026-09-24 11:54:00,85377247709502826988109
UE2015 (Anterior),CAMAÇARI,171,49,1779762,COLÉGIO MUNICIPAL PROFESSORA LÍDIA COELHO PINTO,RUA GUILHERME MACHADO S/N - ZONA RURAL,POVOADO AREMBEPE,42800000,-12.7706197,-38.1761818,415,Sem acessibilidade,2026-09-24 12:08:00,994468264800359359751131
UE2015 (Anterior),CAMAÇARI,171,50,1768699,COLÉGIO MUNICIPAL PROFESSORA LÍDIA COELHO PINTO,RUA GUILHERME MACHADO S/N - ZONA RURAL,POVOADO AREMBEPE,42800000,-12.7706197,-38.1761818,414,Sem acessibilidade,2026-09-24 12:28:00,14670361902554133573270
UE2015 (Anterior),CAMAÇARI,171,51,1782416,CENTRO EDUCACIONAL DARCY RIBEIRO,"RUA DAS FLORES, S/N - ZONA URBANA",POVOADO BARRA DE JACUÍPE,42833000,-12.7012549,-38.1340608,404,Com acessibilidade,2026-09-24 12:39:00,267195728327964607351461
UE2015 (Anterior),CAMAÇARI,171,52,1795147,CENTRO EDUCACIONAL BARRA DO POJUCA,RUA ELISIO NETO S/N - ZONA RURAL,POVOADO BARRA DO POJUCA,42825000,-12.5892517,-38.0521423,405,Com acessibilidade,2026-09-24 12:50:00,277296844328529325552133
UE2015 (Anterior),CAMAÇARI,171,53,1835240,CENTRO EDUCACIONAL BARRA DO POJUCA,RUA ELISIO NETO S/N - ZONA RURAL,POVOADO BARRA DO POJUCA,42825000,-12.5892517,-38.0521423,403,Com acessibilidade,2026-09-24 13:13:00,469115144747676542455528
UE2015 (Anterior),CAMAÇARI,171,54,1824430,CENTRO EDUCACIONAL BARRA DO POJUCA,RUA ELISIO NETO S/N - ZONA RURAL,POVOADO BARRA DO POJUCA,42825000,-12.5892517,-38.0521423,405,Com acessibilidade,2026-09-24 13:24:00,873256667188248815486015
UE2015 (Anterior),CAMAÇARI,171,55,1805742,CENTRO EDUCACIONAL BARRA DO POJUCA,RUA ELISIO NETO S/N - ZONA RURAL,POVOADO BARRA DO POJUCA,42825000,-12.5892517,-38.0521423,401,Com acessibilidade,2026-09-24 13:35:00,378206275838908344200229
UE2015 (Anterior),CAMAÇARI,171,63,1766120,COLÉGIO ESTADUAL DE MONTE GORDO,"ESTRADA VELHA DE MONTE GORDO, S/N - ZONA URBANA",POVOADO MONTE GORDO,42800000,-12.6604483,-38.1077833,419,Sem acessibilidade,2026-09-24 13:45:00,105579851711721265352840
UE2015 (Anterior),CAMAÇARI,171,64,1763477,ESCOLA MUNICIPAL AMÉLIA RODRIGUES,RUA SAO BENTO S/N - ZONA RURAL,POVOADO MONTE GORDO,42801000,-12.654308,-38.1059551,401,Sem acessibilidade,2026-09-24 13:57:00,65175922507916183177018
UE2015 (Anterior),CAMAÇARI,171,65,1802572,ESCOLA MUNICIPAL MACLINA MARIA DA GLÓRIA,"RUA DAS ÁRVORES, S/N, - ZONA URBANA",VILA DE ABRANTES,42800005,-12.8276933,-38.2556817,403,Sem acessibilidade,2026-09-24 14:07:00,115680082412627861437634
UE2015 (Anterior),CAMAÇARI,171,66,1786516,ESCOLA MUNICIPAL MACLINA MARIA DA GLÓRIA,"RUA DAS ÁRVORES, S/N, - ZONA URBANA",VILA DE ABRANTES,42800005,-12.8276933,-38.2556817,406,Sem acessibilidade,2026-09-24 14:20:00,176286251718376818285343
UE2015 (Anterior),CAMAÇARI,171,67,1788586,ESCOLA MUNICIPAL PROFESSORA LAURITA SOUZA RIBEIRO,AVENIDA RADIAL A 178 - ZONA URBANA,DERBA,42800005,-12.6973587,-38.3338989,379,Com acessibilidade,2026-09-24 14:30:00,408509593541692225118309
UE2015 (Anterior),CAMAÇARI,171,68,1765048,ESCOLA MUNICIPAL PROFESSORA LAURITA SOUZA RIBEIRO,AVENIDA RADIAL A 178 - ZONA URBANA,DERBA,42800005,-12.6973587,-38.3338989,378,Sem acessibilidade,2026-09-24 14:42:00,549923843955060622590081
UE2015 (Anterior),CAMAÇARI,171,69,1791706,ESCOLA MUNICIPAL PROFESSORA LAURITA SOUZA RIBEIRO,AVENIDA RADIAL A 178 - ZONA URBANA,DERBA,42800005,-12.6973587,-38.3338989,380,Sem acessibilidade,2026-09-24 14:53:00,398408800840072503868147
UE2015 (Anterior),CAMAÇARI,171,70,1765666,ESCOLA MUNICIPAL PROFESSORA LAURITA SOUZA RIBEIRO,AVENIDA RADIAL A 178 - ZONA URBANA,DERBA,42800005,-12.6973587,-38.3338989,377,Com acessibilidade,2026-09-24 15:22:00,85377573909530804186617
UE2015 (Anterior),CAMAÇARI,171,71,1761481,CENTRO EDUCACIONAL MONTEIRO LOBATO,"RUA SAO BENTO, 377 - ZONA URBANA",CAMAÇARI DE DENTRO,42800000,-12.7045936,-38.3316651,265,Sem acessibilidade,2026-09-24 15:32:00,933862535194475030365839
UE2015 (Anterior),CAMAÇARI,171,72,1842679,CENTRO EDUCACIONAL MONTEIRO LOBATO,"RUA SAO BENTO, 377 - ZONA URBANA",CAMAÇARI DE DENTRO,42800000,-12.7045936,-38.3316651,266,Sem acessibilidade,2026-09-24 15:48:00,156084864216205180964044
UE2015 (Anterior),CAMAÇARI,171,73,1814476,CENTRO EDUCACIONAL MONTEIRO LOBATO,"RUA SAO BENTO, 377 - ZONA URBANA",CAMAÇARI DE DENTRO,42800000,-12.7045936,-38.3316651,265,Sem acessibilidade,2026-09-24 16:00:00,640933463565885225468081
UE2015 (Anterior),CAMAÇARI,171,74,1825605,CENTRO EDUCACIONAL MONTEIRO LOBATO,"RUA SAO BENTO, 377 - ZONA URBANA",CAMAÇARI DE DENTRO,42800000,-12.7045936,-38.3316651,267,Sem acessibilidade,2026-09-24 16:10:00,943963871395278574510119
UE2015 (Anterior),CAMAÇARI,171,75,1766143,CENTRO EDUCACIONAL MONTEIRO LOBATO,"RUA SAO BENTO, 377 - ZONA URBANA",CAMAÇARI DE DENTRO,42800000,-12.7045936,-38.3316651,265,Sem acessibilidade,2026-09-24 09:18:00,307599348683456823332633
UE2015 (Anterior),CAMAÇARI,171,76,1840835,CENTRO EDUCACIONAL MONTEIRO LOBATO,"RUA SAO BENTO, 377 - ZONA URBANA",CAMAÇARI DE DENTRO,42800000,-12.7045936,-38.3316651,263,Sem acessibilidade,2026-09-24 09:30:00,762145911929532802730375
UE2015 (Anterior),CAMAÇARI,171,77,1825773,CENTRO EDUCACIONAL MONTEIRO LOBATO,"RUA SAO BENTO, 377 - ZONA URBANA",CAMAÇARI DE DENTRO,42800000,-12.7045936,-38.3316651,263,Sem acessibilidade,2026-09-24 09:39:00,125781389765527563344113
UE2015 (Anterior),CAMAÇARI,171,78,1765245,ESCOLA MUNICIPAL NILZA LEMOS P. LACERDA / CATU DE ABRANTES,LOTEAMENTO CURVA DO RIO S/N - ZONA URBANA,POVOADO CATU DE ABRANTES,42800000,-12.8580813,-38.2874204,405,Com acessibilidade,2026-09-24 09:48:00,731842104526154134543070
UE2015 (Anterior),CAMAÇARI,171,79,1757745,ESCOLA MUNICIPAL NILZA LEMOS P. LACERDA / CATU DE ABRANTES,LOTEAMENTO CURVA DO RIO S/N - ZONA URBANA,POVOADO CATU DE ABRANTES,42800000,-12.8580813,-38.2874204,403,Com acessibilidade,2026-09-24 09:58:00,287397764281796347037227
UE2015 (Anterior),CAMAÇARI,171,80,1752964,ESCOLA MUNICIPAL NILZA LEMOS P. LACERDA / CATU DE ABRANTES,LOTEAMENTO CURVA DO RIO S/N - ZONA URBANA,POVOADO CATU DE ABRANTES,42800000,-12.8580813,-38.2874204,406,Com acessibilidade,2026-09-24 10:07:00,267195822279338467918859
UE2015 (Anterior),CAMAÇARI,171,92,1765699, ESCOLA MUNICIPAL PROFESSORA EVERALDINA VIEIRA DOS SANTOS,RUA COQUEIRO DE MONTE GORDO - ZONA RURAL,POVOADO MONTE GORDO,42820000,-12.6188467,-38.1114617,307,Com acessibilidade,2026-09-24 10:17:00,964165818749128330692032
UE2015 (Anterior),CAMAÇARI,171,93,1837508,ESCOLA MUNICIPAL PROFESSORA LAURITA SOUZA RIBEIRO,AVENIDA RADIAL A 178 - ZONA URBANA,DERBA,42800005,-12.6973587,-38.3338989,378,Sem acessibilidade,2026-09-24 10:42:00,529721482005602240041504
UE2015 (Anterior),CAMAÇARI,171,94,1768441,ESCOLA MUNICIPAL PROFESSORA LAURITA SOUZA RIBEIRO,AVENIDA RADIAL A 178 - ZONA URBANA,DERBA,42800005,-12.6973587,-38.3338989,379,Sem acessibilidade,2026-09-24 10:55:00,873256946440257090333539
UE2015 (Anterior),CAMAÇARI,171,95,1751914,ESCOLA ESTADUAL JOSÉ DE FREITAS MASCARENHAS,"AVENIDA VEREADOR PEDRO RIBEIRO DE FREITAS, S/N - ZONA URBANA",GLEBA A,42800000,-12.6935183,-38.3333533,380,Com acessibilidade,2026-09-24 11:10:00,388307567091163369396292
UE2015 (Anterior),CAMAÇARI,171,96,1809702,ESCOLA ESTADUAL JOSÉ DE FREITAS MASCARENHAS,"AVENIDA VEREADOR PEDRO RIBEIRO DE FREITAS, S/N - ZONA URBANA",GLEBA A,42800000,-12.6935183,-38.3333533,379,Sem acessibilidade,2026-09-24 11:21:00,479216766000418863031553
UE2015 (Anterior),CAMAÇARI,171,97,1810859,ESCOLA ESTADUAL JOSÉ DE FREITAS MASCARENHAS,"AVENIDA VEREADOR PEDRO RIBEIRO DE FREITAS, S/N - ZONA URBANA",GLEBA A,42800000,-12.6935183,-38.3333533,379,Com acessibilidade,2026-09-24 11:35:00,651034053318962132431962
UE2015 (Anterior),CAMAÇARI,171,98,1759758,ESCOLA ESTADUAL JOSÉ DE FREITAS MASCARENHAS,"AVENIDA VEREADOR PEDRO RIBEIRO DE FREITAS, S/N - ZONA URBANA",GLEBA A,42800000,-12.6935183,-38.3333533,375,Sem acessibilidade,2026-09-24 11:47:00,802549315033347869907223
UE2015 (Anterior),CAMAÇARI,171,99,1770619,ESCOLA ESTADUAL JOSÉ DE FREITAS MASCARENHAS,"AVENIDA VEREADOR PEDRO RIBEIRO DE FREITAS, S/N - ZONA URBANA",GLEBA A,42800000,-12.6935183,-38.3333533,376,Sem acessibilidade,2026-09-24 12:01:00,428711041195294438581320
UE2015 (Anterior),CAMAÇARI,171,100,1795209,ESCOLA ESTADUAL JOSÉ DE FREITAS MASCARENHAS,"AVENIDA VEREADOR PEDRO RIBEIRO DE FREITAS, S/N - ZONA URBANA",GLEBA A,42800000,-12.6935183,-38.3333533,379,Com acessibilidade,2026-09-24 12:11:00,236892322076195666055951
UE2015 (Anterior),CAMAÇARI,171,101,1781828,ESCOLA ESTADUAL JOSÉ DE FREITAS MASCARENHAS,"AVENIDA VEREADOR PEDRO RIBEIRO DE FREITAS, S/N - ZONA URBANA",GLEBA A,42800000,-12.6935183,-38.3333533,379,Sem acessibilidade,2026-09-24 12:21:00,499418695402547756280311
UE2015 (Anterior),CAMAÇARI,171,102,1775808,ESCOLA MUNICIPAL DENISE TAVARES,RUA RADIAL C S/N - ZONA URBANA,GLEBA B,42809580,-12.6935044,-38.326866,371,Com acessibilidade,2026-09-24 12:32:00,741943058227956671786946
UE2015 (Anterior),CAMAÇARI,171,103,1757062,ESCOLA MUNICIPAL DENISE TAVARES,RUA RADIAL C S/N - ZONA URBANA,GLEBA B,42809580,-12.6935044,-38.326866,372,Com acessibilidade,2026-09-24 12:42:00,832852254336137535415561
UE2015 (Anterior),CAMAÇARI,171,104,1766601,ESCOLA MUNICIPAL DENISE TAVARES,RUA RADIAL C S/N - ZONA URBANA,GLEBA B,42809580,-12.6935044,-38.326866,369,Com acessibilidade,2026-09-24 12:53:00,590428128812059036494139
UE2015 (Anterior),CAMAÇARI,171,105,1764832,ESCOLA MUNICIPAL DENISE TAVARES,RUA RADIAL C S/N - ZONA URBANA,GLEBA B,42809580,-12.6935044,-38.326866,372,Com acessibilidade,2026-09-24 13:03:00,196488838672317050967854
UE2015 (Anterior),CAMAÇARI,171,106,1765958,ESCOLA MUNICIPAL DENISE TAVARES,RUA RADIAL C S/N - ZONA URBANA,GLEBA B,42809580,-12.6935044,-38.326866,368,Com acessibilidade,2026-09-24 13:13:00,125781877165331691545507
UE2015 (Anterior),CAMAÇARI,171,107,1769508,ESCOLA MUNICIPAL DENISE TAVARES,RUA RADIAL C S/N - ZONA URBANA,GLEBA B,42809580,-12.6935044,-38.326866,372,Com acessibilidade,2026-09-24 13:28:00,640933507617295057807339
UE2015 (Anterior),CAMAÇARI,171,108,1773381,ESCOLA MUNICIPAL DENISE TAVARES,RUA RADIAL C S/N - ZONA URBANA,GLEBA B,42809580,-12.6935044,-38.326866,371,Com acessibilidade,2026-09-24 13:40:00,378206341790643736017711
UE2015 (Anterior),CAMAÇARI,171,109,1761436,ESCOLA MUNICIPAL DENISE TAVARES,RUA RADIAL C S/N - ZONA URBANA,GLEBA B,42809580,-12.6935044,-38.326866,370,Com acessibilidade,2026-09-24 13:50:00,893458973742252164942323
UE2015 (Anterior),CAMAÇARI,171,122,1766304,ESCOLA MUNICIPAL HELENA CELESTINO DE MAGALHÃES,"AVENIDA VEREADOR PEDRO RIBEIRO DE FREITAS, S/N - ZONA URBANA",GRAVATÁ,42800000,-12.6872529,-38.33427,329,Com acessibilidade,2026-09-24 14:04:00,954064403048258986659953
UE2015 (Anterior),CAMAÇARI,171,123,1792213,ESCOLA MUNICIPAL HELENA CELESTINO DE MAGALHÃES,"AVENIDA VEREADOR PEDRO RIBEIRO DE FREITAS, S/N - ZONA URBANA",GRAVATÁ,42800000,-12.6872529,-38.33427,331,Sem acessibilidade,2026-09-24 14:16:00,166185724369695505373516
UE2015 (Anterior),CAMAÇARI,171,124,1837299,ESCOLA MUNICIPAL HELENA CELESTINO DE MAGALHÃES,"AVENIDA VEREADOR PEDRO RIBEIRO DE FREITAS, S/N - ZONA URBANA",GRAVATÁ,42800000,-12.6872529,-38.33427,330,Com acessibilidade,2026-09-24 14:26:00,236892907876857556648973
UE2015 (Anterior),CAMAÇARI,171,125,1771621,ESCOLA ESTADUAL JOSÉ DE FREITAS MASCARENHAS,"AVENIDA VEREADOR PEDRO RIBEIRO DE FREITAS, S/N - ZONA URBANA",GLEBA A,42800000,-12.6935183,-38.3333533,378,Com acessibilidade,2026-09-24 14:37:00,640933428117420916137679
UE2015 (Anterior),CAMAÇARI,171,126,1763880,ESCOLA ESTADUAL JOSÉ DE FREITAS MASCARENHAS,"AVENIDA VEREADOR PEDRO RIBEIRO DE FREITAS, S/N - ZONA URBANA",GLEBA A,42800000,-12.6935183,-38.3333533,378,Sem acessibilidade,2026-09-24 14:47:00,257094142078129800175324
UE2015 (Anterior),CAMAÇARI,171,127,1839223,ESCOLA MUNICIPAL HELENA CELESTINO DE MAGALHÃES,"AVENIDA VEREADOR PEDRO RIBEIRO DE FREITAS, S/N - ZONA URBANA",GRAVATÁ,42800000,-12.6872529,-38.33427,332,Com acessibilidade,2026-09-24 14:57:00,176286175970130135431445
UE2015 (Anterior),CAMAÇARI,171,128,1765551,ESCOLA MUNICIPAL HELENA CELESTINO DE MAGALHÃES,"AVENIDA VEREADOR PEDRO RIBEIRO DE FREITAS, S/N - ZONA URBANA",GRAVATÁ,42800000,-12.6872529,-38.33427,331,Sem acessibilidade,2026-09-24 09:15:00,489317591614425291525560
UE2015 (Anterior),CAMAÇARI,171,129,1809064,ESCOLA MUNICIPAL HELENA CELESTINO DE MAGALHÃES,"AVENIDA VEREADOR PEDRO RIBEIRO DE FREITAS, S/N - ZONA URBANA",GRAVATÁ,42800000,-12.6872529,-38.33427,332,Com acessibilidade,2026-09-24 09:25:00,549923760220572628618302
UE2015 (Anterior),CAMAÇARI,171,130,1765157,ESCOLA MUNICIPAL HELENA CELESTINO DE MAGALHÃES,"AVENIDA VEREADOR PEDRO RIBEIRO DE FREITAS, S/N - ZONA URBANA",GRAVATÁ,42800000,-12.6872529,-38.33427,332,Sem acessibilidade,2026-09-24 09:36:00,358004652901548289314669
UE2015 (Anterior),CAMAÇARI,171,131,1765753,ESCOLA MUNICIPAL HELENA CELESTINO DE MAGALHÃES,"AVENIDA VEREADOR PEDRO RIBEIRO DE FREITAS, S/N - ZONA URBANA",GRAVATÁ,42800000,-12.6872529,-38.33427,333,Com acessibilidade,2026-09-24 09:45:00,822751238248030847754097
UE2015 (Anterior),CAMAÇARI,171,132,1755214,ESCOLA MUNICIPAL HELENA CELESTINO DE MAGALHÃES,"AVENIDA VEREADOR PEDRO RIBEIRO DE FREITAS, S/N - ZONA URBANA",GRAVATÁ,42800000,-12.6872529,-38.33427,332,Com acessibilidade,2026-09-24 09:55:00,95478612875390647434075
UE2015 (Anterior),CAMAÇARI,171,143,1762655,ESCOLA MUNICIPAL AMÉLIA RODRIGUES,RUA SAO BENTO S/N - ZONA RURAL,POVOADO MONTE GORDO,42801000,-12.654308,-38.1059551,401,Sem acessibilidade,2026-09-24 10:05:00,671236375133604285507197
UE2015 (Anterior),CAMAÇARI,171,144,1751997,CENTRO EDUCACIONAL TANCREDO NEVES,"RUA DO FLAMINGO, S/N - ZONA RURAL",POVOADO JAUÁ,42820000,-12.8228714,-38.2321625,397,Com acessibilidade,2026-09-24 10:14:00,216690026887165301960761
UE2015 (Anterior),CAMAÇARI,171,145,1756608,CENTRO EDUCACIONAL TANCREDO NEVES,"RUA DO FLAMINGO, S/N - ZONA RURAL",POVOADO JAUÁ,42820000,-12.8228714,-38.2321625,399,Com acessibilidade,2026-09-24 10:23:00,893458817055869783743024
UE2015 (Anterior),CAMAÇARI,171,146,1765668,ESCOLA MUNICIPAL CONCEIÇÃO DE MARIA,"RUA MARECHAL FLORIANO PEIXOTO, LARGO DOIS DE JULHO S/N - ZONA RURAL",POVOADO PARAFUSO,42849990,-12.76723,-38.3312233,219,Sem acessibilidade,2026-09-24 10:33:00,863155893552926724817411
UE2015 (Anterior),CAMAÇARI,171,147,1765652,ESCOLA MUNICIPAL CONCEIÇÃO DE MARIA,"RUA MARECHAL FLORIANO PEIXOTO, LARGO DOIS DE JULHO S/N - ZONA RURAL",POVOADO PARAFUSO,42849990,-12.76723,-38.3312233,217,Com acessibilidade,2026-09-24 10:46:00,135882279779496041470966
UE2015 (Anterior),CAMAÇARI,171,148,1769165,ESCOLA MUNICIPAL CONCEIÇÃO DE MARIA,"RUA MARECHAL FLORIANO PEIXOTO, LARGO DOIS DE JULHO S/N - ZONA RURAL",POVOADO PARAFUSO,42849990,-12.76723,-38.3312233,220,Sem acessibilidade,2026-09-24 10:53:00,539822787619776198933484
UE2015 (Anterior),CAMAÇARI,171,149,1765134,ESCOLA MUNICIPAL CONCEIÇÃO DE MARIA,"RUA MARECHAL FLORIANO PEIXOTO, LARGO DOIS DE JULHO S/N - ZONA RURAL",POVOADO PARAFUSO,42849990,-12.76723,-38.3312233,217,Sem acessibilidade,2026-09-24 11:00:00,550024910021246516604546
UE2015 (Anterior),CAMAÇARI,171,165,1766497,ESCOLA MUNICIPAL ALOISIO DE OLIVEIRA,RUA SACO SN - ZONA RURAL,POVOADO MONTE GORDO,42820000,-12.6701287,-38.1196202,410,Com acessibilidade,2026-09-24 11:13:00,499418551715488101503097
UE2015 (Anterior),CAMAÇARI,171,166,1757577,ESCOLA MUNICIPAL AMÉLIA RODRIGUES,RUA SAO BENTO S/N - ZONA RURAL,POVOADO MONTE GORDO,42801000,-12.654308,-38.1059551,407,Sem acessibilidade,2026-09-24 11:28:00,539822700419968161958493
UE2015 (Anterior),CAMAÇARI,171,167,1769641,ESCOLA MUNICIPAL AMÉLIA RODRIGUES,RUA SAO BENTO S/N - ZONA RURAL,POVOADO MONTE GORDO,42801000,-12.654308,-38.1059551,403,Sem acessibilidade,2026-09-24 11:45:00,358004633501759728500794
UE2015 (Anterior),CAMAÇARI,171,168,1773279,ESCOLA MUNICIPAL ENGº RUY BACELAR,"RUA 28 DE SETEMBRO, 128 - ZONA URBANA",TRIÂNGULO,42800002,-12.695536,-38.3379918,403,Com acessibilidade,2026-09-24 11:47:00,923761312658462743410672
UE2015 (Anterior),CAMAÇARI,171,169,1768187,ESCOLA MUNICIPAL ENGº RUY BACELAR,"RUA 28 DE SETEMBRO, 128 - ZONA URBANA",TRIÂNGULO,42800002,-12.695536,-38.3379918,402,Com acessibilidade,2026-09-24 11:58:00,519620010517211706908062
UE2015 (Anterior),CAMAÇARI,171,170,1765906,ESCOLA MUNICIPAL ENGº RUY BACELAR,"RUA 28 DE SETEMBRO, 128 - ZONA URBANA",TRIÂNGULO,42800002,-12.695536,-38.3379918,402,Sem acessibilidade,2026-09-24 12:07:00,570226154323864423237863
UE2015 (Anterior),CAMAÇARI,171,171,1844121,ESCOLA MUNICIPAL ENGº RUY BACELAR,"RUA 28 DE SETEMBRO, 128 - ZONA URBANA",TRIÂNGULO,42800002,-12.695536,-38.3379918,405,Com acessibilidade,2026-10-02 17:02:00,822751516570992142892156
UE2015 (Anterior),CAMAÇARI,171,172,1768897,ESCOLA MUNICIPAL ENGº RUY BACELAR,"RUA 28 DE SETEMBRO, 128 - ZONA URBANA",TRIÂNGULO,42800002,-12.695536,-38.3379918,406,Com acessibilidade,2026-09-24 12:25:00,257094053991589211307823
UE2015 (Anterior),CAMAÇARI,171,180,1765469,CENTRO EDUCACIONAL MARQUÊS DE ABRANTES,RUA ALICE UZEDA S/N - ZONA URBANA ,VILA DE ABRANTES,42800000,-12.83107,-38.2625433,413,Com acessibilidade,2026-09-24 12:35:00,923761573658340965946236
UE2015 (Anterior),CAMAÇARI,171,181,1789975,COLÉGIO MUNICIPAL PROFESSORA LÍDIA COELHO PINTO,RUA GUILHERME MACHADO S/N - ZONA RURAL,POVOADO AREMBEPE,42800000,-12.7706197,-38.1761818,416,Sem acessibilidade,2026-09-24 12:55:00,236892993589834179982090
UE2015 (Anterior),CAMAÇARI,171,182,1757151,CENTRO EDUCACIONAL DARCY RIBEIRO,"RUA DAS FLORES, S/N - ZONA URBANA",POVOADO BARRA DE JACUÍPE,42833000,-12.7012549,-38.1340608,403,Sem acessibilidade,2026-09-24 13:05:00,701539571736969016640951
UE2015 (Anterior),CAMAÇARI,171,183,1793653,CENTRO EDUCACIONAL BARRA DO POJUCA,RUA ELISIO NETO S/N - ZONA RURAL,POVOADO BARRA DO POJUCA,42825000,-12.5892517,-38.0521423,409,Com acessibilidade,2026-09-24 13:15:00,14670990967364638533929
UE2015 (Anterior),CAMAÇARI,171,185,1761718,COLÉGIO ESTADUAL DE MONTE GORDO,"ESTRADA VELHA DE MONTE GORDO, S/N - ZONA URBANA",POVOADO MONTE GORDO,42800000,-12.6604483,-38.1077833,416,Sem acessibilidade,2026-09-24 13:20:00,954064156061046537619790
UE2015 (Anterior),CAMAÇARI,171,186,1835762,ESCOLA MUNICIPAL PROFESSORA LAURITA SOUZA RIBEIRO,AVENIDA RADIAL A 178 - ZONA URBANA,DERBA,42800005,-12.6973587,-38.3338989,379,Com acessibilidade,2026-09-24 13:34:00,105579418676565222768594
UE2015 (Anterior),CAMAÇARI,171,187,1838727,CENTRO EDUCACIONAL MONTEIRO LOBATO,"RUA SAO BENTO, 377 - ZONA URBANA",CAMAÇARI DE DENTRO,42800000,-12.7045936,-38.3316651,265,Sem acessibilidade,2026-09-24 13:45:00,489317905214100318004645
UE2015 (Anterior),CAMAÇARI,171,188,1796175,CENTRO EDUCACIONAL MONTEIRO LOBATO,"RUA SAO BENTO, 377 - ZONA URBANA",CAMAÇARI DE DENTRO,42800000,-12.7045936,-38.3316651,265,Sem acessibilidade,2026-09-24 13:50:00,721741251238084121358994
UE2015 (Anterior),CAMAÇARI,171,189,1766055,ESCOLA MUNICIPAL NILZA LEMOS P. LACERDA / CATU DE ABRANTES,LOTEAMENTO CURVA DO RIO S/N - ZONA URBANA,POVOADO CATU DE ABRANTES,42800000,-12.8580813,-38.2874204,410,Com acessibilidade,2026-09-24 14:00:00,337802971199354017841576
UE2015 (Anterior),CAMAÇARI,171,190,1765209,ESCOLA MUNICIPAL NILZA LEMOS P. LACERDA / CATU DE ABRANTES,LOTEAMENTO CURVA DO RIO S/N - ZONA URBANA,POVOADO CATU DE ABRANTES,42800000,-12.8580813,-38.2874204,407,Com acessibilidade,2026-09-24 14:10:00,489317201214593047398224
UE2015 (Anterior),CAMAÇARI,171,193,1769332, ESCOLA MUNICIPAL PROFESSORA EVERALDINA VIEIRA DOS SANTOS,RUA COQUEIRO DE MONTE GORDO - ZONA RURAL,POVOADO MONTE GORDO,42820000,-12.6188467,-38.1114617,307,Com acessibilidade,2026-09-24 09:17:00,95478148695176348484444
UE2015 (Anterior),CAMAÇARI,171,194,1765061,ESCOLA MUNICIPAL PROFESSORA LAURITA SOUZA RIBEIRO,AVENIDA RADIAL A 178 - ZONA URBANA,DERBA,42800005,-12.6973587,-38.3338989,377,Com acessibilidade,2026-09-24 09:26:00,297498457315394861174174
UE2015 (Anterior),CAMAÇARI,171,195,1765530,ESCOLA ESTADUAL JOSÉ DE FREITAS MASCARENHAS,"AVENIDA VEREADOR PEDRO RIBEIRO DE FREITAS, S/N - ZONA URBANA",GLEBA A,42800000,-12.6935183,-38.3333533,377,Com acessibilidade,2026-09-24 09:36:00,549923819140737805862862
UE2015 (Anterior),CAMAÇARI,171,196,1765908,ESCOLA ESTADUAL JOSÉ DE FREITAS MASCARENHAS,"AVENIDA VEREADOR PEDRO RIBEIRO DE FREITAS, S/N - ZONA URBANA",GLEBA A,42800000,-12.6935183,-38.3333533,380,Com acessibilidade,2026-09-24 09:45:00,327701703618532727506508
UE2015 (Anterior),CAMAÇARI,171,197,1766921,ESCOLA MUNICIPAL DENISE TAVARES,RUA RADIAL C S/N - ZONA URBANA,GLEBA B,42809580,-12.6935044,-38.326866,372,Com acessibilidade,2026-09-24 09:55:00,943963436680243441135580
UE2015 (Anterior),CAMAÇARI,171,200,1785205,ESCOLA MUNICIPAL HELENA CELESTINO DE MAGALHÃES,"AVENIDA VEREADOR PEDRO RIBEIRO DE FREITAS, S/N - ZONA URBANA",GRAVATÁ,42800000,-12.6872529,-38.33427,331,Com acessibilidade,2026-09-24 10:04:00,600529781046464488550085
UE2015 (Anterior),CAMAÇARI,171,201,1765996,ESCOLA MUNICIPAL HELENA CELESTINO DE MAGALHÃES,"AVENIDA VEREADOR PEDRO RIBEIRO DE FREITAS, S/N - ZONA URBANA",GRAVATÁ,42800000,-12.6872529,-38.33427,332,Com acessibilidade,2026-09-24 10:17:00,337802621819492150057342
UE2015 (Anterior),CAMAÇARI,171,203,1765954,CENTRO EDUCACIONAL TANCREDO NEVES,"RUA DO FLAMINGO, S/N - ZONA RURAL",POVOADO JAUÁ,42820000,-12.8228714,-38.2321625,398,Sem acessibilidade,2026-09-24 10:27:00,842953350770097481685238
UE2015 (Anterior),CAMAÇARI,171,206,1764412,ESCOLA MUNICIPAL ALOISIO DE OLIVEIRA,RUA SACO SN - ZONA RURAL,POVOADO MONTE GORDO,42820000,-12.6701287,-38.1196202,408,Com acessibilidade,2026-09-24 10:37:00,741943589160082538753274
UE2015 (Anterior),CAMAÇARI,171,207,1765966,ESCOLA MUNICIPAL ENGº RUY BACELAR,"RUA 28 DE SETEMBRO, 128 - ZONA URBANA",TRIÂNGULO,42800002,-12.695536,-38.3379918,408,Com acessibilidade,2026-09-24 10:46:00,913660864377279762543521
UE2015 (Anterior),CAMAÇARI,171,213,1764800,ESCOLA MUNICIPAL AMÉLIA RODRIGUES,RUA SAO BENTO S/N - ZONA RURAL,POVOADO MONTE GORDO,42801000,-12.654308,-38.1059551,407,Sem acessibilidade,2026-09-24 10:57:00,408509985626922427352017
UE2015 (Anterior),CAMAÇARI,171,215,1757288,CENTRO EDUCACIONAL MARQUÊS DE ABRANTES,RUA ALICE UZEDA S/N - ZONA URBANA ,VILA DE ABRANTES,42800000,-12.83107,-38.2625433,416,Com acessibilidade,2026-09-24 11:06:00,853054653571962154925217
UE2015 (Anterior),CAMAÇARI,171,220,1759938,COLÉGIO MUNICIPAL PROFESSORA LÍDIA COELHO PINTO,RUA GUILHERME MACHADO S/N - ZONA RURAL,POVOADO AREMBEPE,42800000,-12.7706197,-38.1761818,417,Sem acessibilidade,2026-09-24 11:29:00,731842053559239120168776
UE2015 (Anterior),CAMAÇARI,171,221,1807382,CENTRO EDUCACIONAL DARCY RIBEIRO,"RUA DAS FLORES, S/N - ZONA URBANA",POVOADO BARRA DE JACUÍPE,42833000,-12.7012549,-38.1340608,408,Sem acessibilidade,2026-09-24 11:46:00,752044183061227630485371
UE2015 (Anterior),CAMAÇARI,171,227,1824225,CENTRO EDUCACIONAL MARQUÊS DE ABRANTES,RUA ALICE UZEDA S/N - ZONA URBANA ,VILA DE ABRANTES,42800000,-12.83107,-38.2625433,416,Com acessibilidade,2026-09-24 11:58:00,671236767153370242467153
UE2015 (Anterior),CAMAÇARI,171,228,1768409,ESCOLA MUNICIPAL DENISE TAVARES,RUA RADIAL C S/N - ZONA URBANA,GLEBA B,42809580,-12.6935044,-38.326866,371,Com acessibilidade,2026-09-24 12:10:00,772246978263665890398944
UE2015 (Anterior),CAMAÇARI,171,230,1794875,ESCOLA MUNICIPAL HELENA CELESTINO DE MAGALHÃES,"AVENIDA VEREADOR PEDRO RIBEIRO DE FREITAS, S/N - ZONA URBANA",GRAVATÁ,42800000,-12.6872529,-38.33427,330,Sem acessibilidade,2026-09-24 12:20:00,469115851732441060531111
UE2015 (Anterior),CAMAÇARI,171,232,1807297,CENTRO EDUCACIONAL BARRA DO POJUCA,RUA ELISIO NETO S/N - ZONA RURAL,POVOADO BARRA DO POJUCA,42825000,-12.5892517,-38.0521423,401,Com acessibilidade,2026-09-24 12:36:00,661135277052159570446417
UE2015 (Anterior),CAMAÇARI,171,233,1757683,ESCOLA MUNICIPAL FÉLIX JOAQUIM DE MORAES,RUA DO CANARIO S/N - ZONA URBANA,CAMAÇARI DE DENTRO,42800000,-12.698653,-38.3341655,327,Com acessibilidade,2026-09-24 12:46:00,550024278841132021381029
UE2015 (Anterior),CAMAÇARI,171,235,1772162,CENTRO EDUCACIONAL TANCREDO NEVES,"RUA DO FLAMINGO, S/N - ZONA RURAL",POVOADO JAUÁ,42820000,-12.8228714,-38.2321625,399,Com acessibilidade,2026-09-24 12:57:00,347903287820089408497051
UE2015 (Anterior),CAMAÇARI,171,236,1768138,COLÉGIO ESTADUAL DE MONTE GORDO,"ESTRADA VELHA DE MONTE GORDO, S/N - ZONA URBANA",POVOADO MONTE GORDO,42800000,-12.6604483,-38.1077833,418,Sem acessibilidade,2026-09-24 13:15:00,943963990280290697932377
UE2015 (Anterior),CAMAÇARI,171,240,1751981,ESCOLA MUNICIPAL AMÉLIA RODRIGUES,RUA SAO BENTO S/N - ZONA RURAL,POVOADO MONTE GORDO,42801000,-12.654308,-38.1059551,407,Sem acessibilidade,2026-09-24 13:25:00,994468458185437200058906
UE2015 (Anterior),CAMAÇARI,171,241,1770748,ESCOLA MUNICIPAL DENISE TAVARES,RUA RADIAL C S/N - ZONA URBANA,GLEBA B,42809580,-12.6935044,-38.326866,368,Com acessibilidade,2026-09-24 13:35:00,964165539682491437314543
UE2015 (Anterior),CAMAÇARI,171,242,1771637,ESCOLA MUNICIPAL HELENA CELESTINO DE MAGALHÃES,"AVENIDA VEREADOR PEDRO RIBEIRO DE FREITAS, S/N - ZONA URBANA",GRAVATÁ,42800000,-12.6872529,-38.33427,332,Com acessibilidade,2026-09-24 13:45:00,630832314549256204172344
UE2015 (Anterior),CAMAÇARI,171,243,1825834,CENTRO EDUCACIONAL MARQUÊS DE ABRANTES,RUA ALICE UZEDA S/N - ZONA URBANA ,VILA DE ABRANTES,42800000,-12.83107,-38.2625433,411,Com acessibilidade,2026-09-24 14:00:00,560125351342588199560681
UE2015 (Anterior),CAMAÇARI,171,252,1750485,COLÉGIO ESTADUAL DE MONTE GORDO,"ESTRADA VELHA DE MONTE GORDO, S/N - ZONA URBANA",POVOADO MONTE GORDO,42800000,-12.6604483,-38.1077833,417,Sem acessibilidade,2026-09-24 14:20:00,267195010012461182860022
UE2015 (Anterior),CAMAÇARI,171,253,1767338,ESCOLA MUNICIPAL HELENA CELESTINO DE MAGALHÃES,"AVENIDA VEREADOR PEDRO RIBEIRO DE FREITAS, S/N - ZONA URBANA",GRAVATÁ,42800000,-12.6872529,-38.33427,332,Sem acessibilidade,2026-09-24 14:29:00,984367841184814682674639
UE2015 (Anterior),CAMAÇARI,171,255,1769277,ESCOLA MUNICIPAL THOMAZ CAMILO,RUA DA MANGUEIRA S/N - ZONA RURAL,POVOADO AREIAS,42800000,-12.8077783,-38.2336417,393,Com acessibilidade,2026-09-24 14:40:00,176286257603555965310425
UE2015 (Anterior),CAMAÇARI,171,256,1795268,ESCOLA MUNICIPAL NILZA LEMOS P. LACERDA / CATU DE ABRANTES,LOTEAMENTO CURVA DO RIO S/N - ZONA URBANA,POVOADO CATU DE ABRANTES,42800000,-12.8580813,-38.2874204,408,Com acessibilidade,2026-09-24 14:50:00,701539892456170190205211
UE2015 (Anterior),CAMAÇARI,171,257,1793396,ESCOLA MUNICIPAL HELENA CELESTINO DE MAGALHÃES,"AVENIDA VEREADOR PEDRO RIBEIRO DE FREITAS, S/N - ZONA URBANA",GRAVATÁ,42800000,-12.6872529,-38.33427,332,Com acessibilidade,2026-09-24 15:01:00,317600618917516482051766
UE2015 (Anterior),CAMAÇARI,171,259,1765304,ESCOLA MUNICIPAL ENGº RUY BACELAR,"RUA 28 DE SETEMBRO, 128 - ZONA URBANA",TRIÂNGULO,42800002,-12.695536,-38.3379918,404,Sem acessibilidade,2026-09-24 09:19:00,883357401483106090738566
UE2015 (Anterior),CAMAÇARI,171,260,1759785,ESCOLA MUNICIPAL DENISE TAVARES,RUA RADIAL C S/N - ZONA URBANA,GLEBA B,42809580,-12.6935044,-38.326866,368,Com acessibilidade,2026-09-24 09:29:00,923761526887237723252971
UE2015 (Anterior),CAMAÇARI,171,261,1765971,CENTRO EDUCACIONAL MARQUÊS DE ABRANTES,RUA ALICE UZEDA S/N - ZONA URBANA ,VILA DE ABRANTES,42800000,-12.83107,-38.2625433,413,Com acessibilidade,2026-09-24 09:39:00,822751530077221463494693
UE2015 (Anterior),CAMAÇARI,171,262,1765054,COLÉGIO ESTADUAL DE MONTE GORDO,"ESTRADA VELHA DE MONTE GORDO, S/N - ZONA URBANA",POVOADO MONTE GORDO,42800000,-12.6604483,-38.1077833,411,Sem acessibilidade,2026-09-24 09:48:00,802549624075228398361314
UE2015 (Anterior),CAMAÇARI,171,264,1759392,CENTRO EDUCACIONAL MARQUÊS DE ABRANTES,RUA ALICE UZEDA S/N - ZONA URBANA ,VILA DE ABRANTES,42800000,-12.83107,-38.2625433,410,Com acessibilidade,2026-09-24 09:57:00,55074093700491996939385
UE2015 (Anterior),CAMAÇARI,171,265,1757625,ESCOLA MUNICIPAL CONCEIÇÃO DE MARIA,"RUA MARECHAL FLORIANO PEIXOTO, LARGO DOIS DE JULHO S/N - ZONA RURAL",POVOADO PARAFUSO,42849990,-12.76723,-38.3312233,220,Sem acessibilidade,2026-09-24 10:09:00,287397431323495944196647
UE2015 (Anterior),CAMAÇARI,171,266,1767566,CENTRO EDUCACIONAL MARQUÊS DE ABRANTES,RUA ALICE UZEDA S/N - ZONA URBANA ,VILA DE ABRANTES,42800000,-12.83107,-38.2625433,410,Com acessibilidade,2026-09-24 10:19:00,368105627831664060019150
UE2015 (Anterior),CAMAÇARI,171,267,1766178,COLÉGIO MUNICIPAL PROFESSORA LÍDIA COELHO PINTO,RUA GUILHERME MACHADO S/N - ZONA RURAL,POVOADO AREMBEPE,42800000,-12.7706197,-38.1761818,406,Sem acessibilidade,2026-09-24 10:28:00,277296646122597043895492
UE2015 (Anterior),CAMAÇARI,171,268,1764585,CENTRO EDUCACIONAL BARRA DO POJUCA,RUA ELISIO NETO S/N - ZONA RURAL,POVOADO BARRA DO POJUCA,42825000,-12.5892517,-38.0521423,407,Com acessibilidade,2026-09-24 10:38:00,519620997946925793432174
UE2015 (Anterior),CAMAÇARI,171,269,1764771,ESCOLA MUNICIPAL AMÉLIA RODRIGUES,RUA SAO BENTO S/N - ZONA RURAL,POVOADO MONTE GORDO,42801000,-12.654308,-38.1059551,405,Sem acessibilidade,2026-09-24 10:54:00,923761518787233545135249
UE2015 (Anterior),CAMAÇARI,171,271,1809600,ESCOLA MUNICIPAL FÉLIX JOAQUIM DE MORAES,RUA DO CANARIO S/N - ZONA URBANA,CAMAÇARI DE DENTRO,42800000,-12.698653,-38.3341655,327,Com acessibilidade,2026-09-24 11:03:00,580327364653485917754662
UE2015 (Anterior),CAMAÇARI,171,272,1838222,ESCOLA ESTADUAL JOSÉ DE FREITAS MASCARENHAS,"AVENIDA VEREADOR PEDRO RIBEIRO DE FREITAS, S/N - ZONA URBANA",GLEBA A,42800000,-12.6935183,-38.3333533,380,Com acessibilidade,2026-09-24 11:12:00,115680003506032122956352
UE2015 (Anterior),CAMAÇARI,171,275,1765038,CENTRO EDUCACIONAL TANCREDO NEVES,"RUA DO FLAMINGO, S/N - ZONA RURAL",POVOADO JAUÁ,42820000,-12.8228714,-38.2321625,394,Sem acessibilidade,2026-09-24 11:20:00,448913661839316811797471
UE2015 (Anterior),CAMAÇARI,171,276,1767190,CENTRO EDUCACIONAL TANCREDO NEVES,"RUA DO FLAMINGO, S/N - ZONA RURAL",POVOADO JAUÁ,42820000,-12.8228714,-38.2321625,396,Sem acessibilidade,2026-09-24 11:29:00,913660248486415861929693
UE2015 (Anterior),CAMAÇARI,171,278,1766799,CENTRO EDUCACIONAL MONTEIRO LOBATO,"RUA SAO BENTO, 377 - ZONA URBANA",CAMAÇARI DE DENTRO,42800000,-12.7045936,-38.3316651,265,Sem acessibilidade,2026-09-24 11:38:00,489317035543000965598280
UE2015 (Anterior),CAMAÇARI,171,283,1786315,ESCOLA MUNICIPAL DENISE TAVARES,RUA RADIAL C S/N - ZONA URBANA,GLEBA B,42809580,-12.6935044,-38.326866,370,Com acessibilidade,2026-09-24 11:48:00,610630683856222997804932
UE2015 (Anterior),CAMAÇARI,171,284,1808453,ESCOLA MUNICIPAL HELENA CELESTINO DE MAGALHÃES,"AVENIDA VEREADOR PEDRO RIBEIRO DE FREITAS, S/N - ZONA URBANA",GRAVATÁ,42800000,-12.6872529,-38.33427,331,Sem acessibilidade,2026-09-24 12:19:00,741943922169262691358285
UE2015 (Anterior),CAMAÇARI,171,288,1793410,CENTRO EDUCACIONAL MARQUÊS DE ABRANTES,RUA ALICE UZEDA S/N - ZONA URBANA ,VILA DE ABRANTES,42800000,-12.83107,-38.2625433,417,Com acessibilidade,2026-09-24 12:29:00,600529228355211541670356
UE2015 (Anterior),CAMAÇARI,171,289,1837282,ESCOLA MUNICIPAL AMÉLIA RODRIGUES,RUA SAO BENTO S/N - ZONA RURAL,POVOADO MONTE GORDO,42801000,-12.654308,-38.1059551,406,Sem acessibilidade,2026-09-24 12:38:00,529721253347155662113131
UE2015 (Anterior),CAMAÇARI,171,290,1813543,ESCOLA MUNICIPAL AMÉLIA RODRIGUES,RUA SAO BENTO S/N - ZONA RURAL,POVOADO MONTE GORDO,42801000,-12.654308,-38.1059551,406,Sem acessibilidade,2026-09-24 12:47:00,156084962410800385969340
UE2015 (Anterior),CAMAÇARI,171,293,1766912,CENTRO EDUCACIONAL MARQUÊS DE ABRANTES,RUA ALICE UZEDA S/N - ZONA URBANA ,VILA DE ABRANTES,42800000,-12.83107,-38.2625433,413,Com acessibilidade,2026-09-24 12:56:00,236892379318906936173752
UE2015 (Anterior),CAMAÇARI,171,294,1758152,ESCOLA MUNICIPAL HELENA CELESTINO DE MAGALHÃES,"AVENIDA VEREADOR PEDRO RIBEIRO DE FREITAS, S/N - ZONA URBANA",GRAVATÁ,42800000,-12.6872529,-38.33427,332,Com acessibilidade,2026-09-24 13:05:00,812650064676075787986303
UE2015 (Anterior),CAMAÇARI,171,297,1796352,ESCOLA MUNICIPAL ENGº RUY BACELAR,"RUA 28 DE SETEMBRO, 128 - ZONA URBANA",TRIÂNGULO,42800002,-12.695536,-38.3379918,401,Sem acessibilidade,2026-09-24 13:15:00,34872610898384534714899
UE2015 (Anterior),CAMAÇARI,171,299,1781862,ESCOLA MUNICIPAL DENISE TAVARES,RUA RADIAL C S/N - ZONA URBANA,GLEBA B,42809580,-12.6935044,-38.326866,369,Com acessibilidade,2026-09-24 13:25:00,448913243939882915132307
UE2015 (Anterior),CAMAÇARI,171,302,1764396,ESCOLA MUNICIPAL HELENA CELESTINO DE MAGALHÃES,"AVENIDA VEREADOR PEDRO RIBEIRO DE FREITAS, S/N - ZONA URBANA",GRAVATÁ,42800000,-12.6872529,-38.33427,329,Sem acessibilidade,2026-09-24 13:43:00,509519998445989015431871
UE2015 (Anterior),CAMAÇARI,171,304,1765265,CENTRO EDUCACIONAL MARQUÊS DE ABRANTES,RUA ALICE UZEDA S/N - ZONA URBANA ,VILA DE ABRANTES,42800000,-12.83107,-38.2625433,413,Com acessibilidade,2026-09-24 13:52:00,711640426566215468905862
UE2015 (Anterior),CAMAÇARI,171,305,1767173,CENTRO EDUCACIONAL MARQUÊS DE ABRANTES,RUA ALICE UZEDA S/N - ZONA URBANA ,VILA DE ABRANTES,42800000,-12.83107,-38.2625433,417,Com acessibilidade,2026-09-24 14:04:00,570226395552876762916689
UE2015 (Anterior),CAMAÇARI,171,306,1757461,ESCOLA MUNICIPAL AMÉLIA RODRIGUES,RUA SAO BENTO S/N - ZONA RURAL,POVOADO MONTE GORDO,42801000,-12.654308,-38.1059551,407,Sem acessibilidade,2026-09-24 14:11:00,317600241026491708861157
UE2015 (Anterior),CAMAÇARI,171,310,1837313,CENTRO EDUCACIONAL BARRA DO POJUCA,RUA ELISIO NETO S/N - ZONA RURAL,POVOADO BARRA DO POJUCA,42825000,-12.5892517,-38.0521423,406,Com acessibilidade,2026-09-24 14:34:00,34872372398606368638692
UE2015 (Anterior),CAMAÇARI,171,311,1766428,ESCOLA MUNICIPAL THOMAZ CAMILO,RUA DA MANGUEIRA S/N - ZONA RURAL,POVOADO AREIAS,42800000,-12.8077783,-38.2336417,382,Sem acessibilidade,2026-09-24 14:43:00,550024005550149031623129
UE2015 (Anterior),CAMAÇARI,171,312,1805634,ESCOLA MUNICIPAL FÉLIX JOAQUIM DE MORAES,RUA DO CANARIO S/N - ZONA URBANA,CAMAÇARI DE DENTRO,42800000,-12.698653,-38.3341655,329,Com acessibilidade,2026-09-24 09:20:00,166185723706849867103732
UE2015 (Anterior),CAMAÇARI,171,313,1765795,ESCOLA MUNICIPAL HELENA CELESTINO DE MAGALHÃES,"AVENIDA VEREADOR PEDRO RIBEIRO DE FREITAS, S/N - ZONA URBANA",GRAVATÁ,42800000,-12.6872529,-38.33427,329,Com acessibilidade,2026-09-24 09:33:00,176286847907154457213271
UE2015 (Anterior),CAMAÇARI,171,314,1767016,ESCOLA MUNICIPAL AMÉLIA RODRIGUES,RUA SAO BENTO S/N - ZONA RURAL,POVOADO MONTE GORDO,42801000,-12.654308,-38.1059551,406,Sem acessibilidade,2026-09-24 09:43:00,519620290341584154188539
UE2015 (Anterior),CAMAÇARI,171,315,1766339,ESCOLA MUNICIPAL FÉLIX JOAQUIM DE MORAES,RUA DO CANARIO S/N - ZONA URBANA,CAMAÇARI DE DENTRO,42800000,-12.698653,-38.3341655,328,Com acessibilidade,2026-09-24 09:53:00,176286063007337141280202
UE2015 (Anterior),CAMAÇARI,171,316,1757229,CENTRO EDUCACIONAL MONTEIRO LOBATO,"RUA SAO BENTO, 377 - ZONA URBANA",CAMAÇARI DE DENTRO,42800000,-12.7045936,-38.3316651,264,Sem acessibilidade,2026-09-24 10:02:00,711640716461438638567087
UE2015 (Anterior),CAMAÇARI,171,317,1765911,ESCOLA ESTADUAL JOSÉ DE FREITAS MASCARENHAS,"AVENIDA VEREADOR PEDRO RIBEIRO DE FREITAS, S/N - ZONA URBANA",GLEBA A,42800000,-12.6935183,-38.3333533,376,Com acessibilidade,2026-09-24 10:12:00,943963054684754629267247
UE2015 (Anterior),CAMAÇARI,171,318,1839926,CENTRO EDUCACIONAL REITOR EDGAR SANTOS,RUA JOAO ARAUJO S/N - ZONA URBANA,GLEBA A,42707290,-12.692875,-38.3357467,358,Com acessibilidade,2026-09-24 10:21:00,913660130981745432044475
UE2015 (Anterior),CAMAÇARI,171,319,1816339,CENTRO EDUCACIONAL MARQUÊS DE ABRANTES,RUA ALICE UZEDA S/N - ZONA URBANA ,VILA DE ABRANTES,42800000,-12.83107,-38.2625433,414,Com acessibilidade,2026-09-24 10:30:00,388307710328239313955584
UE2015 (Anterior),CAMAÇARI,171,320,1767719,COLÉGIO MUNICIPAL PROFESSORA LÍDIA COELHO PINTO,RUA GUILHERME MACHADO S/N - ZONA RURAL,POVOADO AREMBEPE,42800000,-12.7706197,-38.1761818,417,Com acessibilidade,2026-09-24 10:40:00,236892645113175198598779
UE2015 (Anterior),CAMAÇARI,171,321,1767218,COLÉGIO MUNICIPAL PROFESSORA LÍDIA COELHO PINTO,RUA GUILHERME MACHADO S/N - ZONA RURAL,POVOADO AREMBEPE,42800000,-12.7706197,-38.1761818,410,Sem acessibilidade,2026-09-24 10:49:00,590428114349164541883711
UE2015 (Anterior),CAMAÇARI,171,322,1757134,ESCOLA MUNICIPAL CLEUSA MARIA DE CARVALHO MOREIRA,R. SÃO BENTO,CAMAÇARI DE DENTRO,42806085,-12.703958,-38.3318409,405,Com acessibilidade,2026-09-24 10:58:00,337802968523922852659570
UE2015 (Anterior),CAMAÇARI,171,323,1765525,ESCOLA MUNICIPAL MACLINA MARIA DA GLÓRIA,"RUA DAS ÁRVORES, S/N, - ZONA URBANA",VILA DE ABRANTES,42800005,-12.8276933,-38.2556817,408,Com acessibilidade,2026-09-24 11:07:00,549923282544728577710216
UE2015 (Anterior),CAMAÇARI,171,324,1768830,ESCOLA MUNICIPAL DENISE TAVARES,RUA RADIAL C S/N - ZONA URBANA,GLEBA B,42809580,-12.6935044,-38.326866,372,Com acessibilidade,2026-09-24 11:16:00,782347636368983528075571
UE2015 (Anterior),CAMAÇARI,171,325,1761272,ESCOLA MUNICIPAL DO GRAVATÁ (CSTC),"AVENIDA VEREADOR PEDRO RIBEIRO DE FREITAS, S/N - ZONA URBANA",GRAVATÁ,42800000,-12.6871488,-38.3353248,160,Com acessibilidade,2026-09-24 11:26:00,560125529846855040056804
UE2015 (Anterior),CAMAÇARI,171,326,1767018,ESCOLA MUNICIPAL MACLINA MARIA DA GLÓRIA,"RUA DAS ÁRVORES, S/N, - ZONA URBANA",VILA DE ABRANTES,42800005,-12.8276933,-38.2556817,406,Sem acessibilidade,2026-09-24 11:35:00,297498369919606643486396
UE2015 (Anterior),CAMAÇARI,171,327,1766065,ESCOLA MUNICIPAL MACLINA MARIA DA GLÓRIA,"RUA DAS ÁRVORES, S/N, - ZONA URBANA",VILA DE ABRANTES,42800005,-12.8276933,-38.2556817,408,Com acessibilidade,2026-09-24 11:46:00,590428774849063089595592
UE2015 (Anterior),CAMAÇARI,171,328,1764539,CENTRO EDUCACIONAL TANCREDO NEVES,"RUA DO FLAMINGO, S/N - ZONA RURAL",POVOADO JAUÁ,42820000,-12.8228714,-38.2321625,397,Com acessibilidade,2026-09-24 12:04:00,317600604021398759387828
UE2015 (Anterior),CAMAÇARI,171,329,1764788,CENTRO EDUCACIONAL BARRA DO POJUCA,RUA ELISIO NETO S/N - ZONA RURAL,POVOADO BARRA DO POJUCA,42825000,-12.5892517,-38.0521423,406,Com acessibilidade,2026-09-24 12:14:00,327701720122497974673505
UE2015 (Anterior),CAMAÇARI,171,330,1839875,ESCOLA MUNICIPAL CONCEIÇÃO DE MARIA,"RUA MARECHAL FLORIANO PEIXOTO, LARGO DOIS DE JULHO S/N - ZONA RURAL",POVOADO PARAFUSO,42849990,-12.76723,-38.3312233,220,Sem acessibilidade,2026-09-24 12:26:00,287397768518680373840786
UE2015 (Anterior),CAMAÇARI,171,331,1752893,ESCOLA MUNICIPAL MACLINA MARIA DA GLÓRIA,"RUA DAS ÁRVORES, S/N, - ZONA URBANA",VILA DE ABRANTES,42800005,-12.8276933,-38.2556817,409,Sem acessibilidade,2026-09-24 12:38:00,135882722603764443297021
UE2015 (Anterior),CAMAÇARI,171,332,1810841,CENTRO EDUCACIONAL BARRA DO POJUCA,RUA ELISIO NETO S/N - ZONA RURAL,POVOADO BARRA DO POJUCA,42825000,-12.5892517,-38.0521423,410,Com acessibilidade,2026-09-24 12:48:00,85377789398806551224638
UE2015 (Anterior),CAMAÇARI,171,333,1759533,ESCOLA MUNICIPAL MACLINA MARIA DA GLÓRIA,"RUA DAS ÁRVORES, S/N, - ZONA URBANA",VILA DE ABRANTES,42800005,-12.8276933,-38.2556817,407,Com acessibilidade,2026-09-24 12:59:00,711640526061599489186420
UE2015 (Anterior),CAMAÇARI,171,334,1841998,ESCOLA MUNICIPAL GILTÔNIA PEREIRA DE SOUZA,RUA PARATI S/N - ZONA RURAL,POVOADO AREMBEPE,42835000,-12.7679267,-38.1835133,419,Com acessibilidade,2026-09-24 13:11:00,135882056503209548009607
UE2015 (Anterior),CAMAÇARI,171,335,1763924,COLÉGIO ESTADUAL DE VILA DE ABRANTES,"AVENIDA TIRADENTES, S/N - ZONA URBANA",VILA DE ABRANTES,42820000,-12.8299783,-38.262465,407,Com acessibilidade,2026-09-24 13:21:00,539822562543690598815127
UE2015 (Anterior),CAMAÇARI,171,336,1775432,ESCOLA NEUZA MENEZES BARRETO,AVENIDA RADIAL C S/N - ZONA URBANA,PARQUE SATÉLITE,42800000,-12.6871095,-38.3256251,289,Com acessibilidade,2026-09-24 13:30:00,125781267102303330466560
UE2015 (Anterior),CAMAÇARI,171,337,1764351,ESCOLA MUNICIPAL CLEUSA MARIA DE CARVALHO MOREIRA,R. SÃO BENTO,CAMAÇARI DE DENTRO,42806085,-12.703958,-38.3318409,400,Com acessibilidade,2026-09-24 13:46:00,95478345499789981839717
UE2015 (Anterior),CAMAÇARI,171,338,1774607,ESCOLA MUNICIPAL EUSTÁQUIO ALVES SANTANA,RUA ALTO DA BELA VISTA S/N - ZONA RURAL,POVOADO PARAFUSO,42800000,-12.7654288,-38.3260993,403,Com acessibilidade,2026-09-24 13:55:00,671236034357384784108707
UE2015 (Anterior),CAMAÇARI,171,339,1805694,ESCOLA MUNICIPAL CONCEIÇÃO DE MARIA,"RUA MARECHAL FLORIANO PEIXOTO, LARGO DOIS DE JULHO S/N - ZONA RURAL",POVOADO PARAFUSO,42849990,-12.76723,-38.3312233,220,Com acessibilidade,2026-09-24 14:05:00,418610882831782223315183
UE2015 (Anterior),CAMAÇARI,171,340,1770472,COLÉGIO ESTADUAL DE VILA DE ABRANTES,"AVENIDA TIRADENTES, S/N - ZONA URBANA",VILA DE ABRANTES,42820000,-12.8299783,-38.262465,404,Com acessibilidade,2026-09-24 14:13:00,630832182153951778100411
UE2015 (Anterior),CAMAÇARI,171,342,1773868,COLÉGIO ESTADUAL DE VILA DE ABRANTES,"AVENIDA TIRADENTES, S/N - ZONA URBANA",VILA DE ABRANTES,42820000,-12.8299783,-38.262465,400,Sem acessibilidade,2026-09-24 14:22:00,681337452458027614028738
UE2015 (Anterior),CAMAÇARI,171,343,1760744,ESCOLA MUNICIPAL EUSTÁQUIO ALVES SANTANA,RUA ALTO DA BELA VISTA S/N - ZONA RURAL,POVOADO PARAFUSO,42800000,-12.7654288,-38.3260993,408,Com acessibilidade,2026-09-24 14:20:00,14670895487210737908459
UE2015 (Anterior),CAMAÇARI,171,344,1778796,ESCOLA MUNICIPAL FÉLIX JOAQUIM DE MORAES,RUA DO CANARIO S/N - ZONA URBANA,CAMAÇARI DE DENTRO,42800000,-12.698653,-38.3341655,329,Com acessibilidade,2026-09-24 14:35:00,873256869673516353602422
UE2015 (Anterior),CAMAÇARI,171,345,1836760,ESCOLA MUNICIPAL RURAL BOA UNIÃO,CONDOMINIO COLONIA BOA UNIAO - ZONA RURAL,POVOADO CATU DE ABRANTES,42800000,-12.8475817,-38.2876367,416,Com acessibilidade,2026-09-24 14:48:00,44973147190982132894160
UE2015 (Anterior),CAMAÇARI,171,346,1765498,ESCOLA MUNICIPAL CLEUSA MARIA DE CARVALHO MOREIRA,R. SÃO BENTO,CAMAÇARI DE DENTRO,42806085,-12.703958,-38.3318409,397,Com acessibilidade,2026-09-24 14:58:00,156084368301180255627358
UE2015 (Anterior),CAMAÇARI,171,347,1780085,CENTRO EDUCACIONAL DARCY RIBEIRO,"RUA DAS FLORES, S/N - ZONA URBANA",POVOADO BARRA DE JACUÍPE,42833000,-12.7012549,-38.1340608,407,Sem acessibilidade,2026-09-24 15:07:00,792448115865419211900097
UE2015 (Anterior),CAMAÇARI,171,348,1754151,ESCOLA NEUZA MENEZES BARRETO,AVENIDA RADIAL C S/N - ZONA URBANA,PARQUE SATÉLITE,42800000,-12.6871095,-38.3256251,290,Com acessibilidade,2026-09-24 15:17:00,974266401783681234367434
UE2015 (Anterior),CAMAÇARI,171,349,1766986,ESCOLA MUNICIPAL SANTO ANTÔNIO DO JORDÃO,RUA SANTO ANTONIO S/N - ZONA RURAL,POVOADO JORDÃO,42800000,-12.5925467,-38.1301033,392,Com acessibilidade,2026-09-24 15:22:00,943963487780395514901161
UE2015 (Anterior),CAMAÇARI,171,350,1764386,CENTRO EDUCACIONAL REITOR EDGAR SANTOS,RUA JOAO ARAUJO S/N - ZONA URBANA,GLEBA A,42707290,-12.692875,-38.3357467,356,Sem acessibilidade,2026-09-24 15:37:00,913660531477801407949522
UE2015 (Anterior),CAMAÇARI,171,351,1796273,ESCOLA MUNICIPAL DO GRAVATÁ (CSTC),"AVENIDA VEREADOR PEDRO RIBEIRO DE FREITAS, S/N - ZONA URBANA",GRAVATÁ,42800000,-12.6871488,-38.3353248,159,Com acessibilidade,2026-10-03 09:23:00,691438429808358552898085
UE2015 (Anterior),CAMAÇARI,171,352,1759042,ESCOLA MUNICIPAL FÉLIX JOAQUIM DE MORAES,RUA DO CANARIO S/N - ZONA URBANA,CAMAÇARI DE DENTRO,42800000,-12.698653,-38.3341655,329,Com acessibilidade,2026-09-24 15:55:00,550024391141484721894999
UE2015 (Anterior),CAMAÇARI,171,353,1774702,ESCOLA MUNICIPAL GILTÔNIA PEREIRA DE SOUZA,RUA PARATI S/N - ZONA RURAL,POVOADO AREMBEPE,42835000,-12.7679267,-38.1835133,412,Com acessibilidade,2026-09-24 16:07:00,913660862977642809355294
UE2015 (Anterior),CAMAÇARI,171,354,1796261,COLÉGIO ESTADUAL DE VILA DE ABRANTES,"AVENIDA TIRADENTES, S/N - ZONA URBANA",VILA DE ABRANTES,42820000,-12.8299783,-38.262465,408,Com acessibilidade,2026-09-24 16:15:00,236892292309912256806156
UE2015 (Anterior),CAMAÇARI,171,355,1824597,COLÉGIO ESTADUAL DE VILA DE ABRANTES,"AVENIDA TIRADENTES, S/N - ZONA URBANA",VILA DE ABRANTES,42820000,-12.8299783,-38.262465,404,Com acessibilidade,2026-09-24 16:25:00,954064121581721352535810
UE2015 (Anterior),CAMAÇARI,171,356,1793292,COLÉGIO ESTADUAL DE VILA DE ABRANTES,"AVENIDA TIRADENTES, S/N - ZONA URBANA",VILA DE ABRANTES,42820000,-12.8299783,-38.262465,404,Com acessibilidade,2026-09-24 16:35:00,529721806738386737915644
UE2015 (Anterior),CAMAÇARI,171,357,1765578,ESCOLA MUNICIPAL FÉLIX JOAQUIM DE MORAES,RUA DO CANARIO S/N - ZONA URBANA,CAMAÇARI DE DENTRO,42800000,-12.698653,-38.3341655,330,Com acessibilidade,2026-09-24 16:45:00,75276466093022970142667
UE2015 (Anterior),CAMAÇARI,171,358,1760700,ESCOLA MUNICIPAL GILTÔNIA PEREIRA DE SOUZA,RUA PARATI S/N - ZONA RURAL,POVOADO AREMBEPE,42835000,-12.7679267,-38.1835133,413,Com acessibilidade,2026-09-24 16:55:00,762145264962800562266320
UE2015 (Anterior),CAMAÇARI,171,359,1767083,CENTRO EDUCACIONAL DARCY RIBEIRO,"RUA DAS FLORES, S/N - ZONA URBANA",POVOADO BARRA DE JACUÍPE,42833000,-12.7012549,-38.1340608,406,Sem acessibilidade,2026-09-24 17:05:00,267195872812966154438306
UE2015 (Anterior),CAMAÇARI,171,361,1777107,ESCOLA NEUZA MENEZES BARRETO,AVENIDA RADIAL C S/N - ZONA URBANA,PARQUE SATÉLITE,42800000,-12.6871095,-38.3256251,287,Com acessibilidade,2026-09-24 17:15:00,762145564462558097622170
UE2015 (Anterior),CAMAÇARI,171,362,1839822,CENTRO EDUCACIONAL REITOR EDGAR SANTOS,RUA JOAO ARAUJO S/N - ZONA URBANA,GLEBA A,42707290,-12.692875,-38.3357467,356,Com acessibilidade,2026-09-24 17:25:00,176286089203055002954554
UE2015 (Anterior),CAMAÇARI,171,363,1760519,ESCOLA MUNICIPAL CLEUSA MARIA DE CARVALHO MOREIRA,R. SÃO BENTO,CAMAÇARI DE DENTRO,42806085,-12.703958,-38.3318409,404,Com acessibilidade,2026-09-24 17:45:00,135882156499195834514211
UE2015 (Anterior),CAMAÇARI,171,364,1838097,COLÉGIO ESTADUAL DE VILA DE ABRANTES,"AVENIDA TIRADENTES, S/N - ZONA URBANA",VILA DE ABRANTES,42820000,-12.8299783,-38.262465,408,Com acessibilidade,2026-09-24 17:50:00,277296405913070862860725
UE2015 (Anterior),CAMAÇARI,171,365,1766908,ESCOLA ESTADUAL JOSÉ DE FREITAS MASCARENHAS,"AVENIDA VEREADOR PEDRO RIBEIRO DE FREITAS, S/N - ZONA URBANA",GLEBA A,42800000,-12.6935183,-38.3333533,377,Com acessibilidade,2026-09-24 18:00:00,549923786740006131129212
UE2015 (Anterior),CAMAÇARI,171,366,1763276,ESCOLA MUNICIPAL CLEUSA MARIA DE CARVALHO MOREIRA,R. SÃO BENTO,CAMAÇARI DE DENTRO,42806085,-12.703958,-38.3318409,400,Com acessibilidade,2026-09-24 18:10:00,459014804131001002646442
UE2015 (Anterior),CAMAÇARI,171,367,1765357,ESCOLA MUNICIPAL DO GRAVATÁ (CSTC),"AVENIDA VEREADOR PEDRO RIBEIRO DE FREITAS, S/N - ZONA URBANA",GRAVATÁ,42800000,-12.6871488,-38.3353248,160,Com acessibilidade,2026-09-24 18:20:00,388307844624022842593255
UE2015 (Anterior),CAMAÇARI,171,368,1771012,ESCOLA MUNICIPAL FÉLIX JOAQUIM DE MORAES,RUA DO CANARIO S/N - ZONA URBANA,CAMAÇARI DE DENTRO,42800000,-12.698653,-38.3341655,330,Com acessibilidade,2026-09-24 18:27:00,711640284457847808596261
UE2015 (Anterior),CAMAÇARI,171,369,1837869,CENTRO EDUCACIONAL TANCREDO NEVES,"RUA DO FLAMINGO, S/N - ZONA RURAL",POVOADO JAUÁ,42820000,-12.8228714,-38.2321625,394,Sem acessibilidade,2026-09-24 18:35:00,317600999517396990269358
UE2015 (Anterior),CAMAÇARI,171,371,1769323,ESCOLA MUNICIPAL CLEUSA MARIA DE CARVALHO MOREIRA,R. SÃO BENTO,CAMAÇARI DE DENTRO,42806085,-12.703958,-38.3318409,394,Com acessibilidade,2026-09-24 18:45:00,489317352334657448231366
UE2015 (Anterior),CAMAÇARI,171,372,1795651,COLÉGIO ESTADUAL DE VILA DE ABRANTES,"AVENIDA TIRADENTES, S/N - ZONA URBANA",VILA DE ABRANTES,42820000,-12.8299783,-38.262465,399,Com acessibilidade,2026-09-24 18:57:00,459014435331858707078552
UE2015 (Anterior),CAMAÇARI,171,373,1766045,ESCOLA NEUZA MENEZES BARRETO,AVENIDA RADIAL C S/N - ZONA URBANA,PARQUE SATÉLITE,42800000,-12.6871095,-38.3256251,289,Com acessibilidade,2026-09-24 19:05:00,448913531130366404955307
UE2015 (Anterior),CAMAÇARI,171,374,1795596,ESCOLA NEUZA MENEZES BARRETO,AVENIDA RADIAL C S/N - ZONA URBANA,PARQUE SATÉLITE,42800000,-12.6871095,-38.3256251,290,Com acessibilidade,2026-09-24 19:15:00,236892431309244594544683
UE2015 (Anterior),CAMAÇARI,171,375,1840077,CENTRO EDUCACIONAL REITOR EDGAR SANTOS,RUA JOAO ARAUJO S/N - ZONA URBANA,GLEBA A,42707290,-12.692875,-38.3357467,358,Com acessibilidade,2026-09-24 15:05:00,428711739148906057126633
UE2015 (Anterior),CAMAÇARI,171,376,1845155,ESCOLA ESTADUAL JOSÉ DE FREITAS MASCARENHAS,"AVENIDA VEREADOR PEDRO RIBEIRO DE FREITAS, S/N - ZONA URBANA",GLEBA A,42800000,-12.6935183,-38.3333533,378,Com acessibilidade,2026-09-24 15:24:00,792448214085385696321656
UE2015 (Anterior),CAMAÇARI,171,377,1758757,ESCOLA MUNICIPAL FÉLIX JOAQUIM DE MORAES,RUA DO CANARIO S/N - ZONA URBANA,CAMAÇARI DE DENTRO,42800000,-12.698653,-38.3341655,329,Com acessibilidade,2026-09-24 17:16:00,549923070660405651380110
UE2015 (Anterior),CAMAÇARI,171,378,1766703,ESCOLA MUNICIPAL DO GRAVATÁ (CSTC),"AVENIDA VEREADOR PEDRO RIBEIRO DE FREITAS, S/N - ZONA URBANA",GRAVATÁ,42800000,-12.6871488,-38.3353248,158,Com acessibilidade,2026-09-24 15:49:00,883357524294005621105397
UE2015 (Anterior),CAMAÇARI,171,379,1796074,COLÉGIO ESTADUAL DE VILA DE ABRANTES,"AVENIDA TIRADENTES, S/N - ZONA URBANA",VILA DE ABRANTES,42820000,-12.8299783,-38.262465,405,Com acessibilidade,2026-09-24 16:04:00,610630368567134618859359
UE2015 (Anterior),CAMAÇARI,171,380,1841022,ESCOLA ESTADUAL JOSÉ DE FREITAS MASCARENHAS,"AVENIDA VEREADOR PEDRO RIBEIRO DE FREITAS, S/N - ZONA URBANA",GLEBA A,42800000,-12.6935183,-38.3333533,377,Com acessibilidade,2026-09-24 16:22:00,762145593482322620996370
UE2015 (Anterior),CAMAÇARI,171,381,1756552,ESCOLA MUNICIPAL CLEUSA MARIA DE CARVALHO MOREIRA,R. SÃO BENTO,CAMAÇARI DE DENTRO,42806085,-12.703958,-38.3318409,394,Com acessibilidade,2026-09-24 16:33:00,984367927304705136707018
UE2015 (Anterior),CAMAÇARI,171,382,1789809,ESCOLA MUNICIPAL GILTÔNIA PEREIRA DE SOUZA,RUA PARATI S/N - ZONA RURAL,POVOADO AREMBEPE,42835000,-12.7679267,-38.1835133,412,Com acessibilidade,2026-09-24 16:47:00,44973096810132408546787
UE2015 (Anterior),CAMAÇARI,171,383,1836456,COLÉGIO ESTADUAL DE VILA DE ABRANTES,"AVENIDA TIRADENTES, S/N - ZONA URBANA",VILA DE ABRANTES,42820000,-12.8299783,-38.262465,405,Com acessibilidade,2026-09-24 17:06:00,863155027592637955717745
UE2015 (Anterior),CAMAÇARI,171,385,1780830,ESCOLA NEUZA MENEZES BARRETO,AVENIDA RADIAL C S/N - ZONA URBANA,PARQUE SATÉLITE,42800000,-12.6871095,-38.3256251,291,Com acessibilidade,2026-09-24 17:35:00,590428979465560097102914
UE2015 (Anterior),CAMAÇARI,171,386,1799716,CENTRO EDUCACIONAL MONTEIRO LOBATO,"RUA SAO BENTO, 377 - ZONA URBANA",CAMAÇARI DE DENTRO,42800000,-12.7045936,-38.3316651,266,Com acessibilidade,2026-09-24 17:45:00,438812929549490973870529
UE2015 (Anterior),CAMAÇARI,171,387,1830990,CENTRO EDUCACIONAL BARRA DO POJUCA,RUA ELISIO NETO S/N - ZONA RURAL,POVOADO BARRA DO POJUCA,42825000,-12.5892517,-38.0521423,404,Com acessibilidade,2026-09-24 17:57:00,812650414187105485968627
UE2015 (Anterior),CAMAÇARI,171,388,1839754,ESCOLA MUNICIPAL GILTÔNIA PEREIRA DE SOUZA,RUA PARATI S/N - ZONA RURAL,POVOADO AREMBEPE,42835000,-12.7679267,-38.1835133,414,Com acessibilidade,2026-09-24 18:08:00,388307095744401115947719
UE2015 (Anterior),CAMAÇARI,171,389,1773288,CENTRO EDUCACIONAL BARRA DO POJUCA,RUA ELISIO NETO S/N - ZONA RURAL,POVOADO BARRA DO POJUCA,42825000,-12.5892517,-38.0521423,408,Com acessibilidade,2026-09-24 18:18:00,246993066030356036157428
UE2015 (Anterior),CAMAÇARI,171,390,1776282,ESCOLA MUNICIPAL ALBERTO FERREIRA BRANDÃO,"RUA FLOR DO CAMPO, S/N - ZONA URBANA",GLEBA H,42800000,-12.7120558,-38.344567,417,Com acessibilidade,2026-09-24 18:27:00,560125466562695271646635
UE2015 (Anterior),CAMAÇARI,171,391,1838177,CENTRO EDUCACIONAL DARCY RIBEIRO,"RUA DAS FLORES, S/N - ZONA URBANA",POVOADO BARRA DE JACUÍPE,42833000,-12.7012549,-38.1340608,400,Com acessibilidade,2026-09-24 18:41:00,448913456150339527011746
UE2015 (Anterior),CAMAÇARI,171,392,1766878,ESCOLA MUNICIPAL GILTÔNIA PEREIRA DE SOUZA,RUA PARATI S/N - ZONA RURAL,POVOADO AREMBEPE,42835000,-12.7679267,-38.1835133,413,Com acessibilidade,2026-09-24 18:52:00,459014572851502520842066
UE2015 (Anterior),CAMAÇARI,171,393,1834706,ESCOLA MUNICIPAL CLEUSA MARIA DE CARVALHO MOREIRA,R. SÃO BENTO,CAMAÇARI DE DENTRO,42806085,-12.703958,-38.3318409,402,Com acessibilidade,2026-09-24 19:03:00,307599536736087495537089
UE2015 (Anterior),CAMAÇARI,171,394,1760004,CENTRO EDUCACIONAL BARRA DO POJUCA,RUA ELISIO NETO S/N - ZONA RURAL,POVOADO BARRA DO POJUCA,42825000,-12.5892517,-38.0521423,402,Com acessibilidade,2026-09-24 19:15:00,55074396511066962804461
UE2015 (Anterior),CAMAÇARI,171,395,1764562,COLÉGIO ESTADUAL DE MONTE GORDO,"ESTRADA VELHA DE MONTE GORDO, S/N - ZONA URBANA",POVOADO MONTE GORDO,42800000,-12.6604483,-38.1077833,418,Sem acessibilidade,2026-09-24 19:25:00,347903791340444877804373
UE2015 (Anterior),CAMAÇARI,171,396,1765110,ESCOLA MUNICIPAL EUSTÁQUIO ALVES SANTANA,RUA ALTO DA BELA VISTA S/N - ZONA RURAL,POVOADO PARAFUSO,42800000,-12.7654288,-38.3260993,406,Com acessibilidade,2026-09-24 19:34:00,762145326382882962830118
UE2015 (Anterior),CAMAÇARI,171,397,1768765,ESCOLA MUNICIPAL ALBERTO FERREIRA BRANDÃO,"RUA FLOR DO CAMPO, S/N - ZONA URBANA",GLEBA H,42800000,-12.7120558,-38.344567,412,Com acessibilidade,2026-09-24 19:43:00,974266645303114399332577
UE2015 (Anterior),CAMAÇARI,171,398,1795464,CENTRO EDUCACIONAL BARRA DO POJUCA,RUA ELISIO NETO S/N - ZONA RURAL,POVOADO BARRA DO POJUCA,42825000,-12.5892517,-38.0521423,403,Com acessibilidade,2026-09-24 19:52:00,378206156943533081513516
UE2015 (Anterior),CAMAÇARI,171,399,1766510,CENTRO EDUCACIONAL DARCY RIBEIRO,"RUA DAS FLORES, S/N - ZONA URBANA",POVOADO BARRA DE JACUÍPE,42833000,-12.7012549,-38.1340608,407,Com acessibilidade,2026-09-24 20:02:00,378206266143166308467582
UE2015 (Anterior),CAMAÇARI,171,400,1756904,COLÉGIO MUNICIPAL PROFESSORA LÍDIA COELHO PINTO,RUA GUILHERME MACHADO S/N - ZONA RURAL,POVOADO AREMBEPE,42800000,-12.7706197,-38.1761818,415,Com acessibilidade,2026-09-24 19:40:00,832852194922766084594180
UE2015 (Anterior),CAMAÇARI,171,401,1763915,ESCOLA MUNICIPAL THOMAZ CAMILO,RUA DA MANGUEIRA S/N - ZONA RURAL,POVOADO AREIAS,42800000,-12.8077783,-38.2336417,385,Com acessibilidade,2026-09-24 20:00:00,398408860978044518837479
UE2015 (Anterior),CAMAÇARI,171,402,1767212,COLÉGIO ESTADUAL DE MONTE GORDO,"ESTRADA VELHA DE MONTE GORDO, S/N - ZONA URBANA",POVOADO MONTE GORDO,42800000,-12.6604483,-38.1077833,417,Sem acessibilidade,2026-09-24 20:10:00,671236259706415139002615
UE2015 (Anterior),CAMAÇARI,171,403,1808034,ESCOLA MUNICIPAL GILTÔNIA PEREIRA DE SOUZA,RUA PARATI S/N - ZONA RURAL,POVOADO AREMBEPE,42835000,-12.7679267,-38.1835133,412,Com acessibilidade,2026-09-24 20:18:00,55074741111355884823521
UE2015 (Anterior),CAMAÇARI,171,404,1768156,CENTRO EDUCACIONAL MARCUS IVO BONNA,"EST DO COCO, KM 8, CD CONDOMÍNIO BUSCA VIDA, LT 27 - ZONA RURAL",POVOADO CATU DE ABRANTES,42840000,-12.8688803,-38.2665917,401,Sem acessibilidade,2026-09-24 20:24:00,307599104269417044752617
UE2015 (Anterior),CAMAÇARI,171,405,1766269,ESCOLA MUNICIPAL JOANA ANGELICA,"RUA IRECÊ, S/N - ZONA URBANA",MANGUEIRAL,42800000,-12.6870068,-38.3314859,393,Sem acessibilidade,2026-09-24 20:29:00,448913358350901533085965
UE2015 (Anterior),CAMAÇARI,171,406,1807739,ESCOLA MUNICIPAL ALBERTO FERREIRA BRANDÃO,"RUA FLOR DO CAMPO, S/N - ZONA URBANA",GLEBA H,42800000,-12.7120558,-38.344567,415,Com acessibilidade,2026-09-24 14:58:00,842953867559873332403774
UE2015 (Anterior),CAMAÇARI,171,407,1767536,ESCOLA ESTADUAL JOSÉ DE FREITAS MASCARENHAS,"AVENIDA VEREADOR PEDRO RIBEIRO DE FREITAS, S/N - ZONA URBANA",GLEBA A,42800000,-12.6935183,-38.3333533,373,Com acessibilidade,2026-09-24 15:08:00,802549938955493695613901
UE2015 (Anterior),CAMAÇARI,171,408,1770965,ESCOLA ESTADUAL JOSÉ DE FREITAS MASCARENHAS,"AVENIDA VEREADOR PEDRO RIBEIRO DE FREITAS, S/N - ZONA URBANA",GLEBA A,42800000,-12.6935183,-38.3333533,377,Com acessibilidade,2026-09-24 15:17:00,681337927743392424920430
UE2015 (Anterior),CAMAÇARI,171,409,1754593,INTERNAÇÃO - CASE - IRMÃ DULCE,"RODOVIA BA 512, KM 12, FAZENDA SÃO JOÃO, SN - ZONA URBANA",SANTO ANTÔNIO,42800000,-12.6879267,-38.3568033,0,Com acessibilidade,2026-09-24 15:28:00,388307734813258540993848
UE2015 (Anterior),CAMAÇARI,171,410,1777673,ESCOLA MUNICIPAL ALBERTO FERREIRA BRANDÃO,"RUA FLOR DO CAMPO, S/N - ZONA URBANA",GLEBA H,42800000,-12.7120558,-38.344567,413,Com acessibilidade,2026-09-24 15:38:00,933862363768890300869254
UE2015 (Anterior),CAMAÇARI,171,411,1756894,CENTRO EDUCACIONAL DARCY RIBEIRO,"RUA DAS FLORES, S/N - ZONA URBANA",POVOADO BARRA DE JACUÍPE,42833000,-12.7012549,-38.1340608,401,Sem acessibilidade,2026-09-24 15:48:00,974266515572027812387526
UE2015 (Anterior),CAMAÇARI,171,412,1750499,ESCOLA MUNICIPAL ALBERTO FERREIRA BRANDÃO,"RUA FLOR DO CAMPO, S/N - ZONA URBANA",GLEBA H,42800000,-12.7120558,-38.344567,414,Com acessibilidade,2026-09-24 15:58:00,55074702680196162712285
UE2015 (Anterior),CAMAÇARI,171,413,1767476,COLÉGIO ESTADUAL DE MONTE GORDO,"ESTRADA VELHA DE MONTE GORDO, S/N - ZONA URBANA",POVOADO MONTE GORDO,42800000,-12.6604483,-38.1077833,417,Sem acessibilidade,2026-09-24 16:08:00,832852592958634245992803
UE2015 (Anterior),CAMAÇARI,171,414,1826254,CENTRO EDUCACIONAL BARRA DO POJUCA,RUA ELISIO NETO S/N - ZONA RURAL,POVOADO BARRA DO POJUCA,42825000,-12.5892517,-38.0521423,398,Com acessibilidade,2026-09-24 16:18:00,186387056493074026869908
UE2015 (Anterior),CAMAÇARI,171,415,1771588,ESCOLA MUNICIPAL GILTÔNIA PEREIRA DE SOUZA,RUA PARATI S/N - ZONA RURAL,POVOADO AREMBEPE,42835000,-12.7679267,-38.1835133,411,Com acessibilidade,2026-09-24 16:28:00,954064933470934189065390
UE2015 (Anterior),CAMAÇARI,171,416,1835703,ESCOLA MUNICIPAL ALBERTO FERREIRA BRANDÃO,"RUA FLOR DO CAMPO, S/N - ZONA URBANA",GLEBA H,42800000,-12.7120558,-38.344567,412,Com acessibilidade,2026-09-24 16:37:00,115680203086117083611545
UE2015 (Anterior),CAMAÇARI,171,417,1769475,ESCOLA MUNICIPAL ALBERTO FERREIRA BRANDÃO,"RUA FLOR DO CAMPO, S/N - ZONA URBANA",GLEBA H,42800000,-12.7120558,-38.344567,412,Com acessibilidade,2026-09-24 16:54:00,257094458000221095583357
UE2015 (Anterior),CAMAÇARI,171,418,1823721,COLÉGIO ESTADUAL DE MONTE GORDO,"ESTRADA VELHA DE MONTE GORDO, S/N - ZONA URBANA",POVOADO MONTE GORDO,42800000,-12.6604483,-38.1077833,413,Sem acessibilidade,2026-09-24 17:03:00,731842046748294349634082
UE2015 (Anterior),CAMAÇARI,171,419,1767386,CENTRO EDUCACIONAL TANCREDO NEVES,"RUA DO FLAMINGO, S/N - ZONA RURAL",POVOADO JAUÁ,42820000,-12.8228714,-38.2321625,398,Com acessibilidade,2026-09-24 17:12:00,731842152348312002188371
UE2015 (Anterior),CAMAÇARI,171,420,1763032,ESCOLA MUNICIPAL ALBERTO FERREIRA BRANDÃO,"RUA FLOR DO CAMPO, S/N - ZONA URBANA",GLEBA H,42800000,-12.7120558,-38.344567,418,Com acessibilidade,2026-09-24 17:19:00,297498793104369080288772
UE2015 (Anterior),CAMAÇARI,171,421,1834461,COLÉGIO MUNICIPAL PROFESSORA LÍDIA COELHO PINTO,RUA GUILHERME MACHADO S/N - ZONA RURAL,POVOADO AREMBEPE,42800000,-12.7706197,-38.1761818,412,Sem acessibilidade,2026-09-24 17:29:00,307599916705463428562424
UE2015 (Anterior),CAMAÇARI,171,422,1768250,ESCOLA MUNICIPAL MACLINA MARIA DA GLÓRIA,"RUA DAS ÁRVORES, S/N, - ZONA URBANA",VILA DE ABRANTES,42800005,-12.8276933,-38.2556817,408,Sem acessibilidade,2026-09-24 17:47:00,792448514454995699665430
UE2015 (Anterior),CAMAÇARI,171,423,1762897,ESCOLA MUNICIPAL GILTÔNIA PEREIRA DE SOUZA,RUA PARATI S/N - ZONA RURAL,POVOADO AREMBEPE,42835000,-12.7679267,-38.1835133,412,Com acessibilidade,2026-09-24 17:56:00,883357714863107639963901
UE2015 (Anterior),CAMAÇARI,171,424,1751928,CENTRO EDUCACIONAL BARRA DO POJUCA,RUA ELISIO NETO S/N - ZONA RURAL,POVOADO BARRA DO POJUCA,42825000,-12.5892517,-38.0521423,400,Com acessibilidade,2026-09-24 18:05:00,398408331814201600665127
UE2015 (Anterior),CAMAÇARI,171,425,1765646,ESCOLA MUNICIPAL JOANA ANGELICA,"RUA IRECÊ, S/N - ZONA URBANA",MANGUEIRAL,42800000,-12.6870068,-38.3314859,395,Sem acessibilidade,2026-09-24 18:14:00,236892283298064298081418
UE2015 (Anterior),CAMAÇARI,171,426,1773637,ESCOLA MUNICIPAL ALBERTO FERREIRA BRANDÃO,"RUA FLOR DO CAMPO, S/N - ZONA URBANA",GLEBA H,42800000,-12.7120558,-38.344567,417,Com acessibilidade,2026-09-24 18:22:00,600529766035382823887864
UE2015 (Anterior),CAMAÇARI,171,427,1767601,ESCOLA MUNICIPAL MACLINA MARIA DA GLÓRIA,"RUA DAS ÁRVORES, S/N, - ZONA URBANA",VILA DE ABRANTES,42800005,-12.8276933,-38.2556817,404,Sem acessibilidade,2026-09-24 18:32:00,358004627310224349483777
UE2015 (Anterior),CAMAÇARI,171,428,1824885,ESCOLA MUNICIPAL GILTÔNIA PEREIRA DE SOUZA,RUA PARATI S/N - ZONA RURAL,POVOADO AREMBEPE,42835000,-12.7679267,-38.1835133,410,Com acessibilidade,2026-09-24 18:40:00,388307765013202341095228
UE2015 (Anterior),CAMAÇARI,171,429,1766939,ESCOLA MUNICIPAL NILZA LEMOS P. LACERDA / CATU DE ABRANTES,LOTEAMENTO CURVA DO RIO S/N - ZONA URBANA,POVOADO CATU DE ABRANTES,42800000,-12.8580813,-38.2874204,401,Com acessibilidade,2026-09-24 18:53:00,176286667292294494371415
UE2015 (Anterior),CAMAÇARI,171,430,1807554,COLÉGIO ESTADUAL DE VILA DE ABRANTES,"AVENIDA TIRADENTES, S/N - ZONA URBANA",VILA DE ABRANTES,42820000,-12.8299783,-38.262465,402,Com acessibilidade,2026-09-24 19:02:00,327701898607032306866146
UE2015 (Anterior),CAMAÇARI,171,431,1806756,ESCOLA MUNICIPAL MACLINA MARIA DA GLÓRIA,"RUA DAS ÁRVORES, S/N, - ZONA URBANA",VILA DE ABRANTES,42800005,-12.8276933,-38.2556817,403,Sem acessibilidade,2026-09-24 19:11:00,479216152422204717050037
UE2015 (Anterior),CAMAÇARI,171,432,1768039,CENTRO EDUCACIONAL DARCY RIBEIRO,"RUA DAS FLORES, S/N - ZONA URBANA",POVOADO BARRA DE JACUÍPE,42833000,-12.7012549,-38.1340608,398,Sem acessibilidade,2026-09-24 19:20:00,812650609156566235588221
UE2015 (Anterior),CAMAÇARI,171,433,1768676,CENTRO EDUCACIONAL TANCREDO NEVES,"RUA DO FLAMINGO, S/N - ZONA RURAL",POVOADO JAUÁ,42820000,-12.8228714,-38.2321625,393,Sem acessibilidade,2026-09-24 19:28:00,620731523137939171231994
UE2015 (Anterior),CAMAÇARI,171,434,1763185,CENTRO EDUCACIONAL MARCUS IVO BONNA,"EST DO COCO, KM 8, CD CONDOMÍNIO BUSCA VIDA, LT 27 - ZONA RURAL",POVOADO CATU DE ABRANTES,42840000,-12.8688803,-38.2665917,403,Com acessibilidade,2026-09-24 19:37:00,14670029276342847053312
UE2015 (Anterior),CAMAÇARI,171,435,1766095,COLÉGIO MUNICIPAL PROFESSORA LÍDIA COELHO PINTO,RUA GUILHERME MACHADO S/N - ZONA RURAL,POVOADO AREMBEPE,42800000,-12.7706197,-38.1761818,410,Sem acessibilidade,2026-09-24 19:46:00,954064071770305940395824
UE2015 (Anterior),CAMAÇARI,171,436,1795644,CENTRO EDUCACIONAL DARCY RIBEIRO,"RUA DAS FLORES, S/N - ZONA URBANA",POVOADO BARRA DE JACUÍPE,42833000,-12.7012549,-38.1340608,401,Com acessibilidade,2026-09-24 15:18:00,85377313200862678823378
UE2015 (Anterior),CAMAÇARI,171,437,1810324,ESCOLA MUNICIPAL RURAL BOA UNIÃO,CONDOMINIO COLONIA BOA UNIAO - ZONA RURAL,POVOADO CATU DE ABRANTES,42800000,-12.8475817,-38.2876367,420,Com acessibilidade,2026-09-24 15:39:00,257094598017282206737174
UE2015 (Anterior),CAMAÇARI,171,438,1766191,CENTRO EDUCACIONAL BARRA DO POJUCA,RUA ELISIO NETO S/N - ZONA RURAL,POVOADO BARRA DO POJUCA,42825000,-12.5892517,-38.0521423,404,Com acessibilidade,2026-09-24 15:49:00,378206823029491728917666
UE2015 (Anterior),CAMAÇARI,171,439,1782655,CENTRO EDUCACIONAL TANCREDO NEVES,"RUA DO FLAMINGO, S/N - ZONA RURAL",POVOADO JAUÁ,42820000,-12.8228714,-38.2321625,393,Sem acessibilidade,2026-09-24 15:59:00,34872590995245488299911
UE2015 (Anterior),CAMAÇARI,171,441,1765519,ESCOLA MUNICIPAL THOMAZ CAMILO,RUA DA MANGUEIRA S/N - ZONA RURAL,POVOADO AREIAS,42800000,-12.8077783,-38.2336417,382,Com acessibilidade,2026-09-24 16:10:00,842953598076170056777579
UE2015 (Anterior),CAMAÇARI,171,442,1766989,COLÉGIO ESTADUAL DE VILA DE ABRANTES,"AVENIDA TIRADENTES, S/N - ZONA URBANA",VILA DE ABRANTES,42820000,-12.8299783,-38.262465,402,Com acessibilidade,2026-09-24 16:21:00,459014315537944886342977
UE2015 (Anterior),CAMAÇARI,171,443,1767500,COLÉGIO ESTADUAL PROFESSORA NADIR ARAÚJO COPQUE,"ESTRADA DO COCO, KM 23, ZONA URBANA",POVOADO AREMBEPE,42835000,-12.7676833,-38.1889434,399,Com acessibilidade,2026-09-24 16:31:00,388307356030964595687990
UE2015 (Anterior),CAMAÇARI,171,444,1765663,COLÉGIO ESTADUAL DE BARRA DE POJUCA,"TRAVESSA ELÍSIO NETO, S/N - ZONA RURAL",POVOADO BARRA DO POJUCA,42820000,-12.58873,-38.05091,401,Com acessibilidade,2026-09-24 16:41:00,620731706654299911259770
UE2015 (Anterior),CAMAÇARI,171,445,1754248,ESCOLA MUNICIPAL ELIZA DIAS DE AZEVEDO,RUA ALICE UZEDA. S/N - ZONA URBANA,VILA DE ABRANTES,42820000,-12.8315667,-38.2628183,415,Com acessibilidade,2026-09-24 16:52:00,984367177790810447751334
UE2015 (Anterior),CAMAÇARI,171,446,1762711,ESCOLA MUNICIPAL PROFESSORA MARCELINA BISPO DA SILVA,"RUA DIRETA DO ITAIPI, S/N - ZONA RURAL",POVOADO MONTE GORDO,42820000,-12.62956,-38.0757083,205,Com acessibilidade,2026-09-24 17:11:00,246993543516755899525877
UE2015 (Anterior),CAMAÇARI,171,447,1765047,ESCOLA MUNICIPAL SANTA MARIA,"RUA DAS CONCHINHAS, S/N - ZONA URBANA",SANTA MARIA,42800005,-12.7142046,-38.3469295,394,Com acessibilidade,2026-09-24 17:21:00,85377498400686364828340
UE2015 (Anterior),CAMAÇARI,171,448,1775890,ESCOLA MUNICIPAL SILVIO PEREIRA FRANCO,"RUA VILA SIMARA ELLERY, N 07 - ZONA RURAL",POVOADO CATU DE ABRANTES,41820000,-12.856867,-38.282775,297,Com acessibilidade,2026-09-24 18:09:00,317600836623401621915750
UE2015 (Anterior),CAMAÇARI,171,449,1765764,COLÉGIO ESTADUAL PROFESSORA NADIR ARAÚJO COPQUE,"ESTRADA DO COCO, KM 23, ZONA URBANA",POVOADO AREMBEPE,42835000,-12.7676833,-38.1889434,399,Com acessibilidade,2026-09-24 17:40:00,358004985527062242452516
UE2015 (Anterior),CAMAÇARI,171,450,1767841,ESCOLA MUNICIPAL AMÉLIA RODRIGUES,RUA SAO BENTO S/N - ZONA RURAL,POVOADO MONTE GORDO,42801000,-12.654308,-38.1059551,403,Sem acessibilidade,2026-09-24 17:58:00,176286881309538067146019
UE2015 (Anterior),CAMAÇARI,171,451,1767123,COLÉGIO ESTADUAL DE VILA DE ABRANTES,"AVENIDA TIRADENTES, S/N - ZONA URBANA",VILA DE ABRANTES,42820000,-12.8299783,-38.262465,408,Sem acessibilidade,2026-09-24 18:19:00,863155682978049279256932
UE2015 (Anterior),CAMAÇARI,171,452,1775338,CENTRO EDUCACIONAL TANCREDO NEVES,"RUA DO FLAMINGO, S/N - ZONA RURAL",POVOADO JAUÁ,42820000,-12.8228714,-38.2321625,395,Sem acessibilidade,2026-09-24 18:29:00,752044688167027717252378
UE2015 (Anterior),CAMAÇARI,171,453,1771665,ESCOLA MUNICIPAL ELIZA DIAS DE AZEVEDO,RUA ALICE UZEDA. S/N - ZONA URBANA,VILA DE ABRANTES,42820000,-12.8315667,-38.2628183,419,Com acessibilidade,2026-09-24 18:40:00,216690251813039664057717
UE2015 (Anterior),CAMAÇARI,171,454,1753307,COLÉGIO ESTADUAL DE VILA DE ABRANTES,"AVENIDA TIRADENTES, S/N - ZONA URBANA",VILA DE ABRANTES,42820000,-12.8299783,-38.262465,400,Com acessibilidade,2026-09-24 18:50:00,428711576634338510023341
UE2015 (Anterior),CAMAÇARI,171,455,1762890,CENTRO EDUCACIONAL DARCY RIBEIRO,"RUA DAS FLORES, S/N - ZONA URBANA",POVOADO BARRA DE JACUÍPE,42833000,-12.7012549,-38.1340608,405,Sem acessibilidade,2026-09-24 18:59:00,620731885954169535226158
UE2015 (Anterior),CAMAÇARI,171,456,1795582,COLÉGIO ESTADUAL PROFESSORA NADIR ARAÚJO COPQUE,"ESTRADA DO COCO, KM 23, ZONA URBANA",POVOADO AREMBEPE,42835000,-12.7676833,-38.1889434,400,Com acessibilidade,2026-09-24 19:09:00,55074424897257915025112
UE2015 (Anterior),CAMAÇARI,171,457,1837690,COLÉGIO ESTADUAL DE BARRA DE POJUCA,"TRAVESSA ELÍSIO NETO, S/N - ZONA RURAL",POVOADO BARRA DO POJUCA,42820000,-12.58873,-38.05091,399,Com acessibilidade,2026-09-24 19:19:00,125781601404413289300810
UE2015 (Anterior),CAMAÇARI,171,458,1752653,COLÉGIO ESTADUAL DE VILA DE ABRANTES,"AVENIDA TIRADENTES, S/N - ZONA URBANA",VILA DE ABRANTES,42820000,-12.8299783,-38.262465,407,Sem acessibilidade,2026-09-24 19:28:00,580327171350896885861738
UE2015 (Anterior),CAMAÇARI,171,459,1765603,COLÉGIO ESTADUAL PROFESSORA NADIR ARAÚJO COPQUE,"ESTRADA DO COCO, KM 23, ZONA URBANA",POVOADO AREMBEPE,42835000,-12.7676833,-38.1889434,400,Sem acessibilidade,2026-09-24 19:37:00,368105067428697742226330
UE2015 (Anterior),CAMAÇARI,171,460,1769357,CENTRO EDUCACIONAL DARCY RIBEIRO,"RUA DAS FLORES, S/N - ZONA URBANA",POVOADO BARRA DE JACUÍPE,42833000,-12.7012549,-38.1340608,243,Sem acessibilidade,2026-09-24 19:47:00,206589986412623934772851
UE2015 (Anterior),CAMAÇARI,171,461,1767564,ESCOLA MUNICIPAL ALOISIO DE OLIVEIRA,RUA SACO SN - ZONA RURAL,POVOADO MONTE GORDO,42820000,-12.6701287,-38.1196202,105,Sem acessibilidade,2026-09-24 19:55:00,651034548957025599826162
UE2015 (Anterior),CAMAÇARI,171,462,1795289,ESCOLA MUNICIPAL ELIZA DIAS DE AZEVEDO,RUA ALICE UZEDA. S/N - ZONA URBANA,VILA DE ABRANTES,42820000,-12.8315667,-38.2628183,400,Sem acessibilidade,2026-09-24 20:04:00,327701321724253212928369
UE2015 (Anterior),CAMAÇARI,171,465,1766723,COLÉGIO ESTADUAL PROFESSORA NADIR ARAÚJO COPQUE,"ESTRADA DO COCO, KM 23, ZONA URBANA",POVOADO AREMBEPE,42835000,-12.7676833,-38.1889434,271,Sem acessibilidade,2026-09-24 20:12:00,459014782137332205350919
UE2015 (Anterior),CAMAÇARI,171,466,1813388,COLÉGIO ESTADUAL DE BARRA DE POJUCA,"TRAVESSA ELÍSIO NETO, S/N - ZONA RURAL",POVOADO BARRA DO POJUCA,42820000,-12.58873,-38.05091,98,Sem acessibilidade,2026-09-24 20:21:00,34872478795934363751336
UE2015 (Anterior),CAMAÇARI,171,467,1764512,ESCOLA MUNICIPAL ELIZA DIAS DE AZEVEDO,RUA ALICE UZEDA. S/N - ZONA URBANA,VILA DE ABRANTES,42820000,-12.8315667,-38.2628183,343,Sem acessibilidade,2026-09-24 20:30:00,469115017038382676478640
UE2015 (Anterior),CANDEIAS,127,1,1665700,ESCOLA MUNICIPAL MARGARIDA SOUZA,"PRACA TIRADENTES, N 12 - ZONA URBANA",CENTRO,43805220,-12.6707359,-38.5396853,279,Sem acessibilidade,2026-10-01 09:44:00,755775868643488298390881
UE2015 (Anterior),CANDEIAS,127,2,1656576,ESCOLA MUNICIPAL MARGARIDA SOUZA,"PRACA TIRADENTES, N 12 - ZONA URBANA",CENTRO,43805220,-12.6707359,-38.5396853,276,Sem acessibilidade,2026-10-01 09:56:00,392139616507355857814728
UE2015 (Anterior),CANDEIAS,127,3,1656742,CASA DOS ROMEIROS,RUA PIO XI - MATRIZ NOSSA SENHORA DAS CANDEIAS - ZONA URBANA,CENTRO,43800000,-12.6706468,-38.5396931,166,Sem acessibilidade,2026-10-01 10:04:00,361836690704818387941622
UE2015 (Anterior),CANDEIAS,127,5,1656187,CENTRO EDUCACIONAL NOSSA SENHORA DAS CANDEIAS,"RUA DESEMBARGADOR TEIXEIRA DE FREITAS, N 32",PITANGA,43810271,-12.6708015,-38.539662,236,Sem acessibilidade,2026-10-01 10:14:00,139513683181676501985499
UE2015 (Anterior),CANDEIAS,127,6,1656196,CENTRO EDUCACIONAL NOSSA SENHORA DAS CANDEIAS,"RUA DESEMBARGADOR TEIXEIRA DE FREITAS, N 32",PITANGA,43810271,-12.6708015,-38.539662,243,Sem acessibilidade,2026-10-01 10:24:00,866886520654491584788122
UE2015 (Anterior),CANDEIAS,127,7,1672704,CENTRO EDUCACIONAL NOSSA SENHORA DAS CANDEIAS,"RUA DESEMBARGADOR TEIXEIRA DE FREITAS, N 32",PITANGA,43810271,-12.6708015,-38.539662,249,Sem acessibilidade,2026-10-01 10:32:00,856785621653438999373502
UE2015 (Anterior),CANDEIAS,127,8,1651990,ESCOLA MUNICIPALIZADA ADRIANO GORDILHO,"RUA CAMURUGIPE, S/N - ZONA URBANA",TRIANGULO,43815380,-12.6695443,-38.5383725,375,Sem acessibilidade,2026-10-01 10:41:00,240624120192844324164004
UE2015 (Anterior),CANDEIAS,127,9,1668179,ESCOLA MUNICIPALIZADA ADRIANO GORDILHO,"RUA CAMURUGIPE, S/N - ZONA URBANA",TRIANGULO,43815380,-12.6695443,-38.5383725,375,Sem acessibilidade,2026-10-01 10:50:00,8200995468626122140516
UE2015 (Anterior),CANDEIAS,127,10,1674181,CASA DOS ROMEIROS,RUA PIO XI - MATRIZ NOSSA SENHORA DAS CANDEIAS - ZONA URBANA,CENTRO,43800000,-12.6706468,-38.5396931,164,Com acessibilidade,2026-10-01 11:00:00,361836430404644236316566
UE2015 (Anterior),CANDEIAS,127,12,1656679,ESCOLA MUNICIPAL MARGARIDA SOUZA,"PRACA TIRADENTES, N 12 - ZONA URBANA",CENTRO,43805220,-12.6707359,-38.5396853,279,Sem acessibilidade,2026-10-01 11:09:00,917391205159826332724318
UE2015 (Anterior),CANDEIAS,127,13,1655949,ESCOLA MUNICIPAL JONAS BARBOSA DE LIMA,"RUA PRESIDENTE KENNEDY, S/N - ZONA URBANA",CENTRO,43805000,-12.669749,-38.5454783,221,Sem acessibilidade,2026-10-01 11:18:00,806280201948738495365863
UE2015 (Anterior),CANDEIAS,127,14,1655467,COLÉGIO DA POLÍCIA MILITAR FRANCISCO PEDRO DE OLIVEIRA,"RUA GUANABARA, S/N - ZONA URBANA",PITANGA,43810310,-12.6677274,-38.5401092,310,Sem acessibilidade,2026-10-01 11:27:00,876987389555826435340604
UE2015 (Anterior),CANDEIAS,127,15,1654909,COLÉGIO DA POLÍCIA MILITAR FRANCISCO PEDRO DE OLIVEIRA,"RUA GUANABARA, S/N - ZONA URBANA",PITANGA,43810310,-12.6677274,-38.5401092,308,Sem acessibilidade,2026-10-01 11:36:00,644664265032613632125084
UE2015 (Anterior),CANDEIAS,127,16,1655201,ESCOLA ESTADUAL OURO NEGRO,"RUA DOS MISSIONÁRIOS, S/N - ZONA URBANA",CENTRO,43800000,-12.6709222,-38.5457579,193,Sem acessibilidade,2026-10-01 11:45:00,735573464741726928907538
UE2015 (Anterior),CANDEIAS,127,18,1667394,ESCOLA ESTADUAL LUIZ VIANA FILHO,"RUA DESEMBARGADOR TEIXEIRA DE FREITAS, N 10 - ZONA URBANA",PITANGA,43810271,-12.6659228,-38.54349,371,Sem acessibilidade,2026-10-01 11:55:00,887088832456965686805976
UE2015 (Anterior),CANDEIAS,127,19,1657650,ESCOLA ESTADUAL LUIZ VIANA FILHO,"RUA DESEMBARGADOR TEIXEIRA DE FREITAS, N 10 - ZONA URBANA",PITANGA,43810271,-12.6659228,-38.54349,369,Sem acessibilidade,2026-10-01 12:04:00,38503096971700212656581
UE2015 (Anterior),CANDEIAS,127,20,1674434,COLÉGIO DA POLÍCIA MILITAR FRANCISCO PEDRO DE OLIVEIRA,"RUA GUANABARA, S/N - ZONA URBANA",PITANGA,43810310,-12.6677274,-38.5401092,367,Sem acessibilidade,2026-10-01 12:14:00,977997115865732877031501
UE2015 (Anterior),CANDEIAS,127,21,1676138,COLÉGIO DA POLÍCIA MILITAR FRANCISCO PEDRO DE OLIVEIRA,"RUA GUANABARA, S/N - ZONA URBANA",PITANGA,43810310,-12.6677274,-38.5401092,367,Sem acessibilidade,2026-10-01 12:25:00,533553784721459893675043
UE2015 (Anterior),CANDEIAS,127,22,1675319,COLÉGIO DA POLÍCIA MILITAR FRANCISCO PEDRO DE OLIVEIRA,"RUA GUANABARA, S/N - ZONA URBANA",PITANGA,43810310,-12.6677274,-38.5401092,371,Sem acessibilidade,2026-10-01 12:34:00,503250863618443703104627
UE2015 (Anterior),CANDEIAS,127,23,1654425,COLÉGIO DA POLÍCIA MILITAR FRANCISCO PEDRO DE OLIVEIRA,"RUA GUANABARA, S/N - ZONA URBANA",PITANGA,43810310,-12.6677274,-38.5401092,364,Sem acessibilidade,2026-10-01 12:43:00,947694413162907477785299
UE2015 (Anterior),CANDEIAS,127,24,1656719,COLÉGIO DA POLÍCIA MILITAR FRANCISCO PEDRO DE OLIVEIRA,"RUA GUANABARA, S/N - ZONA URBANA",PITANGA,43810310,-12.6677274,-38.5401092,374,Sem acessibilidade,2026-10-01 12:51:00,462846044714374655965553
UE2015 (Anterior),CANDEIAS,127,25,1682306,ESCOLA MUNICIPAL ALZIRA FERREIRA,RUA ARACAJU - ZONA URBANA,SANTO ANTONIO,43800000,-12.6728891,-38.5391121,356,Sem acessibilidade,2026-10-01 13:01:00,442644137612012973999117
UE2015 (Anterior),CANDEIAS,127,26,1655006,ESCOLA MUNICIPAL ALZIRA FERREIRA,RUA ARACAJU - ZONA URBANA,SANTO ANTONIO,43800000,-12.6728891,-38.5391121,358,Sem acessibilidade,2026-10-01 13:10:00,998199790467587118506858
UE2015 (Anterior),CANDEIAS,127,27,1656432,ESCOLA MUNICIPAL ALZIRA FERREIRA,RUA ARACAJU - ZONA URBANA,SANTO ANTONIO,43800000,-12.6728891,-38.5391121,356,Sem acessibilidade,2026-10-01 13:19:00,523452439120741800921707
UE2015 (Anterior),CANDEIAS,127,28,1656011,ESCOLA MUNICIPAL ALZIRA FERREIRA,RUA ARACAJU - ZONA URBANA,SANTO ANTONIO,43800000,-12.6728891,-38.5391121,356,Sem acessibilidade,2026-10-01 13:29:00,806280826048112956307804
UE2015 (Anterior),CANDEIAS,127,29,1656368,ESCOLA ESTADUAL OURO NEGRO,"RUA DOS MISSIONÁRIOS, S/N - ZONA URBANA",CENTRO,43800000,-12.6709222,-38.5457579,192,Sem acessibilidade,2026-10-01 13:38:00,634563768231965988049087
UE2015 (Anterior),CANDEIAS,127,31,1656255,ESCOLA MUNICIPAL SAO JOAO BATISTA,"RUA D, S/N  -  ZONA URBANA",NOVA BRASILIA,43800000,-12.6619549,-38.5475787,249,Sem acessibilidade,2026-10-01 13:47:00,977997297165327291809431
UE2015 (Anterior),CANDEIAS,127,32,1657886,ESCOLA MUNICIPAL SAO JOAO BATISTA,"RUA D, S/N  -  ZONA URBANA",NOVA BRASILIA,43800000,-12.6619549,-38.5475787,248,Sem acessibilidade,2026-10-01 13:57:00,109210537778546867566005
UE2015 (Anterior),CANDEIAS,127,33,1656673,ESCOLA MUNICIPAL ANTONIO CARLOS MAGALHAES,PCA MILTON BULCAO  LEMOS - ZONA URBANA,MALEMBA,43800000,-12.6762513,-38.5436656,335,Sem acessibilidade,2026-10-01 14:05:00,281028823496244405686693
UE2015 (Anterior),CANDEIAS,127,34,1675843,ESCOLA MUNICIPAL ANTONIO CARLOS MAGALHAES,PCA MILTON BULCAO  LEMOS - ZONA URBANA,MALEMBA,43800000,-12.6762513,-38.5436656,332,Sem acessibilidade,2026-10-01 14:15:00,129412771280179110997375
UE2015 (Anterior),CANDEIAS,127,35,1654834,ESCOLA MUNICIPAL ANTONIO CARLOS MAGALHAES,PCA MILTON BULCAO  LEMOS - ZONA URBANA,MALEMBA,43800000,-12.6762513,-38.5436656,333,Sem acessibilidade,2026-10-01 14:25:00,836583595051977398946259
UE2015 (Anterior),CANDEIAS,127,36,1656756,ESCOLA MUNICIPAL JONAS BARBOSA DE LIMA,"RUA PRESIDENTE KENNEDY, S/N - ZONA URBANA",CENTRO,43805000,-12.669749,-38.5454783,226,Sem acessibilidade,2026-10-01 14:39:00,634563508131149412971178
UE2015 (Anterior),CANDEIAS,127,37,1667568,ESCOLA MUNICIPAL JONAS BARBOSA DE LIMA,"RUA PRESIDENTE KENNEDY, S/N - ZONA URBANA",CENTRO,43805000,-12.669749,-38.5454783,224,Sem acessibilidade,2026-10-01 14:51:00,685068662136815826809391
UE2015 (Anterior),CANDEIAS,127,38,1675364,ESCOLA MUNICIPAL JONAS BARBOSA DE LIMA,"RUA PRESIDENTE KENNEDY, S/N - ZONA URBANA",CENTRO,43805000,-12.669749,-38.5454783,225,Sem acessibilidade,2026-10-01 15:00:00,452745544113178225489813
UE2015 (Anterior),CANDEIAS,127,39,1658625,COLÉGIO DA POLÍCIA MILITAR FRANCISCO PEDRO DE OLIVEIRA,"RUA GUANABARA, S/N - ZONA URBANA",PITANGA,43810310,-12.6677274,-38.5401092,310,Sem acessibilidade,2026-10-01 15:10:00,523452723920334095183483
UE2015 (Anterior),CANDEIAS,127,40,1665111,ESCOLA MUNICIPAL SAO JOAO BATISTA,"RUA D, S/N  -  ZONA URBANA",NOVA BRASILIA,43800000,-12.6619549,-38.5475787,252,Sem acessibilidade,2026-10-01 15:19:00,775977056645211475722301
UE2015 (Anterior),CANDEIAS,127,41,1667171,ESCOLA MUNICIPAL SAO JOAO BATISTA,"RUA D, S/N  -  ZONA URBANA",NOVA BRASILIA,43800000,-12.6619549,-38.5475787,247,Sem acessibilidade,2026-10-01 15:44:00,836583225651194746915230
UE2015 (Anterior),CANDEIAS,127,42,1656345,ESCOLA MUNICIPAL SAO JOAO BATISTA,"RUA D, S/N  -  ZONA URBANA",NOVA BRASILIA,43800000,-12.6619549,-38.5475787,248,Sem acessibilidade,2026-10-01 15:54:00,947694446462393732913314
UE2015 (Anterior),CANDEIAS,127,43,1675641,CENTRO ESTADUAL DE EDUCAÇÃO PROFISSIONAL DE CANDEIAS ,"RUA JOSE XAVIER, S/N - ZONA URBANA",MALEMBA,43805580,-12.6766377,-38.5428498,367,Sem acessibilidade,2026-10-01 16:20:00,624462233030635244578895
UE2015 (Anterior),CANDEIAS,127,44,1658253,CENTRO ESTADUAL DE EDUCAÇÃO PROFISSIONAL DE CANDEIAS ,"RUA JOSE XAVIER, S/N - ZONA URBANA",MALEMBA,43805580,-12.6766377,-38.5428498,367,Sem acessibilidade,2026-10-01 16:47:00,371937091105058190413584
UE2015 (Anterior),CANDEIAS,127,45,1654502,CENTRO ESTADUAL DE EDUCAÇÃO PROFISSIONAL DE CANDEIAS ,"RUA JOSE XAVIER, S/N - ZONA URBANA",MALEMBA,43805580,-12.6766377,-38.5428498,367,Sem acessibilidade,2026-10-01 16:57:00,513351344619285298433143
UE2015 (Anterior),CANDEIAS,127,46,1668097,CENTRO ESTADUAL DE EDUCAÇÃO PROFISSIONAL DE CANDEIAS ,"RUA JOSE XAVIER, S/N - ZONA URBANA",MALEMBA,43805580,-12.6766377,-38.5428498,363,Sem acessibilidade,2026-10-01 17:06:00,240624187592609264271410
UE2015 (Anterior),CANDEIAS,127,47,1654496,CENTRO ESTADUAL DE EDUCAÇÃO PROFISSIONAL DE CANDEIAS ,"RUA JOSE XAVIER, S/N - ZONA URBANA",MALEMBA,43805580,-12.6766377,-38.5428498,363,Sem acessibilidade,2026-10-01 17:15:00,947694991762323625839245
UE2015 (Anterior),CANDEIAS,127,48,1655932,ESCOLA MUNICIPAL SAO JOAO BATISTA,"RUA D, S/N  -  ZONA URBANA",NOVA BRASILIA,43800000,-12.6619549,-38.5475787,247,Sem acessibilidade,2026-10-01 17:25:00,58705217073526441494034
UE2015 (Anterior),CANDEIAS,127,49,1650948,ESCOLA MUNICIPAL JULIETA VIANA,"RUA GETULIO VARGAS, S/N - ZONA URBANA",AREIA,43825141,-12.6763357,-38.5355992,387,Sem acessibilidade,2026-10-01 17:34:00,584058854326077174784958
UE2015 (Anterior),CANDEIAS,127,50,1654273,ESCOLA MUNICIPAL JULIETA VIANA,"RUA GETULIO VARGAS, S/N - ZONA URBANA",AREIA,43825141,-12.6763357,-38.5355992,387,Sem acessibilidade,2026-10-01 17:43:00,422442770210932114914041
UE2015 (Anterior),CANDEIAS,127,51,1656653,ESCOLA MUNICIPAL JULIETA VIANA,"RUA GETULIO VARGAS, S/N - ZONA URBANA",AREIA,43825141,-12.6763357,-38.5355992,388,Sem acessibilidade,2026-10-01 17:53:00,240624700892840754817799
UE2015 (Anterior),CANDEIAS,127,52,1680743,ESCOLA MUNICIPAL JULIETA VIANA,"RUA GETULIO VARGAS, S/N - ZONA URBANA",AREIA,43825141,-12.6763357,-38.5355992,387,Sem acessibilidade,2026-10-01 18:03:00,382038959706644429869229
UE2015 (Anterior),CANDEIAS,127,53,1653821,ESCOLA MUNICIPAL JULIETA VIANA,"RUA GETULIO VARGAS, S/N - ZONA URBANA",AREIA,43825141,-12.6763357,-38.5355992,386,Sem acessibilidade,2026-10-01 18:14:00,553755237523975066804376
UE2015 (Anterior),CANDEIAS,127,54,1670237,ESCOLA MUNICIPAL JULIETA VIANA,"RUA GETULIO VARGAS, S/N - ZONA URBANA",AREIA,43825141,-12.6763357,-38.5355992,387,Sem acessibilidade,2026-10-01 18:24:00,99109884777605993849462
UE2015 (Anterior),CANDEIAS,127,55,1670535,ESCOLA MUNICIPAL JULIETA VIANA,"RUA GETULIO VARGAS, S/N - ZONA URBANA",AREIA,43825141,-12.6763357,-38.5355992,388,Sem acessibilidade,2026-10-01 09:44:00,382038287900116553598705
UE2015 (Anterior),CANDEIAS,127,56,1673207,ESCOLA MUNICIPAL JULIETA VIANA,"RUA GETULIO VARGAS, S/N - ZONA URBANA",AREIA,43825141,-12.6763357,-38.5355992,385,Sem acessibilidade,2026-10-01 09:54:00,533553548515351959901051
UE2015 (Anterior),CANDEIAS,127,57,1667897,ESCOLA MUNICIPAL EDITH DIAS DOS SANTOS,"RUA SANTA ISABEL, N 01 - ZONA URBANA  ",MALEMBA,43825290,-12.6789124,-38.5448475,351,Com acessibilidade,2026-10-01 10:04:00,735573857135188904200061
UE2015 (Anterior),CANDEIAS,127,58,1674694,ESCOLA MUNICIPAL EDITH DIAS DOS SANTOS,"RUA SANTA ISABEL, N 01 - ZONA URBANA  ",MALEMBA,43825290,-12.6789124,-38.5448475,352,Com acessibilidade,2026-10-01 10:16:00,371937607899057066024576
UE2015 (Anterior),CANDEIAS,127,59,1661825,ESCOLA MUNICIPAL LAURENTINO NOLASCO DA CRUZ,RUA TOME DE SOUZA - ZONA URBANA,SARANDY,43800000,-12.6682622,-38.5330937,349,Com acessibilidade,2026-10-01 10:40:00,947694284356477920152089
UE2015 (Anterior),CANDEIAS,127,60,1656615,ESCOLA MUNICIPAL LAURENTINO NOLASCO DA CRUZ,RUA TOME DE SOUZA - ZONA URBANA,SARANDY,43800000,-12.6682622,-38.5330937,347,Com acessibilidade,2026-10-01 10:49:00,937593355155095861446382
UE2015 (Anterior),CANDEIAS,127,61,1666213,CASA DOS ROMEIROS,RUA PIO XI - MATRIZ NOSSA SENHORA DAS CANDEIAS - ZONA URBANA,CENTRO,43800000,-12.6706468,-38.5396931,164,Sem acessibilidade,2026-10-01 11:03:00,109210633372591404604870
UE2015 (Anterior),CANDEIAS,127,62,1668257,ESCOLA MUNICIPAL LAURENTINO NOLASCO DA CRUZ,RUA TOME DE SOUZA - ZONA URBANA,SARANDY,43800000,-12.6682622,-38.5330937,350,Com acessibilidade,2026-10-01 11:14:00,392139036001041683746888
UE2015 (Anterior),CANDEIAS,127,63,1657592,ESCOLA MUNICIPAL LAURENTINO NOLASCO DA CRUZ,RUA TOME DE SOUZA - ZONA URBANA,SARANDY,43800000,-12.6682622,-38.5330937,350,Com acessibilidade,2026-10-01 11:25:00,179917923879982744390711
UE2015 (Anterior),CANDEIAS,127,64,1672344,ESCOLA MUNICIPAL PAPA PAULO VI,"RUA DESEMBARGADOR TEIXEIRA DE FREITAS, S/N - ZONA URBANA",PITANGA,43800000,-12.6651335,-38.5440437,364,Sem acessibilidade,2026-10-01 11:41:00,614361470823326249155166
UE2015 (Anterior),CANDEIAS,127,65,1657379,ESCOLA MUNICIPAL PAPA PAULO VI,"RUA DESEMBARGADOR TEIXEIRA DE FREITAS, S/N - ZONA URBANA",PITANGA,43800000,-12.6651335,-38.5440437,362,Sem acessibilidade,2026-10-01 11:52:00,584058550620452776736593
UE2015 (Anterior),CANDEIAS,127,66,1673047,CENTRO ESTADUAL DE EDUCAÇÃO PROFISSIONAL DE CANDEIAS ,"RUA JOSE XAVIER, S/N - ZONA URBANA",MALEMBA,43805580,-12.6766377,-38.5428498,367,Sem acessibilidade,2026-10-01 12:03:00,129412207474724250465649
UE2015 (Anterior),CANDEIAS,127,67,1654571,ESCOLA MUNICIPAL SAO JOAO BATISTA,"RUA D, S/N  -  ZONA URBANA",NOVA BRASILIA,43800000,-12.6619549,-38.5475787,249,Sem acessibilidade,2026-10-01 12:14:00,392139580201155853639716
UE2015 (Anterior),CANDEIAS,127,68,1676458,ESCOLA MUNICIPAL ALFREDO SILVA SERRA,"RUA TEOTONIO VILELA, S/N - ZONA URBANA",MALEMBA,43805100,-12.6794695,-38.5451262,319,Sem acessibilidade,2026-10-01 12:24:00,927492222954778541963441
UE2015 (Anterior),CANDEIAS,127,69,1657801,CENTRO EDUCACIONAL NOSSA SENHORA DAS CANDEIAS,"RUA DESEMBARGADOR TEIXEIRA DE FREITAS, N 32",PITANGA,43810271,-12.6708015,-38.539662,187,Sem acessibilidade,2026-10-01 12:36:00,796179201341873110486801
UE2015 (Anterior),CANDEIAS,127,70,1670147,ESCOLA MUNICIPAL MARGARIDA SOUZA,"PRACA TIRADENTES, N 12 - ZONA URBANA",CENTRO,43805220,-12.6707359,-38.5396853,279,Sem acessibilidade,2026-10-01 12:46:00,149614635676312467420561
UE2015 (Anterior),CANDEIAS,127,71,1655071,COLEGIO MUNICIPAL IEDA BARRADAS CARNEIRO,"RUA B, S/N  -   ZONA URBANA",URBIS I,43815000,-12.6575518,-38.5347356,390,Com acessibilidade,2026-10-01 12:58:00,624462229924028758124876
UE2015 (Anterior),CANDEIAS,127,72,1657842,COLEGIO MUNICIPAL IEDA BARRADAS CARNEIRO,"RUA B, S/N  -   ZONA URBANA",URBIS I,43815000,-12.6575518,-38.5347356,392,Com acessibilidade,2026-10-01 13:08:00,998199708661057524990632
UE2015 (Anterior),CANDEIAS,127,73,1650105,COLEGIO MUNICIPAL IEDA BARRADAS CARNEIRO,"RUA B, S/N  -   ZONA URBANA",URBIS I,43815000,-12.6575518,-38.5347356,392,Com acessibilidade,2026-10-01 13:17:00,745674563236829225585221
UE2015 (Anterior),CANDEIAS,127,74,1675818,COLEGIO MUNICIPAL IEDA BARRADAS CARNEIRO,"RUA B, S/N  -   ZONA URBANA",URBIS I,43815000,-12.6575518,-38.5347356,390,Com acessibilidade,2026-10-01 13:27:00,180018113080350214004763
UE2015 (Anterior),CANDEIAS,127,75,1674473,ESCOLA ESTADUAL OURO NEGRO,"RUA DOS MISSIONÁRIOS, S/N - ZONA URBANA",CENTRO,43800000,-12.6709222,-38.5457579,193,Sem acessibilidade,2026-10-01 13:37:00,826482867844085088612005
UE2015 (Anterior),CANDEIAS,127,76,1667247,COLEGIO MUNICIPAL PROFESSOR DASIO JOSE DE SOUZA,"RUA ITAJUBARA, S/N  - ZONA URBANA",SAO FRANCISCO,43815450,-12.6654345,-38.5312348,384,Sem acessibilidade,2026-10-01 13:46:00,341634493596624711822587
UE2015 (Anterior),CANDEIAS,127,77,1672441,COLEGIO MUNICIPAL PROFESSOR DASIO JOSE DE SOUZA,"RUA ITAJUBARA, S/N  - ZONA URBANA",SAO FRANCISCO,43815450,-12.6654345,-38.5312348,383,Sem acessibilidade,2026-10-01 13:57:00,8200262762444633671312
UE2015 (Anterior),CANDEIAS,127,78,1657264,COLEGIO MUNICIPAL PROFESSOR DASIO JOSE DE SOUZA,"RUA ITAJUBARA, S/N  - ZONA URBANA",SAO FRANCISCO,43815450,-12.6654345,-38.5312348,382,Sem acessibilidade,2026-10-01 14:06:00,836583206845867555726041
UE2015 (Anterior),CANDEIAS,127,79,1652568,COLEGIO MUNICIPAL PROFESSOR DASIO JOSE DE SOUZA,"RUA ITAJUBARA, S/N  - ZONA URBANA",SAO FRANCISCO,43815450,-12.6654345,-38.5312348,384,Sem acessibilidade,2026-10-01 14:16:00,624462105924745340895356
UE2015 (Anterior),CANDEIAS,127,80,1655781,COLEGIO MUNICIPAL PROFESSOR DASIO JOSE DE SOUZA,"RUA ITAJUBARA, S/N  - ZONA URBANA",SAO FRANCISCO,43815450,-12.6654345,-38.5312348,382,Sem acessibilidade,2026-10-01 14:25:00,190119751681334243319095
UE2015 (Anterior),CANDEIAS,127,81,1676884,COLEGIO MUNICIPAL PROFESSOR DASIO JOSE DE SOUZA,"RUA ITAJUBARA, S/N  - ZONA URBANA",SAO FRANCISCO,43815450,-12.6654345,-38.5312348,383,Sem acessibilidade,2026-10-01 14:35:00,816381484343045220238274
UE2015 (Anterior),CANDEIAS,127,82,1654377,COLEGIO MUNICIPAL PROFESSOR DASIO JOSE DE SOUZA,"RUA ITAJUBARA, S/N  - ZONA URBANA",SAO FRANCISCO,43815450,-12.6654345,-38.5312348,382,Sem acessibilidade,2026-10-01 14:45:00,351735133897673885962283
UE2015 (Anterior),CANDEIAS,127,83,1675512,COLEGIO MUNICIPAL PROFESSOR DASIO JOSE DE SOUZA,"RUA ITAJUBARA, S/N  - ZONA URBANA",SAO FRANCISCO,43815450,-12.6654345,-38.5312348,384,Sem acessibilidade,2026-10-01 14:54:00,159715045277498879544390
UE2015 (Anterior),CANDEIAS,127,84,1655940,ESCOLA MUNICIPAL ALBERTINA DIAS COELHO,"RUA ROÇA GRANDE, S/N - ZONA RURAL",DISTRITO PASSE,43800991,-12.7195571,-38.5212058,369,Sem acessibilidade,2026-10-01 15:05:00,644664642226715624938858
UE2015 (Anterior),CANDEIAS,127,85,1662302,ESCOLA MUNICIPAL ALBERTINA DIAS COELHO,"RUA ROÇA GRANDE, S/N - ZONA RURAL",DISTRITO PASSE,43800991,-12.7195571,-38.5212058,371,Sem acessibilidade,2026-10-01 15:29:00,169816279078693660365095
UE2015 (Anterior),CANDEIAS,127,86,1654793,ESCOLA MUNICIPAL CASTRO ALVES,"RUA RIO DO CUNHA, S/N - ZONA RURAL",DISTRITO PASSE,43800991,-12.7309584,-38.5315092,322,Sem acessibilidade,2026-10-01 15:40:00,543654767116628695959810
UE2015 (Anterior),CANDEIAS,127,87,1666069,ESCOLA MUNICIPAL CASTRO ALVES,"RUA RIO DO CUNHA, S/N - ZONA RURAL",DISTRITO PASSE,43800991,-12.7309584,-38.5315092,324,Sem acessibilidade,2026-10-01 15:58:00,796179129741529123319742
UE2015 (Anterior),CANDEIAS,127,88,1654500,ESCOLA MUNICIPAL ANTÔNIO CRISTINO,RUA DA GAMBOA - ZONA RURAL,DISTRITO PASSE,43800000,-12.7357459,-38.5171221,335,Sem acessibilidade,2026-10-01 16:08:00,129412568974514900027669
UE2015 (Anterior),CANDEIAS,127,89,1657663,ESCOLA MUNICIPAL CONSELHEIRO LUIS VIANA,"RUA 08 DE DEZEMBRO, S/N - ZONA RURAL",DISTRITO MENINO JESUS,43800000,-12.7126826,-38.4521658,358,Sem acessibilidade,2026-10-01 16:18:00,169816712078647693500154
UE2015 (Anterior),CANDEIAS,127,90,1658137,ESCOLA MUNICIPAL CONSELHEIRO LUIS VIANA,"RUA 08 DE DEZEMBRO, S/N - ZONA RURAL",DISTRITO MENINO JESUS,43800000,-12.7126826,-38.4521658,355,Sem acessibilidade,2026-10-01 16:28:00,533553163415102607494437
UE2015 (Anterior),CANDEIAS,127,91,1656207,ESCOLA MUNICIPAL THYERES NOVAIS CERQUEIRA LIMA,"RUA RUI BARBOSA, N 12 - ZONA RURAL",DISTRITO CABOTO,43800990,-12.7515553,-38.5015908,265,Com acessibilidade,2026-10-01 16:38:00,634563370025296310929363
UE2015 (Anterior),CANDEIAS,127,92,1666074,ESCOLA MUNICIPAL UBALDO DE CARVALHO FERREIRA,"KM 37, BR 324 - ZONA RURAL",DISTRITO BOCA DA MATA,43813300,-12.6757156,-38.4676147,292,Com acessibilidade,2026-10-01 16:49:00,361836212098184137880438
UE2015 (Anterior),CANDEIAS,127,93,1668773,ESCOLA MUNIICIPAL ARGENTINA CASTELO BRANCO,"NUCLEO RESIDENCIAL LANDULFO ALVES, BR 324, KM 40 - ZONA RURAL",DISTRITO COLONIA LANDULFO ALVES,43800000,-12.6534689,-38.4761183,278,Com acessibilidade,2026-10-01 17:00:00,624462580424561440591621
UE2015 (Anterior),CANDEIAS,127,94,1652865,ESCOLA MUNICIPAL PADRE JOSE DE ANCHIETA,"RUA DO REINO, N 68 - ZONA RURAL",DISTRITO MADEIRA,43800000,-12.7366966,-38.4732103,328,Sem acessibilidade,2026-10-01 17:11:00,139513200475238789488304
UE2015 (Anterior),CANDEIAS,127,95,1653852,ESCOLA MUNICIPAL TERCIA BORGES,JARDIM OURO NEGRO - ZONA URBANA,OURO NEGRO,43800000,-12.635061,-38.5354476,319,Sem acessibilidade,2026-10-01 17:21:00,664866842828853739054456
UE2015 (Anterior),CANDEIAS,127,96,1654964,ESCOLA MUNICIPAL PADRE MANOEL DA NOBREGA,"RUA DA ESCOLA, S/N - ZONA RURAL",DISTRITO PASSAGEM DOS TEIXEIRAs,43800994,-12.7382642,-38.4471429,346,Sem acessibilidade,2026-10-01 17:32:00,614361906823966729651783
UE2015 (Anterior),CANDEIAS,127,97,1666821,ESCOLA MUNICIPAL PADRE MANOEL DA NOBREGA,"RUA DA ESCOLA, S/N - ZONA RURAL",DISTRITO PASSAGEM DOS TEIXEIRAs,43800994,-12.7382642,-38.4471429,344,Sem acessibilidade,2026-10-01 17:49:00,402240809802338838587836
UE2015 (Anterior),CANDEIAS,127,98,1656032,ESCOLA MUNICIPAL PADRE MANOEL DA NOBREGA,"RUA DA ESCOLA, S/N - ZONA RURAL",DISTRITO PASSAGEM DOS TEIXEIRAs,43800994,-12.7382642,-38.4471429,347,Sem acessibilidade,2026-10-01 18:02:00,937593440455128303416407
UE2015 (Anterior),CANDEIAS,127,99,1675228,GINASIO MUNICIPAL IVONICE COSTA SOTERO,"RUA DA ESCOLA, S/N - ZONA RURAL",DISTRITO PASSAGEM DOS TEIXEIRAs,43800000,-12.7369572,-38.4495954,368,Sem acessibilidade,2026-10-01 18:12:00,745674365536029668824614
UE2015 (Anterior),CANDEIAS,127,100,1652929,ESCOLA MUNICIPAL MILTON MATOS,DISTRITO CURUACU - ZONA RURAL,DISTRITO CURUACU,43800000,-12.6061508,-38.4941546,302,Com acessibilidade,2026-10-01 18:30:00,503250594012828255753966
UE2015 (Anterior),CANDEIAS,127,101,1651651,ESCOLA MUNICIPAL MILTON MATOS,DISTRITO CURUACU - ZONA RURAL,DISTRITO CURUACU,43800000,-12.6061508,-38.4941546,300,Com acessibilidade,2026-10-01 18:01:00,594159798022714035516872
UE2015 (Anterior),CANDEIAS,127,102,1657693,ESCOLA MUNICIPAL 14 DE AGOSTO,"RUA 14 DE AGOSTO, S/N - ZONA RURAL",DISTRITO CAROBA,43800000,-12.6983944,-38.4771988,346,Sem acessibilidade,2026-10-01 17:50:00,139513445076529842248174
UE2015 (Anterior),CANDEIAS,127,103,1658336,ESCOLA MUNICIPAL 14 DE AGOSTO,"RUA 14 DE AGOSTO, S/N - ZONA RURAL",DISTRITO CAROBA,43800000,-12.6983944,-38.4771988,343,Sem acessibilidade,2026-10-01 17:38:00,331533751996107727818052
UE2015 (Anterior),CANDEIAS,127,201,1655609,ESCOLA MUNICIPAL MARGARIDA SOUZA,"PRACA TIRADENTES, N 12 - ZONA URBANA",CENTRO,43805220,-12.6707359,-38.5396853,278,Sem acessibilidade,2026-10-01 17:28:00,897189186352572921541720
UE2015 (Anterior),CANDEIAS,127,202,1673765,CENTRO EDUCACIONAL NOSSA SENHORA DAS CANDEIAS,"RUA DESEMBARGADOR TEIXEIRA DE FREITAS, N 32",PITANGA,43810271,-12.6708015,-38.539662,242,Sem acessibilidade,2026-10-01 12:01:00,412341815661872415377621
UE2015 (Anterior),CANDEIAS,127,203,1655549,ESCOLA MUNICIPALIZADA ADRIANO GORDILHO,"RUA CAMURUGIPE, S/N - ZONA URBANA",TRIANGULO,43815380,-12.6695443,-38.5383725,373,Sem acessibilidade,2026-10-01 10:08:00,180018692938915563559444
UE2015 (Anterior),CANDEIAS,127,204,1675190,ESCOLA MUNICIPAL JONAS BARBOSA DE LIMA,"RUA PRESIDENTE KENNEDY, S/N - ZONA URBANA",CENTRO,43805000,-12.669749,-38.5454783,226,Sem acessibilidade,2026-10-01 10:23:00,725472345192284894493694
UE2015 (Anterior),CANDEIAS,127,206,1674917,COLÉGIO DA POLÍCIA MILITAR FRANCISCO PEDRO DE OLIVEIRA,"RUA GUANABARA, S/N - ZONA URBANA",PITANGA,43810310,-12.6677274,-38.5401092,367,Sem acessibilidade,2026-10-01 10:55:00,291129133049263895159098
UE2015 (Anterior),CANDEIAS,127,207,1656189,ESCOLA MUNICIPAL ALZIRA FERREIRA,RUA ARACAJU - ZONA URBANA,SANTO ANTONIO,43800000,-12.6728891,-38.5391121,356,Sem acessibilidade,2026-10-01 11:08:00,533553488973376323655369
UE2015 (Anterior),CANDEIAS,127,208,1654439,ESCOLA MUNICIPAL SAO JOAO BATISTA,"RUA D, S/N  -  ZONA URBANA",NOVA BRASILIA,43800000,-12.6619549,-38.5475787,249,Sem acessibilidade,2026-10-01 11:19:00,432543492763435252837414
UE2015 (Anterior),CANDEIAS,127,209,1677659,COLÉGIO DA POLÍCIA MILITAR FRANCISCO PEDRO DE OLIVEIRA,"RUA GUANABARA, S/N - ZONA URBANA",PITANGA,43810310,-12.6677274,-38.5401092,308,Sem acessibilidade,2026-10-01 11:29:00,654765823485744110983893
UE2015 (Anterior),CANDEIAS,127,210,1656363,ESCOLA MUNICIPAL SAO JOAO BATISTA,"RUA D, S/N  -  ZONA URBANA",NOVA BRASILIA,43800000,-12.6619549,-38.5475787,252,Sem acessibilidade,2026-10-01 11:39:00,422442671662609510453564
UE2015 (Anterior),CANDEIAS,127,211,1675085,CENTRO ESTADUAL DE EDUCAÇÃO PROFISSIONAL DE CANDEIAS ,"RUA JOSE XAVIER, S/N - ZONA URBANA",MALEMBA,43805580,-12.6766377,-38.5428498,374,Sem acessibilidade,2026-10-01 11:49:00,917391279711188474107919
UE2015 (Anterior),CANDEIAS,127,212,1656051,ESCOLA MUNICIPAL JULIETA VIANA,"RUA GETULIO VARGAS, S/N - ZONA URBANA",AREIA,43825141,-12.6763357,-38.5355992,386,Sem acessibilidade,2026-10-01 12:23:00,382038856258164273671558
UE2015 (Anterior),CANDEIAS,127,213,1656313,ESCOLA MUNICIPAL JULIETA VIANA,"RUA GETULIO VARGAS, S/N - ZONA URBANA",AREIA,43825141,-12.6763357,-38.5355992,387,Sem acessibilidade,2026-10-01 12:32:00,432543016263233216565721
UE2015 (Anterior),CANDEIAS,127,215,1699722,ESCOLA MUNICIPAL LAURENTINO NOLASCO DA CRUZ,RUA TOME DE SOUZA - ZONA URBANA,SARANDY,43800000,-12.6682622,-38.5330937,351,Com acessibilidade,2026-10-01 12:48:00,594159397979901130800247
UE2015 (Anterior),CANDEIAS,127,216,1667178,ESCOLA MUNICIPAL ALFREDO SILVA SERRA,"RUA TEOTONIO VILELA, S/N - ZONA URBANA",MALEMBA,43805100,-12.6794695,-38.5451262,320,Sem acessibilidade,2026-10-01 13:01:00,735573640993303176356918
UE2015 (Anterior),CANDEIAS,127,217,1670296,COLEGIO MUNICIPAL IEDA BARRADAS CARNEIRO,"RUA B, S/N  -   ZONA URBANA",URBIS I,43815000,-12.6575518,-38.5347356,389,Com acessibilidade,2026-10-01 13:14:00,311331332651181226935184
UE2015 (Anterior),CANDEIAS,127,218,1680622,COLEGIO MUNICIPAL PROFESSOR DASIO JOSE DE SOUZA,"RUA ITAJUBARA, S/N  - ZONA URBANA",SAO FRANCISCO,43815450,-12.6654345,-38.5312348,382,Sem acessibilidade,2026-10-01 13:32:00,735573869493649127146459
UE2015 (Anterior),CANDEIAS,127,219,1655990,ESCOLA MUNICIPAL ALBERTINA DIAS COELHO,"RUA ROÇA GRANDE, S/N - ZONA RURAL",DISTRITO PASSE,43800991,-12.7195571,-38.5212058,360,Sem acessibilidade,2026-10-01 13:50:00,725472968592678516543269
UE2015 (Anterior),CANDEIAS,127,220,1678188,ESCOLA MUNICIPAL THYERES NOVAIS CERQUEIRA LIMA,"RUA RUI BARBOSA, N 12 - ZONA RURAL",DISTRITO CABOTO,43800990,-12.7515553,-38.5015908,263,Com acessibilidade,2026-10-01 14:00:00,977997296417587772242202
UE2015 (Anterior),CANDEIAS,127,221,1676224,ESCOLA MUNICIPAL TERCIA BORGES,JARDIM OURO NEGRO - ZONA URBANA,OURO NEGRO,43800000,-12.635061,-38.5354476,318,Sem acessibilidade,2026-10-01 14:13:00,836583263703740657491012
UE2015 (Anterior),CANDEIAS,127,222,1657268,ESCOLA MUNICIPAL 14 DE AGOSTO,"RUA 14 DE AGOSTO, S/N - ZONA RURAL",DISTRITO CAROBA,43800000,-12.6983944,-38.4771988,344,Sem acessibilidade,2026-10-01 14:35:00,634563178483869464802332
UE2015 (Anterior),CANDEIAS,127,251,1676719,CASA DOS ROMEIROS,RUA PIO XI - MATRIZ NOSSA SENHORA DAS CANDEIAS - ZONA URBANA,CENTRO,43800000,-12.6706468,-38.5396931,164,Sem acessibilidade,2026-10-01 14:45:00,523452167572848080022806
UE2015 (Anterior),CANDEIAS,127,252,1657160,COLEGIO MUNICIPAL PROFESSOR DASIO JOSE DE SOUZA,"RUA ITAJUBARA, S/N  - ZONA URBANA",SAO FRANCISCO,43815450,-12.6654345,-38.5312348,382,Sem acessibilidade,2026-10-01 14:54:00,331533087553672849264595
UE2015 (Anterior),CANDEIAS,127,253,1675280,GINASIO MUNICIPAL IVONICE COSTA SOTERO,"RUA DA ESCOLA, S/N - ZONA RURAL",DISTRITO PASSAGEM DOS TEIXEIRAs,43800000,-12.7369572,-38.4495954,371,Sem acessibilidade,2026-10-01 15:14:00,977997837217067968073302
UE2015 (Anterior),CANDEIAS,127,261,1668050,ESCOLA ESTADUAL LUIZ VIANA FILHO,"RUA DESEMBARGADOR TEIXEIRA DE FREITAS, N 10 - ZONA URBANA",PITANGA,43810271,-12.6659228,-38.54349,371,Sem acessibilidade,2026-10-01 15:25:00,735573441793983257006994
UE2015 (Anterior),CANDEIAS,127,262,1674636,CENTRO ESTADUAL DE EDUCAÇÃO PROFISSIONAL DE CANDEIAS ,"RUA JOSE XAVIER, S/N - ZONA URBANA",MALEMBA,43805580,-12.6766377,-38.5428498,367,Sem acessibilidade,2026-10-01 15:38:00,109210920330656602579633
UE2015 (Anterior),CANDEIAS,127,281,1675192,ESCOLA MUNICIPAL PAPA PAULO VI,"RUA DESEMBARGADOR TEIXEIRA DE FREITAS, S/N - ZONA URBANA",PITANGA,43800000,-12.6651335,-38.5440437,361,Sem acessibilidade,2026-10-01 15:51:00,685068536588921787550905
UE2015 (Anterior),CANDEIAS,127,294,1652355,ESCOLA MUNICIPAL DR FRANCISCO GUALBERTO D. FONTES,"KM 40, BR 324 - ZONA RURAL",DISTRITO CANTA GALO,43800000,-12.6643702,-38.5421536,345,Sem acessibilidade,2026-10-01 16:02:00,493149749469464920687963
UE2015 (Anterior),CANDEIAS,127,295,1665531,ESCOLA MUNICIPAL JUNQUEIRA FREIRE,"AV. PINDOBA, S/N - ZONA RURAL",DISTRITO PINDOBA,43800000,-12.6231432,-38.5292932,257,Sem acessibilidade,2026-10-01 16:19:00,8200363920552931167143
UE2015 (Anterior),CANDEIAS,127,296,1654932,ESCOLA ESTADUAL OURO NEGRO,"RUA DOS MISSIONÁRIOS, S/N - ZONA URBANA",CENTRO,43800000,-12.6709222,-38.5457579,193,Sem acessibilidade,2026-10-01 16:38:00,179917647337830489564921
UE2015 (Anterior),CANDEIAS,127,297,1656957,CENTRO EDUCACIONAL NOSSA SENHORA DAS CANDEIAS,"RUA DESEMBARGADOR TEIXEIRA DE FREITAS, N 32",PITANGA,43810271,-12.6708015,-38.539662,187,Sem acessibilidade,2026-10-01 16:48:00,402240988160153891329037
UE2015 (Anterior),CANDEIAS,127,298,1655602,ESCOLA MUNICIPAL CASTRO ALVES,"RUA RIO DO CUNHA, S/N - ZONA RURAL",DISTRITO PASSE,43800991,-12.7309584,-38.5315092,324,Sem acessibilidade,2026-10-01 16:58:00,725472418392564900833871
UE2015 (Anterior),CANDEIAS,127,299,1657759,ESCOLA MUNICIPAL PADRE JOSE DE ANCHIETA,"RUA DO REINO, N 68 - ZONA RURAL",DISTRITO MADEIRA,43800000,-12.7366966,-38.4732103,328,Sem acessibilidade,2026-10-01 17:10:00,179917977137203792817559
UE2015 (Anterior),CANDEIAS,127,300,1650854,ESCOLA MUNICIPAL DR FRANCISCO GUALBERTO D. FONTES,"KM 40, BR 324 - ZONA RURAL",DISTRITO CANTA GALO,43800000,-12.6643702,-38.5421536,324,Sem acessibilidade,2026-10-01 17:25:00,392139669259864457180643
UE2015 (Anterior),CANDEIAS,127,302,1668020,ESCOLA MUNICIPAL JULIETA VIANA,"RUA GETULIO VARGAS, S/N - ZONA URBANA",AREIA,43825141,-12.6763357,-38.5355992,388,Sem acessibilidade,2026-10-01 17:39:00,99109582029935024757870
UE2015 (Anterior),CANDEIAS,127,305,1653867,ESCOLA MUNICIPAL LAURENTINO NOLASCO DA CRUZ,RUA TOME DE SOUZA - ZONA URBANA,SARANDY,43800000,-12.6682622,-38.5330937,350,Com acessibilidade,2026-10-01 17:46:00,442644266264166984237293
UE2015 (Anterior),CANDEIAS,127,308,1677951,ESCOLA MUNICIPAL ALZIRA FERREIRA,RUA ARACAJU - ZONA URBANA,SANTO ANTONIO,43800000,-12.6728891,-38.5391121,354,Sem acessibilidade,2026-10-01 17:58:00,58705202325001191658316
UE2015 (Anterior),CANDEIAS,127,309,1654856,ESCOLA MUNICIPAL JULIETA VIANA,"RUA GETULIO VARGAS, S/N - ZONA URBANA",AREIA,43825141,-12.6763357,-38.5355992,387,Sem acessibilidade,2026-10-01 18:10:00,503250765770646143673460
UE2015 (Anterior),CANDEIAS,127,310,1651262,COLEGIO MUNICIPAL IEDA BARRADAS CARNEIRO,"RUA B, S/N  -   ZONA URBANA",URBIS I,43815000,-12.6575518,-38.5347356,392,Com acessibilidade,2026-10-01 18:33:00,685068028188210016858849
UE2015 (Anterior),CANDEIAS,127,312,1658845,ESCOLA MUNICIPAL CONSELHEIRO LUIS VIANA,"RUA 08 DE DEZEMBRO, S/N - ZONA RURAL",DISTRITO MENINO JESUS,43800000,-12.7126826,-38.4521658,357,Sem acessibilidade,2026-10-01 18:50:00,220422784542727630221306
UE2015 (Anterior),CANDEIAS,127,313,1655319,GINASIO MUNICIPAL IVONICE COSTA SOTERO,"RUA DA ESCOLA, S/N - ZONA RURAL",DISTRITO PASSAGEM DOS TEIXEIRAs,43800000,-12.7369572,-38.4495954,371,Sem acessibilidade,2026-10-01 19:00:00,674967343187831436087009
UE2015 (Anterior),CANDEIAS,127,314,1656565,ESCOLA MUNICIPAL PROFESSOR BENITO SARNO,"ESTRADA DO CEDRO, S/N - ZONA RURAL",POVOADO CEDRO,43800000,-12.657152,-38.4546641,271,Sem acessibilidade,2026-10-01 19:10:00,58705831125302409752887
UE2015 (Anterior),CANDEIAS,127,315,1652261,CENTRO ESTADUAL DE EDUCAÇÃO PROFISSIONAL DE CANDEIAS ,"RUA JOSE XAVIER, S/N - ZONA URBANA",MALEMBA,43805580,-12.6766377,-38.5428498,366,Sem acessibilidade,2026-10-01 19:19:00,745674638794628559457521
UE2015 (Anterior),CANDEIAS,127,316,1673383,ESCOLA MUNICIPAL 14 DE AGOSTO,"RUA 14 DE AGOSTO, S/N - ZONA RURAL",DISTRITO CAROBA,43800000,-12.6983944,-38.4771988,344,Sem acessibilidade,2026-10-01 19:28:00,159715150635055965267509
UE2015 (Anterior),CANDEIAS,127,317,1653539,ESCOLA MUNICIPAL UBALDO DE CARVALHO FERREIRA,"KM 37, BR 324 - ZONA RURAL",DISTRITO BOCA DA MATA,43813300,-12.6757156,-38.4676147,288,Com acessibilidade,2026-10-01 19:39:00,442644552664502085709070
UE2015 (Anterior),CANDEIAS,127,318,1655061,ESCOLA MUNICIPAL ANTONIO CARLOS MAGALHAES,PCA MILTON BULCAO  LEMOS - ZONA URBANA,MALEMBA,43800000,-12.6762513,-38.5436656,332,Sem acessibilidade,2026-10-01 18:59:00,826482040845959055405931
UE2015 (Anterior),CANDEIAS,127,319,1656572,ESCOLA MUNICIPAL LAURENTINO NOLASCO DA CRUZ,RUA TOME DE SOUZA - ZONA URBANA,SARANDY,43800000,-12.6682622,-38.5330937,350,Com acessibilidade,2026-10-01 19:10:00,705270036033955002575994
UE2015 (Anterior),CANDEIAS,127,320,1655984,ESCOLA MUNICIPAL SAO JOAO BATISTA,"RUA D, S/N  -  ZONA URBANA",NOVA BRASILIA,43800000,-12.6619549,-38.5475787,247,Sem acessibilidade,2026-10-01 18:47:00,846684252247743808739593
UE2015 (Anterior),CANDEIAS,127,321,1656211,COLEGIO MUNICIPAL IEDA BARRADAS CARNEIRO,"RUA B, S/N  -   ZONA URBANA",URBIS I,43815000,-12.6575518,-38.5347356,391,Com acessibilidade,2026-10-01 19:26:00,78907590170837664681367
UE2015 (Anterior),CANDEIAS,127,322,1680731,COLÉGIO DA POLÍCIA MILITAR FRANCISCO PEDRO DE OLIVEIRA,"RUA GUANABARA, S/N - ZONA URBANA",PITANGA,43810310,-12.6677274,-38.5401092,366,Sem acessibilidade,2026-10-01 19:36:00,452745087508309469356329
UE2015 (Anterior),CANDEIAS,127,323,1682063,ESCOLA MUNICIPAL 14 DE AGOSTO,"RUA 14 DE AGOSTO, S/N - ZONA RURAL",DISTRITO CAROBA,43800000,-12.6983944,-38.4771988,345,Sem acessibilidade,2026-10-01 19:41:00,260826007689850567834211
UE2015 (Anterior),CANDEIAS,127,324,1675679,COLEGIO MUNICIPAL IEDA BARRADAS CARNEIRO,"RUA B, S/N  -   ZONA URBANA",URBIS I,43815000,-12.6575518,-38.5347356,391,Com acessibilidade,2026-10-01 20:19:00,78907928027037312005786
UE2015 (Anterior),CANDEIAS,127,325,1674432,COLEGIO MUNICIPAL IEDA BARRADAS CARNEIRO,"RUA B, S/N  -   ZONA URBANA",URBIS I,43815000,-12.6575518,-38.5347356,389,Com acessibilidade,2026-10-01 09:58:00,179917136058276871807712
UE2015 (Anterior),CANDEIAS,127,326,1680929,ESCOLA MUNICIPALIZADA ADRIANO GORDILHO,"RUA CAMURUGIPE, S/N - ZONA URBANA",TRIANGULO,43815380,-12.6695443,-38.5383725,374,Sem acessibilidade,2026-10-01 10:08:00,755775828016481019853204
UE2015 (Anterior),CANDEIAS,127,327,1672829,ESCOLA MUNICIPAL JULIETA VIANA,"RUA GETULIO VARGAS, S/N - ZONA URBANA",AREIA,43825141,-12.6763357,-38.5355992,386,Sem acessibilidade,2026-10-01 10:18:00,99109271450912089850212
UE2015 (Anterior),CANDEIAS,127,328,1657488,ESCOLA MUNICIPAL JULIETA VIANA,"RUA GETULIO VARGAS, S/N - ZONA URBANA",AREIA,43825141,-12.6763357,-38.5355992,388,Sem acessibilidade,2026-10-01 10:28:00,331533629074248847962122
UE2015 (Anterior),CANDEIAS,127,329,1674263,ESCOLA ESTADUAL LUIZ VIANA FILHO,"RUA DESEMBARGADOR TEIXEIRA DE FREITAS, N 10 - ZONA URBANA",PITANGA,43810271,-12.6659228,-38.54349,370,Sem acessibilidade,2026-10-01 10:50:00,836583235424457431530198
UE2015 (Anterior),CANDEIAS,127,330,1675204,ESCOLA MUNICIPAL PAPA PAULO VI,"RUA DESEMBARGADOR TEIXEIRA DE FREITAS, S/N - ZONA URBANA",PITANGA,43800000,-12.6651335,-38.5440437,363,Sem acessibilidade,2026-10-01 11:13:00,89008563149661256324839
UE2015 (Anterior),CANDEIAS,127,331,1650261,ESCOLA MUNICIPAL EDITH DIAS DOS SANTOS,"RUA SANTA ISABEL, N 01 - ZONA URBANA  ",MALEMBA,43825290,-12.6789124,-38.5448475,353,Com acessibilidade,2026-10-01 11:23:00,190119781460860025313388
UE2015 (Anterior),CANDEIAS,127,332,1657985,ESCOLA MUNICIPAL ALFREDO SILVA SERRA,"RUA TEOTONIO VILELA, S/N - ZONA URBANA",MALEMBA,43805100,-12.6794695,-38.5451262,319,Sem acessibilidade,2026-10-01 11:33:00,897189595430658270705958
UE2015 (Anterior),CANDEIAS,127,333,1654556,COLÉGIO DA POLÍCIA MILITAR FRANCISCO PEDRO DE OLIVEIRA,"RUA GUANABARA, S/N - ZONA URBANA",PITANGA,43810310,-12.6677274,-38.5401092,368,Sem acessibilidade,2026-10-01 11:43:00,998199808540847852202259
UE2015 (Anterior),CANDEIAS,127,334,1654531,ESCOLA MUNICIPAL TERCIA BORGES,JARDIM OURO NEGRO - ZONA URBANA,OURO NEGRO,43800000,-12.635061,-38.5354476,320,Sem acessibilidade,2026-10-01 11:52:00,584058507799457799931418
UE2015 (Anterior),CANDEIAS,127,335,1675804,COLEGIO MUNICIPAL PROFESSOR DASIO JOSE DE SOUZA,"RUA ITAJUBARA, S/N  - ZONA URBANA",SAO FRANCISCO,43815450,-12.6654345,-38.5312348,382,Sem acessibilidade,2026-10-01 12:05:00,513351541692251633101773
UE2015 (Anterior),CANDEIAS,127,336,1674389,CENTRO ESTADUAL DE EDUCAÇÃO PROFISSIONAL DE CANDEIAS ,"RUA JOSE XAVIER, S/N - ZONA URBANA",MALEMBA,43805580,-12.6766377,-38.5428498,367,Sem acessibilidade,2026-10-01 12:16:00,442644589885345584589150
UE2015 (Anterior),CANDEIAS,127,337,1671525,ESCOLA MUNICIPALIZADA ADRIANO GORDILHO,"RUA CAMURUGIPE, S/N - ZONA URBANA",TRIANGULO,43815380,-12.6695443,-38.5383725,372,Sem acessibilidade,2026-10-01 12:26:00,503250758991495976059187
UE2015 (Anterior),CANDEIAS,127,338,1655772,ESCOLA MUNICIPAL CONSELHEIRO LUIS VIANA,"RUA 08 DE DEZEMBRO, S/N - ZONA RURAL",DISTRITO MENINO JESUS,43800000,-12.7126826,-38.4521658,358,Sem acessibilidade,2026-10-01 12:37:00,432543793884584880594781
UE2015 (Anterior),CANDEIAS,127,339,1674803,ESCOLA MUNICIPAL ALBERTINA DIAS COELHO,"RUA ROÇA GRANDE, S/N - ZONA RURAL",DISTRITO PASSE,43800991,-12.7195571,-38.5212058,369,Sem acessibilidade,2026-10-01 13:28:00,907290373731142013484482
UE2015 (Anterior),CANDEIAS,127,340,1656101,ESCOLA MUNICIPAL THYERES NOVAIS CERQUEIRA LIMA,"RUA RUI BARBOSA, N 12 - ZONA RURAL",DISTRITO CABOTO,43800990,-12.7515553,-38.5015908,264,Com acessibilidade,2026-10-01 12:52:00,573957123398559712658652
UE2015 (Anterior),CANDEIAS,127,342,1657866,COLEGIO MUNICIPAL IEDA BARRADAS CARNEIRO,"RUA B, S/N  -   ZONA URBANA",URBIS I,43815000,-12.6575518,-38.5347356,390,Com acessibilidade,2026-10-01 13:03:00,442644218985151180805325
UE2015 (Anterior),CANDEIAS,127,343,1652446,COLÉGIO DA POLÍCIA MILITAR FRANCISCO PEDRO DE OLIVEIRA,"RUA GUANABARA, S/N - ZONA URBANA",PITANGA,43810310,-12.6677274,-38.5401092,372,Sem acessibilidade,2026-10-01 13:18:00,866886743627019357626029
UE2015 (Anterior),CANDEIAS,127,344,1673916,ESCOLA MUNICIPAL 14 DE AGOSTO,"RUA 14 DE AGOSTO, S/N - ZONA RURAL",DISTRITO CAROBA,43800000,-12.6983944,-38.4771988,344,Sem acessibilidade,2026-10-01 13:42:00,382038372179380279480552
UE2015 (Anterior),CANDEIAS,127,345,1650237,COLÉGIO DA POLÍCIA MILITAR FRANCISCO PEDRO DE OLIVEIRA,"RUA GUANABARA, S/N - ZONA URBANA",PITANGA,43810310,-12.6677274,-38.5401092,369,Sem acessibilidade,2026-10-01 13:53:00,119311212752274883509353
UE2015 (Anterior),CANDEIAS,127,346,1654960,CENTRO ESTADUAL DE EDUCAÇÃO PROFISSIONAL DE CANDEIAS ,"RUA JOSE XAVIER, S/N - ZONA URBANA",MALEMBA,43805580,-12.6766377,-38.5428498,367,Sem acessibilidade,2026-10-01 14:04:00,755775964616640479272930
UE2015 (Anterior),CANDEIAS,127,347,1656670,COLÉGIO DA POLÍCIA MILITAR FRANCISCO PEDRO DE OLIVEIRA,"RUA GUANABARA, S/N - ZONA URBANA",PITANGA,43810310,-12.6677274,-38.5401092,367,Sem acessibilidade,2026-10-01 14:23:00,68806388547067773987717
UE2015 (Anterior),CANDEIAS,127,348,1672812,ESCOLA MUNICIPAL JUNQUEIRA FREIRE,"AV. PINDOBA, S/N - ZONA RURAL",DISTRITO PINDOBA,43800000,-12.6231432,-38.5292932,255,Sem acessibilidade,2026-10-01 14:32:00,432543867484457286325131
UE2015 (Anterior),CANDEIAS,127,349,1657147,COLÉGIO DA POLÍCIA MILITAR FRANCISCO PEDRO DE OLIVEIRA,"RUA GUANABARA, S/N - ZONA URBANA",PITANGA,43810310,-12.6677274,-38.5401092,376,Sem acessibilidade,2026-10-01 14:42:00,897189437230007446301155
UE2015 (Anterior),CANDEIAS,127,350,1675465,COLÉGIO DA POLÍCIA MILITAR FRANCISCO PEDRO DE OLIVEIRA,"RUA GUANABARA, S/N - ZONA URBANA",PITANGA,43810310,-12.6677274,-38.5401092,362,Sem acessibilidade,2026-10-01 11:49:00,382038005001654866720143
UE2015 (Anterior),CANDEIAS,127,351,1674234,CENTRO ESTADUAL DE EDUCAÇÃO PROFISSIONAL DE CANDEIAS ,"RUA JOSE XAVIER, S/N - ZONA URBANA",MALEMBA,43805580,-12.6766377,-38.5428498,366,Sem acessibilidade,2026-10-01 12:01:00,250725987288716216626317
UE2015 (Anterior),CANDEIAS,127,352,1670950,COLÉGIO DA POLÍCIA MILITAR FRANCISCO PEDRO DE OLIVEIRA,"RUA GUANABARA, S/N - ZONA URBANA",PITANGA,43810310,-12.6677274,-38.5401092,368,Sem acessibilidade,2026-10-01 12:14:00,644664481027400212067750
UE2015 (Anterior),CANDEIAS,127,353,1651837,ESCOLA MUNICIPAL ALFREDO SILVA SERRA,"RUA TEOTONIO VILELA, S/N - ZONA URBANA",MALEMBA,43805100,-12.6794695,-38.5451262,318,Sem acessibilidade,2026-10-01 12:27:00,89008037571144073338240
UE2015 (Anterior),CANDEIAS,127,354,1667009,GINASIO MUNICIPAL IVONICE COSTA SOTERO,"RUA DA ESCOLA, S/N - ZONA RURAL",DISTRITO PASSAGEM DOS TEIXEIRAs,43800000,-12.7369572,-38.4495954,371,Sem acessibilidade,2026-10-01 12:42:00,109210167173994142396162
UE2015 (Anterior),CANDEIAS,127,355,1676766,ESCOLA MUNICIPAL 14 DE AGOSTO,"RUA 14 DE AGOSTO, S/N - ZONA RURAL",DISTRITO CAROBA,43800000,-12.6983944,-38.4771988,345,Sem acessibilidade,2026-10-01 12:54:00,331533508496455274061867
UE2015 (Anterior),CANDEIAS,127,356,1665532,COLEGIO MUNICIPAL PROFESSOR DASIO JOSE DE SOUZA,"RUA ITAJUBARA, S/N  - ZONA URBANA",SAO FRANCISCO,43815450,-12.6654345,-38.5312348,320,Sem acessibilidade,2026-10-01 13:07:00,89008365671071305195917
UE2015 (Anterior),CANDEIAS,127,357,1655405,ESCOLA MUNICIPAL CONSELHEIRO LUIS VIANA,"RUA 08 DE DEZEMBRO, S/N - ZONA RURAL",DISTRITO MENINO JESUS,43800000,-12.7126826,-38.4521658,353,Sem acessibilidade,2026-10-01 13:20:00,866886251049542344546799
UE2015 (Anterior),CANDEIAS,127,358,1676797,ESCOLA MUNICIPAL TERCIA BORGES,JARDIM OURO NEGRO - ZONA URBANA,OURO NEGRO,43800000,-12.635061,-38.5354476,319,Sem acessibilidade,2026-10-01 13:33:00,977997479060950774268836
UE2015 (Anterior),CANDEIAS,127,360,1654447,ESCOLA MUNICIPAL 14 DE AGOSTO,"RUA 14 DE AGOSTO, S/N - ZONA RURAL",DISTRITO CAROBA,43800000,-12.6983944,-38.4771988,345,Sem acessibilidade,2026-10-01 13:47:00,392139081602740893344800
UE2015 (Anterior),CANDEIAS,127,361,1670037,COLEGIO MUNICIPAL PROFESSOR DASIO JOSE DE SOUZA,"RUA ITAJUBARA, S/N  - ZONA URBANA",SAO FRANCISCO,43815450,-12.6654345,-38.5312348,321,Sem acessibilidade,2026-10-01 13:59:00,200220004483783408386028
UE2015 (Anterior),CANDEIAS,127,362,1676794,COLEGIO MUNICIPAL PROFESSOR DASIO JOSE DE SOUZA,"RUA ITAJUBARA, S/N  - ZONA URBANA",SAO FRANCISCO,43815450,-12.6654345,-38.5312348,381,Sem acessibilidade,2026-10-01 14:12:00,573957482320416366624996
UE2015 (Anterior),CANDEIAS,127,363,1676225,COLÉGIO DA POLÍCIA MILITAR FRANCISCO PEDRO DE OLIVEIRA,"RUA GUANABARA, S/N - ZONA URBANA",PITANGA,43810310,-12.6677274,-38.5401092,351,Sem acessibilidade,2026-10-01 14:26:00,331533359696547223630113
UE2015 (Anterior),CANDEIAS,127,364,1656423,ESCOLA MUNICIPAL LAURENTINO NOLASCO DA CRUZ,RUA TOME DE SOUZA - ZONA URBANA,SARANDY,43800000,-12.6682622,-38.5330937,347,Sem acessibilidade,2026-10-01 14:38:00,503250638713946939383270
UE2015 (Anterior),CANDEIAS,127,365,1654578,ESCOLA MUNICIPAL DR FRANCISCO GUALBERTO D. FONTES,"KM 40, BR 324 - ZONA RURAL",DISTRITO CANTA GALO,43800000,-12.6643702,-38.5421536,133,Sem acessibilidade,2026-10-01 14:52:00,8200242663205965155626
UE2015 (Anterior),CANDEIAS,127,366,1676448,CENTRO ESTADUAL DE EDUCAÇÃO PROFISSIONAL DE CANDEIAS ,"RUA JOSE XAVIER, S/N - ZONA URBANA",MALEMBA,43805580,-12.6766377,-38.5428498,361,Sem acessibilidade,2026-10-01 15:06:00,412341766704552684857298
UE2015 (Anterior),CANDEIAS,127,367,1676027,ESCOLA MUNICIPAL ALBERTINA DIAS COELHO,"RUA ROÇA GRANDE, S/N - ZONA RURAL",DISTRITO PASSE,43800991,-12.7195571,-38.5212058,147,Sem acessibilidade,2026-10-01 15:19:00,614361072824056314934450
UE2015 (Anterior),CANDEIAS,127,368,1656100,COLÉGIO DA POLÍCIA MILITAR FRANCISCO PEDRO DE OLIVEIRA,"RUA GUANABARA, S/N - ZONA URBANA",PITANGA,43810310,-12.6677274,-38.5401092,232,Sem acessibilidade,2026-10-01 15:32:00,78907647470209448543422
UE2015 (Anterior),CANÁPOLIS,99,24,1809684,PREDIO ESCOLAR ODILIO DOMINGUES,"PRACA ODILIO DOMINGUES, SN - ZONA URBANA",CENTRO,47730000,-13.069847,-44.2038014,220,Com acessibilidade,2026-09-29 09:17:00,690831278118221218936727
UE2015 (Anterior),CANÁPOLIS,99,25,1809408,PREDIO ESCOLAR ODILIO DOMINGUES,"PRACA ODILIO DOMINGUES, SN - ZONA URBANA",CENTRO,47730000,-13.069847,-44.2038014,222,Com acessibilidade,2026-09-29 09:28:00,508912199699199835028585
UE2015 (Anterior),CANÁPOLIS,99,26,1765260,PREDIO ESCOLAR D. BOSCO,"PRACA ODILIO DOMINGUES, SN - ZONA URBANA",CENTRO,47730000,-13.0696114,-44.1988784,310,Com acessibilidade,2026-09-29 09:38:00,448306249393226956687106
UE2015 (Anterior),CANÁPOLIS,99,27,1759856,PREDIO ESCOLAR D. BOSCO,"PRACA ODILIO DOMINGUES, SN - ZONA URBANA",CENTRO,47730000,-13.0696114,-44.1988784,309,Com acessibilidade,2026-09-29 09:50:00,559417461404952321287136
UE2015 (Anterior),CANÁPOLIS,99,28,1809053,CENTRO EDUCATIVO RUY BARBOSA,"RUA PATRICIO DE QUEIROZ, S/N - ZONA URBANA",CENTRO,47730000,-13.0692047,-44.1994138,286,Com acessibilidade,2026-09-29 10:00:00,539215558102567354802375
UE2015 (Anterior),CANÁPOLIS,99,29,1835041,CENTRO EDUCACIONAL CANAPOLENSE,"RUA PATRÍCIO DE QUEIROZ, S/N, CENTRO, CANÁPOLIS/BA",CENTRO,47730000,-13.0690981,-44.1994248,359,Com acessibilidade,2026-09-29 10:10:00,347396473083461339782050
UE2015 (Anterior),CANÁPOLIS,99,30,1847546,CENTRO EDUCATIVO RUY BARBOSA,"RUA PATRICIO DE QUEIROZ, S/N - ZONA URBANA",CENTRO,47730000,-13.0692047,-44.1994138,275,Com acessibilidade,2026-09-29 10:19:00,711033927620463613312919
UE2015 (Anterior),CANÁPOLIS,99,31,1771577,PREDIO ESCOLAR PADRE JOSE DE ANCHIETA,AV. FAUSTINO DE QUEIROZ S/N - ZONA URBANA,CENTRO,47730000,-13.074018,-44.2019851,330,Sem acessibilidade,2026-09-29 10:29:00,185780503767020604725912
UE2015 (Anterior),CANÁPOLIS,99,32,1838005,PREDIO ESCOLAR PADRE JOSE DE ANCHIETA,AV. FAUSTINO DE QUEIROZ S/N - ZONA URBANA,CENTRO,47730000,-13.074018,-44.2019851,312,Sem acessibilidade,2026-09-29 10:42:00,913053340640442476489309
UE2015 (Anterior),CANÁPOLIS,99,34,1835133,PREDIO ESCOLAR ANTONIO PEREIRA MENDES,POVOADO REPRESA - ZONA RURAL,POVOADO REPRESA,47730000,-13.0727238,-44.1395843,283,Com acessibilidade,2026-09-29 10:52:00,973659620746592222266927
UE2015 (Anterior),CANÁPOLIS,99,35,1815381,PREDIO ESCOLAR ANTONIO PEREIRA MENDES,POVOADO REPRESA - ZONA RURAL,POVOADO REPRESA,47730000,-13.0727238,-44.1395843,277,Com acessibilidade,2026-09-29 11:02:00,387700147787665736584910
UE2015 (Anterior),CANÁPOLIS,99,36,1751458,ESCOLA MUNICIPAL WALDECK ORNELAS,"RUA DO CAMPO, S/N - ZONA RURAL",POVOADO SANTO ANTONIO,47730000,-13.191605,-44.1560717,356,Sem acessibilidade,2026-09-29 11:11:00,14063887850310642322312
UE2015 (Anterior),CANÁPOLIS,99,37,1769841,ESCOLA MUNICIPAL WALDECK ORNELAS,"RUA DO CAMPO, S/N - ZONA RURAL",POVOADO SANTO ANTONIO,47730000,-13.191605,-44.1560717,358,Sem acessibilidade,2026-09-29 11:22:00,448306425893905017004617
UE2015 (Anterior),CANÁPOLIS,99,38,1826095,PREDIO ESCOLAR SABINO LOURENCO DA SILVA,POVOADO BARREIRO - ZONA RURAL,POVOADO BARREIRO,47730000,-13.1643801,-44.2094499,284,Com acessibilidade,2026-09-29 11:39:00,993861088448030006483592
UE2015 (Anterior),CANÁPOLIS,99,39,1837917,PREDIO ESCOLAR SABINO LOURENCO DA SILVA,POVOADO BARREIRO - ZONA RURAL,POVOADO BARREIRO,47730000,-13.1643801,-44.2094499,284,Com acessibilidade,2026-09-29 11:49:00,266588462475390694569814
UE2015 (Anterior),CANÁPOLIS,99,40,1779862,PREDIO ESCOLAR JOSE MIGUEL DOS SANTOS,POVOADO BREJINHO - ZONA RURAL,POVOADO BREJINHO,47730000,-13.003185,-44.20937,197,Sem acessibilidade,2026-09-29 11:58:00,125174406861272855257754
UE2015 (Anterior),CANÁPOLIS,99,41,1790780,PREDIO ESCOLAR VITAL ALVES DE SOUZA,POVOADO CANABRAVA - ZONA RURAL,POVOADO CANABRAVA,47730000,-13.0713383,-44.1023228,268,Sem acessibilidade,2026-09-29 12:08:00,488710874211293298882665
UE2015 (Anterior),CANÁPOLIS,99,146,1796016,CENTRO EDUCACIONAL CANAPOLENSE,"RUA PATRÍCIO DE QUEIROZ, S/N, CENTRO, CANÁPOLIS/BA",CENTRO,47730000,-13.0690981,-44.1994248,377,Com acessibilidade,2026-09-29 15:04:00,731235764936592176359531
UE2015 (Anterior),CANÁPOLIS,99,160,1838138,CENTRO EDUCATIVO RUY BARBOSA,"RUA PATRICIO DE QUEIROZ, S/N - ZONA URBANA",CENTRO,47730000,-13.0692047,-44.1994138,274,Com acessibilidade,2026-09-29 12:26:00,246386750687091711073421
UE2015 (Anterior),CANÁPOLIS,99,164,1781461,PREDIO ESCOLAR DA VACA MORTA,POVOADO VACA MORTA - ZONA RURAL,POVOADO VACA MORTA,47730000,-13.0271317,-44.2462267,189,Com acessibilidade,2026-09-29 12:55:00,185780137681237797359729
UE2015 (Anterior),CANÁPOLIS,99,171,1788230,PREDIO ESCOLAR JOSE MIGUEL DOS SANTOS,POVOADO BREJINHO - ZONA RURAL,POVOADO BREJINHO,47730000,-13.003185,-44.20937,196,Sem acessibilidade,2026-09-29 13:09:00,812043504644804926250125
UE2015 (Anterior),CANÁPOLIS,99,180,1771760,PREDIO ESCOLAR SABINO LOURENCO DA SILVA,POVOADO BARREIRO - ZONA RURAL,POVOADO BARREIRO,47730000,-13.1643801,-44.2094499,283,Sem acessibilidade,2026-09-29 13:21:00,24164676165635614231484
UE2015 (Anterior),CANÁPOLIS,99,186,1752466,PREDIO ESCOLAR SABINO LOURENCO DA SILVA,POVOADO BARREIRO - ZONA RURAL,POVOADO BARREIRO,47730000,-13.1643801,-44.2094499,283,Sem acessibilidade,2026-09-29 13:29:00,145376459377310003708130
UE2015 (Anterior),CANÁPOLIS,99,187,1793033,PREDIO ESCOLAR SABINO LOURENCO DA SILVA,POVOADO BARREIRO - ZONA RURAL,POVOADO BARREIRO,47730000,-13.1643801,-44.2094499,285,Sem acessibilidade,2026-09-29 13:39:00,973659394160233787318246
UE2015 (Anterior),CANÁPOLIS,99,188,1754285,PREDIO ESCOLAR DA VACA MORTA,POVOADO VACA MORTA - ZONA RURAL,POVOADO VACA MORTA,47730000,-13.0271317,-44.2462267,189,Com acessibilidade,2026-09-29 13:49:00,791841327542149920925052
UE2015 (Anterior),CANÁPOLIS,99,195,1795922,PREDIO ESCOLAR ODILIO DOMINGUES,"PRACA ODILIO DOMINGUES, SN - ZONA URBANA",CENTRO,47730000,-13.069847,-44.2038014,219,Com acessibilidade,2026-09-29 13:58:00,367598634199731618290926
UE2015 (Anterior),CANÁPOLIS,99,197,1780087,CENTRO EDUCATIVO RUY BARBOSA,"RUA PATRICIO DE QUEIROZ, S/N - ZONA URBANA",CENTRO,47730000,-13.0692047,-44.1994138,276,Com acessibilidade,2026-09-29 14:07:00,347396833197304054563745
UE2015 (Anterior),CANÁPOLIS,99,198,1766862,CENTRO EDUCACIONAL CANAPOLENSE,"RUA PATRÍCIO DE QUEIROZ, S/N, CENTRO, CANÁPOLIS/BA",CENTRO,47730000,-13.0690981,-44.1994248,363,Com acessibilidade,2026-09-29 14:23:00,418003015904276635063716
UE2015 (Anterior),CANÁPOLIS,99,204,1795250,CENTRO EDUCATIVO RUY BARBOSA,"RUA PATRICIO DE QUEIROZ, S/N - ZONA URBANA",CENTRO,47730000,-13.0692047,-44.1994138,274,Com acessibilidade,2026-09-29 14:32:00,357497970698231929751031
UE2015 (Anterior),CANÁPOLIS,99,205,1779584,PREDIO ESCOLAR PADRE JOSE DE ANCHIETA,AV. FAUSTINO DE QUEIROZ S/N - ZONA URBANA,CENTRO,47730000,-13.074018,-44.2019851,217,Sem acessibilidade,2026-09-29 14:41:00,498811222412391241907126
UE2015 (Anterior),CANÁPOLIS,99,206,1753164,CENTRO EDUCACIONAL CANAPOLENSE,"RUA PATRÍCIO DE QUEIROZ, S/N, CENTRO, CANÁPOLIS/BA",CENTRO,47730000,-13.0690981,-44.1994248,118,Sem acessibilidade,2026-09-29 14:49:00,902952743953360065412044
UE2015 (Anterior),CHORROCHÓ,158,19,1781226,GRUPO ESCOLAR LAURO DE FREITAS,RUA VEREADOR FRANCISCO PEREIRA - ZONA URBANA,CENTRO,48660000,-8.9788561,-39.1011451,322,Com acessibilidade,2026-09-23 10:14:00,854917913063716662515577
UE2015 (Anterior),CHORROCHÓ,158,20,1825784,GRUPO ESCOLAR LAURO DE FREITAS,RUA VEREADOR FRANCISCO PEREIRA - ZONA URBANA,CENTRO,48660000,-8.9788561,-39.1011451,326,Com acessibilidade,2026-09-23 10:23:00,632795776841519335544153
UE2015 (Anterior),CHORROCHÓ,158,21,1762854,GRUPO ESCOLAR LAURO DE FREITAS,RUA VEREADOR FRANCISCO PEREIRA - ZONA URBANA,CENTRO,48660000,-8.9788561,-39.1011451,319,Com acessibilidade,2026-09-23 10:32:00,117543360089013417697446
UE2015 (Anterior),CHORROCHÓ,158,22,1769958,COLÉGIO ESTADUAL SÃO JOSÉ,RUA DAS CASAS POPULARES - LOTEAMENTO SOL DO SERTÃO,CENTRO,48660000,-8.9748652,-39.1051646,229,Com acessibilidade,2026-09-23 10:41:00,551987915033471830983903
UE2015 (Anterior),CHORROCHÓ,158,23,1838180,COLÉGIO ESTADUAL SÃO JOSÉ,RUA DAS CASAS POPULARES - LOTEAMENTO SOL DO SERTÃO,CENTRO,48660000,-8.9748652,-39.1051646,228,Com acessibilidade,2026-09-23 10:50:00,642896112942586419956289
UE2015 (Anterior),CHORROCHÓ,158,24,1821592,COLÉGIO MUNICIPAL SENHOR DO BONFIM,"RUA MARECHAL CASTELO BRANCO, CENTRO, CHORROCHÓ-BA",CENTRO,48660000,-8.9781856,-39.1020191,313,Com acessibilidade,2026-09-23 10:59:00,481280069626055887033314
UE2015 (Anterior),CHORROCHÓ,158,25,1772026,COLÉGIO MUNICIPAL SENHOR DO BONFIM,"RUA MARECHAL CASTELO BRANCO, CENTRO, CHORROCHÓ-BA",CENTRO,48660000,-8.9781856,-39.1020191,311,Com acessibilidade,2026-09-23 11:08:00,248856935302406675393727
UE2015 (Anterior),CHORROCHÓ,158,26,1785812,GRUPO ESCOLAR LAURO DE FREITAS,RUA VEREADOR FRANCISCO PEREIRA - ZONA URBANA,CENTRO,48660000,-8.9788561,-39.1011451,327,Com acessibilidade,2026-09-23 11:17:00,410573211719596868791406
UE2015 (Anterior),CHORROCHÓ,158,27,1769817,ESCOLA MUNICIPAL BENTO FREIRE DE SOUZA,"RUA OCEANICA, DISTRIDO DE BARRA DO TARRACHIL, ZONA RURAL, CHORROCHÓ-BA",POVOADO BARRA DO TARRACHIL,48660000,-8.82355,-38.9797417,175,Com acessibilidade,2026-09-23 11:26:00,955927863073152595399036
UE2015 (Anterior),CHORROCHÓ,158,29,1808817,ESCOLA MUNICIPAL BENTO FREIRE DE SOUZA,"RUA OCEANICA, DISTRIDO DE BARRA DO TARRACHIL, ZONA RURAL, CHORROCHÓ-BA",POVOADO BARRA DO TARRACHIL,48660000,-8.82355,-38.9797417,175,Com acessibilidade,2026-09-23 11:35:00,117543247889339174644734
UE2015 (Anterior),CHORROCHÓ,158,31,1762335,ESCOLA MUNICIPAL BENTO FREIRE DE SOUZA,"RUA OCEANICA, DISTRIDO DE BARRA DO TARRACHIL, ZONA RURAL, CHORROCHÓ-BA",POVOADO BARRA DO TARRACHIL,48660000,-8.82355,-38.9797417,177,Com acessibilidade,2026-09-23 11:56:00,703402021148170640773415
UE2015 (Anterior),CHORROCHÓ,158,32,1810670,ESCOLA ESTADUAL MARIA DE LOURDES LIMA PEREIRA,"RUA CASTRO ALVES, BARRA DO TARRACHIL, ZONA RURAL, CHORROCHÓ/BA",POVOADO BARRA DO TARRACHIL,48660000,-8.8251814,-38.9826759,377,Com acessibilidade,2026-09-23 12:05:00,986230419376048860948495
UE2015 (Anterior),CHORROCHÓ,158,33,1780189,ESCOLA ESTADUAL MARIA DE LOURDES LIMA PEREIRA,"RUA CASTRO ALVES, BARRA DO TARRACHIL, ZONA RURAL, CHORROCHÓ/BA",POVOADO BARRA DO TARRACHIL,48660000,-8.8251814,-38.9826759,377,Com acessibilidade,2026-09-23 13:11:00,107442643288087180393509
UE2015 (Anterior),CHORROCHÓ,158,35,1775666,ESCOLA MUNICIPAL FAVO DE MEL,"POVOADO DE SÃO JOSE, ZONA RURAL, CHORROCHÓ-BA",POVOADO SAO JOSE,48660000,-9.164985,-39.1746667,275,Sem acessibilidade,2026-09-23 13:21:00,713503471349785144226987
UE2015 (Anterior),CHORROCHÓ,158,36,1836606,ESCOLA MUNICIPAL MARIA ALVES DE SÁ,"POVOADO DE CARAIBAS, ZONA RURAL",POVOADO CARAIBAS,48660000,-9.3647839,-39.0855169,228,Com acessibilidade,2026-09-23 13:31:00,67038935484228882044668
UE2015 (Anterior),CHORROCHÓ,158,37,1764693,ESCOLA MUNICIPAL MARIA ALVES DE SÁ,"POVOADO DE CARAIBAS, ZONA RURAL",POVOADO CARAIBAS,48660000,-9.3647839,-39.0855169,223,Com acessibilidade,2026-09-23 13:40:00,450977437323630499724794
UE2015 (Anterior),CHORROCHÓ,158,38,1764014,ESCOLA MUNICIPAL MARIA ALVES DE SÁ,"POVOADO DE CARAIBAS, ZONA RURAL",POVOADO CARAIBAS,48660000,-9.3647839,-39.0855169,229,Com acessibilidade,2026-09-23 10:14:00,188250272542046499418969
UE2015 (Anterior),CHORROCHÓ,158,39,1765340,ESCOLA MUNICIPAL MARIA ALVES DE SÁ,"POVOADO DE CARAIBAS, ZONA RURAL",POVOADO CARAIBAS,48660000,-9.3647839,-39.0855169,222,Sem acessibilidade,2026-09-23 10:24:00,208452405444154618470060
UE2015 (Anterior),CHORROCHÓ,158,40,1802977,ESCOLA MUNICIPAL DE VARZEA DA EMA,"POVOADO VARZEA DA EMA, ZONA RURAL, CHORROCHÓ-BA",POVOADO VARZEA DA EMA,48660000,-9.5000233,-38.9886183,81,Sem acessibilidade,2026-09-23 10:33:00,157947430139127683796677
UE2015 (Anterior),CHORROCHÓ,158,64,1753954,COLÉGIO ESTADUAL SÃO JOSÉ,RUA DAS CASAS POPULARES - LOTEAMENTO SOL DO SERTÃO,CENTRO,48660000,-8.9748652,-39.1051646,232,Com acessibilidade,2026-09-23 10:42:00,663098526090656818838512
UE2015 (Anterior),CHORROCHÓ,158,68,1762705,ESCOLA MUNICIPAL FAVO DE MEL,"POVOADO DE SÃO JOSE, ZONA RURAL, CHORROCHÓ-BA",POVOADO SAO JOSE,48660000,-9.164985,-39.1746667,275,Sem acessibilidade,2026-09-23 10:50:00,632795939987573471294102
UE2015 (Anterior),CHORROCHÓ,158,69,1781299,COLÉGIO ESTADUAL SÃO JOSÉ,RUA DAS CASAS POPULARES - LOTEAMENTO SOL DO SERTÃO,CENTRO,48660000,-8.9748652,-39.1051646,227,Com acessibilidade,2026-09-23 11:00:00,743806152398344995814599
UE2015 (Anterior),CHORROCHÓ,158,71,1836949,ESCOLA MUNICIPAL BENTO FREIRE DE SOUZA,"RUA OCEANICA, DISTRIDO DE BARRA DO TARRACHIL, ZONA RURAL, CHORROCHÓ-BA",POVOADO BARRA DO TARRACHIL,48660000,-8.82355,-38.9797417,176,Com acessibilidade,2026-09-23 11:09:00,743806341498971076311672
UE2015 (Anterior),CHORROCHÓ,158,72,1824404,ESCOLA ESTADUAL MARIA DE LOURDES LIMA PEREIRA,"RUA CASTRO ALVES, BARRA DO TARRACHIL, ZONA RURAL, CHORROCHÓ/BA",POVOADO BARRA DO TARRACHIL,48660000,-8.8251814,-38.9826759,374,Com acessibilidade,2026-09-23 11:17:00,642896355188826009195195
UE2015 (Anterior),CHORROCHÓ,158,76,1765111,ESCOLA MUNICIPAL FAVO DE MEL,"POVOADO DE SÃO JOSE, ZONA RURAL, CHORROCHÓ-BA",POVOADO SAO JOSE,48660000,-9.164985,-39.1746667,247,Com acessibilidade,2026-09-23 11:26:00,360068513260566532416544
UE2015 (Anterior),CHORROCHÓ,158,78,1760641,ESCOLA MUNICIPAL DE VARZEA DA EMA,"POVOADO VARZEA DA EMA, ZONA RURAL, CHORROCHÓ-BA",POVOADO VARZEA DA EMA,48660000,-9.5000233,-38.9886183,123,Com acessibilidade,2026-09-23 11:47:00,481280856772932836994818
UE2015 (Anterior),CHORROCHÓ,158,83,1789933,ESCOLA ESTADUAL MARIA DE LOURDES LIMA PEREIRA,"RUA CASTRO ALVES, BARRA DO TARRACHIL, ZONA RURAL, CHORROCHÓ/BA",POVOADO BARRA DO TARRACHIL,48660000,-8.8251814,-38.9826759,374,Com acessibilidade,2026-09-23 13:11:00,794311682903776248433651
UE2015 (Anterior),CHORROCHÓ,158,84,1810410,CENTRO PAROQUIAL,RUA VEREADOR FRANCISCO PEREIRA - ZONA URBANA,CENTRO,48660000,-8.9793722,-39.0970474,324,Com acessibilidade,2026-09-23 13:19:00,683200688392222141914536
UE2015 (Anterior),CHORROCHÓ,158,85,1771073,ESCOLA MUNICIPAL FAVO DE MEL,"POVOADO DE SÃO JOSE, ZONA RURAL, CHORROCHÓ-BA",POVOADO SAO JOSE,48660000,-9.164985,-39.1746667,249,Com acessibilidade,2026-09-23 13:28:00,450977569369013224905001
UE2015 (Anterior),CHORROCHÓ,158,154,1825915,COLÉGIO MUNICIPAL SENHOR DO BONFIM,"RUA MARECHAL CASTELO BRANCO, CENTRO, CHORROCHÓ-BA",CENTRO,48660000,-8.9781856,-39.1020191,311,Com acessibilidade,2026-09-23 13:37:00,339765218457918190169129
UE2015 (Anterior),CHORROCHÓ,158,156,1825865,ESCOLA ESTADUAL MARIA DE LOURDES LIMA PEREIRA,"RUA CASTRO ALVES, BARRA DO TARRACHIL, ZONA RURAL, CHORROCHÓ/BA",POVOADO BARRA DO TARRACHIL,48660000,-8.8251814,-38.9826759,371,Com acessibilidade,2026-09-23 13:45:00,450977554469986210996998
UE2015 (Anterior),COCOS,61,67,1841833,COLEGIO ESTADUAL DE COCOS,"PRACA DA CULTURA, S/N - ZONA URBANA",CENTRO,47680000,-14.17986073,-44.53935072,340,Com acessibilidade,2026-09-28 08:37:00,531106728700046593866534
UE2015 (Anterior),COCOS,61,68,1802467,COLEGIO ESTADUAL DE COCOS,"PRACA DA CULTURA, S/N - ZONA URBANA",CENTRO,47680000,-14.17986073,-44.53935072,340,Com acessibilidade,2026-09-28 08:46:00,591712899906125723769395
UE2015 (Anterior),COCOS,61,69,1821376,COLEGIO ESTADUAL DE COCOS,"PRACA DA CULTURA, S/N - ZONA URBANA",CENTRO,47680000,-14.17986073,-44.53935072,340,Com acessibilidade,2026-09-28 08:56:00,521005930099149401157474
UE2015 (Anterior),COCOS,61,70,1758988,COLEGIO ESTADUAL DE COCOS,"PRACA DA CULTURA, S/N - ZONA URBANA",CENTRO,47680000,-14.17986073,-44.53935072,339,Com acessibilidade,2026-09-28 09:00:00,409893894890264660008775
UE2015 (Anterior),COCOS,61,71,1768458,COLEGIO ESTADUAL DE COCOS,"PRACA DA CULTURA, S/N - ZONA URBANA",CENTRO,47680000,-14.17986073,-44.53935072,341,Com acessibilidade,2026-09-28 09:05:00,490702090096700018534994
UE2015 (Anterior),COCOS,61,72,1762808,COLEGIO ESTADUAL DE COCOS,"PRACA DA CULTURA, S/N - ZONA URBANA",CENTRO,47680000,-14.17986073,-44.53935072,341,Com acessibilidade,2026-09-28 09:11:00,611914323111637440152602
UE2015 (Anterior),COCOS,61,73,1769181,COLEGIO ESTADUAL DE COCOS,"PRACA DA CULTURA, S/N - ZONA URBANA",CENTRO,47680000,-14.17986073,-44.53935072,340,Com acessibilidade,2026-09-28 09:14:00,26055841149250669473657
UE2015 (Anterior),COCOS,61,74,1769609,COLEGIO ESTADUAL DE COCOS,"PRACA DA CULTURA, S/N - ZONA URBANA",CENTRO,47680000,-14.17986073,-44.53935072,337,Com acessibilidade,2026-09-28 09:21:00,379590306587481372373783
UE2015 (Anterior),COCOS,61,75,1769649,GRUPO ESCOLAR JOANA ANGELICA,"RUA CASTRO ALVES, S/N - ZONA URBANA",CENTRO,47680000,-14.181728,-44.53689065,346,Sem acessibilidade,2026-09-28 09:23:00,329085360479579664429154
UE2015 (Anterior),COCOS,61,76,1759108,GRUPO ESCOLAR JOANA ANGELICA,"RUA CASTRO ALVES, S/N - ZONA URBANA",CENTRO,47680000,-14.181728,-44.53689065,344,Com acessibilidade,2026-09-28 09:31:00,521005672502726884087904
UE2015 (Anterior),COCOS,61,77,1838351,GRUPO ESCOLAR JOANA ANGELICA,"RUA CASTRO ALVES, S/N - ZONA URBANA",CENTRO,47680000,-14.181728,-44.53689065,344,Com acessibilidade,2026-09-28 09:32:00,127065386759395816664801
UE2015 (Anterior),COCOS,61,78,1772735,COLEGIO PROFESSORA DJANIRA ALVES GONCALVES,"RUA MOISES ALVES DE MOURA, S/N - ZONA URBANA",CENTRO,47680000,-14.17895694,-44.53666378,314,Com acessibilidade,2026-09-28 09:41:00,207873570070494282557128
UE2015 (Anterior),COCOS,61,79,1773122,GRUPO ESCOLAR SEBASTIAO AZEVEDO,"PRACA MANOEL NOVAIS, S/N - ZONA URBANA",CENTRO,47680000,-14.18075568,-44.53322352,178,Com acessibilidade,2026-09-28 09:42:00,217974693068573146715269
UE2015 (Anterior),COCOS,61,81,1776405,GRUPO ESCOLAR SEBASTIAO AZEVEDO,"PRACA MANOEL NOVAIS, S/N - ZONA URBANA",CENTRO,47680000,-14.18075568,-44.53322352,178,Com acessibilidade,2026-09-28 09:49:00,591712262109445207708179
UE2015 (Anterior),COCOS,61,83,1822611,GRUPO ESCOLAR WALDEMAR BANDEIRA,"PRACA PRESIDENTE DUTRA, S/N - ZONA URBANA",CENTRO,47680000,-14.17739371,-44.5308442,342,Com acessibilidade,2026-09-28 09:50:00,773530664424084203379855
UE2015 (Anterior),COCOS,61,84,1779983,GRUPO ESCOLAR WALDEMAR BANDEIRA,"PRACA PRESIDENTE DUTRA, S/N - ZONA URBANA",CENTRO,47680000,-14.17739371,-44.5308442,342,Com acessibilidade,2026-09-28 09:58:00,5853009450875893602583
UE2015 (Anterior),COCOS,61,85,1775033,GRUPO ESCOLAR WALDEMAR BANDEIRA,"PRACA PRESIDENTE DUTRA, S/N - ZONA URBANA",CENTRO,47680000,-14.17739371,-44.5308442,342,Com acessibilidade,2026-09-28 09:59:00,298782406976231319931197
UE2015 (Anterior),COCOS,61,86,1842479,GRUPO ESCOLAR WALDEMAR BANDEIRA,"PRACA PRESIDENTE DUTRA, S/N - ZONA URBANA",CENTRO,47680000,-14.17739371,-44.5308442,338,Com acessibilidade,2026-09-28 10:07:00,258378473875684139422555
UE2015 (Anterior),COCOS,61,87,1816801,COLÉGIO RUI BARBOSA,"RUA CASTOR DE ABREU, S/N - ZONA URBANA",CENTRO,47680000,-14.18193776,-44.53436733,293,Com acessibilidade,2026-09-28 10:09:00,733126066820305794536955
UE2015 (Anterior),COCOS,61,88,1782126,COLÉGIO RUI BARBOSA,"RUA CASTOR DE ABREU, S/N - ZONA URBANA",CENTRO,47680000,-14.18193776,-44.53436733,295,Com acessibilidade,2026-09-28 10:37:00,26055464952721910336657
UE2015 (Anterior),COCOS,61,89,1773348,COLÉGIO RUI BARBOSA,"RUA CASTOR DE ABREU, S/N - ZONA URBANA",CENTRO,47680000,-14.18193776,-44.53436733,291,Com acessibilidade,2026-09-28 10:18:00,864439418533455808770524
UE2015 (Anterior),COCOS,61,90,1774068,COLEGIO PROFESSORA DJANIRA ALVES GONCALVES,"RUA MOISES ALVES DE MOURA, S/N - ZONA URBANA",CENTRO,47680000,-14.17895694,-44.53666378,312,Com acessibilidade,2026-09-28 10:27:00,450398085492062507098427
UE2015 (Anterior),COCOS,61,91,1776095,ESCOLA RAIMUNDA JACINTO DULTRA DE BARROS,"RUA SETE DE SETEMBRO, S/N - ZONA URBANA",CENTRO,47680000,-14.18046321,-44.54126279,317,Com acessibilidade,2026-09-28 10:36:00,793732531226424511843232
UE2015 (Anterior),COCOS,61,92,1761749,ESCOLA RAIMUNDA JACINTO DULTRA DE BARROS,"RUA SETE DE SETEMBRO, S/N - ZONA URBANA",CENTRO,47680000,-14.18046321,-44.54126279,318,Com acessibilidade,2026-09-28 10:45:00,490702345696142502261659
UE2015 (Anterior),COCOS,61,93,1809778,ESCOLA RAIMUNDA JACINTO DULTRA DE BARROS,"RUA SETE DE SETEMBRO, S/N - ZONA URBANA",CENTRO,47680000,-14.18046321,-44.54126279,315,Com acessibilidade,2026-09-28 10:46:00,248277206874962544493252
UE2015 (Anterior),COCOS,61,94,1754344,ESCOLA RAIMUNDA JACINTO DULTRA DE BARROS,"RUA SETE DE SETEMBRO, S/N - ZONA URBANA",CENTRO,47680000,-14.18046321,-44.54126279,318,Com acessibilidade,2026-09-28 11:03:00,238176307370490452412183
UE2015 (Anterior),COCOS,61,95,1810758,ESCOLA MUNICIPAL DE AGUA DO CARMO,POVOADO AGUA DO CARMO - ZONA RURAL,POVOADO AGUA DO CARMO,47680000,-14.04115725,-44.44652244,287,Com acessibilidade,2026-09-28 12:36:00,5853185289852704263466
UE2015 (Anterior),COCOS,61,96,1754190,ESCOLA MUNICIPAL DE AGUA DO CARMO,POVOADO AGUA DO CARMO - ZONA RURAL,POVOADO AGUA DO CARMO,47680000,-14.04115725,-44.44652244,282,Com acessibilidade,2026-09-28 12:25:00,773530063294463708744171
UE2015 (Anterior),COCOS,61,97,1837466,ESCOLA MUNICIPAL DURVAL ROCHA,POVOADO SAO JOAO DO PORTO ALEGRE - ZONA RURAL,POVOADO SAO JOAO DO PORTO ALEGRE,47680000,-14.26082034,-44.52558842,300,Sem acessibilidade,2026-09-28 12:35:00,197772592836972262079279
UE2015 (Anterior),COCOS,61,98,1838437,ESCOLA MUNICIPAL DE NOVACI,POVOADO NOVACI - ZONA RURAL,POVOADO NOVACI,47680000,-14.27354108,-44.51721992,302,Sem acessibilidade,2026-09-28 12:45:00,409893913457277879544791
UE2015 (Anterior),COCOS,61,99,1806573,ESCOLA MUNICIPAL CAJUEIRO,POVOADO CAJUEIRO - ZONA RURAL,POVOADO CAJUEIRO,47680000,-14.8294129,-45.3087915,291,Sem acessibilidade,2026-09-28 12:47:00,571510191546583829129691
UE2015 (Anterior),COCOS,61,100,1829238,ESCOLA MUNICIPAL CAJUEIRO,POVOADO CAJUEIRO - ZONA RURAL,POVOADO CAJUEIRO,47680000,-14.8294129,-45.3087915,291,Sem acessibilidade,2026-09-28 12:54:00,551308644272449431554449
UE2015 (Anterior),COCOS,61,102,1845004,EDUCANDARIO SAO JOAO,"PRACA DA CULTURA, S/N - ZONA URBANA",CENTRO,47680000,-14.18115587,-44.54071353,222,Com acessibilidade,2026-09-28 12:58:00,490702803938665472122062
UE2015 (Anterior),COCOS,61,103,1762653,EDUCANDARIO SAO JOAO,"PRACA DA CULTURA, S/N - ZONA URBANA",CENTRO,47680000,-14.18115587,-44.54071353,222,Com acessibilidade,2026-09-28 13:03:00,773530194394251475200594
UE2015 (Anterior),COCOS,61,104,1793577,ESCOLA MUNICIPAL DE NOVACI,POVOADO NOVACI - ZONA RURAL,POVOADO NOVACI,47680000,-14.27354108,-44.51721992,303,Sem acessibilidade,2026-09-28 13:08:00,652318182454482939846371
UE2015 (Anterior),COCOS,61,109,1770475,COLEGIO PROFESSORA DJANIRA ALVES GONCALVES,"RUA MOISES ALVES DE MOURA, S/N - ZONA URBANA",CENTRO,47680000,-14.17895694,-44.53666378,316,Com acessibilidade,2026-09-28 13:15:00,551308634072265877896588
UE2015 (Anterior),COCOS,61,112,1786368,COLEGIO PROFESSORA DJANIRA ALVES GONCALVES,"RUA MOISES ALVES DE MOURA, S/N - ZONA URBANA",CENTRO,47680000,-14.17895694,-44.53666378,312,Com acessibilidade,2026-09-28 13:21:00,935146315282453407794721
UE2015 (Anterior),COCOS,61,117,1773842,ESCOLA MUNICIPAL DURVAL ROCHA,POVOADO SAO JOAO DO PORTO ALEGRE - ZONA RURAL,POVOADO SAO JOAO DO PORTO ALEGRE,47680000,-14.26082034,-44.52558842,295,Sem acessibilidade,2026-09-28 13:26:00,419994342158289417919896
UE2015 (Anterior),COCOS,61,118,1751982,COLEGIO ESTADUAL DE COCOS,"PRACA DA CULTURA, S/N - ZONA URBANA",CENTRO,47680000,-14.17986073,-44.53935072,339,Com acessibilidade,2026-09-28 13:32:00,914944958280590216638981
UE2015 (Anterior),COCOS,61,120,1773230,COLÉGIO RUI BARBOSA,"RUA CASTOR DE ABREU, S/N - ZONA URBANA",CENTRO,47680000,-14.18193776,-44.53436733,296,Com acessibilidade,2026-09-28 13:35:00,763429998593653708792152
UE2015 (Anterior),COCOS,61,122,1796306,COLEGIO PROFESSORA DJANIRA ALVES GONCALVES,"RUA MOISES ALVES DE MOURA, S/N - ZONA URBANA",CENTRO,47680000,-14.17895694,-44.53666378,313,Com acessibilidade,2026-09-28 13:42:00,419994862730185320758526
UE2015 (Anterior),COCOS,61,124,1810746,COLEGIO ESTADUAL DE COCOS,"PRACA DA CULTURA, S/N - ZONA URBANA",CENTRO,47680000,-14.17986073,-44.53935072,340,Com acessibilidade,2026-09-28 13:45:00,187671854135164816009133
UE2015 (Anterior),COCOS,61,125,1845159,ESCOLA MUNICIPAL DE AGUA DO CARMO,POVOADO AGUA DO CARMO - ZONA RURAL,POVOADO AGUA DO CARMO,47680000,-14.04115725,-44.44652244,279,Com acessibilidade,2026-09-28 13:52:00,561409345345428877221304
UE2015 (Anterior),COCOS,61,128,1792003,ESCOLA RAIMUNDA JACINTO DULTRA DE BARROS,"RUA SETE DE SETEMBRO, S/N - ZONA URBANA",CENTRO,47680000,-14.18046321,-44.54126279,315,Com acessibilidade,2026-09-28 14:02:00,874540988976391272072955
UE2015 (Anterior),COCOS,61,129,1755164,COLEGIO PROFESSORA DJANIRA ALVES GONCALVES,"RUA MOISES ALVES DE MOURA, S/N - ZONA URBANA",CENTRO,47680000,-14.17895694,-44.53666378,314,Com acessibilidade,2026-09-28 14:03:00,925045145909516866384781
UE2015 (Anterior),COCOS,61,130,1765310,COLEGIO PROFESSORA DJANIRA ALVES GONCALVES,"RUA MOISES ALVES DE MOURA, S/N - ZONA URBANA",CENTRO,47680000,-14.17895694,-44.53666378,315,Com acessibilidade,2026-09-28 14:12:00,783631087967396793795199
UE2015 (Anterior),COCOS,61,132,1772451,COLÉGIO RUI BARBOSA,"RUA CASTOR DE ABREU, S/N - ZONA URBANA",CENTRO,47680000,-14.18193776,-44.53436733,289,Com acessibilidade,2026-09-28 14:14:00,642217160981390290656049
UE2015 (Anterior),COCOS,61,134,1823550,CENTRO EDUCACIONAL DO RIACHO DO MEIO,POVOADO RIACHO DO MEIO - ZONA RURAL,POVOADO RIACHO DO MEIO,47680000,-14.25827347,-44.67764825,347,Sem acessibilidade,2026-09-28 14:34:00,96762831326020615861623
UE2015 (Anterior),COCOS,61,135,1776424,ESCOLA MUNICIPAL JOSINO BRITO DE OLIVEIRA,POVOADO PORCOS - ZONA RURAL,POVOADO PORCOS,47680000,-14.3152988,-45.1805692,207,Sem acessibilidade,2026-09-28 14:24:00,531106382870376092357094
UE2015 (Anterior),COCOS,61,136,1750378,ESCOLA MUNICIPAL DURVAL BEZERRA,POVOADO BURITI - ZONA RURAL,POVOADO BURITI,47680000,-14.41010937,-44.70262928,314,Sem acessibilidade,2026-09-28 14:32:00,985651948187772694334965
UE2015 (Anterior),COCOS,61,137,1843912,ESCOLA MUNICIPAL MANOEL MESSIAS RODRIGUES,POVOADO SANTA LUZIA - ZONA RURAL,POVOADO SANTA LUZIA,47680000,-14.174692,-44.75401881,325,Sem acessibilidade,2026-09-28 14:54:00,389691456655497436143621
UE2015 (Anterior),COCOS,61,138,1790292,CENTRO EDUCACIONAL DO RIACHO DO MEIO,POVOADO RIACHO DO MEIO - ZONA RURAL,POVOADO RIACHO DO MEIO,47680000,-14.25827347,-44.67764825,232,Sem acessibilidade,2026-09-28 14:51:00,783631966667685135481053
UE2015 (Anterior),COCOS,61,143,1808591,ESCOLA MUNICIPAL ANA FRANCISCA DO BOMFIM,POVOADO DE SANTO ANTÔNIO,pov santo antônio,47680000,-14.11449826,-44.65744177,124,Sem acessibilidade,2026-09-28 14:44:00,46257748421067710883669
UE2015 (Anterior),CONCEIÇÃO DA FEIRA,108,80,1757223,GRUPO ESCOLAR HÉRLIO MASCARENHAS CARDOSO,RUA CINCO PORTAS - ZONA URBANA,CENTRO,44320000,-12.5019714,-39.0020354,279,Sem acessibilidade,2026-09-30 08:15:00,620659180189202255910996
UE2015 (Anterior),CONCEIÇÃO DA FEIRA,108,81,1769203,GRUPO ESCOLAR HÉRLIO MASCARENHAS CARDOSO,RUA CINCO PORTAS - ZONA URBANA,CENTRO,44320000,-12.5019714,-39.0020354,283,Sem acessibilidade,2026-09-30 08:25:00,125609795839799420093273
UE2015 (Anterior),CONCEIÇÃO DA FEIRA,108,82,1767285,GRUPO ESCOLAR HÉRLIO MASCARENHAS CARDOSO,RUA CINCO PORTAS - ZONA URBANA,CENTRO,44320000,-12.5019714,-39.0020354,280,Sem acessibilidade,2026-09-30 08:34:00,368033147063055877887462
UE2015 (Anterior),CONCEIÇÃO DA FEIRA,108,83,1764633,COLÉGIO ESTADUAL YEDA BARRADAS CARNEIRO,RUA DA LIBERDADE - ZONA URBANA,LOTEAMENTO ROCINHA,44320000,-12.4986612,-39.0055345,334,Sem acessibilidade,2026-09-30 08:44:00,469043350873244110959450
UE2015 (Anterior),CONCEIÇÃO DA FEIRA,108,84,1824525,COLÉGIO ESTADUAL YEDA BARRADAS CARNEIRO,RUA DA LIBERDADE - ZONA URBANA,LOTEAMENTO ROCINHA,44320000,-12.4986612,-39.0055345,336,Com acessibilidade,2026-09-30 08:54:00,24699022729893036525625
UE2015 (Anterior),CONCEIÇÃO DA FEIRA,108,85,1808857,COLÉGIO ESTADUAL YEDA BARRADAS CARNEIRO,RUA DA LIBERDADE - ZONA URBANA,LOTEAMENTO ROCINHA,44320000,-12.4986612,-39.0055345,338,Com acessibilidade,2026-09-30 09:04:00,721669838399250731582608
UE2015 (Anterior),CONCEIÇÃO DA FEIRA,108,86,1795365,COLÉGIO ESTADUAL YEDA BARRADAS CARNEIRO,RUA DA LIBERDADE - ZONA URBANA,LOTEAMENTO ROCINHA,44320000,-12.4986612,-39.0055345,349,Com acessibilidade,2026-09-30 09:14:00,630760859790256211450398
UE2015 (Anterior),CONCEIÇÃO DA FEIRA,108,87,1769361,GRUPO ESCOLAR HÉRLIO MASCARENHAS CARDOSO,RUA CINCO PORTAS - ZONA URBANA,CENTRO,44320000,-12.5019714,-39.0020354,281,Sem acessibilidade,2026-09-30 09:24:00,206417532147914232644654
UE2015 (Anterior),CONCEIÇÃO DA FEIRA,108,88,1764842,GRUPO ESCOLAR HÉRLIO MASCARENHAS CARDOSO,RUA CINCO PORTAS - ZONA URBANA,CENTRO,44320000,-12.5019714,-39.0020354,281,Sem acessibilidade,2026-09-30 09:34:00,226619660049020297646955
UE2015 (Anterior),CONCEIÇÃO DA FEIRA,108,89,1768343,GRUPO ESCOLAR HÉRLIO MASCARENHAS CARDOSO,RUA CINCO PORTAS - ZONA URBANA,CENTRO,44320000,-12.5019714,-39.0020354,280,Sem acessibilidade,2026-09-30 09:43:00,246821791251060912963172
UE2015 (Anterior),CONCEIÇÃO DA FEIRA,108,90,1753733,GRUPO ESCOLAR HÉRLIO MASCARENHAS CARDOSO,RUA CINCO PORTAS - ZONA URBANA,CENTRO,44320000,-12.5019714,-39.0020354,283,Sem acessibilidade,2026-09-30 09:53:00,762073392503674236577084
UE2015 (Anterior),CONCEIÇÃO DA FEIRA,108,91,1767445,COLÉGIO ESTADUAL YEDA BARRADAS CARNEIRO,RUA DA LIBERDADE - ZONA URBANA,LOTEAMENTO ROCINHA,44320000,-12.4986612,-39.0055345,340,Sem acessibilidade,2026-09-30 10:02:00,570154316184040030280353
UE2015 (Anterior),CONCEIÇÃO DA FEIRA,108,92,1826177,COLÉGIO ESTADUAL YEDA BARRADAS CARNEIRO,RUA DA LIBERDADE - ZONA URBANA,LOTEAMENTO ROCINHA,44320000,-12.4986612,-39.0055345,338,Sem acessibilidade,2026-09-30 10:11:00,448841293271938496969369
UE2015 (Anterior),CONCEIÇÃO DA FEIRA,108,93,1763649,COLÉGIO ESTADUAL YEDA BARRADAS CARNEIRO,RUA DA LIBERDADE - ZONA URBANA,LOTEAMENTO ROCINHA,44320000,-12.4986612,-39.0055345,337,Sem acessibilidade,2026-09-30 10:21:00,105407062837686096474821
UE2015 (Anterior),CONCEIÇÃO DA FEIRA,108,94,1795926,COLÉGIO ESTADUAL YEDA BARRADAS CARNEIRO,RUA DA LIBERDADE - ZONA URBANA,LOTEAMENTO ROCINHA,44320000,-12.4986612,-39.0055345,335,Sem acessibilidade,2026-09-30 10:31:00,852982922612521881446769
UE2015 (Anterior),CONCEIÇÃO DA FEIRA,108,95,1837343,ESCOLA VIVALDO BITTENCOURT,"RUA CINCO PORTAS, S/N - ZONA URBANA",CENTRO,44320000,-12.5017533,-39.0021733,258,Sem acessibilidade,2026-09-30 10:42:00,176114357044006417594812
UE2015 (Anterior),CONCEIÇÃO DA FEIRA,108,96,1768173,ESCOLA VIVALDO BITTENCOURT,"RUA CINCO PORTAS, S/N - ZONA URBANA",CENTRO,44320000,-12.5017533,-39.0021733,260,Sem acessibilidade,2026-09-30 10:51:00,974194260424824968608849
UE2015 (Anterior),CONCEIÇÃO DA FEIRA,108,97,1756898,ESCOLA VIVALDO BITTENCOURT,"RUA CINCO PORTAS, S/N - ZONA URBANA",CENTRO,44320000,-12.5017533,-39.0021733,260,Sem acessibilidade,2026-09-30 11:00:00,277124672154714048518306
UE2015 (Anterior),CONCEIÇÃO DA FEIRA,108,98,1766933,COLÉGIO ESTADUAL YEDA BARRADAS CARNEIRO,RUA DA LIBERDADE - ZONA URBANA,LOTEAMENTO ROCINHA,44320000,-12.4986612,-39.0055345,337,Com acessibilidade,2026-09-30 11:10:00,368033873763891562555296
UE2015 (Anterior),CONCEIÇÃO DA FEIRA,108,99,1762673,ESCOLA VIVALDO BITTENCOURT,"RUA CINCO PORTAS, S/N - ZONA URBANA",CENTRO,44320000,-12.5017533,-39.0021733,261,Sem acessibilidade,2026-09-30 11:20:00,701467325897328945203271
UE2015 (Anterior),CONCEIÇÃO DA FEIRA,108,100,1750444,ESCOLA VIVALDO BITTENCOURT,"RUA CINCO PORTAS, S/N - ZONA URBANA",CENTRO,44320000,-12.5017533,-39.0021733,260,Sem acessibilidade,2026-09-30 11:30:00,85205172935793247851316
UE2015 (Anterior),CONCEIÇÃO DA FEIRA,108,101,1757069,ESCOLA VIVALDO BITTENCOURT,"RUA CINCO PORTAS, S/N - ZONA URBANA",CENTRO,44320000,-12.5017533,-39.0021733,259,Sem acessibilidade,2026-09-30 11:41:00,499346697276363353010022
UE2015 (Anterior),CONCEIÇÃO DA FEIRA,108,102,1762101,ESCOLA VIVALDO BITTENCOURT,"RUA CINCO PORTAS, S/N - ZONA URBANA",CENTRO,44320000,-12.5017533,-39.0021733,257,Sem acessibilidade,2026-09-30 11:50:00,54902366332945948198832
UE2015 (Anterior),CONCEIÇÃO DA FEIRA,108,103,1766237,ESCOLA VIVALDO BITTENCOURT,"RUA CINCO PORTAS, S/N - ZONA URBANA",CENTRO,44320000,-12.5017533,-39.0021733,261,Sem acessibilidade,2026-09-30 11:59:00,751972176302277176066536
UE2015 (Anterior),CONCEIÇÃO DA FEIRA,108,104,1815058,ESCOLA VIVALDO BITTENCOURT,"RUA CINCO PORTAS, S/N - ZONA URBANA",CENTRO,44320000,-12.5017533,-39.0021733,267,Sem acessibilidade,2026-09-30 12:23:00,640861171291583903701412
UE2015 (Anterior),CONCEIÇÃO DA FEIRA,108,105,1779995,ESCOLA PROFESSORA MARIA DE LOURDES SOUZA PAPA,POVOADO DE CANDEAL - ZONA RURAL,POVOADO CANDEAL,44320000,-12.4843805,-39.0369206,393,Sem acessibilidade,2026-09-30 12:39:00,256922894852704168441276
UE2015 (Anterior),CONCEIÇÃO DA FEIRA,108,106,1793612,ESCOLA CONSTANTINO FERREIRA DE MIRANDA,POVOADO ONZE MIL VIRGENS  - ZONA RURAL,POVOADO ONZE MIL VIRGENS,44320000,-12.502225,-38.9549733,263,Sem acessibilidade,2026-09-30 12:48:00,903487654517374291156996
UE2015 (Anterior),CONCEIÇÃO DA FEIRA,108,107,1764719,ESCOLA CONSTANTINO FERREIRA DE MIRANDA,POVOADO ONZE MIL VIRGENS  - ZONA RURAL,POVOADO ONZE MIL VIRGENS,44320000,-12.502225,-38.9549733,263,Sem acessibilidade,2026-09-30 12:59:00,489245344975113959869565
UE2015 (Anterior),CONCEIÇÃO DA FEIRA,108,108,1825984,ESCOLA MARIA EUNICE XAVIER BORJA,POVOADO DA PINDOBEIRA - ZONA RURAL,POVOADO PINDOBEIRA,44320000,-12.5022383,-38.933745,309,Sem acessibilidade,2026-09-30 13:09:00,85205052735379056267450
UE2015 (Anterior),CONCEIÇÃO DA FEIRA,108,109,1765036,ESCOLA MARIA EUNICE XAVIER BORJA,POVOADO DA PINDOBEIRA - ZONA RURAL,POVOADO PINDOBEIRA,44320000,-12.5022383,-38.933745,309,Sem acessibilidade,2026-09-30 13:19:00,590356671586972842707634
UE2015 (Anterior),CONCEIÇÃO DA FEIRA,108,110,1837756,ESCOLA MUNICIPAL MARCOS EVANGELISTA SERRA,POVOADO DO SERRA - ZONA RURAL,POVOADO DO SERRA,44320000,-12.5371715,-38.9842694,356,Sem acessibilidade,2026-09-30 13:28:00,145811303341542919579772
UE2015 (Anterior),CONCEIÇÃO DA FEIRA,108,111,1766669,ESCOLA MUNICIPAL MARCOS EVANGELISTA SERRA,POVOADO DO SERRA - ZONA RURAL,POVOADO DO SERRA,44320000,-12.5371715,-38.9842694,355,Sem acessibilidade,2026-09-30 13:38:00,489245751575972671969398
UE2015 (Anterior),CONCEIÇÃO DA FEIRA,108,112,1777797,ESCOLA PROFESSORA MARIA DE LOURDES SOUZA PAPA,POVOADO DE CANDEAL - ZONA RURAL,POVOADO CANDEAL,44320000,-12.4843805,-39.0369206,392,Sem acessibilidade,2026-09-30 13:48:00,549851926381123094648152
UE2015 (Anterior),CONCEIÇÃO DA FEIRA,108,113,1775762,ESCOLA FIRMINO DIAS,POVOADO CRUZEIRO - ZONA RURAL,POVOADO CRUZEIRO,44320000,-12.52587,-38.9597212,375,Sem acessibilidade,2026-09-30 13:59:00,317528804458053095332682
UE2015 (Anterior),CONCEIÇÃO DA FEIRA,108,114,1762813,ESCOLA FIRMINO DIAS,POVOADO CRUZEIRO - ZONA RURAL,POVOADO CRUZEIRO,44320000,-12.52587,-38.9597212,369,Sem acessibilidade,2026-09-30 14:09:00,893386492516293144634088
UE2015 (Anterior),CONCEIÇÃO DA FEIRA,108,115,1795325,ESCOLA DR. CLEY ANDRADE,"RUA DR. CLEY ANDRADE, N 277  - ZONA URBANA",SANTA LUZIA,44320000,-12.4928371,-38.9983266,370,Sem acessibilidade,2026-09-30 14:18:00,418538123168838266443979
UE2015 (Anterior),CONCEIÇÃO DA FEIRA,108,116,1767812,ESCOLA AILTON JOSÉ DE BRITO,POVOADO DO PINHEIRO - ZONA RURAL,POVOADO DO PINHEIRO,44320000,-12.4862696,-38.9971522,399,Sem acessibilidade,2026-09-30 14:28:00,802477625207313098248354
UE2015 (Anterior),CONCEIÇÃO DA FEIRA,108,117,1779825,ESCOLA DR. CLEY ANDRADE,"RUA DR. CLEY ANDRADE, N 277  - ZONA URBANA",SANTA LUZIA,44320000,-12.4928371,-38.9983266,371,Sem acessibilidade,2026-09-30 14:38:00,559952489482151543346696
UE2015 (Anterior),CONCEIÇÃO DA FEIRA,108,118,1769558,ESCOLA JUVENIANO MACHADO,POVOADO DE ESTRADA GRANDE  - ZONA RURAL,POVOADO ESTRADA GRANDE,44320000,-12.4682717,-39.0249117,353,Sem acessibilidade,2026-09-30 14:47:00,529649561979140006843256
UE2015 (Anterior),CONCEIÇÃO DA FEIRA,108,119,1814076,ESCOLA MANOEL RIBEIRO BRANDÃO,POVOADO DE MANGABEIRA  - ZONA RURAL,POVOADO MANGABEIRA,44320000,-12.4740025,-38.976687,261,Sem acessibilidade,2026-09-30 14:57:00,923689073519630696883332
UE2015 (Anterior),CONCEIÇÃO DA FEIRA,108,120,1828220,ESCOLA MUNICIPAL DO DESTERRO,POVOADO DO DESTERRO - ZONA RURAL,POVOADO DESTERRO,44320000,-12.49687,-38.9094433,237,Sem acessibilidade,2026-09-30 15:07:00,731770966800104832725645
UE2015 (Anterior),CONCEIÇÃO DA FEIRA,108,121,1768780,ESCOLA VIVALDO BITTENCOURT,"RUA CINCO PORTAS, S/N - ZONA URBANA",CENTRO,44320000,-12.5017533,-39.0021733,260,Sem acessibilidade,2026-09-30 15:16:00,105407444337490860761555
UE2015 (Anterior),CONCEIÇÃO DA FEIRA,108,122,1761701,ESCOLA DR. CLEY ANDRADE,"RUA DR. CLEY ANDRADE, N 277  - ZONA URBANA",SANTA LUZIA,44320000,-12.4928371,-38.9983266,368,Sem acessibilidade,2026-09-30 15:26:00,620659075389108366594567
UE2015 (Anterior),CONCEIÇÃO DA FEIRA,108,124,1755687,COLÉGIO ESTADUAL YEDA BARRADAS CARNEIRO,RUA DA LIBERDADE - ZONA URBANA,LOTEAMENTO ROCINHA,44320000,-12.4986612,-39.0055345,338,Sem acessibilidade,2026-09-30 15:36:00,863083533713433992301076
UE2015 (Anterior),CONCEIÇÃO DA FEIRA,108,125,1765986,ESCOLA CRECHE EFIGÊNIA BASTOS CORREIA,POVOADO MATO GROSSO - ZONA RURAL,POVOADO MATO GROSSO,44320000,-12.5164747,-39.029805,382,Sem acessibilidade,2026-09-30 15:46:00,529649302679184767060731
UE2015 (Anterior),CONCEIÇÃO DA FEIRA,108,126,1789212,ESCOLA AILTON JOSÉ DE BRITO,POVOADO DO PINHEIRO - ZONA RURAL,POVOADO DO PINHEIRO,44320000,-12.4862696,-38.9971522,396,Sem acessibilidade,2026-09-30 15:56:00,115508008138863477659880
UE2015 (Anterior),CONCEIÇÃO DA FEIRA,108,128,1757321,ESCOLA REINALDO BITENCOURT,POVOADO TAPERA - ZONA RURAL,POVOADO TAPERA,44320000,-12.4911916,-39.0399998,247,Sem acessibilidade,2026-09-30 16:07:00,246821355251729433810084
UE2015 (Anterior),CONCEIÇÃO DA FEIRA,108,129,1793723,ESCOLA DR. CLEY ANDRADE,"RUA DR. CLEY ANDRADE, N 277  - ZONA URBANA",SANTA LUZIA,44320000,-12.4928371,-38.9983266,369,Sem acessibilidade,2026-09-30 16:16:00,691366915196193029762666
UE2015 (Anterior),CONCEIÇÃO DA FEIRA,108,133,1773058,COLÉGIO ESTADUAL YEDA BARRADAS CARNEIRO,RUA DA LIBERDADE - ZONA URBANA,LOTEAMENTO ROCINHA,44320000,-12.4986612,-39.0055345,333,Sem acessibilidade,2026-09-30 16:27:00,822679457109481586498691
UE2015 (Anterior),CONCEIÇÃO DA FEIRA,108,139,1763774,COLÉGIO ESTADUAL YEDA BARRADAS CARNEIRO,RUA DA LIBERDADE - ZONA URBANA,LOTEAMENTO ROCINHA,44320000,-12.4986612,-39.0055345,338,Sem acessibilidade,2026-09-30 16:36:00,438740725670114827156790
UE2015 (Anterior),CONCEIÇÃO DA FEIRA,108,141,1670991,ESCOLA GÓES CALMON,RUA CASTRO ALVES N 364,CENTRO,44320000,-12.5076941,-38.999088,348,Sem acessibilidade,2026-09-30 18:06:00,590356075886221859917722
UE2015 (Anterior),CONCEIÇÃO DA FEIRA,108,145,1676053,ESCOLA GÓES CALMON,RUA CASTRO ALVES N 364,CENTRO,44320000,-12.5076941,-38.999088,336,Sem acessibilidade,2026-09-30 16:55:00,782275704205570575368800
UE2015 (Anterior),CONCEIÇÃO DA FEIRA,108,150,1774677,ESCOLA MUNICIPAL HERMILIO CARDOSO,RUA BARÃO DO RIO BRANCO N 202 - ZONA URBANA,CENTRO,44320000,-12.5004471,-39.0004489,383,Sem acessibilidade,2026-09-30 17:06:00,792376233206314259309431
UE2015 (Anterior),CONCEIÇÃO DA FEIRA,108,151,1795877,ESCOLA GÓES CALMON,RUA CASTRO ALVES N 364,CENTRO,44320000,-12.5076941,-38.999088,156,Sem acessibilidade,2026-09-30 17:16:00,317528862958924530641040
UE2015 (Anterior),CONCEIÇÃO DA FEIRA,108,152,1764575,ESCOLA TARCILA CHASTINET,POVOADO LIMOEIRO,POVOADO LIMOEIRO,44320000,-12.5250652,-38.989812,70,Sem acessibilidade,2026-09-30 17:27:00,105407762737870388218799
UE2015 (Anterior),CONCEIÇÃO DA FEIRA,108,153,1754476,ESCOLA FIRMINO DIAS,POVOADO CRUZEIRO - ZONA RURAL,POVOADO CRUZEIRO,44320000,-12.52587,-38.9597212,105,Sem acessibilidade,2026-09-30 17:47:00,448841215271394003909567
UE2015 (Anterior),CONCEIÇÃO DA FEIRA,108,156,1764908,ESCOLA MUNICIPAL HERMILIO CARDOSO,RUA BARÃO DO RIO BRANCO N 202 - ZONA URBANA,CENTRO,44320000,-12.5004471,-39.0004489,337,Sem acessibilidade,2026-09-30 17:57:00,267023362153308428485250
UE2015 (Anterior),CONCEIÇÃO DO JACUÍPE,192,1,1766715,ESCOLA MARIA ARQUIMÍNIA DIAS,"RUA JOÃO PIMENTEL RIBEIRO, 35 - ZONA URBANA",PARQUE OURO VERDE,44245000,-12.3360262,-38.7681536,385,Com acessibilidade,2026-09-23 09:38:00,687862795103922889011584
UE2015 (Anterior),CONCEIÇÃO DO JACUÍPE,192,2,1764764,ESCOLA MARIA ARQUIMÍNIA DIAS,"RUA JOÃO PIMENTEL RIBEIRO, 35 - ZONA URBANA",PARQUE OURO VERDE,44245000,-12.3360262,-38.7681536,390,Com acessibilidade,2026-09-23 09:47:00,768670988711023819739641
UE2015 (Anterior),CONCEIÇÃO DO JACUÍPE,192,3,1763511,ESCOLA MARIA ARQUIMÍNIA DIAS,"RUA JOÃO PIMENTEL RIBEIRO, 35 - ZONA URBANA",PARQUE OURO VERDE,44245000,-12.3360262,-38.7681536,387,Com acessibilidade,2026-09-23 09:58:00,334327663968755973160442
UE2015 (Anterior),CONCEIÇÃO DO JACUÍPE,192,4,1759824,ESCOLA MARIA ARQUIMÍNIA DIAS,"RUA JOÃO PIMENTEL RIBEIRO, 35 - ZONA URBANA",PARQUE OURO VERDE,44245000,-12.3360262,-38.7681536,389,Com acessibilidade,2026-09-23 10:08:00,576751016592623140876846
UE2015 (Anterior),CONCEIÇÃO DO JACUÍPE,192,5,1832838,COLÉGIO ESTADUAL DE TEMPO INTEGRAL CONCEIÇÃO DO JACUÍPE,"RUA TEODORO SAMPAIO, SN",CENTRO,44245000,-12.3249215,-38.7685552,384,Com acessibilidade,2026-09-23 10:17:00,344428891169411425337837
UE2015 (Anterior),CONCEIÇÃO DO JACUÍPE,192,6,1762841,COLÉGIO ESTADUAL DE TEMPO INTEGRAL CONCEIÇÃO DO JACUÍPE,"RUA TEODORO SAMPAIO, SN",CENTRO,44245000,-12.3249215,-38.7685552,385,Com acessibilidade,2026-09-23 10:27:00,889882543923049570800969
UE2015 (Anterior),CONCEIÇÃO DO JACUÍPE,192,7,1806948,COLÉGIO ESTADUAL DE TEMPO INTEGRAL CONCEIÇÃO DO JACUÍPE,"RUA TEODORO SAMPAIO, SN",CENTRO,44245000,-12.3249215,-38.7685552,386,Com acessibilidade,2026-09-23 10:37:00,283822052663531895405406
UE2015 (Anterior),CONCEIÇÃO DO JACUÍPE,192,8,1762608,COLÉGIO ESTADUAL DE TEMPO INTEGRAL CONCEIÇÃO DO JACUÍPE,"RUA TEODORO SAMPAIO, SN",CENTRO,44245000,-12.3249215,-38.7685552,385,Com acessibilidade,2026-09-23 10:47:00,788872663413120541515564
UE2015 (Anterior),CONCEIÇÃO DO JACUÍPE,192,9,1814378,COLÉGIO ESTADUAL DE TEMPO INTEGRAL CONCEIÇÃO DO JACUÍPE,"RUA TEODORO SAMPAIO, SN",CENTRO,44245000,-12.3249215,-38.7685552,386,Com acessibilidade,2026-09-23 11:05:00,809074796215759331030586
UE2015 (Anterior),CONCEIÇÃO DO JACUÍPE,192,10,1750307,COLÉGIO ESTADUAL DE TEMPO INTEGRAL CONCEIÇÃO DO JACUÍPE,"RUA TEODORO SAMPAIO, SN",CENTRO,44245000,-12.3249215,-38.7685552,385,Sem acessibilidade,2026-09-23 11:15:00,334327403068377762053619
UE2015 (Anterior),CONCEIÇÃO DO JACUÍPE,192,11,1767610,COLÉGIO ESTADUAL DE TEMPO INTEGRAL CONCEIÇÃO DO JACUÍPE,"RUA TEODORO SAMPAIO, SN",CENTRO,44245000,-12.3249215,-38.7685552,385,Sem acessibilidade,2026-09-23 11:24:00,718165891106779844760961
UE2015 (Anterior),CONCEIÇÃO DO JACUÍPE,192,12,1767552,COLÉGIO ESTADUAL DE TEMPO INTEGRAL CONCEIÇÃO DO JACUÍPE,"RUA TEODORO SAMPAIO, SN",CENTRO,44245000,-12.3249215,-38.7685552,385,Com acessibilidade,2026-09-23 11:34:00,677761966202823419601308
UE2015 (Anterior),CONCEIÇÃO DO JACUÍPE,192,13,1765824,COLÉGIO ESTADUAL DE TEMPO INTEGRAL CONCEIÇÃO DO JACUÍPE,"RUA TEODORO SAMPAIO, SN",CENTRO,44245000,-12.3249215,-38.7685552,390,Com acessibilidade,2026-09-23 11:45:00,596953994294901780519467
UE2015 (Anterior),CONCEIÇÃO DO JACUÍPE,192,14,1767045,"ASSOCIAÇÃO DE APOIO AO MENOR, AO ADOLESCENTE E AO IDOSO-AMAI","LOTEAMENTO MARIA ASSUNÇÃO, N 22 - ZONA URBANA",CENTRO,44245000,-12.3263705,-38.7599556,385,Com acessibilidade,2026-09-23 11:54:00,142408659049473705395208
UE2015 (Anterior),CONCEIÇÃO DO JACUÍPE,192,15,1767599,COLÉGIO ESTADUAL DE TEMPO INTEGRAL CONCEIÇÃO DO JACUÍPE,"RUA TEODORO SAMPAIO, SN",CENTRO,44245000,-12.3249215,-38.7685552,387,Com acessibilidade,2026-09-23 12:04:00,869680488821855306915925
UE2015 (Anterior),CONCEIÇÃO DO JACUÍPE,192,16,1767238,COLÉGIO ESTADUAL DE TEMPO INTEGRAL CONCEIÇÃO DO JACUÍPE,"RUA TEODORO SAMPAIO, SN",CENTRO,44245000,-12.3249215,-38.7685552,387,Com acessibilidade,2026-09-23 12:14:00,344428074069427601433935
UE2015 (Anterior),CONCEIÇÃO DO JACUÍPE,192,17,1824080,PRÉDIO ESCOLAR SÉRGIO CARDOSO,RUA TEODORO SAMPAIO - ZONA URBANA,CENTRO,44245000,-12.329699,-38.7689001,395,Com acessibilidade,2026-09-23 13:14:00,526246366387713630414438
UE2015 (Anterior),CONCEIÇÃO DO JACUÍPE,192,18,1756980,PRÉDIO ESCOLAR SÉRGIO CARDOSO,RUA TEODORO SAMPAIO - ZONA URBANA,CENTRO,44245000,-12.329699,-38.7689001,394,Com acessibilidade,2026-09-23 13:24:00,71701022542355438057920
UE2015 (Anterior),CONCEIÇÃO DO JACUÍPE,192,19,1764957,PRÉDIO ESCOLAR SÉRGIO CARDOSO,RUA TEODORO SAMPAIO - ZONA URBANA,CENTRO,44245000,-12.329699,-38.7689001,396,Com acessibilidade,2026-09-23 13:35:00,960690023731409532306113
UE2015 (Anterior),CONCEIÇÃO DO JACUÍPE,192,20,1757610,PRÉDIO ESCOLAR SÉRGIO CARDOSO,RUA TEODORO SAMPAIO - ZONA URBANA,CENTRO,44245000,-12.329699,-38.7689001,398,Com acessibilidade,2026-09-23 13:44:00,203014344955662560424699
UE2015 (Anterior),CONCEIÇÃO DO JACUÍPE,192,21,1777651,ESCOLA MUNICIPAL ARLINDO FERREIRA,"RUA SAO RAIMUNDO, S/N - ZONA URBANA",CENTRO,44245000,-12.3309982,-38.7710296,379,Com acessibilidade,2026-09-23 13:54:00,940488199829491444878532
UE2015 (Anterior),CONCEIÇÃO DO JACUÍPE,192,22,1765405,ESCOLA MUNICIPAL ARLINDO FERREIRA,"RUA SAO RAIMUNDO, S/N - ZONA URBANA",CENTRO,44245000,-12.3309982,-38.7710296,379,Com acessibilidade,2026-09-23 14:04:00,213115576356427312666796
UE2015 (Anterior),CONCEIÇÃO DO JACUÍPE,192,23,1773896,PREDIO ESCOLAR PRIMITIVA AZEVEDO MORAIS,"RUA ILICURITIBA, S/N - ZONA URBANA",LAGE,44245000,-12.3239056,-38.7577003,371,Com acessibilidade,2026-09-23 14:13:00,102004578145338059334661
UE2015 (Anterior),CONCEIÇÃO DO JACUÍPE,192,24,1766274,ESCOLA MARIA ARQUIMÍNIA DIAS,"RUA JOÃO PIMENTEL RIBEIRO, 35 - ZONA URBANA",PARQUE OURO VERDE,44245000,-12.3360262,-38.7681536,387,Com acessibilidade,2026-09-23 14:23:00,1094580535320039715345
UE2015 (Anterior),CONCEIÇÃO DO JACUÍPE,192,25,1769352,ESCOLA MARIA ARQUIMÍNIA DIAS,"RUA JOÃO PIMENTEL RIBEIRO, 35 - ZONA URBANA",PARQUE OURO VERDE,44245000,-12.3360262,-38.7681536,389,Sem acessibilidade,2026-09-23 14:33:00,607054295995013260712639
UE2015 (Anterior),CONCEIÇÃO DO JACUÍPE,192,26,1765771,ESCOLA MARIA ARQUIMÍNIA DIAS,"RUA JOÃO PIMENTEL RIBEIRO, 35 - ZONA URBANA",PARQUE OURO VERDE,44245000,-12.3360262,-38.7681536,389,Sem acessibilidade,2026-09-23 14:43:00,122206921647621466537028
UE2015 (Anterior),CONCEIÇÃO DO JACUÍPE,192,27,1767606,PREDIO ESCOLAR PRIMITIVA AZEVEDO MORAIS,"RUA ILICURITIBA, S/N - ZONA URBANA",LAGE,44245000,-12.3239056,-38.7577003,377,Com acessibilidade,2026-09-23 17:08:00,738367645608556714307657
UE2015 (Anterior),CONCEIÇÃO DO JACUÍPE,192,28,1759171,PREDIO ESCOLAR PRIMITIVA AZEVEDO MORAIS,"RUA ILICURITIBA, S/N - ZONA URBANA",LAGE,44245000,-12.3239056,-38.7577003,371,Com acessibilidade,2026-09-23 15:03:00,394933412674644853472337
UE2015 (Anterior),CONCEIÇÃO DO JACUÍPE,192,29,1767312,PREDIO ESCOLAR PRIMITIVA AZEVEDO MORAIS,"RUA ILICURITIBA, S/N - ZONA URBANA",LAGE,44245000,-12.3239056,-38.7577003,365,Com acessibilidade,2026-09-23 15:13:00,445438578179782648315092
UE2015 (Anterior),CONCEIÇÃO DO JACUÍPE,192,30,1765841,"ASSOCIAÇÃO DE APOIO AO MENOR, AO ADOLESCENTE E AO IDOSO-AMAI","LOTEAMENTO MARIA ASSUNÇÃO, N 22 - ZONA URBANA",CENTRO,44245000,-12.3263705,-38.7599556,389,Com acessibilidade,2026-09-23 15:23:00,556549763390980185621087
UE2015 (Anterior),CONCEIÇÃO DO JACUÍPE,192,31,1842455,ESCOLA MUNICIPAL JOAO PIMENTEL RIBEIRO,RODOVIA BR-324 - KM 87 - BESSA - ZONA RURAL,DISTRITO BESSA,44245000,-12.365172,-38.8148179,352,Com acessibilidade,2026-09-23 15:33:00,950589275030478032507064
UE2015 (Anterior),CONCEIÇÃO DO JACUÍPE,192,32,1760594,ESCOLA MUNICIPAL JOAO PIMENTEL RIBEIRO,RODOVIA BR-324 - KM 87 - BESSA - ZONA RURAL,DISTRITO BESSA,44245000,-12.365172,-38.8148179,351,Com acessibilidade,2026-09-23 15:42:00,192913621354734896202314
UE2015 (Anterior),CONCEIÇÃO DO JACUÍPE,192,33,1767555,ESCOLA MUNICIPAL VITALINA DE ARAÚJO CORREIA,POVOADO DO PICADO S/N - ZONA RURAL,DISTRITO PICADO,44245000,-12.3272906,-38.7257386,342,Com acessibilidade,2026-09-23 15:52:00,394933936174027763466552
UE2015 (Anterior),CONCEIÇÃO DO JACUÍPE,192,34,1767533,ESCOLA MUNICIPAL VITALINA DE ARAÚJO CORREIA,POVOADO DO PICADO S/N - ZONA RURAL,DISTRITO PICADO,44245000,-12.3272906,-38.7257386,345,Com acessibilidade,2026-09-23 16:01:00,708064355205923031510259
UE2015 (Anterior),CONCEIÇÃO DO JACUÍPE,192,35,1767178,ESCOLA MUNICIPAL VITALINA DE ARAÚJO CORREIA,POVOADO DO PICADO S/N - ZONA RURAL,DISTRITO PICADO,44245000,-12.3272906,-38.7257386,343,Com acessibilidade,2026-09-23 16:12:00,920286683527302609418821
UE2015 (Anterior),CONCEIÇÃO DO JACUÍPE,192,36,1766577,ESCOLA MUNICIPAL VITALINA DE ARAÚJO CORREIA,POVOADO DO PICADO S/N - ZONA RURAL,DISTRITO PICADO,44245000,-12.3272906,-38.7257386,345,Com acessibilidade,2026-09-23 16:21:00,344428218769748920965548
UE2015 (Anterior),CONCEIÇÃO DO JACUÍPE,192,37,1766947,COLÉGIO ESTADUAL DE TEMPO INTEGRAL CONCEIÇÃO DO JACUÍPE,"RUA TEODORO SAMPAIO, SN",CENTRO,44245000,-12.3249215,-38.7685552,387,Com acessibilidade,2026-09-23 16:30:00,334327318168759176109939
UE2015 (Anterior),CONCEIÇÃO DO JACUÍPE,192,38,1765487,ESCOLA MUNICIPAL DANIEL RIBEIRO COSTA,"RUA LOTEAMENTO ÁGUA BRANCA, S/N - ZONA URBANA",CENTRO,44245000,-12.3216945,-38.7683292,223,Com acessibilidade,2026-09-23 16:40:00,566650650491078815950200
UE2015 (Anterior),CONCEIÇÃO DO JACUÍPE,192,39,1753319,ESCOLA MUNICIPAL JOAO PIMENTEL RIBEIRO,RODOVIA BR-324 - KM 87 - BESSA - ZONA RURAL,DISTRITO BESSA,44245000,-12.365172,-38.8148179,352,Com acessibilidade,2026-09-23 16:49:00,546448740789686815929265
UE2015 (Anterior),CONCEIÇÃO DO JACUÍPE,192,40,1775792,COLÉGIO ESTADUAL DE TEMPO INTEGRAL CONCEIÇÃO DO JACUÍPE,"RUA TEODORO SAMPAIO, SN",CENTRO,44245000,-12.3249215,-38.7685552,387,Com acessibilidade,2026-09-23 16:58:00,980892264433149103381706
UE2015 (Anterior),CONCEIÇÃO DO JACUÍPE,192,41,1762859,ESCOLA MUNICIPAL ARLINDO FERREIRA,"RUA SAO RAIMUNDO, S/N - ZONA URBANA",CENTRO,44245000,-12.3309982,-38.7710296,379,Com acessibilidade,2026-09-23 09:37:00,71701464117245789210104
UE2015 (Anterior),CONCEIÇÃO DO JACUÍPE,192,42,1764394,PREDIO ESCOLAR PRIMITIVA AZEVEDO MORAIS,"RUA ILICURITIBA, S/N - ZONA URBANA",LAGE,44245000,-12.3239056,-38.7577003,374,Com acessibilidade,2026-09-23 09:46:00,697963198579886432827613
UE2015 (Anterior),CONCEIÇÃO DO JACUÍPE,192,43,1777226,ESCOLA MUNICIPAL DANIEL RIBEIRO COSTA,"RUA LOTEAMENTO ÁGUA BRANCA, S/N - ZONA URBANA",CENTRO,44245000,-12.3216945,-38.7683292,310,Com acessibilidade,2026-09-23 09:55:00,61600679416270033947537
UE2015 (Anterior),CONCEIÇÃO DO JACUÍPE,192,44,1767650,COLÉGIO ESTADUAL DE TEMPO INTEGRAL CONCEIÇÃO DO JACUÍPE,"RUA TEODORO SAMPAIO, SN",CENTRO,44245000,-12.3249215,-38.7685552,385,Com acessibilidade,2026-09-23 10:05:00,647458364874480701404683
UE2015 (Anterior),CONCEIÇÃO DO JACUÍPE,192,45,1764237,ESCOLA MUNICIPAL VITALINA DE ARAÚJO CORREIA,POVOADO DO PICADO S/N - ZONA RURAL,DISTRITO PICADO,44245000,-12.3272906,-38.7257386,341,Com acessibilidade,2026-09-23 15:41:00,102004938020579742048645
UE2015 (Anterior),CONCEIÇÃO DO JACUÍPE,192,46,1768888,ESCOLA MUNICIPAL ARLINDO FERREIRA,"RUA SAO RAIMUNDO, S/N - ZONA URBANA",CENTRO,44245000,-12.3309982,-38.7710296,378,Com acessibilidade,2026-09-23 10:23:00,758569698785635464531034
UE2015 (Anterior),CONCEIÇÃO DO JACUÍPE,192,47,1769612,COLÉGIO ESTADUAL DE TEMPO INTEGRAL CONCEIÇÃO DO JACUÍPE,"RUA TEODORO SAMPAIO, SN",CENTRO,44245000,-12.3249215,-38.7685552,386,Com acessibilidade,2026-09-23 10:31:00,667660714276493831569411
UE2015 (Anterior),CONCEIÇÃO DO JACUÍPE,192,48,1765819,COLÉGIO ESTADUAL DE TEMPO INTEGRAL CONCEIÇÃO DO JACUÍPE,"RUA TEODORO SAMPAIO, SN",CENTRO,44245000,-12.3249215,-38.7685552,386,Com acessibilidade,2026-09-23 10:40:00,122206282922979120841817
UE2015 (Anterior),CONCEIÇÃO DO JACUÍPE,192,49,1754332,"ASSOCIAÇÃO DE APOIO AO MENOR, AO ADOLESCENTE E AO IDOSO-AMAI","LOTEAMENTO MARIA ASSUNÇÃO, N 22 - ZONA URBANA",CENTRO,44245000,-12.3263705,-38.7599556,383,Com acessibilidade,2026-09-23 10:49:00,455539726655930676178136
UE2015 (Anterior),CONCEIÇÃO DO JACUÍPE,192,50,1783973,ESCOLA MUNICIPAL ARLINDO FERREIRA,"RUA SAO RAIMUNDO, S/N - ZONA URBANA",CENTRO,44245000,-12.3309982,-38.7710296,380,Com acessibilidade,2026-09-23 10:58:00,849478192494347458952688
UE2015 (Anterior),CONCEIÇÃO DO JACUÍPE,192,51,1790762,ESCOLA MUNICIPAL JOAO PIMENTEL RIBEIRO,RODOVIA BR-324 - KM 87 - BESSA - ZONA RURAL,DISTRITO BESSA,44245000,-12.365172,-38.8148179,351,Com acessibilidade,2026-09-23 11:07:00,566650024666651859578432
UE2015 (Anterior),CONCEIÇÃO DO JACUÍPE,192,109,1767050,PREDIO ESCOLAR PRIMITIVA AZEVEDO MORAIS,"RUA ILICURITIBA, S/N - ZONA URBANA",LAGE,44245000,-12.3239056,-38.7577003,376,Com acessibilidade,2026-09-23 11:16:00,910185993301024469784853
UE2015 (Anterior),CONCEIÇÃO DO JACUÍPE,192,110,1767036,ESCOLA MUNICIPAL PROFESSORA LAURA RIBEIRO LOPES,"RUA CASTRO ALVES, N 178 - ZONA URBANA",CENTRO,44245000,-12.3256242,-38.7670189,380,Com acessibilidade,2026-09-23 11:24:00,617155773571676875713118
UE2015 (Anterior),CONCEIÇÃO DO JACUÍPE,192,114,1767315,ESCOLA MUNICIPAL ARLINDO FERREIRA,"RUA SAO RAIMUNDO, S/N - ZONA URBANA",CENTRO,44245000,-12.3309982,-38.7710296,377,Com acessibilidade,2026-09-23 11:33:00,960690566006045558634609
UE2015 (Anterior),CONCEIÇÃO DO JACUÍPE,192,120,1760683,ESCOLA MUNICIPAL ARLINDO FERREIRA,"RUA SAO RAIMUNDO, S/N - ZONA URBANA",CENTRO,44245000,-12.3309982,-38.7710296,375,Com acessibilidade,2026-09-23 11:42:00,940488177504040895139637
UE2015 (Anterior),CONCEIÇÃO DO JACUÍPE,192,123,1764228,PREDIO ESCOLAR PRIMITIVA AZEVEDO MORAIS,"RUA ILICURITIBA, S/N - ZONA URBANA",LAGE,44245000,-12.3239056,-38.7577003,372,Com acessibilidade,2026-09-23 11:51:00,304024869840421369104751
UE2015 (Anterior),CONCEIÇÃO DO JACUÍPE,192,124,1782076,ESCOLA MUNICIPAL DANIEL RIBEIRO COSTA,"RUA LOTEAMENTO ÁGUA BRANCA, S/N - ZONA URBANA",CENTRO,44245000,-12.3216945,-38.7683292,300,Com acessibilidade,2026-09-23 12:00:00,738367406883448566065899
UE2015 (Anterior),CONCEIÇÃO DO JACUÍPE,192,125,1764827,PRÉDIO ESCOLAR SÉRGIO CARDOSO,RUA TEODORO SAMPAIO - ZONA URBANA,CENTRO,44245000,-12.329699,-38.7689001,400,Com acessibilidade,2026-09-23 12:09:00,607054386170945212469908
UE2015 (Anterior),CONCEIÇÃO DO JACUÍPE,192,126,1751378,COLÉGIO ESTADUAL DE TEMPO INTEGRAL CONCEIÇÃO DO JACUÍPE,"RUA TEODORO SAMPAIO, SN",CENTRO,44245000,-12.3249215,-38.7685552,385,Com acessibilidade,2026-09-23 12:18:00,617155505371976858618169
UE2015 (Anterior),CONCEIÇÃO DO JACUÍPE,192,127,1764527,ESCOLA MUNICIPAL PROFESSORA LAURA RIBEIRO LOPES,"RUA CASTRO ALVES, N 178 - ZONA URBANA",CENTRO,44245000,-12.3256242,-38.7670189,380,Com acessibilidade,2026-09-23 12:27:00,223216220232601715761717
UE2015 (Anterior),CONCEIÇÃO DO JACUÍPE,192,128,1773300,ESCOLA MUNICIPAL PROFESSORA LAURA RIBEIRO LOPES,"RUA CASTRO ALVES, N 178 - ZONA URBANA",CENTRO,44245000,-12.3256242,-38.7670189,382,Com acessibilidade,2026-09-23 12:36:00,51599168815453077835754
UE2015 (Anterior),CONCEIÇÃO DO JACUÍPE,192,129,1757439,ESCOLA MUNICIPAL PROFESSORA LAURA RIBEIRO LOPES,"RUA CASTRO ALVES, N 178 - ZONA URBANA",CENTRO,44245000,-12.3256242,-38.7670189,380,Com acessibilidade,2026-09-23 12:45:00,506044726860926348118147
UE2015 (Anterior),CONCEIÇÃO DO JACUÍPE,192,130,1805602,GRUPO ESCOLAR BACILDES AZEVEDO MORAES,"RUA EMILIO AZEVEDO BARBOSA, S/N - ZONA RURAL",LAGE,44245000,-12.3218025,-38.7543433,347,Com acessibilidade,2026-09-23 12:54:00,394933690949833476888232
UE2015 (Anterior),CONCEIÇÃO DO JACUÍPE,192,131,1764921,ESCOLA MUNICIPAL ANTÔNIO ANTUNES DOS SANTOS,"RUA TADEU CERQUEIRA, S/N - ZONA URBANA",CENTRO,44245000,-12.3401445,-38.7735516,387,Com acessibilidade,2026-09-23 13:03:00,263620678036298777056335
UE2015 (Anterior),CONCEIÇÃO DO JACUÍPE,192,132,1765684,ESCOLA MUNICIPAL NOSSA SENHORA DA CONCEIÇÃO,"PRAÇA DA MATRIZ, S/N - ZONA RURAL",DISTRITO PICADO,44245000,-12.3281287,-38.724027,196,Com acessibilidade,2026-09-23 13:12:00,697963210479746033990760
UE2015 (Anterior),CONCEIÇÃO DO JACUÍPE,192,133,1783979,ESCOLA MUNICIPAL ANTÔNIO ANTUNES DOS SANTOS,"RUA TADEU CERQUEIRA, S/N - ZONA URBANA",CENTRO,44245000,-12.3401445,-38.7735516,385,Com acessibilidade,2026-09-23 13:21:00,344428972844415013483867
UE2015 (Anterior),CONCEIÇÃO DO JACUÍPE,192,134,1765520,GRUPO ESCOLAR BACILDES AZEVEDO MORAES,"RUA EMILIO AZEVEDO BARBOSA, S/N - ZONA RURAL",LAGE,44245000,-12.3218025,-38.7543433,358,Com acessibilidade,2026-09-23 13:30:00,728266469882811141682298
UE2015 (Anterior),CONCEIÇÃO DO JACUÍPE,192,135,1768953,ESCOLA MUNICIPAL ANTÔNIO ANTUNES DOS SANTOS,"RUA TADEU CERQUEIRA, S/N - ZONA URBANA",CENTRO,44245000,-12.3401445,-38.7735516,382,Com acessibilidade,2026-09-23 13:39:00,718165561281436179436210
UE2015 (Anterior),CONCEIÇÃO DO JACUÍPE,192,191,1765043,COLÉGIO ESTADUAL DE TEMPO INTEGRAL CONCEIÇÃO DO JACUÍPE,"RUA TEODORO SAMPAIO, SN",CENTRO,44245000,-12.3249215,-38.7685552,385,Com acessibilidade,2026-09-23 13:48:00,354529187545091119366287
UE2015 (Anterior),CONCEIÇÃO DO JACUÍPE,192,193,1768694,ESCOLA MUNICIPAL DANIEL RIBEIRO COSTA,"RUA LOTEAMENTO ÁGUA BRANCA, S/N - ZONA URBANA",CENTRO,44245000,-12.3216945,-38.7683292,222,Com acessibilidade,2026-09-23 13:57:00,506044552360269484470979
UE2015 (Anterior),CONCEIÇÃO DO JACUÍPE,192,196,1766928,"ASSOCIAÇÃO DE APOIO AO MENOR, AO ADOLESCENTE E AO IDOSO-AMAI","LOTEAMENTO MARIA ASSUNÇÃO, N 22 - ZONA URBANA",CENTRO,44245000,-12.3263705,-38.7599556,387,Com acessibilidade,2026-09-23 14:06:00,223216605732575367925457
UE2015 (Anterior),CONCEIÇÃO DO JACUÍPE,192,197,1825824,PREDIO ESCOLAR PRIMITIVA AZEVEDO MORAIS,"RUA ILICURITIBA, S/N - ZONA URBANA",LAGE,44245000,-12.3239056,-38.7577003,383,Com acessibilidade,2026-09-23 14:15:00,728266211882093867684571
UE2015 (Anterior),CONCEIÇÃO DO JACUÍPE,192,202,1766072,PRÉDIO ESCOLAR SÉRGIO CARDOSO,RUA TEODORO SAMPAIO - ZONA URBANA,CENTRO,44245000,-12.329699,-38.7689001,391,Sem acessibilidade,2026-09-23 14:24:00,596953993269981123237370
UE2015 (Anterior),CONCEIÇÃO DO JACUÍPE,192,203,1760739,ESCOLA MUNICIPAL ANTÔNIO ANTUNES DOS SANTOS,"RUA TADEU CERQUEIRA, S/N - ZONA URBANA",CENTRO,44245000,-12.3401445,-38.7735516,380,Sem acessibilidade,2026-09-23 14:33:00,394933902649802153255227
UE2015 (Anterior),CONCEIÇÃO DO JACUÍPE,192,204,1838906,ESCOLA MUNICIPAL JOAO PIMENTEL RIBEIRO,RODOVIA BR-324 - KM 87 - BESSA - ZONA RURAL,DISTRITO BESSA,44245000,-12.365172,-38.8148179,348,Sem acessibilidade,2026-09-23 14:43:00,637357255073138653633505
UE2015 (Anterior),CONCEIÇÃO DO JACUÍPE,192,206,1757408,GRUPO ESCOLAR BACILDES AZEVEDO MORAES,"RUA EMILIO AZEVEDO BARBOSA, S/N - ZONA RURAL",LAGE,44245000,-12.3218025,-38.7543433,346,Sem acessibilidade,2026-09-23 14:52:00,304024140640828384518637
UE2015 (Anterior),CONCEIÇÃO DO JACUÍPE,192,208,1764796,ESCOLA MUNICIPAL PROFESSORA LAURA RIBEIRO LOPES,"RUA CASTRO ALVES, N 178 - ZONA URBANA",CENTRO,44245000,-12.3256242,-38.7670189,379,Sem acessibilidade,2026-09-23 15:01:00,738367793583840651647025
UE2015 (Anterior),CONCEIÇÃO DO JACUÍPE,192,209,1795463,ESCOLA MUNICIPAL ANTÔNIO ANTUNES DOS SANTOS,"RUA TADEU CERQUEIRA, S/N - ZONA URBANA",CENTRO,44245000,-12.3401445,-38.7735516,385,Sem acessibilidade,2026-09-23 15:10:00,344428515744478620064486
UE2015 (Anterior),CONCEIÇÃO DO JACUÍPE,192,211,1765053,COLÉGIO ESTADUAL DE TEMPO INTEGRAL CONCEIÇÃO DO JACUÍPE,"RUA TEODORO SAMPAIO, SN",CENTRO,44245000,-12.3249215,-38.7685552,387,Sem acessibilidade,2026-09-23 15:19:00,869680223796624891743800
UE2015 (Anterior),CONCEIÇÃO DO JACUÍPE,192,212,1754491,PREDIO ESCOLAR PRIMITIVA AZEVEDO MORAIS,"RUA ILICURITIBA, S/N - ZONA URBANA",LAGE,44245000,-12.3239056,-38.7577003,318,Sem acessibilidade,2026-09-23 15:28:00,940488417904723999260173
UE2015 (Anterior),CORAÇÃO DE MARIA,130,35,1840747,COLÉGIO ESTADUAL MARIA LUZIA COSTA DOS SANTOS,RODOVIA BA 503- ZONA URBANA,CENTRO,44250000,-12.25139978,-38.74686446,372,Com acessibilidade,2026-09-24 08:39:00,393469150443683540178563
UE2015 (Anterior),CORAÇÃO DE MARIA,130,36,1780759,COLÉGIO ESTADUAL MARIA LUZIA COSTA DOS SANTOS,RODOVIA BA 503- ZONA URBANA,CENTRO,44250000,-12.25139978,-38.74686446,372,Com acessibilidade,2026-09-24 08:48:00,403570277144712021444479
UE2015 (Anterior),CORAÇÃO DE MARIA,130,37,1760896,COLÉGIO ESTADUAL MARIA LUZIA COSTA DOS SANTOS,RODOVIA BA 503- ZONA URBANA,CENTRO,44250000,-12.25139978,-38.74686446,371,Com acessibilidade,2026-09-24 08:57:00,403570387344734663940174
UE2015 (Anterior),CORAÇÃO DE MARIA,130,38,1835272,COLÉGIO ESTADUAL MARIA LUZIA COSTA DOS SANTOS II,RODOVIA BA 503- ZONA URBANA,CENTRO,44250000,-12.25141356,-38.74740473,325,Com acessibilidade,2026-09-24 09:06:00,241954337628163510470601
UE2015 (Anterior),CORAÇÃO DE MARIA,130,39,1766098,COLÉGIO ESTADUAL MARIA LUZIA COSTA DOS SANTOS II,RODOVIA BA 503- ZONA URBANA,CENTRO,44250000,-12.25141356,-38.74740473,325,Com acessibilidade,2026-09-24 09:14:00,726702922176598358505310
UE2015 (Anterior),CORAÇÃO DE MARIA,130,40,1767010,GRUPO ESCOLAR PEDRO CORREIA DAMASCENO,RUA DAS ALGAROBAS - ZONA URBANA,CENTRO,44250000,-12.24580263,-38.75035728,334,Com acessibilidade,2026-09-24 09:23:00,585388865662479500603301
UE2015 (Anterior),CORAÇÃO DE MARIA,130,41,1769668,GRUPO ESCOLAR PEDRO CORREIA DAMASCENO,RUA DAS ALGAROBAS - ZONA URBANA,CENTRO,44250000,-12.24580263,-38.75035728,335,Com acessibilidade,2026-09-24 09:32:00,201550590524114823224905
UE2015 (Anterior),CORAÇÃO DE MARIA,130,42,1838430,COLÉGIO ESTADUAL MARIA LUZIA COSTA DOS SANTOS,RODOVIA BA 503- ZONA URBANA,CENTRO,44250000,-12.25139978,-38.74686446,372,Com acessibilidade,2026-09-24 09:41:00,645994149568574557260672
UE2015 (Anterior),CORAÇÃO DE MARIA,130,43,1757328,GRUPO ESCOLAR PEDRO CORREIA DAMASCENO,RUA DAS ALGAROBAS - ZONA URBANA,CENTRO,44250000,-12.24580263,-38.75035728,335,Com acessibilidade,2026-09-24 09:49:00,19631629205507139109568
UE2015 (Anterior),CORAÇÃO DE MARIA,130,44,1769344,GRUPO ESCOLAR PEDRO CORREIA DAMASCENO,RUA DAS ALGAROBAS - ZONA URBANA,CENTRO,44250000,-12.24580263,-38.75035728,336,Com acessibilidade,2026-09-24 09:57:00,241954963028688075499310
UE2015 (Anterior),CORAÇÃO DE MARIA,130,45,1769273,COLÉGIO ESTADUAL MARIA LUZIA COSTA DOS SANTOS II,RODOVIA BA 503- ZONA URBANA,CENTRO,44250000,-12.25141356,-38.74740473,322,Com acessibilidade,2026-09-24 10:06:00,534883367657531032145017
UE2015 (Anterior),CORAÇÃO DE MARIA,130,46,1767256,COLÉGIO ESTADUAL MARIA LUZIA COSTA DOS SANTOS II,RODOVIA BA 503- ZONA URBANA,CENTRO,44250000,-12.25141356,-38.74740473,325,Com acessibilidade,2026-09-24 10:15:00,90439031913111492248419
UE2015 (Anterior),CORAÇÃO DE MARIA,130,47,1758597,COLÉGIO ESTADUAL MARIA LUZIA COSTA DOS SANTOS,RODOVIA BA 503- ZONA URBANA,CENTRO,44250000,-12.25139978,-38.74686446,371,Com acessibilidade,2026-09-24 10:33:00,211651260325278385685130
UE2015 (Anterior),CORAÇÃO DE MARIA,130,48,1760078,ESCOLA INFANTIL MANOEL JOSÉ VIEIRA,RUA BERNARDINO SENA DE CARVLAHO - ZONA URBANA,CENTRO,44250000,-12.24619859,-38.74926003,351,Com acessibilidade,2026-09-24 10:41:00,151045318819160552982605
UE2015 (Anterior),CORAÇÃO DE MARIA,130,49,1756343,ESCOLA INFANTIL MANOEL JOSÉ VIEIRA,RUA BERNARDINO SENA DE CARVLAHO - ZONA URBANA,CENTRO,44250000,-12.24619859,-38.74926003,350,Com acessibilidade,2026-09-24 10:50:00,555085821459580002955354
UE2015 (Anterior),CORAÇÃO DE MARIA,130,50,1837300,COLÉGIO MUNICIPAL MANOEL NOVAIS,"RUA PEDRO CERQUEIRA DALTRO, 210 - ZONA URBANA",CENTRO,44250000,-12.2483005,-38.74597922,386,Com acessibilidade,2026-09-24 10:58:00,878217226991469276404635
UE2015 (Anterior),CORAÇÃO DE MARIA,130,51,1762492,COLÉGIO MUNICIPAL MANOEL NOVAIS,"RUA PEDRO CERQUEIRA DALTRO, 210 - ZONA URBANA",CENTRO,44250000,-12.2483005,-38.74597922,384,Com acessibilidade,2026-09-24 11:07:00,80338549512266254245157
UE2015 (Anterior),CORAÇÃO DE MARIA,130,52,1784111,COLÉGIO MUNICIPAL MANOEL NOVAIS,"RUA PEDRO CERQUEIRA DALTRO, 210 - ZONA URBANA",CENTRO,44250000,-12.2483005,-38.74597922,386,Com acessibilidade,2026-09-24 11:15:00,474277045651603104869338
UE2015 (Anterior),CORAÇÃO DE MARIA,130,53,1750468,COLÉGIO MUNICIPAL MANOEL NOVAIS,"RUA PEDRO CERQUEIRA DALTRO, 210 - ZONA URBANA",CENTRO,44250000,-12.2483005,-38.74597922,387,Com acessibilidade,2026-09-24 11:24:00,605590283964752568396012
UE2015 (Anterior),CORAÇÃO DE MARIA,130,54,1766718,PRÉDIO ESCOLAR ANTONIO COSTA FERREIRA,"ESTRADA BA-084, KM 10  - ZONA RURAL",POVOADO CORDEIRO,44250000,-12.18569187,-38.73501444,318,Com acessibilidade,2026-09-24 11:32:00,868116659690966988482901
UE2015 (Anterior),CORAÇÃO DE MARIA,130,55,1766856,PRÉDIO ESCOLAR ANTONIO COSTA FERREIRA,"ESTRADA BA-084, KM 10  - ZONA RURAL",POVOADO CORDEIRO,44250000,-12.18569187,-38.73501444,317,Com acessibilidade,2026-09-24 11:40:00,585388480162631187206874
UE2015 (Anterior),CORAÇÃO DE MARIA,130,56,1775303,ESCOLA VILA DE ITACAVA,RUA NOVA S/N  - ZONA RURAL,DISTRITO SÃO SIMÃO,44250000,-12.20333542,-38.84514229,397,Com acessibilidade,2026-09-24 11:49:00,635893649167314035250398
UE2015 (Anterior),CORAÇÃO DE MARIA,130,57,1767363,COLÉGIO ESTADUAL JOSÉ WALDOMIRO SANTOS DA CONCEIÇÃO,"RUA CLETO ALVES DA CRUZ, S/Nº",DISTRITO RETIRO,44253000,-12.1277687,-38.81130942,280,Com acessibilidade,2026-09-24 11:58:00,353065473639052871572188
UE2015 (Anterior),CORAÇÃO DE MARIA,130,58,1789702,COLÉGIO ESTADUAL JOSÉ WALDOMIRO SANTOS DA CONCEIÇÃO,"RUA CLETO ALVES DA CRUZ, S/Nº",DISTRITO RETIRO,44253000,-12.1277687,-38.81130942,279,Com acessibilidade,2026-09-24 08:41:00,181348411283003907427846
UE2015 (Anterior),CORAÇÃO DE MARIA,130,59,1838787,COLÉGIO ESTADUAL JOSÉ WALDOMIRO SANTOS DA CONCEIÇÃO,"RUA CLETO ALVES DA CRUZ, S/Nº",DISTRITO RETIRO,44253000,-12.1277687,-38.81130942,278,Com acessibilidade,2026-09-24 08:50:00,726702064237565475447403
UE2015 (Anterior),CORAÇÃO DE MARIA,130,60,1763447,COLÉGIO ESTADUAL JOSÉ WALDOMIRO SANTOS DA CONCEIÇÃO,"RUA CLETO ALVES DA CRUZ, S/Nº",DISTRITO RETIRO,44253000,-12.1277687,-38.81130942,280,Com acessibilidade,2026-09-24 08:58:00,878217297352278778612118
UE2015 (Anterior),CORAÇÃO DE MARIA,130,61,1766199,PRÉDIO ESCOLAR DAVID MENDES,PRAÇA DA MATRIZ - ZONA RURAL,DISTRITO RETIRO,44250000,-12.12824962,-38.81200689,348,Com acessibilidade,2026-09-24 09:07:00,787308314343774471395834
UE2015 (Anterior),CORAÇÃO DE MARIA,130,62,1808866,PRÉDIO ESCOLAR DAVID MENDES,PRAÇA DA MATRIZ - ZONA RURAL,DISTRITO RETIRO,44250000,-12.12824962,-38.81200689,346,Com acessibilidade,2026-09-24 09:16:00,484378126113499028937625
UE2015 (Anterior),CORAÇÃO DE MARIA,130,63,1766495,COLÉGIO ESTADUAL JOSÉ WALDOMIRO SANTOS DA CONCEIÇÃO,"RUA CLETO ALVES DA CRUZ, S/Nº",DISTRITO RETIRO,44253000,-12.1277687,-38.81130942,279,Com acessibilidade,2026-09-24 09:25:00,595489340924624303478642
UE2015 (Anterior),CORAÇÃO DE MARIA,130,65,1766145,GRUPO ESCOLAR PEDRO CORREIA DAMASCENO,RUA DAS ALGAROBAS - ZONA URBANA,CENTRO,44250000,-12.24580263,-38.75035728,337,Com acessibilidade,2026-09-24 09:34:00,605590573425659505917667
UE2015 (Anterior),CORAÇÃO DE MARIA,130,66,1765834,COLÉGIO ESTADUAL MARIA LUZIA COSTA DOS SANTOS,RODOVIA BA 503- ZONA URBANA,CENTRO,44250000,-12.25139978,-38.74686446,371,Com acessibilidade,2026-09-24 09:43:00,60136140071136576756952
UE2015 (Anterior),CORAÇÃO DE MARIA,130,67,1768077,ESCOLA INFANTIL MANOEL JOSÉ VIEIRA,RUA BERNARDINO SENA DE CARVLAHO - ZONA URBANA,CENTRO,44250000,-12.24619859,-38.74926003,352,Com acessibilidade,2026-09-24 09:53:00,807510991645965231590272
UE2015 (Anterior),CORAÇÃO DE MARIA,130,68,1754421,PRÉDIO ESCOLAR DAVID MENDES,PRAÇA DA MATRIZ - ZONA RURAL,DISTRITO RETIRO,44250000,-12.12824962,-38.81200689,346,Com acessibilidade,2026-09-24 10:02:00,433873735108150555912752
UE2015 (Anterior),CORAÇÃO DE MARIA,130,69,1762473,COLÉGIO ESTADUAL MARIA LUZIA COSTA DOS SANTOS II,RODOVIA BA 503- ZONA URBANA,CENTRO,44250000,-12.25141356,-38.74740473,321,Com acessibilidade,2026-09-24 10:12:00,231853649788045459924528
UE2015 (Anterior),CORAÇÃO DE MARIA,130,70,1752950,COLÉGIO MUNICIPAL MANOEL NOVAIS,"RUA PEDRO CERQUEIRA DALTRO, 210 - ZONA URBANA",CENTRO,44250000,-12.2483005,-38.74597922,385,Com acessibilidade,2026-09-24 10:22:00,49934535369946389307517
UE2015 (Anterior),CORAÇÃO DE MARIA,130,71,1766140,ESCOLA VILA DE ITACAVA,RUA NOVA S/N  - ZONA RURAL,DISTRITO SÃO SIMÃO,44250000,-12.20333542,-38.84514229,396,Com acessibilidade,2026-09-24 10:43:00,171247774682323683254154
UE2015 (Anterior),CORAÇÃO DE MARIA,130,73,1776487,COLÉGIO ESTADUAL MARIA LUZIA COSTA DOS SANTOS,RODOVIA BA 503- ZONA URBANA,CENTRO,44250000,-12.25139978,-38.74686446,371,Com acessibilidade,2026-09-24 10:51:00,989328806663089741002637
UE2015 (Anterior),CORAÇÃO DE MARIA,130,74,1764779,GRUPO ESCOLAR PEDRO CORREIA DAMASCENO,RUA DAS ALGAROBAS - ZONA URBANA,CENTRO,44250000,-12.24580263,-38.75035728,334,Com acessibilidade,2026-09-24 11:00:00,302560239795994688838850
UE2015 (Anterior),CORAÇÃO DE MARIA,130,75,1762026,COLÉGIO ESTADUAL JOSÉ WALDOMIRO SANTOS DA CONCEIÇÃO,"RUA CLETO ALVES DA CRUZ, S/Nº",DISTRITO RETIRO,44253000,-12.1277687,-38.81130942,280,Com acessibilidade,2026-09-24 11:10:00,19631051966797913967678
UE2015 (Anterior),CORAÇÃO DE MARIA,130,77,1765582,GRUPO ESCOLAR PEDRO CORREIA DAMASCENO,RUA DAS ALGAROBAS - ZONA URBANA,CENTRO,44250000,-12.24580263,-38.75035728,335,Com acessibilidade,2026-09-24 11:19:00,666196927631071851814020
UE2015 (Anterior),CORAÇÃO DE MARIA,130,78,1774903,COLÉGIO ESTADUAL MARIA LUZIA COSTA DOS SANTOS II,RODOVIA BA 503- ZONA URBANA,CENTRO,44250000,-12.25141356,-38.74740473,329,Com acessibilidade,2026-09-24 11:27:00,262156638791628729065187
UE2015 (Anterior),CORAÇÃO DE MARIA,130,79,1765332,PRÉDIO ESCOLAR DAVID MENDES,PRAÇA DA MATRIZ - ZONA RURAL,DISTRITO RETIRO,44250000,-12.12824962,-38.81200689,348,Com acessibilidade,2026-09-24 11:36:00,726702201337102844159092
UE2015 (Anterior),CORAÇÃO DE MARIA,130,80,1766288,ESCOLA INFANTIL MANOEL JOSÉ VIEIRA,RUA BERNARDINO SENA DE CARVLAHO - ZONA URBANA,CENTRO,44250000,-12.24619859,-38.74926003,352,Com acessibilidade,2026-09-24 11:45:00,171247736982577002402268
UE2015 (Anterior),CORAÇÃO DE MARIA,130,81,1764685,COLÉGIO ESTADUAL JOSÉ WALDOMIRO SANTOS DA CONCEIÇÃO,"RUA CLETO ALVES DA CRUZ, S/Nº",DISTRITO RETIRO,44253000,-12.1277687,-38.81130942,279,Com acessibilidade,2026-09-24 11:55:00,373267047202867844694341
UE2015 (Anterior),CORAÇÃO DE MARIA,130,82,1752620,COLÉGIO MUNICIPAL MANOEL NOVAIS,"RUA PEDRO CERQUEIRA DALTRO, 210 - ZONA URBANA",CENTRO,44250000,-12.2483005,-38.74597922,387,Com acessibilidade,2026-09-24 12:09:00,858015638050282135092832
UE2015 (Anterior),CORAÇÃO DE MARIA,130,83,1788893,COLÉGIO ESTADUAL JOSÉ WALDOMIRO SANTOS DA CONCEIÇÃO,"RUA CLETO ALVES DA CRUZ, S/Nº",DISTRITO RETIRO,44253000,-12.1277687,-38.81130942,281,Com acessibilidade,2026-09-24 08:39:00,464176354690758118512550
UE2015 (Anterior),CORAÇÃO DE MARIA,130,84,1765763,COLÉGIO MUNICIPAL MANOEL NOVAIS,"RUA PEDRO CERQUEIRA DALTRO, 210 - ZONA URBANA",CENTRO,44250000,-12.2483005,-38.74597922,387,Com acessibilidade,2026-09-24 08:47:00,161146162760407698821147
UE2015 (Anterior),CORAÇÃO DE MARIA,130,85,1766473,COLÉGIO MUNICIPAL MANOEL NOVAIS,"RUA PEDRO CERQUEIRA DALTRO, 210 - ZONA URBANA",CENTRO,44250000,-12.2483005,-38.74597922,385,Com acessibilidade,2026-09-24 08:56:00,605590717004869946491377
UE2015 (Anterior),CORAÇÃO DE MARIA,130,86,1761172,COLÉGIO ESTADUAL JOSÉ WALDOMIRO SANTOS DA CONCEIÇÃO,"RUA CLETO ALVES DA CRUZ, S/Nº",DISTRITO RETIRO,44253000,-12.1277687,-38.81130942,278,Com acessibilidade,2026-09-24 09:04:00,161146385160944112042737
UE2015 (Anterior),CORAÇÃO DE MARIA,130,87,1765821,GRUPO ESCOLAR PEDRO CORREIA DAMASCENO,RUA DAS ALGAROBAS - ZONA URBANA,CENTRO,44250000,-12.24580263,-38.75035728,332,Com acessibilidade,2026-09-24 09:12:00,80338416452818630763018
UE2015 (Anterior),CORAÇÃO DE MARIA,130,88,1769539,COLÉGIO ESTADUAL MARIA LUZIA COSTA DOS SANTOS,RODOVIA BA 503- ZONA URBANA,CENTRO,44250000,-12.25139978,-38.74686446,369,Com acessibilidade,2026-09-24 09:20:00,726702162616409766526720
UE2015 (Anterior),CORAÇÃO DE MARIA,130,89,1764602,COLÉGIO MUNICIPAL MANOEL NOVAIS,"RUA PEDRO CERQUEIRA DALTRO, 210 - ZONA URBANA",CENTRO,44250000,-12.2483005,-38.74597922,386,Com acessibilidade,2026-09-24 09:28:00,938823481337174306560360
UE2015 (Anterior),CORAÇÃO DE MARIA,130,90,1761348,PRÉDIO ESCOLAR DAVID MENDES,PRAÇA DA MATRIZ - ZONA RURAL,DISTRITO RETIRO,44250000,-12.12824962,-38.81200689,347,Com acessibilidade,2026-09-24 09:37:00,140944778458402926897787
UE2015 (Anterior),CORAÇÃO DE MARIA,130,91,1752786,PRÉDIO ESCOLAR ANTONIO COSTA FERREIRA,"ESTRADA BA-084, KM 10  - ZONA RURAL",POVOADO CORDEIRO,44250000,-12.18569187,-38.73501444,317,Com acessibilidade,2026-09-24 09:45:00,70237812951282211949326
UE2015 (Anterior),CORAÇÃO DE MARIA,130,92,1769372,PRÉDIO ESCOLAR DAVID MENDES,PRAÇA DA MATRIZ - ZONA RURAL,DISTRITO RETIRO,44250000,-12.12824962,-38.81200689,347,Com acessibilidade,2026-09-24 09:53:00,635893488407799191188883
UE2015 (Anterior),CORAÇÃO DE MARIA,130,93,1768281,CENTRO SOCIAL DE PEDRAS,FAZENDA PEDRA NOVA - ZONA RURAL,DISTRITO RETIRO,44250000,-12.14191071,-38.84650803,320,Com acessibilidade,2026-09-24 10:01:00,393469354683049096060361
UE2015 (Anterior),CORAÇÃO DE MARIA,130,94,1765161,COLÉGIO SÃO FRANCISCO,FAZENDA CAMPO GRANDE - ZONA RURAL,DISTRITO RETIRO,44250000,-12.13565017,-38.82684066,250,Com acessibilidade,2026-09-24 10:10:00,110641186255784893301612
UE2015 (Anterior),CORAÇÃO DE MARIA,130,95,1788504,CENTRO SOCIAL DE PEDRAS,FAZENDA PEDRA NOVA - ZONA RURAL,DISTRITO RETIRO,44250000,-12.14191071,-38.84650803,320,Com acessibilidade,2026-09-24 10:19:00,39833219247336909571518
UE2015 (Anterior),CORAÇÃO DE MARIA,130,96,1770434,COLÉGIO MUNICIPAL MANOEL NOVAIS,"RUA PEDRO CERQUEIRA DALTRO, 210 - ZONA URBANA",CENTRO,44250000,-12.2483005,-38.74597922,386,Com acessibilidade,2026-09-24 10:26:00,736803020517912208184400
UE2015 (Anterior),CORAÇÃO DE MARIA,130,168,1768392,GRUPO ESCOLAR PEDRO CORREIA DAMASCENO,RUA DAS ALGAROBAS - ZONA URBANA,CENTRO,44250000,-12.24580263,-38.75035728,336,Com acessibilidade,2026-09-24 10:34:00,413671807585543155061083
UE2015 (Anterior),CORAÇÃO DE MARIA,130,169,1805512,CENTRO SOCIAL DE PEDRAS,FAZENDA PEDRA NOVA - ZONA RURAL,DISTRITO RETIRO,44250000,-12.14191071,-38.84650803,321,Com acessibilidade,2026-09-24 10:42:00,221752729666300220635266
UE2015 (Anterior),CORAÇÃO DE MARIA,130,170,1757578,ESCOLA MUNICIPAL NEUSA MARIA SOUSA DOS SANTOS,"RUA CECÍLIO BATISTA MARQUES, S/N - CENTRO",CENTRO,44250000,-12.24531052,-38.74717679,340,Com acessibilidade,2026-09-24 10:50:00,979227555741005343098670
UE2015 (Anterior),CORAÇÃO DE MARIA,130,171,1755957,ESCOLA INFANTIL MANOEL JOSÉ VIEIRA,RUA BERNARDINO SENA DE CARVLAHO - ZONA URBANA,CENTRO,44250000,-12.24619859,-38.74926003,349,Com acessibilidade,2026-09-24 10:59:00,938823623237590062528645
UE2015 (Anterior),CORAÇÃO DE MARIA,130,172,1767313,ESCOLA MUNICIPAL NEUSA MARIA SOUSA DOS SANTOS,"RUA CECÍLIO BATISTA MARQUES, S/N - CENTRO",CENTRO,44250000,-12.24531052,-38.74717679,211,Com acessibilidade,2026-09-24 11:07:00,252055057169435422579769
UE2015 (Anterior),CORAÇÃO DE MARIA,130,175,1765685,ESCOLA MUNICIPAL NEUSA MARIA SOUSA DOS SANTOS,"RUA CECÍLIO BATISTA MARQUES, S/N - CENTRO",CENTRO,44250000,-12.24531052,-38.74717679,210,Com acessibilidade,2026-09-24 11:15:00,443974578888572640507208
UE2015 (Anterior),CORAÇÃO DE MARIA,130,176,1773189,PRÉDIO ESCOLAR DAVID MENDES,PRAÇA DA MATRIZ - ZONA RURAL,DISTRITO RETIRO,44250000,-12.12824962,-38.81200689,347,Sem acessibilidade,2026-09-24 11:23:00,231853476167315168423241
UE2015 (Anterior),CORAÇÃO DE MARIA,130,178,1770177,COLÉGIO MUNICIPAL MANOEL NOVAIS,"RUA PEDRO CERQUEIRA DALTRO, 210 - ZONA URBANA",CENTRO,44250000,-12.2483005,-38.74597922,385,Sem acessibilidade,2026-09-24 11:31:00,938823397537965927432562
UE2015 (Anterior),CORIBE,61,1,1769589,COLEGIO ESTADUAL SAO JOAO DOS GERAIS,"RUA JUSCELINO KUBITSCHECK, S/N - ZONA URBANA",CENTRO,47690138,-13.8301262,-44.4592028,344,Com acessibilidade,2026-09-28 08:30:00,981551090763007947455104
UE2015 (Anterior),CORIBE,61,2,1764700,COLEGIO ESTADUAL SAO JOAO DOS GERAIS,"RUA JUSCELINO KUBITSCHECK, S/N - ZONA URBANA",CENTRO,47690138,-13.8301262,-44.4592028,343,Com acessibilidade,2026-09-28 08:31:00,799632018821880238249016
UE2015 (Anterior),CORIBE,61,3,1793743,COLEGIO ESTADUAL SAO JOAO DOS GERAIS,"RUA JUSCELINO KUBITSCHECK, S/N - ZONA URBANA",CENTRO,47690138,-13.8301262,-44.4592028,344,Com acessibilidade,2026-09-28 08:41:00,769329098041945436634813
UE2015 (Anterior),CORIBE,61,4,1806831,COLEGIO ESTADUAL SAO JOAO DOS GERAIS,"RUA JUSCELINO KUBITSCHECK, S/N - ZONA URBANA",CENTRO,47690138,-13.8301262,-44.4592028,343,Com acessibilidade,2026-09-28 08:41:00,688521128510861814930228
UE2015 (Anterior),CORIBE,61,5,1765270,COLEGIO ESTADUAL SAO JOAO DOS GERAIS,"RUA JUSCELINO KUBITSCHECK, S/N - ZONA URBANA",CENTRO,47690138,-13.8301262,-44.4592028,345,Com acessibilidade,2026-09-28 08:52:00,213874768186550869729222
UE2015 (Anterior),CORIBE,61,6,1837985,COLEGIO ESTADUAL SAO JOAO DOS GERAIS,"RUA JUSCELINO KUBITSCHECK, S/N - ZONA URBANA",CENTRO,47690138,-13.8301262,-44.4592028,342,Com acessibilidade,2026-09-28 08:53:00,122965786954534449168531
UE2015 (Anterior),CORIBE,61,7,1768795,GRUPO ESCOLAR RAIMUNDO LULA TEIXEIRA,"RUA PRINCIPAL, S/N - ZONA RURAL",DISTRITO DESCOBERTO,47695000,-13.7621405,-44.2199595,258,Com acessibilidade,2026-09-28 09:06:00,991652768864275479408403
UE2015 (Anterior),CORIBE,61,8,1841252,GRUPO ESCOLAR RAIMUNDO LULA TEIXEIRA,"RUA PRINCIPAL, S/N - ZONA RURAL",DISTRITO DESCOBERTO,47695000,-13.7621405,-44.2199595,256,Sem acessibilidade,2026-09-28 09:07:00,213874092663564822845868
UE2015 (Anterior),CORIBE,61,9,1762304,GRUPO ESCOLAR RAIMUNDO LULA TEIXEIRA,"RUA PRINCIPAL, S/N - ZONA RURAL",DISTRITO DESCOBERTO,47695000,-13.7621405,-44.2199595,258,Sem acessibilidade,2026-09-28 09:22:00,607713595902785433772909
UE2015 (Anterior),CORIBE,61,10,1825394,COLEGIO ESTADUAL RAULINO QUEIROZ,"RUA JUSCELINO KUBITSCHEK, S/N - ZONA URBANA",CENTRO,47690138,-13.8270613,-44.4567563,186,Com acessibilidade,2026-09-28 09:30:00,294682361794420398187107
UE2015 (Anterior),CORIBE,61,12,1754066,COLEGIO ESTADUAL RAULINO QUEIROZ,"RUA JUSCELINO KUBITSCHEK, S/N - ZONA URBANA",CENTRO,47690138,-13.8270613,-44.4567563,185,Com acessibilidade,2026-09-28 09:41:00,627915913104916453097514
UE2015 (Anterior),CORIBE,61,13,1809955,GRUPO ESCOLAR ANGELO MAGALHAES,"RUA LUIZ VIANA FILHO, S/N - ZONA URBANA",CENTRO,47690140,-13.8295028,-44.456285,113,Com acessibilidade,2026-09-28 09:48:00,708723107935486297024913
UE2015 (Anterior),CORIBE,61,16,1839753,GRUPO ESCOLAR ANGELO MAGALHAES,"RUA LUIZ VIANA FILHO, S/N - ZONA URBANA",CENTRO,47690140,-13.8295028,-44.456285,109,Com acessibilidade,2026-09-28 09:57:00,819834549123617784194213
UE2015 (Anterior),CORIBE,61,17,1794016,COLÉGIO JOÃO ROCHA MUNICIPALIZADO,"RUA LUIZ VIANA FILHO, S/N - ZONA URBANA",CENTRO,47690140,-13.8290187,-44.4568531,259,Com acessibilidade,2026-09-28 10:04:00,688521522633905270440646
UE2015 (Anterior),CORIBE,61,18,1838813,COLÉGIO JOÃO ROCHA MUNICIPALIZADO,"RUA LUIZ VIANA FILHO, S/N - ZONA URBANA",CENTRO,47690140,-13.8290187,-44.4568531,259,Com acessibilidade,2026-09-28 10:12:00,567309512098732938529821
UE2015 (Anterior),CORIBE,61,19,1770268,COLÉGIO JOÃO ROCHA MUNICIPALIZADO,"RUA LUIZ VIANA FILHO, S/N - ZONA URBANA",CENTRO,47690140,-13.8290187,-44.4568531,259,Com acessibilidade,2026-09-28 10:17:00,153268210280673938792996
UE2015 (Anterior),CORIBE,61,20,1778672,ESCOLA DE 1 E 2 GRAUS CENTRO AGROPECUARIO DO FORMOSO,"RUA PRINCIPAL, S/N - ZONA RURAL",POVOADO COLONIA DO FORMOSO,47699000,-13.5630096,-44.3048052,375,Com acessibilidade,2026-09-28 10:24:00,567309700098964349225453
UE2015 (Anterior),CORIBE,61,21,1838096,ESCOLA DE 1 E 2 GRAUS CENTRO AGROPECUARIO DO FORMOSO,"RUA PRINCIPAL, S/N - ZONA RURAL",POVOADO COLONIA DO FORMOSO,47699000,-13.5630096,-44.3048052,377,Com acessibilidade,2026-09-28 10:28:00,476400727012155898526151
UE2015 (Anterior),CORIBE,61,22,1755333,ESCOLA DE 1 E 2 GRAUS CENTRO AGROPECUARIO DO FORMOSO,"RUA PRINCIPAL, S/N - ZONA RURAL",POVOADO COLONIA DO FORMOSO,47699000,-13.5630096,-44.3048052,373,Com acessibilidade,2026-09-28 10:36:00,809733161922434438757951
UE2015 (Anterior),CORIBE,61,23,1835610,ESCOLA DE 1 E 2 GRAUS CENTRO AGROPECUARIO DO FORMOSO,"RUA PRINCIPAL, S/N - ZONA RURAL",POVOADO COLONIA DO FORMOSO,47699000,-13.5630096,-44.3048052,377,Com acessibilidade,2026-09-28 10:39:00,991652469564834759646686
UE2015 (Anterior),CORIBE,61,27,1757441,GRUPO ESCOLAR JOSE DE ALENCAR,"RUA MONSENHOR MONTALVAO, S/N - ZONA URBANA",CENTRO,47690120,-13.829374,-44.4547274,218,Com acessibilidade,2026-09-28 10:47:00,850238764227648712500265
UE2015 (Anterior),CORIBE,61,28,1761640,GRUPO ESCOLAR JOSE DE ALENCAR,"RUA MONSENHOR MONTALVAO, S/N - ZONA URBANA",CENTRO,47690120,-13.829374,-44.4547274,216,Com acessibilidade,2026-09-28 10:54:00,183571203783850535798380
UE2015 (Anterior),CORIBE,61,29,1751068,GRUPO ESCOLAR JOSE DE ALENCAR,"RUA MONSENHOR MONTALVAO, S/N - ZONA URBANA",CENTRO,47690120,-13.829374,-44.4547274,219,Com acessibilidade,2026-09-28 10:57:00,759228883517638953457399
UE2015 (Anterior),CORIBE,61,30,1764636,COLÉGIO JOÃO ROCHA MUNICIPALIZADO,"RUA LUIZ VIANA FILHO, S/N - ZONA URBANA",CENTRO,47690140,-13.8290187,-44.4568531,258,Com acessibilidade,2026-09-28 11:05:00,547107754319941185002584
UE2015 (Anterior),CORIBE,61,31,1836697,COLÉGIO JOÃO ROCHA MUNICIPALIZADO,"RUA LUIZ VIANA FILHO, S/N - ZONA URBANA",CENTRO,47690140,-13.8290187,-44.4568531,259,Com acessibilidade,2026-09-28 11:52:00,981551305440625357491571
UE2015 (Anterior),CORIBE,61,32,1765252,COLÉGIO JOÃO ROCHA MUNICIPALIZADO,"RUA LUIZ VIANA FILHO, S/N - ZONA URBANA",CENTRO,47690140,-13.8290187,-44.4568531,261,Com acessibilidade,2026-09-28 11:54:00,951248385160739115184118
UE2015 (Anterior),CORIBE,61,33,1768944,GRUPO ESCOLAR RAIMUNDO LULA TEIXEIRA,"RUA PRINCIPAL, S/N - ZONA RURAL",DISTRITO DESCOBERTO,47695000,-13.7621405,-44.2199595,256,Sem acessibilidade,2026-09-28 12:03:00,213874756063588132605800
UE2015 (Anterior),CORIBE,61,35,1795529,GRUPO ESCOLAR RAIMUNDO LULA TEIXEIRA,"RUA PRINCIPAL, S/N - ZONA RURAL",DISTRITO DESCOBERTO,47695000,-13.7621405,-44.2199595,256,Sem acessibilidade,2026-09-28 12:05:00,314884077196824178583010
UE2015 (Anterior),CORIBE,61,36,1770393,COLÉGIO JOÃO ROCHA MUNICIPALIZADO,"RUA LUIZ VIANA FILHO, S/N - ZONA URBANA",CENTRO,47690140,-13.8290187,-44.4568531,258,Com acessibilidade,2026-09-28 12:14:00,1753878242533595095825
UE2015 (Anterior),CORIBE,61,37,1762029,COLÉGIO JOÃO ROCHA MUNICIPALIZADO,"RUA LUIZ VIANA FILHO, S/N - ZONA URBANA",CENTRO,47690140,-13.8290187,-44.4568531,261,Com acessibilidade,2026-09-28 12:15:00,143167125979748099134397
UE2015 (Anterior),CORIBE,61,38,1796044,COLÉGIO JOÃO ROCHA MUNICIPALIZADO,"RUA LUIZ VIANA FILHO, S/N - ZONA URBANA",CENTRO,47690140,-13.8290187,-44.4568531,259,Com acessibilidade,2026-09-28 12:44:00,193672281061994414160986
UE2015 (Anterior),CORIBE,61,39,1771156,ESCOLA DE PRIMEIRO GRAU JOAO BATISTA DE OLIVEIRA SILVA,"RUA PRINCIPAL, S/N - ZONA RURAL",POVOADO RANCHINHO,47691899,-13.7454512,-44.4868912,383,Com acessibilidade,2026-09-28 12:46:00,183571387883120737470196
UE2015 (Anterior),CORIBE,61,106,1766883,ESCOLA DE PRIMEIRO GRAU JOAO BATISTA DE OLIVEIRA SILVA,"RUA PRINCIPAL, S/N - ZONA RURAL",POVOADO RANCHINHO,47691899,-13.7454512,-44.4868912,385,Com acessibilidade,2026-09-28 12:55:00,708723451912669486487153
UE2015 (Anterior),CORIBE,61,107,1795145,ESCOLA DE PRIMEIRO GRAU JOAO RIBEIRO DE LIMA,POVOADO VILA NOVA - ZONA RURAL,POVOADO VILA NOVA,47691899,-14.0073569,-44.4477887,343,Com acessibilidade,2026-09-28 12:58:00,173470031582348130797666
UE2015 (Anterior),CORIBE,61,110,1780968,ESCOLA DE PRIMEIRO GRAU JOAO RIBEIRO DE LIMA,POVOADO VILA NOVA - ZONA RURAL,POVOADO VILA NOVA,47691899,-14.0073569,-44.4477887,342,Com acessibilidade,2026-09-28 13:07:00,577410730499338499799241
UE2015 (Anterior),CORIBE,61,111,1753456,ESCOLA MUNICIPAL REUNIDA PROJETO PILOTO DO FORMOSO,POVOADO GERMANIA - ZONA RURAL,POVOADO GERMANIA,47691899,-13.6148721,-44.3674044,310,Sem acessibilidade,2026-09-28 13:10:00,587511853523941323480902
UE2015 (Anterior),CORIBE,61,113,1794558,ESCOLA NECEVALDO DE ASSIS CRUZ,POVOADO PONTA D'ÁGUA - ZONA RURAL,POVOADO PONTA D'ÁGUA,47691899,-13.7061193,-44.3197991,206,Sem acessibilidade,2026-09-28 13:19:00,860339354128852507431288
UE2015 (Anterior),CORIBE,61,114,1753508,ESCOLA SÃO JORGE,LAGOA DOS ÍNDIOS - ZONA RURAL,POVOADO PLÁCIDOS,47691899,-14.0327844,-44.281499,127,Sem acessibilidade,2026-09-28 13:20:00,547107140119998254144916
UE2015 (Anterior),CORIBE,61,115,1825957,ESCOLA SÃO PEDRO,POVOADO MORRÃO - ZONA RURAL,POVOADO MORRÃO,47691899,-13.8685453,-44.2296322,161,Sem acessibilidade,2026-09-28 13:29:00,506703216392584521313365
UE2015 (Anterior),CORIBE,61,116,1824755,ESCOLA CRISTÓVÃO COLOMBO,POVOADO POUSO ALTO - ZONA RURAL,POVOADO POUSO ALTO,47691899,-13.8840166,-44.1084705,126,Sem acessibilidade,2026-09-28 13:44:00,314884130396229138299318
UE2015 (Anterior),CORIBE,61,121,1773530,ESCOLA DE PRIMEIRO GRAU JOAO RIBEIRO DE LIMA,POVOADO VILA NOVA - ZONA RURAL,POVOADO VILA NOVA,47691899,-14.0073569,-44.4477887,341,Com acessibilidade,2026-09-28 13:40:00,143167484456773128385228
UE2015 (Anterior),CORIBE,61,126,1775249,ESCOLA DE PRIMEIRO GRAU JOAO BATISTA DE OLIVEIRA SILVA,"RUA PRINCIPAL, S/N - ZONA RURAL",POVOADO RANCHINHO,47691899,-13.7454512,-44.4868912,383,Sem acessibilidade,2026-09-28 13:52:00,860339750528725097055589
UE2015 (Anterior),CORIBE,61,127,1788371,COLEGIO ESTADUAL SAO JOAO DOS GERAIS,"RUA JUSCELINO KUBITSCHECK, S/N - ZONA URBANA",CENTRO,47690138,-13.8301262,-44.4592028,343,Com acessibilidade,2026-09-28 13:54:00,537006537818531679046242
UE2015 (Anterior),CORIBE,61,131,1781165,COLÉGIO JOÃO ROCHA MUNICIPALIZADO,"RUA LUIZ VIANA FILHO, S/N - ZONA URBANA",CENTRO,47690140,-13.8290187,-44.4568531,259,Com acessibilidade,2026-09-28 14:04:00,607713013325262227920316
UE2015 (Anterior),CORIBE,61,133,1818149,COLEGIO ESTADUAL SAO JOAO DOS GERAIS,"RUA JUSCELINO KUBITSCHECK, S/N - ZONA URBANA",CENTRO,47690138,-13.8301262,-44.4592028,342,Com acessibilidade,2026-09-28 14:00:00,405793032082781899300624
UE2015 (Anterior),CORRENTINA,124,2,1769495,ESCOLA MUNICIPAL DE PALMEIRAS,POVOADO DE CATOLÉS,POVOADO CATOLÉS,47653899,-13.5517967,-44.77625,18,Com acessibilidade,2026-09-30 10:15:00,675634894472446678229817
UE2015 (Anterior),CORRENTINA,124,16,1794560,COLÉGIO ESTADUAL DUQUE DE CAXIAS,AVENIDA DUQUE DE CAXIAS,JOÃO DE FRANÇA,47652002,-13.344915,-44.632125,383,Com acessibilidade,2026-09-30 10:26:00,756442486980684255363037
UE2015 (Anterior),CORRENTINA,124,17,1753706,COLÉGIO ESTADUAL DUQUE DE CAXIAS,AVENIDA DUQUE DE CAXIAS,JOÃO DE FRANÇA,47652002,-13.344915,-44.632125,383,Com acessibilidade,2026-09-30 10:36:00,746341581779766024485679
UE2015 (Anterior),CORRENTINA,124,18,1775500,ESCOLA MUNICIPAL DE SÃO MANOEL,DISTRITO DE SÃO MANOEL,DISTRITO SÃO MANOEL,47654500,-13.4366943,-44.4972413,181,Com acessibilidade,2026-09-30 10:46:00,382705335343491534240459
UE2015 (Anterior),CORRENTINA,124,20,1793534,ESCOLA MUNICIPAL DOM JOÃO MUNIZ,"RUA DA EXTREMA, S/N - ZONA URBANA",LOTEAMENTO SÃO JOSÉ,47650000,-13.3301583,-44.637185,204,Com acessibilidade,2026-09-30 10:55:00,271694411532403356783866
UE2015 (Anterior),CORRENTINA,124,21,1795941,ESCOLA MUNICIPAL ANISIA SILVA MOREIRA,AVENIDA TANCREDO NEVES - ZONA URBANA,JOÃO DE FRANÇA,47650000,-13.3435586,-44.6323661,318,Com acessibilidade,2026-09-30 11:04:00,594826847764313639910440
UE2015 (Anterior),CORRENTINA,124,22,1768750,ESCOLA MUNICIPAL ANISIA SILVA MOREIRA,AVENIDA TANCREDO NEVES - ZONA URBANA,JOÃO DE FRANÇA,47650000,-13.3435586,-44.6323661,321,Com acessibilidade,2026-09-30 11:14:00,413008774146226144671556
UE2015 (Anterior),CORRENTINA,124,23,1763262,COLÉGIO ESTADUAL DE TEMPO INTEGRAL DE CORRENTINA,"PRAÇA EUSTÓGIO PINTO RAMOS ARAUJO, N 123",SETOR FÉLIX ARAÚJO,47650000,-13.344244,-44.6308004,292,Com acessibilidade,2026-09-30 11:23:00,938260404298766728711902
UE2015 (Anterior),CORRENTINA,124,24,1838354,COLÉGIO ESTADUAL DE TEMPO INTEGRAL DE CORRENTINA,"PRAÇA EUSTÓGIO PINTO RAMOS ARAUJO, N 123",SETOR FÉLIX ARAÚJO,47650000,-13.344244,-44.6308004,291,Com acessibilidade,2026-09-30 11:32:00,544321123659394930066005
UE2015 (Anterior),CORRENTINA,124,25,1769384,COLÉGIO ESTADUAL DE TEMPO INTEGRAL DE CORRENTINA,"PRAÇA EUSTÓGIO PINTO RAMOS ARAUJO, N 123",SETOR FÉLIX ARAÚJO,47650000,-13.344244,-44.6308004,290,Com acessibilidade,2026-09-30 11:42:00,342301038439280414858513
UE2015 (Anterior),CORRENTINA,124,26,1770458,COLÉGIO ESTADUAL DE TEMPO INTEGRAL DE CORRENTINA,"PRAÇA EUSTÓGIO PINTO RAMOS ARAUJO, N 123",SETOR FÉLIX ARAÚJO,47650000,-13.344244,-44.6308004,293,Com acessibilidade,2026-09-30 11:52:00,473614273752509731059784
UE2015 (Anterior),CORRENTINA,124,27,1765065,COLÉGIO ESTADUAL DE TEMPO INTEGRAL DE CORRENTINA,"PRAÇA EUSTÓGIO PINTO RAMOS ARAUJO, N 123",SETOR FÉLIX ARAÚJO,47650000,-13.344244,-44.6308004,288,Com acessibilidade,2026-09-30 13:43:00,19068928106247711381073
UE2015 (Anterior),CORRENTINA,124,28,1793535,ESCOLA MUNICIPAL ANISIA SILVA MOREIRA,AVENIDA TANCREDO NEVES - ZONA URBANA,JOÃO DE FRANÇA,47650000,-13.3435586,-44.6323661,320,Com acessibilidade,2026-09-30 13:53:00,675634696472997957959642
UE2015 (Anterior),CORRENTINA,124,29,1769678,ESCOLA MUNICIPAL ANISIA SILVA MOREIRA,AVENIDA TANCREDO NEVES - ZONA URBANA,JOÃO DE FRANÇA,47650000,-13.3435586,-44.6323661,322,Com acessibilidade,2026-09-30 14:02:00,837250967988749285914123
UE2015 (Anterior),CORRENTINA,124,30,1809598,ESCOLA MUNICIPAL DOM JOÃO MUNIZ,"RUA DA EXTREMA, S/N - ZONA URBANA",LOTEAMENTO SÃO JOSÉ,47650000,-13.3301583,-44.637185,202,Com acessibilidade,2026-09-30 14:12:00,736240942578738630814566
UE2015 (Anterior),CORRENTINA,124,31,1771951,ESCOLA MUNICIPAL DOM JOÃO MUNIZ,"RUA DA EXTREMA, S/N - ZONA URBANA",LOTEAMENTO SÃO JOSÉ,47650000,-13.3301583,-44.637185,204,Com acessibilidade,2026-09-30 14:21:00,180785508923205876546983
UE2015 (Anterior),CORRENTINA,124,32,1754279,ESCOLA MUNICIPAL DOM JOÃO MUNIZ,"RUA DA EXTREMA, S/N - ZONA URBANA",LOTEAMENTO SÃO JOSÉ,47650000,-13.3301583,-44.637185,203,Com acessibilidade,2026-09-30 14:30:00,483715916953524110422116
UE2015 (Anterior),CORRENTINA,124,33,1779608,ESCOLA MUNICIPAL DOM JOÃO MUNIZ,"RUA DA EXTREMA, S/N - ZONA URBANA",LOTEAMENTO SÃO JOSÉ,47650000,-13.3301583,-44.637185,202,Com acessibilidade,2026-09-30 14:39:00,291896835934966506076986
UE2015 (Anterior),CORRENTINA,124,34,1772907,ESCOLA MUNICIPAL DOM JOÃO MUNIZ,"RUA DA EXTREMA, S/N - ZONA URBANA",LOTEAMENTO SÃO JOSÉ,47650000,-13.3301583,-44.637185,203,Com acessibilidade,2026-09-30 14:49:00,473614122652230022431411
UE2015 (Anterior),CORRENTINA,124,35,1773170,COLÉGIO ESTADUAL DE TEMPO INTEGRAL DE CORRENTINA,"PRAÇA EUSTÓGIO PINTO RAMOS ARAUJO, N 123",SETOR FÉLIX ARAÚJO,47650000,-13.344244,-44.6308004,290,Com acessibilidade,2026-09-30 14:57:00,665533421271375985382867
UE2015 (Anterior),CORRENTINA,124,36,1800630,ESCOLA MUNICIPAL DOM JOÃO MUNIZ,"RUA DA EXTREMA, S/N - ZONA URBANA",LOTEAMENTO SÃO JOSÉ,47650000,-13.3301583,-44.637185,202,Com acessibilidade,2026-09-30 15:06:00,180785055823486603402855
UE2015 (Anterior),CORRENTINA,124,37,1807232,ESCOLA MUNICIPAL DE SÃO MANOEL,DISTRITO DE SÃO MANOEL,DISTRITO SÃO MANOEL,47654500,-13.4366943,-44.4972413,186,Com acessibilidade,2026-09-30 15:15:00,8967989305326398953015
UE2015 (Anterior),CORRENTINA,124,39,1758514,ESCOLA MUNICIPAL DOM JOÃO MUNIZ,"RUA DA EXTREMA, S/N - ZONA URBANA",LOTEAMENTO SÃO JOSÉ,47650000,-13.3301583,-44.637185,201,Com acessibilidade,2026-09-30 15:25:00,150482358220566152787565
UE2015 (Anterior),CORRENTINA,124,40,1793600,COLÉGIO ESTADUAL DE TEMPO INTEGRAL DE CORRENTINA,"PRAÇA EUSTÓGIO PINTO RAMOS ARAUJO, N 123",SETOR FÉLIX ARAÚJO,47650000,-13.344244,-44.6308004,292,Com acessibilidade,2026-09-30 15:34:00,766543040281195905855121
UE2015 (Anterior),CORRENTINA,124,41,1763160,COLÉGIO ESTADUAL DE TEMPO INTEGRAL DE CORRENTINA,"PRAÇA EUSTÓGIO PINTO RAMOS ARAUJO, N 123",SETOR FÉLIX ARAÚJO,47650000,-13.344244,-44.6308004,292,Com acessibilidade,2026-09-30 15:43:00,998866382304444930946463
UE2015 (Anterior),CORRENTINA,124,42,1757383,ESCOLA MUNICIPAL SANTA HELENA,POVOADO CARUARU - ZONA RURAL,POVOADO CARUARU,47653899,-13.388315,-44.4095783,174,Com acessibilidade,2026-09-30 15:53:00,817048319386359004530195
UE2015 (Anterior),CORRENTINA,124,44,1840767,ESCOLA MUNICIPAL MANOEL RODRIGUES DOS SANTOS,POVOADO APARECIDA DO OESTE - ZONA RURAL,POVOADO APARECIDA DO OESTE,47653899,-13.4952145,-44.6583175,202,Com acessibilidade,2026-09-30 16:03:00,503917223755704456287201
UE2015 (Anterior),CORRENTINA,124,45,1825207,ESCOLA MUNICIPAL MANOEL RODRIGUES DOS SANTOS,POVOADO APARECIDA DO OESTE - ZONA RURAL,POVOADO APARECIDA DO OESTE,47653899,-13.4952145,-44.6583175,194,Com acessibilidade,2026-09-30 16:13:00,332200164238625478031544
UE2015 (Anterior),CORRENTINA,124,47,1795932,ESCOLA MUNICIPAL DE SÃO MANOEL,DISTRITO DE SÃO MANOEL,DISTRITO SÃO MANOEL,47654500,-13.4366943,-44.4972413,186,Com acessibilidade,2026-09-30 16:26:00,867553910291457389449444
UE2015 (Anterior),CORRENTINA,124,48,1796333,ESCOLA MUNICIPAL DOM JOÃO MUNIZ,"RUA DA EXTREMA, S/N - ZONA URBANA",LOTEAMENTO SÃO JOSÉ,47650000,-13.3301583,-44.637185,202,Com acessibilidade,2026-09-30 16:35:00,554422714760166900571676
UE2015 (Anterior),CORRENTINA,124,49,1837397,ESCOLA MUNICIPAL DOM JOÃO MUNIZ,"RUA DA EXTREMA, S/N - ZONA URBANA",LOTEAMENTO SÃO JOSÉ,47650000,-13.3301583,-44.637185,203,Sem acessibilidade,2026-09-30 16:45:00,372604648142072948884242
UE2015 (Anterior),CORRENTINA,124,50,1766642,ESCOLA MUNICIPAL DIVINO ESPIRITO SANTO,POVOADO PRAIA -ZONA RURAL,POVOADO PRAIA,47650000,-13.5227693,-44.7279497,340,Com acessibilidade,2026-09-30 16:54:00,503917853255229490680061
UE2015 (Anterior),CORRENTINA,124,51,1792013,ESCOLA MUNICIPAL SÃO RAFAEL,POVOADO SILVÂNIA - ZONA RURAL,POVOADO SILVÂNIA,47653899,-13.3550017,-44.5338767,165,Com acessibilidade,2026-09-30 17:09:00,685735148173419711019640
UE2015 (Anterior),CORRENTINA,124,53,1771521,ESCOLA MUNICIPAL NOSSA SENHORA DA GLÓRIA,POVOADO HARMÔNIO - ARROJADO DE OLIVO - ZONA RURAL,POVOADO HARMÔNIO - ARROJADO DE OLIVIO,47653899,-13.45077,-44.56983,198,Com acessibilidade,2026-09-30 17:21:00,8967681005354381498635
UE2015 (Anterior),CORRENTINA,124,54,1780008,ESCOLA MUNICIPAL DIVINO ESPIRITO SANTO,POVOADO PRAIA -ZONA RURAL,POVOADO PRAIA,47650000,-13.5227693,-44.7279497,338,Com acessibilidade,2026-09-30 17:31:00,39270822108475451670704
UE2015 (Anterior),CORRENTINA,124,55,1779623,ESCOLA MUNICIPAL DIVINO ESPIRITO SANTO,POVOADO PRAIA -ZONA RURAL,POVOADO PRAIA,47650000,-13.5227693,-44.7279497,340,Com acessibilidade,2026-09-30 17:42:00,726139627977320818703103
UE2015 (Anterior),CORRENTINA,124,57,1835553,ESCOLA MUNICIPAL DE ARROJELÂNDIA,POVOADO ARROJELÂNDIA - ZONA RURAL,POVOADO ARROJELÂNDIA,47653899,-13.7305325,-45.4045503,291,Com acessibilidade,2026-09-30 17:50:00,312098439136864475887066
UE2015 (Anterior),CORRENTINA,124,58,1773193,ESCOLA MUNICIPAL DE SANTO ANTÔNIO,POVOADO DE SANTO ANTÔNIO - ZONA RURAL,POVOADO SANTO ANTÔNIO,47650000,-13.1761744,-44.6794407,262,Com acessibilidade,2026-09-30 18:00:00,918058148696124652160478
UE2015 (Anterior),CORRENTINA,124,59,1765779,ESCOLA MUNICIPAL SANTA RITA,POVOADO DE PONTE VELHA -ZONA RURAL,POVOADO PONTE VELHA,47653899,-13.1858529,-44.6212348,355,Com acessibilidade,2026-09-30 18:09:00,685735024473526519345322
UE2015 (Anterior),CORRENTINA,124,60,1790065,ESCOLA MUNICIPAL SANTA HELENA,POVOADO CARUARU - ZONA RURAL,POVOADO CARUARU,47653899,-13.388315,-44.4095783,173,Com acessibilidade,2026-09-30 18:18:00,241391669229108203537066
UE2015 (Anterior),CORRENTINA,124,61,1807468,ESCOLA MUNICIPAL NOSSA SENHORA APARECIDA,DISTRITO DO ROSÁRIO,POVOADO ROSÁRIO,47654500,-13.95185,-46.2016883,370,Com acessibilidade,2026-09-30 18:28:00,988765519203934978417950
UE2015 (Anterior),CORRENTINA,124,64,1805669,ESCOLA MUNICIPAL SANTA LUZIA,POVOADO DE PEDRA BRANCA,POVOADO PEDRA BRANCA,47653899,-13.2575067,-44.5787367,126,Com acessibilidade,2026-09-30 18:38:00,49371900309081227069419
UE2015 (Anterior),CORRENTINA,124,66,1792371,ESCOLA MUNICIPAL FÉLIX DE CASTRO E SILVA,POVOADO TATU DE HONORATO - ZONA RURAL,POVOADO TATU DE TÁCIO - TATU DE CIMA,47653899,-13.4376367,-44.6381533,200,Com acessibilidade,2026-09-30 18:47:00,796846876184857262423141
UE2015 (Anterior),CORRENTINA,124,67,1793803,ESCOLA MUNICIPAL NOSSA SENHORA DA GLÓRIA,POVOADO HARMÔNIO - ARROJADO DE OLIVO - ZONA RURAL,POVOADO HARMÔNIO - ARROJADO DE OLIVIO,47653899,-13.45077,-44.56983,197,Com acessibilidade,2026-09-30 18:56:00,433210621048518837699367
UE2015 (Anterior),CORRENTINA,124,68,1821763,ESCOLA MUNICIPAL DIVINO ESPIRITO SANTO,POVOADO PRAIA -ZONA RURAL,POVOADO PRAIA,47650000,-13.5227693,-44.7279497,340,Com acessibilidade,2026-09-30 19:08:00,938260233198812533884009
UE2015 (Anterior),CORRENTINA,124,69,1760620,ESCOLA MUNICIPAL SÃO RAFAEL,POVOADO SILVÂNIA - ZONA RURAL,POVOADO SILVÂNIA,47653899,-13.3550017,-44.5338767,157,Com acessibilidade,2026-09-30 19:17:00,675634085572570083878360
UE2015 (Anterior),CORRENTINA,124,70,1824893,ESCOLA MUNICIPAL MANOEL RODRIGUES DOS SANTOS,POVOADO APARECIDA DO OESTE - ZONA RURAL,POVOADO APARECIDA DO OESTE,47653899,-13.4952145,-44.6583175,201,Com acessibilidade,2026-09-30 19:27:00,89775571313070003588821
UE2015 (Anterior),CORRENTINA,124,71,1809589,COLÉGIO ESTADUAL DE TEMPO INTEGRAL DE CORRENTINA,"PRAÇA EUSTÓGIO PINTO RAMOS ARAUJO, N 123",SETOR FÉLIX ARAÚJO,47650000,-13.344244,-44.6308004,290,Com acessibilidade,2026-09-30 19:35:00,988765584803923489475312
UE2015 (Anterior),CORRENTINA,124,74,1769446,ESCOLA MUNICIPAL DE SÃO MANOEL,DISTRITO DE SÃO MANOEL,DISTRITO SÃO MANOEL,47654500,-13.4366943,-44.4972413,186,Com acessibilidade,2026-09-30 19:45:00,433210367448463240557010
UE2015 (Anterior),CORRENTINA,124,75,1759204,ESCOLA MUNICIPAL ANISIA SILVA MOREIRA,AVENIDA TANCREDO NEVES - ZONA URBANA,JOÃO DE FRANÇA,47650000,-13.3435586,-44.6323661,321,Com acessibilidade,2026-09-30 19:54:00,554422599960607848761280
UE2015 (Anterior),CORRENTINA,124,80,1838817,COLÉGIO ESTADUAL DE TEMPO INTEGRAL DE CORRENTINA,"PRAÇA EUSTÓGIO PINTO RAMOS ARAUJO, N 123",SETOR FÉLIX ARAÚJO,47650000,-13.344244,-44.6308004,290,Com acessibilidade,2026-09-30 10:20:00,49371600479558734078167
UE2015 (Anterior),CORRENTINA,124,81,1795470,ESCOLA MUNICIPAL MANOEL RODRIGUES DOS SANTOS,POVOADO APARECIDA DO OESTE - ZONA RURAL,POVOADO APARECIDA DO OESTE,47653899,-13.4952145,-44.6583175,196,Com acessibilidade,2026-09-30 10:36:00,322199993907344876868492
UE2015 (Anterior),CORRENTINA,124,88,1753326,ESCOLA MUNICIPAL ANISIA SILVA MOREIRA,AVENIDA TANCREDO NEVES - ZONA URBANA,JOÃO DE FRANÇA,47650000,-13.3435586,-44.6323661,324,Com acessibilidade,2026-09-30 10:49:00,291896736604615489987368
UE2015 (Anterior),CORRENTINA,124,89,1781035,ESCOLA MUNICIPAL AVARISTO DE SOUZA BARBOSA,POVOADO BREJO DOS AFLITOS - ZONA RURAL,POVOADO BREJO DOS AFLITOS,47653899,-13.2534083,-44.633255,248,Com acessibilidade,2026-09-30 10:59:00,594826149234006442947034
UE2015 (Anterior),CORRENTINA,124,91,1770804,ESCOLA MUNICIPAL SÃO SEBASTIÃO,POVOADO BARREIRO VERMELHO - ZONA RURAL,POVOADO BARREIRO VERMELHO,47653899,-13.3304883,-44.6741867,370,Com acessibilidade,2026-09-30 11:15:00,362503106311246336732423
UE2015 (Anterior),CORRENTINA,124,92,1786136,COLÉGIO ESTADUAL DE TEMPO INTEGRAL DE CORRENTINA,"PRAÇA EUSTÓGIO PINTO RAMOS ARAUJO, N 123",SETOR FÉLIX ARAÚJO,47650000,-13.344244,-44.6308004,290,Com acessibilidade,2026-09-30 11:27:00,938260788768041603761813
UE2015 (Anterior),CORRENTINA,124,93,1839562,ESCOLA MUNICIPAL ANTÔNIO NEIVA ARAÚJO,POVOADO BOA VISTA - ZONA RURAL,POVOADO BOA VISTA,47653899,-13.4295133,-44.6756533,235,Com acessibilidade,2026-09-30 11:37:00,190886151794396350258429
UE2015 (Anterior),CORRENTINA,124,94,1769742,COLÉGIO ESTADUAL DE TEMPO INTEGRAL DE CORRENTINA,"PRAÇA EUSTÓGIO PINTO RAMOS ARAUJO, N 123",SETOR FÉLIX ARAÚJO,47650000,-13.344244,-44.6308004,292,Com acessibilidade,2026-09-30 11:47:00,281795354403574970055440
UE2015 (Anterior),CORRENTINA,124,95,1840682,ESCOLA MUNICIPAL ANISIA SILVA MOREIRA,AVENIDA TANCREDO NEVES - ZONA URBANA,JOÃO DE FRANÇA,47650000,-13.3435586,-44.6323661,324,Com acessibilidade,2026-09-30 11:56:00,190886377694501579802031
UE2015 (Anterior),CORRENTINA,124,96,1771427,ESCOLA MUNICIPAL DE PALMEIRAS,POVOADO DE CATOLÉS,POVOADO CATOLÉS,47653899,-13.5517967,-44.77625,319,Com acessibilidade,2026-09-30 13:31:00,362503659311362146513790
UE2015 (Anterior),CORRENTINA,124,97,1781039,ESCOLA MUNICIPAL MENINO JESUS,POVOADO MATÃO - ZONA RURAL,POVOADO MATÃO,47653899,-13.2766986,-44.6417173,154,Com acessibilidade,2026-09-30 13:42:00,49371447379201644456975
UE2015 (Anterior),CORRENTINA,124,98,1766465,ESCOLA MUNICIPAL FÉLIX DE CASTRO E SILVA,POVOADO TATU DE HONORATO - ZONA RURAL,POVOADO TATU DE TÁCIO - TATU DE CIMA,47653899,-13.4376367,-44.6381533,316,Com acessibilidade,2026-09-30 13:52:00,109977612785356170726415
UE2015 (Anterior),CORRENTINA,124,99,1846394,ESCOLA MUNICIPAL DE SANTO ANTÔNIO,POVOADO DE SANTO ANTÔNIO - ZONA RURAL,POVOADO SANTO ANTÔNIO,47650000,-13.1761744,-44.6794407,264,Com acessibilidade,2026-09-30 14:03:00,140381763389121450754399
UE2015 (Anterior),CORRENTINA,124,100,1773375,ESCOLA MUNICIPAL DE SANTO ANTÔNIO,POVOADO DE SANTO ANTÔNIO - ZONA RURAL,POVOADO SANTO ANTÔNIO,47650000,-13.1761744,-44.6794407,265,Com acessibilidade,2026-09-30 14:13:00,988765070373050403213459
UE2015 (Anterior),CORRENTINA,124,102,1795833,ESCOLA MUNICIPAL CAETANO BERNARDINI,POVOADO DE NOVA ITÁLIA,POVOADO NOVA ITÁLIA,47653899,-13.6206741,-45.3724602,34,Com acessibilidade,2026-09-30 14:24:00,89775392683317559418030
UE2015 (Anterior),CORRENTINA,124,103,1808236,ESCOLA MUNICIPAL DE CORRENTE,POVOADO CORRENTE - ZONA RURAL,POVOADO CORRENTE,47653899,-13.5407433,-45.6708117,141,Com acessibilidade,2026-09-30 14:35:00,918058332966301641659498
UE2015 (Anterior),CORRENTINA,124,104,1791844,COLÉGIO ESTADUAL DUQUE DE CAXIAS,AVENIDA DUQUE DE CAXIAS,JOÃO DE FRANÇA,47652002,-13.344915,-44.632125,386,Com acessibilidade,2026-09-30 14:47:00,928159459467541951045453
UE2015 (Anterior),CORRENTINA,124,106,1788208,COLÉGIO ESTADUAL DE TEMPO INTEGRAL DE CORRENTINA,"PRAÇA EUSTÓGIO PINTO RAMOS ARAUJO, N 123",SETOR FÉLIX ARAÚJO,47650000,-13.344244,-44.6308004,293,Com acessibilidade,2026-09-30 14:58:00,827149578657604310433863
UE2015 (Anterior),CORRENTINA,124,107,1795754,ESCOLA MUNICIPAL ANISIA SILVA MOREIRA,AVENIDA TANCREDO NEVES - ZONA URBANA,JOÃO DE FRANÇA,47650000,-13.3435586,-44.6323661,321,Com acessibilidade,2026-09-30 15:15:00,594826450134916230243635
UE2015 (Anterior),CORRENTINA,124,109,1763405,COLÉGIO ESTADUAL DUQUE DE CAXIAS,AVENIDA DUQUE DE CAXIAS,JOÃO DE FRANÇA,47652002,-13.344915,-44.632125,384,Com acessibilidade,2026-09-30 15:25:00,938260011768341048585686
UE2015 (Anterior),CORRENTINA,124,110,1763513,ESCOLA MUNICIPAL ANISIA SILVA MOREIRA,AVENIDA TANCREDO NEVES - ZONA URBANA,JOÃO DE FRANÇA,47650000,-13.3435586,-44.6323661,318,Com acessibilidade,2026-09-30 15:34:00,110078273586549350626952
UE2015 (Anterior),CORRENTINA,124,113,1837771,ESCOLA MUNICIPAL SÃO RAFAEL,POVOADO SILVÂNIA - ZONA RURAL,POVOADO SILVÂNIA,47653899,-13.3550017,-44.5338767,170,Com acessibilidade,2026-09-30 15:48:00,806947297655606396811627
UE2015 (Anterior),CORRENTINA,124,114,1780807,ESCOLA MUNICIPAL DE PALMEIRAS,POVOADO DE CATOLÉS,POVOADO CATOLÉS,47653899,-13.5517967,-44.77625,313,Com acessibilidade,2026-09-30 16:03:00,554422152030752542986052
UE2015 (Anterior),CORRENTINA,124,116,1767785,ESCOLA MUNICIPAL VILA NOVA,"RUA D, S/N - ZONA URBANA",LOTEAMENTO VILA NOVA,47650000,-13.3515206,-44.6441001,274,Com acessibilidade,2026-09-30 16:15:00,827149645157259378797110
UE2015 (Anterior),CORRENTINA,124,118,1767609,ESCOLA MUNICIPAL DE PALMEIRAS,POVOADO DE CATOLÉS,POVOADO CATOLÉS,47653899,-13.5517967,-44.77625,332,Com acessibilidade,2026-09-30 16:25:00,675634717742199668063107
UE2015 (Anterior),CORRENTINA,124,119,1763329,ESCOLA MUNICIPAL MANOEL RODRIGUES DOS SANTOS,POVOADO APARECIDA DO OESTE - ZONA RURAL,POVOADO APARECIDA DO OESTE,47653899,-13.4952145,-44.6583175,193,Com acessibilidade,2026-09-30 16:37:00,352402501010108978006092
UE2015 (Anterior),CORRENTINA,124,120,1812208,ESCOLA MUNICIPAL ANISIA SILVA MOREIRA,AVENIDA TANCREDO NEVES - ZONA URBANA,JOÃO DE FRANÇA,47650000,-13.3435586,-44.6323661,322,Com acessibilidade,2026-09-30 16:47:00,736240965348577440707480
UE2015 (Anterior),CORRENTINA,124,122,1773094,ESCOLA MUNICIPAL NOSSA SENHORA APARECIDA,DISTRITO DO ROSÁRIO,POVOADO ROSÁRIO,47654500,-13.95185,-46.2016883,369,Com acessibilidade,2026-09-30 17:02:00,261593712301507414981020
UE2015 (Anterior),CORRENTINA,124,123,1836405,ESCOLA MUNICIPAL VILA NOVA,"RUA D, S/N - ZONA URBANA",LOTEAMENTO VILA NOVA,47650000,-13.3515206,-44.6441001,278,Com acessibilidade,2026-09-30 17:12:00,746341309949078875660864
UE2015 (Anterior),CORRENTINA,124,124,1791343,ESCOLA MUNICIPAL NOSSA SENHORA APARECIDA,DISTRITO DO ROSÁRIO,POVOADO ROSÁRIO,47654500,-13.95185,-46.2016883,367,Com acessibilidade,2026-09-30 17:24:00,806947473855360473724323
UE2015 (Anterior),CORRENTINA,124,125,1789800,ESCOLA MUNICIPAL DE SANTO ANTÔNIO,POVOADO DE SANTO ANTÔNIO - ZONA RURAL,POVOADO SANTO ANTÔNIO,47650000,-13.1761744,-44.6794407,265,Com acessibilidade,2026-09-30 17:35:00,190886970294919229687938
UE2015 (Anterior),CORRENTINA,124,126,1791467,ESCOLA MUNICIPAL VILA NOVA,"RUA D, S/N - ZONA URBANA",LOTEAMENTO VILA NOVA,47650000,-13.3515206,-44.6441001,271,Com acessibilidade,2026-09-30 17:45:00,120179013587930264876879
UE2015 (Anterior),CORRENTINA,124,127,1764960,ESCOLA MUNICIPAL NOSSA SENHORA APARECIDA,DISTRITO DO ROSÁRIO,POVOADO ROSÁRIO,47654500,-13.95185,-46.2016883,370,Com acessibilidade,2026-09-30 17:56:00,49371049379012413271046
UE2015 (Anterior),CORRENTINA,124,129,1784273,ESCOLA MUNICIPAL VEREDINHA,POVOADO VEREDA GRANDE - ZONA RURAL,POVOADO VEREDA GRANDE,47650000,-13.5465317,-44.8056133,320,Com acessibilidade,2026-09-30 18:06:00,907957129065530667876137
UE2015 (Anterior),CORRENTINA,124,131,1785300,ESCOLA MUNICIPAL ANISIA SILVA MOREIRA,AVENIDA TANCREDO NEVES - ZONA URBANA,JOÃO DE FRANÇA,47650000,-13.3435586,-44.6323661,321,Com acessibilidade,2026-09-30 18:15:00,998866401174646752958943
UE2015 (Anterior),CORRENTINA,124,132,1772632,ESCOLA MUNICIPAL VERDE-AMARELO,POVOADO SALTO - ZONA RURAL,POVOADO SALTO,47653899,-13.3608717,-44.67631,313,Com acessibilidade,2026-09-30 18:27:00,918058433766791334710205
UE2015 (Anterior),CORRENTINA,124,133,1775269,ESCOLA MUNICIPAL JOÃO JOSÉ PEREIRA,POVOADO JENIPAPO - ZONA RURAL,POVOADO JENIPAPO,47653899,-13.3850533,-44.48545,340,Com acessibilidade,2026-09-30 18:37:00,211088846296181646195890
UE2015 (Anterior),CORRENTINA,124,134,1757184,ESCOLA MUNICIPAL DE ARROJELÂNDIA,POVOADO ARROJELÂNDIA - ZONA RURAL,POVOADO ARROJELÂNDIA,47653899,-13.7305325,-45.4045503,292,Com acessibilidade,2026-09-30 18:47:00,49371781179105730246257
UE2015 (Anterior),CORRENTINA,124,135,1810048,ESCOLA MUNICIPAL ANTÔNIO NEIVA ARAÚJO,POVOADO BOA VISTA - ZONA RURAL,POVOADO BOA VISTA,47653899,-13.4295133,-44.6756533,225,Com acessibilidade,2026-09-30 18:58:00,29169879477243235334385
UE2015 (Anterior),CORRENTINA,124,141,1825369,ESCOLA MUNICIPAL VILA NOVA,"RUA D, S/N - ZONA URBANA",LOTEAMENTO VILA NOVA,47650000,-13.3515206,-44.6441001,293,Com acessibilidade,2026-09-30 19:08:00,938260419368810610018989
UE2015 (Anterior),CORRENTINA,124,143,1755151,ESCOLA MUNICIPAL NOSSA SENHORA APARECIDA,DISTRITO DO ROSÁRIO,POVOADO ROSÁRIO,47654500,-13.95185,-46.2016883,366,Com acessibilidade,2026-09-30 19:18:00,493816197824463695814871
UE2015 (Anterior),CORRENTINA,124,144,1750976,ESCOLA MUNICIPAL VILA NOVA,"RUA D, S/N - ZONA URBANA",LOTEAMENTO VILA NOVA,47650000,-13.3515206,-44.6441001,188,Sem acessibilidade,2026-09-30 19:28:00,170684982492234939362905
