MODELO_URNA,NM_MUNICIPIO,ZONA,SECAO,NUMERO_URNA,LOCAL_VOTACAO,ENDERECO,BAIRRO,CEP,LATITUDE,LONGITUDE,TOTAL_ELEITORES,ACESSIBILIDADE,DATA_CARGA,CODIGO_CARGA
UE2015 (Anterior),JAGUARIPE,30,86,1834067,COLÉGIO MUNICIPAL DE CAMASSANDI,RUA JOSE ALVES - ZONA RURAL,DISTRITO CAMASSANDI,44480000,-13.1633513,-38.9911541,271,Com acessibilidade,2026-09-25 10:07:00,523273741563680811154288
UE2015 (Anterior),JAGUARIPE,30,87,1837382,COLÉGIO MUNICIPAL DE CAMASSANDI,RUA JOSE ALVES - ZONA RURAL,DISTRITO CAMASSANDI,44480000,-13.1633513,-38.9911541,271,Com acessibilidade,2026-09-25 10:16:00,967617298407143303216774
UE2015 (Anterior),JAGUARIPE,30,88,1795447,COLÉGIO MUNICIPAL DE CAMASSANDI,RUA JOSE ALVES - ZONA RURAL,DISTRITO CAMASSANDI,44480000,-13.1633513,-38.9911541,271,Com acessibilidade,2026-09-25 10:25:00,927213362903121704730398
UE2015 (Anterior),JAGUARIPE,30,89,1807877,COLÉGIO MUNICIPAL DE CAMASSANDI,RUA JOSE ALVES - ZONA RURAL,DISTRITO CAMASSANDI,44480000,-13.1633513,-38.9911541,269,Com acessibilidade,2026-09-25 10:34:00,230344784734451956673575
UE2015 (Anterior),JAGUARIPE,30,90,1775737,ESCOLA CÍCERO VIANA,RUA BELA VISTA - ZONA RURAL,DISTRITO CAMASSANDI,44480000,-13.1680849,-38.992994,376,Com acessibilidade,2026-09-25 10:43:00,200041834531441351609385
UE2015 (Anterior),JAGUARIPE,30,91,1788979,COLEGIO MUNICIPAL EVERALDINO DALMÁCIO AROUCA,RUA CAMPO DA BOLA - ZONA RURAL,DISTRITO BARREIRAS DE JACURUNA,44480000,-13.0353409,-38.8413978,332,Com acessibilidade,2026-09-25 10:53:00,371758117648708554138858
UE2015 (Anterior),JAGUARIPE,30,92,1752824,COLEGIO MUNICIPAL EVERALDINO DALMÁCIO AROUCA,RUA CAMPO DA BOLA - ZONA RURAL,DISTRITO BARREIRAS DE JACURUNA,44480000,-13.0353409,-38.8413978,336,Com acessibilidade,2026-09-25 11:12:00,593980440470605252364957
UE2015 (Anterior),JAGUARIPE,30,93,1793275,COLEGIO MUNICIPAL EVERALDINO DALMÁCIO AROUCA,RUA CAMPO DA BOLA - ZONA RURAL,DISTRITO BARREIRAS DE JACURUNA,44480000,-13.0353409,-38.8413978,336,Com acessibilidade,2026-09-25 11:20:00,947415901405905201170513
UE2015 (Anterior),JAGUARIPE,30,94,1770003,ESCOLA MUNICIPAL DE PIRAJUÍA,"RUA DA MATRIZ, S/N - ZONA RURAL",PIRAJUÍA,44480000,-12.9734317,-38.7835259,246,Com acessibilidade,2026-09-25 11:30:00,725293793483778774427581
UE2015 (Anterior),JAGUARIPE,30,95,1769114,ESCOLA MUNICIPAL DE PIRAJUÍA,"RUA DA MATRIZ, S/N - ZONA RURAL",PIRAJUÍA,44480000,-12.9734317,-38.7835259,247,Com acessibilidade,2026-09-25 11:39:00,997920175810679387420391
UE2015 (Anterior),JAGUARIPE,30,96,1766287,ESCOLA MUNICIPAL DE CAÇÕES,"RUA CAIO VASCONCELOS NETO, S/N - ZONA RURAL",CAÇÕES,44450000,-13.0041556,-38.7879811,317,Com acessibilidade,2026-09-25 11:48:00,68627354917763996645797
UE2015 (Anterior),JAGUARIPE,30,97,1765751,ESCOLA MUNICIPAL DE CAÇÕES,"RUA CAIO VASCONCELOS NETO, S/N - ZONA RURAL",CAÇÕES,44450000,-13.0041556,-38.7879811,314,Com acessibilidade,2026-09-25 11:58:00,775798175988561112000883
UE2015 (Anterior),JAGUARIPE,30,98,1773017,ESCOLA MUNICIPAL DE CAÇÕES,"RUA CAIO VASCONCELOS NETO, S/N - ZONA RURAL",CAÇÕES,44450000,-13.0041556,-38.7879811,312,Com acessibilidade,2026-09-25 12:07:00,301051816641683682930098
UE2015 (Anterior),JAGUARIPE,30,99,1770449,ESCOLA MUNIICIPAL ZILDÉLIO  FRANÇA,"RUA BEIRA MAR, S/N - ZONA URBANA",MUTÁ,44480000,-12.9835356,-38.7867517,304,Com acessibilidade,2026-09-25 12:16:00,967617588407365828810915
UE2015 (Anterior),JAGUARIPE,30,100,1795906,ESCOLA MUNIICIPAL ZILDÉLIO  FRANÇA,"RUA BEIRA MAR, S/N - ZONA URBANA",MUTÁ,44480000,-12.9835356,-38.7867517,291,Com acessibilidade,2026-09-25 12:26:00,987819071709479721881196
UE2015 (Anterior),JAGUARIPE,30,101,1775849,COLÉGIO MUNICIPAL MANOEL FRANCISCO LOBO,"RUA DA PALMA, S/N - ZONA RURAL",DISTRITO DO PALMA,44480000,-13.1516905,-39.1286528,341,Com acessibilidade,2026-09-25 12:35:00,735394933484242674078276
UE2015 (Anterior),JAGUARIPE,30,102,1763542,COLÉGIO MUNICIPAL MANOEL FRANCISCO LOBO,"RUA DA PALMA, S/N - ZONA RURAL",DISTRITO DO PALMA,44480000,-13.1516905,-39.1286528,353,Com acessibilidade,2026-09-25 12:47:00,624283931073367697820760
UE2015 (Anterior),JAGUARIPE,30,103,1766481,ESCOLA MUNICIPAL NOSSA SENHORA DA PALMA,"RUA PALMA, S/N - ZONA RURAL",DISTRITO DO PALMA,44480000,-13.1478208,-39.1265665,356,Com acessibilidade,2026-09-25 12:56:00,684889107179447232104720
UE2015 (Anterior),JAGUARIPE,30,104,1793882,ESCOLA MUNICIPAL NOSSA SENHORA DA PALMA,"RUA PALMA, S/N - ZONA RURAL",DISTRITO DO PALMA,44480000,-13.1478208,-39.1265665,357,Com acessibilidade,2026-09-25 09:10:00,109031635636786282951875
UE2015 (Anterior),JAGUARIPE,30,105,1793773,COLÉGIO MUNICIPAL MANOEL FRANCISCO LOBO,"RUA DA PALMA, S/N - ZONA RURAL",DISTRITO DO PALMA,44480000,-13.1516905,-39.1286528,353,Com acessibilidade,2026-09-25 09:19:00,462667108372773022928572
UE2015 (Anterior),JAGUARIPE,30,106,1789979,ESCOLA MUNICIPAL SÃO BERNARDO,"RUA CHILE, S/N - ZONA RURAL",DISTRITO SÃO BERNARDO,44480000,-13.1281151,-39.0044795,284,Com acessibilidade,2026-09-25 09:29:00,806001552806205119945241
UE2015 (Anterior),JAGUARIPE,30,107,1795755,ESCOLA MUNICIPAL SÃO BERNARDO,"RUA CHILE, S/N - ZONA RURAL",DISTRITO SÃO BERNARDO,44480000,-13.1281151,-39.0044795,283,Com acessibilidade,2026-09-25 09:37:00,28223885328370797239614
UE2015 (Anterior),JAGUARIPE,30,108,1761056,ESCOLA MUNICIPAL SÃO BERNARDO,"RUA CHILE, S/N - ZONA RURAL",DISTRITO SÃO BERNARDO,44480000,-13.1281151,-39.0044795,285,Com acessibilidade,2026-09-25 09:46:00,341455317660715093566132
UE2015 (Anterior),JAGUARIPE,30,164,1834574,COLÉGIO MUNICIPAL MANOEL FRANCISCO LOBO,"RUA DA PALMA, S/N - ZONA RURAL",DISTRITO DO PALMA,44480000,-13.1516905,-39.1286528,341,Com acessibilidade,2026-09-25 09:56:00,58526008731511914413826
UE2015 (Anterior),JAGUARIPE,30,167,1788717,ESCOLA CÍCERO VIANA,RUA BELA VISTA - ZONA RURAL,DISTRITO CAMASSANDI,44480000,-13.1680849,-38.992994,375,Com acessibilidade,2026-09-25 10:04:00,159536435641102354504757
UE2015 (Anterior),JAGUARIPE,30,169,1774027,COLÉGIO MUNICIPAL MANOEL FRANCISCO LOBO,"RUA DA PALMA, S/N - ZONA RURAL",DISTRITO DO PALMA,44480000,-13.1516905,-39.1286528,339,Com acessibilidade,2026-09-25 10:14:00,361657869262405766819220
UE2015 (Anterior),JAGUARIPE,30,170,1792175,ESCOLA MUNICIPAL NOSSA SENHORA D'AJUDA,RUA FLORISVALDO ALVES DOREA - ZONA RURAL,POVOADO ILHA D'AJUDA,44480000,-13.2035193,-38.931725,343,Com acessibilidade,2026-09-25 10:22:00,200041782446193374016579
UE2015 (Anterior),JAGUARIPE,30,182,1778105,ESCOLA MUNICIPAL FLORENTINO DOS SANTOS,POVOADO CAPAO - ZONA RURAL,POVOADO CAPÃO,44480000,-13.1492114,-39.2876896,292,Com acessibilidade,2026-09-25 10:31:00,846405714310851096783483
UE2015 (Anterior),JAGUARIPE,30,187,1808614,ESCOLA MUNICIPAL NOSSA SENHORA D'AJUDA,RUA FLORISVALDO ALVES DOREA - ZONA RURAL,POVOADO ILHA D'AJUDA,44480000,-13.2035193,-38.931725,338,Com acessibilidade,2026-09-25 10:40:00,199940614545220598556722
UE2015 (Anterior),JAGUARIPE,30,190,1750471,ESCOLA MUNICIPAL FLORENTINO DOS SANTOS,POVOADO CAPAO - ZONA RURAL,POVOADO CAPÃO,44480000,-13.1492114,-39.2876896,292,Com acessibilidade,2026-09-25 10:50:00,472768197473590641574958
UE2015 (Anterior),JAGUARIPE,30,192,1775448,ESCOLA MUNICIPAL NOSSA SENHORA DA PALMA,"RUA PALMA, S/N - ZONA RURAL",DISTRITO DO PALMA,44480000,-13.1478208,-39.1265665,357,Com acessibilidade,2026-09-25 10:59:00,422263366668178561895535
UE2015 (Anterior),JAGUARIPE,30,195,1766850,ESCOLA MUNICIPAL DE PIRAJUÍA,"RUA DA MATRIZ, S/N - ZONA RURAL",PIRAJUÍA,44480000,-12.9734317,-38.7835259,247,Com acessibilidade,2026-09-25 11:08:00,987819258724323176386484
UE2015 (Anterior),JAGUARIPE,30,206,1826181,ESCOLA MUNICIPAL DO CRUZEIRO,CRUZEIRO DO PALMA - ZONA RURAL,DISTRITO DO PALMA,44800000,-13.2180955,-39.126783,371,Com acessibilidade,2026-09-25 11:16:00,189839026344471878373652
UE2015 (Anterior),JAGUARIPE,30,207,1764781,COLEGIO MUNICIPAL EVERALDINO DALMÁCIO AROUCA,RUA CAMPO DA BOLA - ZONA RURAL,DISTRITO BARREIRAS DE JACURUNA,44480000,-13.0353409,-38.8413978,335,Com acessibilidade,2026-09-25 11:28:00,492970445575010841498164
UE2015 (Anterior),JAGUARIPE,30,210,1837855,ESCOLA MUNICIPAL NOSSA SENHORA DA PALMA,"RUA PALMA, S/N - ZONA RURAL",DISTRITO DO PALMA,44480000,-13.1478208,-39.1265665,357,Com acessibilidade,2026-09-25 11:37:00,533374787079077354648005
UE2015 (Anterior),JAGUARIPE,30,211,1771136,ESCOLA MUNICIPAL DO CRUZEIRO,CRUZEIRO DO PALMA - ZONA RURAL,DISTRITO DO PALMA,44800000,-13.2180955,-39.126783,371,Com acessibilidade,2026-09-25 11:46:00,876708232513434432231867
UE2015 (Anterior),JAGUARIPE,30,213,1780002,ESCOLA MUNICIPAL DE PIRAJUÍA,"RUA DA MATRIZ, S/N - ZONA RURAL",PIRAJUÍA,44480000,-12.9734317,-38.7835259,244,Com acessibilidade,2026-09-25 11:55:00,361657940062941122478010
UE2015 (Anterior),JAGUARIPE,30,219,1788490,COLÉGIO MUNICIPAL MANOEL FRANCISCO LOBO,"RUA DA PALMA, S/N - ZONA RURAL",DISTRITO DO PALMA,44480000,-13.1516905,-39.1286528,337,Com acessibilidade,2026-09-25 12:04:00,907011143516070847532214
UE2015 (Anterior),JAGUARIPE,30,227,1775351,ESCOLA MUNICIPAL FLORENTINO DOS SANTOS,POVOADO CAPAO - ZONA RURAL,POVOADO CAPÃO,44480000,-13.1492114,-39.2876896,291,Com acessibilidade,2026-09-25 12:12:00,705091793596822593000854
UE2015 (Anterior),JAGUARIPE,30,228,1782065,ESCOLA MUNIICIPAL ZILDÉLIO  FRANÇA,"RUA BEIRA MAR, S/N - ZONA URBANA",MUTÁ,44480000,-12.9835356,-38.7867517,194,Com acessibilidade,2026-09-25 12:22:00,927213126718130100556988
UE2015 (Anterior),JAGUARIPE,30,230,1825132,COLÉGIO MUNICIPAL MANOEL FRANCISCO LOBO,"RUA DA PALMA, S/N - ZONA RURAL",DISTRITO DO PALMA,44480000,-13.1516905,-39.1286528,338,Sem acessibilidade,2026-09-25 12:30:00,513172904177678638659770
UE2015 (Anterior),JAGUARIPE,30,232,1840693,ESCOLA MUNICIPAL DE CAÇÕES,"RUA CAIO VASCONCELOS NETO, S/N - ZONA RURAL",CAÇÕES,44450000,-13.0041556,-38.7879811,213,Sem acessibilidade,2026-09-25 12:39:00,351556961261149926097050
UE2015 (Anterior),JAGUARIPE,30,234,1795159,COLEGIO MUNICIPAL EVERALDINO DALMÁCIO AROUCA,RUA CAMPO DA BOLA - ZONA RURAL,DISTRITO BARREIRAS DE JACURUNA,44480000,-13.0353409,-38.8413978,335,Sem acessibilidade,2026-09-25 12:48:00,109031935536911918694357
UE2015 (Anterior),JEREMOABO,51,22,1837825,COLÉGIO MUNICIPAL SÃO JOÃO BATISTA,"LARGO DO COLÉGIO, SN - ZONA URBANA",CENTRO,48540000,-10.0678417,-38.3528783,274,Com acessibilidade,2026-09-28 08:44:00,827128186689213312380686
UE2015 (Anterior),JEREMOABO,51,23,1767335,COLÉGIO MUNICIPAL SÃO JOÃO BATISTA,"LARGO DO COLÉGIO, SN - ZONA URBANA",CENTRO,48540000,-10.0678417,-38.3528783,273,Com acessibilidade,2026-10-03 10:07:00,635209104970477291187511
UE2015 (Anterior),JEREMOABO,51,24,1767600,ESCOLA MUNICIPAL MENINO JESUS,"PÇA. DA MATRIZ, S/N - ZONA URBANA",CENTRO,48540000,-10.0754803,-38.3476417,257,Com acessibilidade,2026-09-28 09:08:00,332279916240759937123493
UE2015 (Anterior),JEREMOABO,51,25,1779341,ESCOLA MUNICIPAL DR CARVALHO SÁ,"RUA PORFIRIO DA COSTA BORGES, SN - ZONA URBANA",CENTRO,48540000,-10.0678867,-38.3524267,250,Com acessibilidade,2026-09-28 09:19:00,615007305168194361567547
UE2015 (Anterior),JEREMOABO,51,26,1765472,ESCOLA MUNICIPAL EVARISTO CARDOSO VARJÃO,AVENIDA RECIFE S/N LOTEAMENTO SÃO JOÃO - ZONA URBANA,CENTRO,48540000,-10.0799805,-38.3425109,176,Com acessibilidade,2026-09-28 09:29:00,473693273954140937519691
UE2015 (Anterior),JEREMOABO,51,27,1756938,ESCOLA MUNICIPAL EVARISTO CARDOSO VARJÃO,AVENIDA RECIFE S/N LOTEAMENTO SÃO JOÃO - ZONA URBANA,CENTRO,48540000,-10.0799805,-38.3425109,175,Com acessibilidade,2026-09-28 09:40:00,483794398355702263391227
UE2015 (Anterior),JEREMOABO,51,28,1795787,ESCOLA MUNICIPAL EVARISTO CARDOSO VARJÃO,AVENIDA RECIFE S/N LOTEAMENTO SÃO JOÃO - ZONA URBANA,CENTRO,48540000,-10.0799805,-38.3425109,176,Com acessibilidade,2026-09-28 09:50:00,443390464651750015934406
UE2015 (Anterior),JEREMOABO,51,29,1834594,ESCOLA MUNICIPAL MENINO JESUS,"PÇA. DA MATRIZ, S/N - ZONA URBANA",CENTRO,48540000,-10.0754803,-38.3476417,256,Com acessibilidade,2026-09-28 10:01:00,120158251619134175217255
UE2015 (Anterior),JEREMOABO,51,30,1766682,COLÉGIO MUNICIPAL SÃO JOÃO BATISTA,"LARGO DO COLÉGIO, SN - ZONA URBANA",CENTRO,48540000,-10.0678417,-38.3528783,215,Com acessibilidade,2026-09-28 10:10:00,897835101596928706455246
UE2015 (Anterior),JEREMOABO,51,31,1810558,ESCOLA MUNICIPAL MENINO JESUS,"PÇA. DA MATRIZ, S/N - ZONA URBANA",CENTRO,48540000,-10.0754803,-38.3476417,254,Com acessibilidade,2026-09-28 10:19:00,251471576332914508902504
UE2015 (Anterior),JEREMOABO,51,32,1795192,ESCOLA MUNICIPAL MENINO JESUS,"PÇA. DA MATRIZ, S/N - ZONA URBANA",CENTRO,48540000,-10.0754803,-38.3476417,257,Com acessibilidade,2026-09-28 11:20:00,988744412405216416068831
UE2015 (Anterior),JEREMOABO,51,33,1791632,ESCOLA MUNICIPAL MENINO JESUS,"PÇA. DA MATRIZ, S/N - ZONA URBANA",CENTRO,48540000,-10.0754803,-38.3476417,257,Com acessibilidade,2026-09-28 11:30:00,695815232876018654750421
UE2015 (Anterior),JEREMOABO,51,35,1772679,ESCOLA MUNICIPAL EVARISTO CARDOSO VARJÃO,AVENIDA RECIFE S/N LOTEAMENTO SÃO JOÃO - ZONA URBANA,CENTRO,48540000,-10.0799805,-38.3425109,177,Com acessibilidade,2026-09-28 11:39:00,776623533084724062098206
UE2015 (Anterior),JEREMOABO,51,38,1762769,COLÉGIO MUNICIPAL SÃO JOÃO BATISTA,"LARGO DO COLÉGIO, SN - ZONA URBANA",CENTRO,48540000,-10.0678417,-38.3528783,217,Com acessibilidade,2026-09-28 12:07:00,362582457443016951944397
UE2015 (Anterior),JEREMOABO,51,39,1824811,ESCOLA MUNICIPAL DR CARVALHO SÁ,"RUA PORFIRIO DA COSTA BORGES, SN - ZONA URBANA",CENTRO,48540000,-10.0678867,-38.3524267,324,Com acessibilidade,2026-09-28 12:16:00,291875492836964787763162
UE2015 (Anterior),JEREMOABO,51,40,1771267,ESCOLA MUNICIPAL DR CARVALHO SÁ,"RUA PORFIRIO DA COSTA BORGES, SN - ZONA URBANA",CENTRO,48540000,-10.0678867,-38.3524267,329,Com acessibilidade,2026-09-28 12:26:00,140360420121905170825262
UE2015 (Anterior),JEREMOABO,51,41,1759426,ESCOLA MUNICIPAL JOÃO PAULO II,"AV. MONSENHOR JOSÉ MAGALHÃES, S/N - ZONA URBANA",CENTRO,48540000,-10.0777917,-38.3528367,293,Com acessibilidade,2026-09-28 12:35:00,948340339201720841388776
UE2015 (Anterior),JEREMOABO,51,42,1833376,ESCOLA MUNICIPAL ALTO DA TAPERA,POVOADO TAPERA - ZONA RURAL,POVOADO ALTO DA TAPERA,48540000,-10.0395837,-38.3789557,307,Com acessibilidade,2026-09-28 12:44:00,59451558212850106708815
UE2015 (Anterior),JEREMOABO,51,43,1808159,ESCOLA  MUNICIPAL DO ROMPE GIBÃO,POVOADO DO ROMPE GIBÃO - ZONA RURAL,POVOADO ROMPE GIBÃO,48540000,-9.9152179,-38.2200215,281,Com acessibilidade,2026-09-28 12:53:00,241370850431060946631704
UE2015 (Anterior),JEREMOABO,51,44,1796302,ESCOLA MUNICIPAL MAJOR ANTÔNIO MARQUES BRAGA,POVOADO ITAPICURU D'ÁGUA - ZONA RURAL,POVOADO ITAPICURU D'ÁGUA,48540000,-9.9749567,-38.3104591,324,Com acessibilidade,2026-09-28 13:03:00,483794209855966240693829
UE2015 (Anterior),JEREMOABO,51,45,1766905,ESCOLA MUNICIPAL MAJOR ANTÔNIO MARQUES BRAGA,POVOADO ITAPICURU D'ÁGUA - ZONA RURAL,POVOADO ITAPICURU D'ÁGUA,48540000,-9.9749567,-38.3104591,322,Com acessibilidade,2026-09-28 14:49:00,221168050829591354735533
UE2015 (Anterior),JEREMOABO,51,46,1780096,ESCOLA MUNICIPAL ANTENOR AMARO NETO,POVOAODO LAGOA DO MATO - ZONA RURAL,POVOADO LAGOA DO MATO,48540000,-10.0878333,-38.1328983,213,Com acessibilidade,2026-09-28 14:58:00,362582303543751720560617
UE2015 (Anterior),JEREMOABO,51,47,1767026,ESCOLA MUNICIPAL ANTENOR AMARO NETO,POVOAODO LAGOA DO MATO - ZONA RURAL,POVOADO LAGOA DO MATO,48540000,-10.0878333,-38.1328983,214,Com acessibilidade,2026-09-28 15:08:00,675613723074728775616475
UE2015 (Anterior),JEREMOABO,51,48,1769318,ESCOLA MUNICIPAL MANOEL CARVALHO SANTANA,POVOADO MONTE ALEGRE - ZONA RURAL,POVOADO MONTE ALEGRE,48540000,-9.9133147,-38.1727908,217,Sem acessibilidade,2026-09-28 15:18:00,867532029593006731422254
UE2015 (Anterior),JEREMOABO,51,49,1836089,ESCOLA MUNICIPAL MANOEL DANTAS DE CARVALHO,POVOADO BRANCOS - ZONA RURAL,POVOADO BRANCOS,48540000,-10.09185,-38.4459867,257,Com acessibilidade,2026-09-28 15:29:00,544300817561849282232759
UE2015 (Anterior),JEREMOABO,51,50,1780146,ESCOLA MUNICIPAL GUILHERME JOSÉ DE SANTANA,POVOADO VIRAÇÃO - ZONA RURAL,POVOADO VIRAÇÃO,48540000,-10.2645017,-38.46631,159,Sem acessibilidade,2026-09-28 15:38:00,211067567228536995671068
UE2015 (Anterior),JEREMOABO,51,51,1768365,ESCOLA MUNICIPAL ZACARIAS LOURENÇO,POVOADO TRANQUEIRA - ZONA RURAL,POVOADO TRANQUEIRA,48540000,-10.2123202,-38.4233395,172,Com acessibilidade,2026-09-28 15:48:00,817027270988228691323745
UE2015 (Anterior),JEREMOABO,51,52,1753967,ESCOLA MUNICIPAL PEDRO GONÇALVES DO NASCIMENTO,POVOADO ARATICUM - ZONA RURAL,POVOADO ARATICUM,48540000,-9.9070484,-38.2993678,266,Com acessibilidade,2026-09-28 15:57:00,110057684318545142797572
UE2015 (Anterior),JEREMOABO,51,53,1794277,ESCOLA MUNICIPAL VEREADOR JOÃO CARVALHO,POVOADO BAIXA DA MATA - ZONA RURAL,POVOADO BAIXA DA MATA,48540000,-9.932569,-38.3554006,396,Com acessibilidade,2026-09-28 16:06:00,382784068545405323605006
UE2015 (Anterior),JEREMOABO,51,54,1824008,ESCOLA MUNICIPAL CORDOLINO CERQUEIRA CAMPOS,POVOADO DE CANCHÉ - ZONA RURAL,POVOADO CANCHÉ,48540000,-9.872855,-38.9043833,374,Com acessibilidade,2026-09-28 16:16:00,857431648092960972398343
UE2015 (Anterior),JEREMOABO,51,55,1836946,COLÉGIO MUNICIPAL JOSÉ ARAÚJO DE SOUZA,POVOADO ÁGUA BRANCA- ZONA RURAL,POVOADO ÁGUA BRANCA,48540000,-10.004845,-38.60242,384,Com acessibilidade,2026-09-28 08:43:00,776623679069099058667642
UE2015 (Anterior),JEREMOABO,51,56,1783063,COLÉGIO MUNICIPAL JOSÉ ARAÚJO DE SOUZA,POVOADO ÁGUA BRANCA- ZONA RURAL,POVOADO ÁGUA BRANCA,48540000,-10.004845,-38.60242,385,Com acessibilidade,2026-09-28 08:54:00,453491461137937964069268
UE2015 (Anterior),JEREMOABO,51,57,1765027,ESCOLA MUNICIPAL LUZIA EULINA DE SÁ,POVOADO BREJO GRANDE - ZONA RURAL,POVOADO BREJO GRANDE,48540000,-10.02555,-38.5333717,316,Com acessibilidade,2026-09-28 09:07:00,99855216301441912527512
UE2015 (Anterior),JEREMOABO,51,58,1795412,ESCOLA MUNICIPAL LUZIA EULINA DE SÁ,POVOADO BREJO GRANDE - ZONA RURAL,POVOADO BREJO GRANDE,48540000,-10.02555,-38.5333717,310,Com acessibilidade,2026-09-28 09:18:00,988744215790498158046737
UE2015 (Anterior),JEREMOABO,51,59,1810694,ESCOLA MUNICIPAL JOSÉ MANOEL DE OLIVEIRA,POVOADO CIRICA - ZONA RURAL,POVOADO CIRICA,48540000,-10.2237867,-38.48559,248,Com acessibilidade,2026-09-28 09:30:00,625108961554759289923352
UE2015 (Anterior),JEREMOABO,51,60,1772333,ESCOLA MUNICIPAL DEPUTADO MANOEL NOVAIS,POVOADO CANABRAVINHA DOS CANDIS - ZONA RURAL,POVOADO CANABRAVINHA DOS CANDIS,48540000,-10.0656017,-38.40575,372,Com acessibilidade,2026-09-28 09:40:00,312077736523530388609013
UE2015 (Anterior),JEREMOABO,51,61,1763527,ESCOLA MUNICIPAL DR. HAILTON JOSÉ DE BRITO,POVOADO RIACHO SÃO JOSÉ - ZONA RURAL,POVOADO RIACHO SÃO JOSÉ,48540000,-10.183325,-38.19805,176,Com acessibilidade,2026-09-28 09:50:00,231269769415544745151464
UE2015 (Anterior),JEREMOABO,51,78,1765138,ESCOLA MUNICIPAL TEREZINHA SIMÕES PAIVA,POVOADO ALVORADA - ZONA RURAL,POVOADO ALVORADA,48540000,-10.17018,-38.274475,271,Com acessibilidade,2026-09-28 10:01:00,584704953950594695489163
UE2015 (Anterior),JEREMOABO,51,79,1767728,ESCOLA MUNICIPAL TEREZINHA SIMÕES PAIVA,POVOADO ALVORADA - ZONA RURAL,POVOADO ALVORADA,48540000,-10.17018,-38.274475,271,Com acessibilidade,2026-09-28 10:11:00,837229311375939024344307
UE2015 (Anterior),JEREMOABO,51,80,1768811,COLÉGIO MUNICIPAL LUÍS EDUARDO MAGALHÃES,POVOADO LAGOA DO INÁCIO - ZONA RURAL,POVOADO LAGOA DO INÁCIO,48540000,-10.2916866,-38.4213422,234,Com acessibilidade,2026-09-28 10:22:00,675613233959939415292271
UE2015 (Anterior),JEREMOABO,51,81,1778343,ESCOLA MUNICIPAL MANOEL CARVALHO SANTANA,POVOADO MONTE ALEGRE - ZONA RURAL,POVOADO MONTE ALEGRE,48540000,-9.9133147,-38.1727908,222,Com acessibilidade,2026-09-28 11:18:00,211067882013910361987301
UE2015 (Anterior),JEREMOABO,51,82,1808640,ESCOLA MUNICIPAL BENTO DE SÁ CARVALHO,POVOADO MALHADA VERMELHA - ZONA RURAL,POVOADO MALHADA VERMELHA,48540000,-9.9097767,-38.3192633,304,Com acessibilidade,2026-09-28 11:28:00,89754863100873505524804
UE2015 (Anterior),JEREMOABO,51,83,1796242,ESCOLA MUNICIPAL JOSÉ NOLASCO DE CARVALHO,"PRAÇA FIEL NOLASCO, S/N - ZONA URBANA",JOSÉ NOLASCO,48540000,-10.0906233,-38.323905,297,Com acessibilidade,2026-09-28 11:39:00,473693363439421799310728
UE2015 (Anterior),JEREMOABO,51,101,1753915,COLÉGIO MUNICIPAL SÃO JOÃO BATISTA,"LARGO DO COLÉGIO, SN - ZONA URBANA",CENTRO,48540000,-10.0678417,-38.3528783,277,Com acessibilidade,2026-09-28 11:51:00,948340145386510352552592
UE2015 (Anterior),JEREMOABO,51,102,1795704,COLÉGIO MUNICIPAL SÃO JOÃO BATISTA,"LARGO DO COLÉGIO, SN - ZONA URBANA",CENTRO,48540000,-10.0678417,-38.3528783,314,Com acessibilidade,2026-09-28 12:01:00,887734197580116234542155
UE2015 (Anterior),JEREMOABO,51,105,1776844,ESCOLA MUNICIPAL JOSÉ NOLASCO DE CARVALHO,"PRAÇA FIEL NOLASCO, S/N - ZONA URBANA",JOSÉ NOLASCO,48540000,-10.0906233,-38.323905,294,Com acessibilidade,2026-09-28 12:11:00,170663814209498988095828
UE2015 (Anterior),JEREMOABO,51,107,1757361,ESCOLA MUNICIPAL ANTENOR AMARO NETO,POVOAODO LAGOA DO MATO - ZONA RURAL,POVOADO LAGOA DO MATO,48540000,-10.0878333,-38.1328983,212,Com acessibilidade,2026-09-28 12:22:00,645310503656123662220292
UE2015 (Anterior),JEREMOABO,51,108,1780813,ESCOLA MUNICIPAL JOÃO RIBEIRO DA SILVA,POVOADO ÁGUA BRANCA - ZONA RURAL,POVOADO ÁGUA BRANCA,48540000,-10.005455,-38.6026467,333,Com acessibilidade,2026-09-28 12:32:00,958441923587526015013307
UE2015 (Anterior),JEREMOABO,51,109,1787145,ESCOLA MUNICIPAL LUZIA EULINA DE SÁ,POVOADO BREJO GRANDE - ZONA RURAL,POVOADO BREJO GRANDE,48540000,-10.02555,-38.5333717,231,Com acessibilidade,2026-09-28 12:53:00,655411737057475399093218
UE2015 (Anterior),JEREMOABO,51,110,1752140,ESCOLA MUNICIPAL DR. HAILTON JOSÉ DE BRITO,POVOADO RIACHO SÃO JOSÉ - ZONA RURAL,POVOADO RIACHO SÃO JOSÉ,48540000,-10.183325,-38.19805,176,Com acessibilidade,2026-09-28 13:03:00,514097673343994569713201
UE2015 (Anterior),JEREMOABO,51,113,1766177,ESCOLA MUNICIPAL BENTO DE SÁ CARVALHO,POVOADO MALHADA VERMELHA - ZONA RURAL,POVOADO MALHADA VERMELHA,48540000,-9.9097767,-38.3192633,305,Com acessibilidade,2026-09-28 14:50:00,433289926835262447772246
UE2015 (Anterior),JEREMOABO,51,115,1771149,ESCOLA MUNICIPAL JOSÉ PESSOA DE CARVALHO,POVOADO MURITI - ZONA RURAL,POVOADO MURITI,48540000,-9.9687218,-38.3312287,205,Com acessibilidade,2026-09-28 15:00:00,160562879208653301389096
UE2015 (Anterior),JEREMOABO,51,119,1824863,ESCOLA MUNICIPAL JOSÉ MANOEL DE OLIVEIRA,POVOADO CIRICA - ZONA RURAL,POVOADO CIRICA,48540000,-10.2237867,-38.48559,250,Com acessibilidade,2026-09-28 15:10:00,140360298606720951923521
UE2015 (Anterior),JEREMOABO,51,120,1769611,ESCOLA MUNICIPAL MENINO JESUS,"PÇA. DA MATRIZ, S/N - ZONA URBANA",CENTRO,48540000,-10.0754803,-38.3476417,257,Com acessibilidade,2026-09-28 15:21:00,776623004469518685922011
UE2015 (Anterior),JEREMOABO,51,121,1833895,ESCOLA MUNICIPAL DR CARVALHO SÁ,"RUA PORFIRIO DA COSTA BORGES, SN - ZONA URBANA",CENTRO,48540000,-10.0678867,-38.3524267,251,Com acessibilidade,2026-09-28 15:31:00,301976645522137389338050
UE2015 (Anterior),JEREMOABO,51,133,1781374,ESCOLA MUNICIPAL JOÃO PAULO II,"AV. MONSENHOR JOSÉ MAGALHÃES, S/N - ZONA URBANA",CENTRO,48540000,-10.0777917,-38.3528367,295,Com acessibilidade,2026-09-28 15:41:00,322178952124241336494446
UE2015 (Anterior),JEREMOABO,51,144,1766513,COLÉGIO MUNICIPAL LUÍS EDUARDO MAGALHÃES,POVOADO LAGOA DO INÁCIO - ZONA RURAL,POVOADO LAGOA DO INÁCIO,48540000,-10.2916866,-38.4213422,236,Com acessibilidade,2026-09-28 15:51:00,99855906001109937790764
UE2015 (Anterior),JEREMOABO,51,145,1772982,ESCOLA MUNICIPAL PROFESSORA JULIANA DANTAS,POVOADO BAIXA DA PEDRA - ZONA RURAL,POVOADO BAIXA DA PEDRA,48540000,-10.1939817,-38.262066,335,Com acessibilidade,2026-09-28 16:02:00,827128740474560578475260
UE2015 (Anterior),JEREMOABO,51,147,1804406,ESCOLA MUNICIPAL ANTENOR AMARO NETO,POVOAODO LAGOA DO MATO - ZONA RURAL,POVOADO LAGOA DO MATO,48540000,-10.0878333,-38.1328983,211,Com acessibilidade,2026-09-28 16:12:00,554401693847382403601493
UE2015 (Anterior),JEREMOABO,51,149,1765216,ESCOLA MUNICIPAL ANTÔNIO MANOEL DE CARVALHO,POVOADO PAU D'ÁGUA - ZONA RURAL,POVOADO PAU D'ÁGUA,48540000,-9.89199,-38.3826667,174,Sem acessibilidade,2026-09-28 16:21:00,897835253781740605031330
UE2015 (Anterior),JEREMOABO,51,150,1832910,COLÉGIO MUNICIPAL SÃO JOÃO BATISTA,"LARGO DO COLÉGIO, SN - ZONA URBANA",CENTRO,48540000,-10.0678417,-38.3528783,281,Com acessibilidade,2026-09-28 08:43:00,120158560244443620509278
UE2015 (Anterior),JEREMOABO,51,151,1764706,ESCOLA MUNICIPAL ALTO DA TAPERA,POVOADO TAPERA - ZONA RURAL,POVOADO ALTO DA TAPERA,48540000,-10.0395837,-38.3789557,308,Com acessibilidade,2026-09-28 08:55:00,978643526029526957319760
UE2015 (Anterior),JEREMOABO,51,159,1811485,ESCOLA MUNICIPAL DR CARVALHO SÁ,"RUA PORFIRIO DA COSTA BORGES, SN - ZONA URBANA",CENTRO,48540000,-10.0678867,-38.3524267,251,Com acessibilidade,2026-09-28 09:07:00,685714111400034329097998
UE2015 (Anterior),JEREMOABO,51,160,1835556,ESCOLA MUNICIPAL DR CARVALHO SÁ,"RUA PORFIRIO DA COSTA BORGES, SN - ZONA URBANA",CENTRO,48540000,-10.0678867,-38.3524267,244,Com acessibilidade,2026-09-28 09:18:00,130259640045649662325848
UE2015 (Anterior),JEREMOABO,51,161,1771208,COLÉGIO MUNICIPAL SÃO JOÃO BATISTA,"LARGO DO COLÉGIO, SN - ZONA URBANA",CENTRO,48540000,-10.0678417,-38.3528783,277,Com acessibilidade,2026-09-28 09:29:00,837229451315501975836888
UE2015 (Anterior),JEREMOABO,51,162,1780927,ESCOLA MUNICIPAL MANOEL CARVALHO SANTANA,POVOADO MONTE ALEGRE - ZONA RURAL,POVOADO MONTE ALEGRE,48540000,-9.9133147,-38.1727908,222,Sem acessibilidade,2026-09-28 09:41:00,251471981957545600467619
UE2015 (Anterior),JEREMOABO,51,165,1755878,ESCOLA MUNICIPAL DR. HAILTON JOSÉ DE BRITO,POVOADO RIACHO SÃO JOSÉ - ZONA RURAL,POVOADO RIACHO SÃO JOSÉ,48540000,-10.183325,-38.19805,317,Com acessibilidade,2026-09-28 09:52:00,685714743100136695116338
UE2015 (Anterior),JEREMOABO,51,166,1809761,ESCOLA  MUNICIPAL PROFESSORA REMIS CAVALCANTE,POVOADO BARROCA - ZONA RURAL,POVOADO BARROCA,48540000,-10.0125766,-38.3707,394,Sem acessibilidade,2026-09-28 10:05:00,291875469961587127742237
UE2015 (Anterior),JEREMOABO,51,168,1750380,CENTRO TERRITORIAL DE EDUCAÇÃO PROFISSIONAL RASO DA CATARINA - CETEP,"AV. RECIFE, S/N - CENTRO- ZONA URBANA",CENTRO,48540000,-10.0805232,-38.3410467,249,Com acessibilidade,2026-09-28 10:15:00,170663563949558412115836
UE2015 (Anterior),JEREMOABO,51,171,1751577,ESCOLA MUNICIPAL SENHOR DO BONFIM,"AV. SENHOR DO BONFIM, S/N - ZONA URBANA",SENHOR DO BOMFIM,48540000,-10.0600817,-38.3629667,225,Com acessibilidade,2026-09-28 10:27:00,988744679530596733724571
UE2015 (Anterior),JEREMOABO,51,176,1767150,ESCOLA MUNICIPAL JULIANA MELO DE CARVALHO,RUA BELA VISTA S/N - ZONA URBANA,SÃO JOSÉ,48540000,-10.0840767,-38.3351017,249,Sem acessibilidade,2026-09-28 11:25:00,675613911699258796361018
UE2015 (Anterior),JEREMOABO,51,177,1845825,ESCOLA MUNICIPAL PROFESSORA JULIANA DANTAS,POVOADO BAIXA DA PEDRA - ZONA RURAL,POVOADO BAIXA DA PEDRA,48540000,-10.1939817,-38.262066,267,Com acessibilidade,2026-09-28 11:35:00,827128175914491527236971
UE2015 (Anterior),JEREMOABO,51,179,1825186,ESCOLAS REUNIDAS PROF. MARIA LUZIA DOS SANTOS,AV RECIFE S/N - ZONA URBANA,CENTRO,48540000,-10.0803817,-38.34205,295,Com acessibilidade,2026-09-28 11:47:00,786724355910687020590812
UE2015 (Anterior),JEREMOABO,51,181,1761096,ESCOLA MUNICIPAL TEREZINHA SIMÕES PAIVA,POVOADO ALVORADA - ZONA RURAL,POVOADO ALVORADA,48540000,-10.17018,-38.274475,254,Sem acessibilidade,2026-09-28 11:58:00,59451819137119948007221
UE2015 (Anterior),JEREMOABO,51,182,1807750,ESCOLA MUNICIPAL BAIXA DOS QUELÉS,POVOADO BAIXA DOS QUELÉS - ZONA RURAL,POVOADO BAIXA DOS QUELÉS,48540000,-9.9812367,-38.4372067,215,Com acessibilidade,2026-09-28 12:08:00,69552933838785945689461
UE2015 (Anterior),JEREMOABO,51,185,1794430,ESCOLA MUNICIPAL LUZIA EULINA DE SÁ,POVOADO BREJO GRANDE - ZONA RURAL,POVOADO BREJO GRANDE,48540000,-10.02555,-38.5333717,234,Com acessibilidade,2026-09-28 14:52:00,382784589270351954070205
UE2015 (Anterior),JEREMOABO,51,187,1788240,ESCOLA MUNICIPAL JOÃO PAULO II,"AV. MONSENHOR JOSÉ MAGALHÃES, S/N - ZONA URBANA",CENTRO,48540000,-10.0777917,-38.3528367,294,Com acessibilidade,2026-09-28 12:28:00,705916124602606145619516
UE2015 (Anterior),JEREMOABO,51,190,1839209,CENTRO TERRITORIAL DE EDUCAÇÃO PROFISSIONAL RASO DA CATARINA - CETEP,"AV. RECIFE, S/N - CENTRO- ZONA URBANA",CENTRO,48540000,-10.0805232,-38.3410467,341,Com acessibilidade,2026-09-28 12:38:00,140360868846131156863241
UE2015 (Anterior),JEREMOABO,51,191,1836775,ESCOLA MUNICIPAL CORDOLINO CERQUEIRA CAMPOS,POVOADO DE CANCHÉ - ZONA RURAL,POVOADO CANCHÉ,48540000,-9.872855,-38.9043833,151,Sem acessibilidade,2026-09-28 12:49:00,685714519100834229641845
UE2015 (Anterior),JEREMOABO,51,192,1784182,ESCOLA MUNICIPAL DO CARITÁ,POVOADO CARITÁ - ZONA RURAL,POVOADO CARITÁ,48540000,-10.22008,-38.2864633,301,Com acessibilidade,2026-09-28 12:59:00,524198464784766286866535
UE2015 (Anterior),JEREMOABO,51,195,1796087,CENTRO TERRITORIAL DE EDUCAÇÃO PROFISSIONAL RASO DA CATARINA - CETEP,"AV. RECIFE, S/N - CENTRO- ZONA URBANA",CENTRO,48540000,-10.0805232,-38.3410467,250,Com acessibilidade,2026-09-28 13:10:00,675613942999035597229662
UE2015 (Anterior),JEREMOABO,51,197,1671728,ESCOLAS REUNIDAS PROF. MARIA LUZIA DOS SANTOS,AV RECIFE S/N - ZONA URBANA,CENTRO,48540000,-10.0803817,-38.34205,297,Com acessibilidade,2026-09-28 15:03:00,766522255608466747825589
UE2015 (Anterior),JEREMOABO,51,207,1825271,CENTRO TERRITORIAL DE EDUCAÇÃO PROFISSIONAL RASO DA CATARINA - CETEP,"AV. RECIFE, S/N - CENTRO- ZONA URBANA",CENTRO,48540000,-10.0805232,-38.3410467,345,Com acessibilidade,2026-09-28 15:29:00,221168175454524190712869
UE2015 (Anterior),JEREMOABO,51,209,1757558,ESCOLA MUNICIPAL JULIANA MELO DE CARVALHO,RUA BELA VISTA S/N - ZONA URBANA,SÃO JOSÉ,48540000,-10.0840767,-38.3351017,252,Com acessibilidade,2026-09-28 15:39:00,746320911206134073402390
UE2015 (Anterior),JEREMOABO,51,211,1765981,ESCOLA MUNICIPAL JOSÉ MANOEL DE OLIVEIRA,POVOADO CIRICA - ZONA RURAL,POVOADO CIRICA,48540000,-10.2237867,-38.48559,164,Sem acessibilidade,2026-09-28 15:51:00,897835251821902698367957
UE2015 (Anterior),JEREMOABO,51,215,1767117,ESCOLA MUNICIPAL JOÃO PAULO II,"AV. MONSENHOR JOSÉ MAGALHÃES, S/N - ZONA URBANA",CENTRO,48540000,-10.0777917,-38.3528367,296,Com acessibilidade,2026-09-28 16:01:00,736219534105403819130224
UE2015 (Anterior),JEREMOABO,51,216,1775475,ESCOLA MUNICIPAL ANTENOR AMARO NETO,POVOAODO LAGOA DO MATO - ZONA RURAL,POVOADO LAGOA DO MATO,48540000,-10.0878333,-38.1328983,216,Com acessibilidade,2026-09-28 16:12:00,827128731214657906077226
UE2015 (Anterior),JEREMOABO,51,217,1763770,CENTRO TERRITORIAL DE EDUCAÇÃO PROFISSIONAL RASO DA CATARINA - CETEP,"AV. RECIFE, S/N - CENTRO- ZONA URBANA",CENTRO,48540000,-10.0805232,-38.3410467,342,Com acessibilidade,2026-09-28 16:22:00,99855118641010968844602
UE2015 (Anterior),JEREMOABO,51,218,1809289,CENTRO TERRITORIAL DE EDUCAÇÃO PROFISSIONAL RASO DA CATARINA - CETEP,"AV. RECIFE, S/N - CENTRO- ZONA URBANA",CENTRO,48540000,-10.0805232,-38.3410467,252,Com acessibilidade,2026-09-28 16:32:00,978643102629988543947690
UE2015 (Anterior),JEREMOABO,51,220,1764195,ESCOLA MUNICIPAL MANOEL DANTAS DE CARVALHO,POVOADO BRANCOS - ZONA RURAL,POVOADO BRANCOS,48540000,-10.09185,-38.4459867,257,Com acessibilidade,2026-09-28 16:42:00,79653391839174766220260
UE2015 (Anterior),JEREMOABO,51,224,1767211,COLÉGIO MUNICIPAL SÃO JOÃO BATISTA,"LARGO DO COLÉGIO, SN - ZONA URBANA",CENTRO,48540000,-10.0678417,-38.3528783,216,Com acessibilidade,2026-09-28 08:44:00,39249792426423309419936
UE2015 (Anterior),JEREMOABO,51,225,1767556,CENTRO TERRITORIAL DE EDUCAÇÃO PROFISSIONAL RASO DA CATARINA - CETEP,"AV. RECIFE, S/N - CENTRO- ZONA URBANA",CENTRO,48540000,-10.0805232,-38.3410467,344,Com acessibilidade,2026-09-28 08:54:00,584704458981060859832981
UE2015 (Anterior),JEREMOABO,51,226,1753546,ESCOLA MUNICIPAL JOSÉ NOLASCO DE CARVALHO,"PRAÇA FIEL NOLASCO, S/N - ZONA URBANA",JOSÉ NOLASCO,48540000,-10.0906233,-38.323905,294,Com acessibilidade,2026-09-28 09:08:00,615007593484038575901229
UE2015 (Anterior),JEREMOABO,51,227,1766414,COLÉGIO MUNICIPAL SÃO JOÃO BATISTA,"LARGO DO COLÉGIO, SN - ZONA URBANA",CENTRO,48540000,-10.0678417,-38.3528783,215,Com acessibilidade,2026-09-28 09:18:00,837229923606348889479733
UE2015 (Anterior),JEREMOABO,51,228,1757739,ESCOLA MUNICIPAL JULIANA MELO DE CARVALHO,RUA BELA VISTA S/N - ZONA URBANA,SÃO JOSÉ,48540000,-10.0840767,-38.3351017,251,Com acessibilidade,2026-09-28 09:28:00,463592668569066948566130
UE2015 (Anterior),JEREMOABO,51,229,1753829,ESCOLA MUNICIPAL JOÃO PAULO II,"AV. MONSENHOR JOSÉ MAGALHÃES, S/N - ZONA URBANA",CENTRO,48540000,-10.0777917,-38.3528367,293,Com acessibilidade,2026-09-28 09:38:00,473693784670163094320537
UE2015 (Anterior),JEREMOABO,51,231,1820736,ESCOLAS REUNIDAS PROF. MARIA LUZIA DOS SANTOS,AV RECIFE S/N - ZONA URBANA,CENTRO,48540000,-10.0803817,-38.34205,299,Com acessibilidade,2026-09-28 09:50:00,675613179090982542638562
UE2015 (Anterior),JEREMOABO,51,232,1769377,CENTRO TERRITORIAL DE EDUCAÇÃO PROFISSIONAL RASO DA CATARINA - CETEP,"AV. RECIFE, S/N - CENTRO- ZONA URBANA",CENTRO,48540000,-10.0805232,-38.3410467,350,Com acessibilidade,2026-09-28 10:03:00,99855707532242412992084
UE2015 (Anterior),JEREMOABO,51,234,1755959,ESCOLA MUNICIPAL JOÃO RIBEIRO DA SILVA,POVOADO ÁGUA BRANCA - ZONA RURAL,POVOADO ÁGUA BRANCA,48540000,-10.005455,-38.6026467,244,Com acessibilidade,2026-09-28 19:48:00,281774118551139372042900
UE2015 (Anterior),JEREMOABO,51,235,1770269,ESCOLA  MUNICIPAL DO ROMPE GIBÃO,POVOADO DO ROMPE GIBÃO - ZONA RURAL,POVOADO ROMPE GIBÃO,48540000,-9.9152179,-38.2200215,149,Com acessibilidade,2026-09-28 10:19:00,200966141643863941550565
UE2015 (Anterior),JEREMOABO,51,236,1768481,CENTRO TERRITORIAL DE EDUCAÇÃO PROFISSIONAL RASO DA CATARINA - CETEP,"AV. RECIFE, S/N - CENTRO- ZONA URBANA",CENTRO,48540000,-10.0805232,-38.3410467,343,Com acessibilidade,2026-09-28 11:18:00,291875345052990709541388
UE2015 (Anterior),JEREMOABO,51,237,1751292,ESCOLA MUNICIPAL LUZIA EULINA DE SÁ,POVOADO BREJO GRANDE - ZONA RURAL,POVOADO BREJO GRANDE,48540000,-10.02555,-38.5333717,235,Com acessibilidade,2026-09-28 11:27:00,190865357242915158576803
UE2015 (Anterior),JEREMOABO,51,238,1766707,CENTRO TERRITORIAL DE EDUCAÇÃO PROFISSIONAL RASO DA CATARINA - CETEP,"AV. RECIFE, S/N - CENTRO- ZONA URBANA",CENTRO,48540000,-10.0805232,-38.3410467,348,Sem acessibilidade,2026-09-28 11:37:00,322178592255134614079051
UE2015 (Anterior),JEREMOABO,51,243,1808870,ESCOLA MUNICIPAL SENHOR DO BONFIM,"AV. SENHOR DO BONFIM, S/N - ZONA URBANA",SENHOR DO BOMFIM,48540000,-10.0600817,-38.3629667,259,Com acessibilidade,2026-09-28 11:46:00,130259928336966070262952
UE2015 (Anterior),LAMARÃO,160,1,1768403,GINASIO VIRGILIO NUNES DE MEDEIROS,"RUA DO TRIUNFO, S/N - ZONA URBANA",CENTRO,48720000,-11.79545805,-38.88348838,144,Com acessibilidade,2026-09-21 08:43:00,378588488833067244345266
UE2015 (Anterior),LAMARÃO,160,3,1766617,GINASIO VIRGILIO NUNES DE MEDEIROS,"RUA DO TRIUNFO, S/N - ZONA URBANA",CENTRO,48720000,-11.79545805,-38.88348838,145,Com acessibilidade,2026-09-21 08:52:00,227073551618934233180328
UE2015 (Anterior),LAMARÃO,160,4,1766738,ESCOLA MUNICIPAL SETE DE SETEMBRO,"PRAÇA RUI BARBOSA, N 158 - ZONA URBANA",CENTRO,48720000,-11.79241823,-38.88216401,292,Com acessibilidade,2026-09-21 09:00:00,580609029054813999725421
UE2015 (Anterior),LAMARÃO,160,5,1837730,ESCOLA MUNICIPAL SETE DE SETEMBRO,"PRAÇA RUI BARBOSA, N 158 - ZONA URBANA",CENTRO,48720000,-11.79241823,-38.88216401,291,Com acessibilidade,2026-09-21 09:09:00,95760645205953205689573
UE2015 (Anterior),LAMARÃO,160,6,1763768,ESCOLA MUNICIPAL SETE DE SETEMBRO,"PRAÇA RUI BARBOSA, N 158 - ZONA URBANA",CENTRO,48720000,-11.79241823,-38.88216401,292,Com acessibilidade,2026-09-21 09:18:00,701821360866588125049728
UE2015 (Anterior),LAMARÃO,160,7,1766652,ESCOLA MUNICIPAL SETE DE SETEMBRO,"PRAÇA RUI BARBOSA, N 158 - ZONA URBANA",CENTRO,48720000,-11.79241823,-38.88216401,292,Com acessibilidade,2026-09-21 09:26:00,520003294548354347581443
UE2015 (Anterior),LAMARÃO,160,10,1752019,GINASIO VIRGILIO NUNES DE MEDEIROS,"RUA DO TRIUNFO, S/N - ZONA URBANA",CENTRO,48720000,-11.79545805,-38.88348838,144,Com acessibilidade,2026-09-21 09:35:00,317982385427161047617728
UE2015 (Anterior),LAMARÃO,160,11,1838361,COLÉGIO ESTADUAL DR. JAIRO AZZI,"RUA DO CAMPO, S/N - ZONA URBANA",CENTRO,48720000,-11.79501833,-38.88708464,320,Com acessibilidade,2026-09-21 09:43:00,701821883666505634166810
UE2015 (Anterior),LAMARÃO,160,12,1765328,COLÉGIO ESTADUAL DR. JAIRO AZZI,"RUA DO CAMPO, S/N - ZONA URBANA",CENTRO,48720000,-11.79501833,-38.88708464,318,Com acessibilidade,2026-09-21 09:52:00,621013914658448711887915
UE2015 (Anterior),LAMARÃO,160,14,1793979,GINASIO VIRGILIO NUNES DE MEDEIROS,"RUA DO TRIUNFO, S/N - ZONA URBANA",CENTRO,48720000,-11.79545805,-38.88348838,146,Com acessibilidade,2026-09-21 10:00:00,984649490394295010428759
UE2015 (Anterior),LAMARÃO,160,55,1811522,COLÉGIO ESTADUAL DR. JAIRO AZZI,"RUA DO CAMPO, S/N - ZONA URBANA",CENTRO,48720000,-11.79501833,-38.88708464,319,Com acessibilidade,2026-09-21 10:09:00,206871108016140869396160
UE2015 (Anterior),LAMARÃO,160,63,1838323,GINASIO VIRGILIO NUNES DE MEDEIROS,"RUA DO TRIUNFO, S/N - ZONA URBANA",CENTRO,48720000,-11.79545805,-38.88348838,147,Com acessibilidade,2026-09-21 10:18:00,499700248945459235901440
UE2015 (Anterior),LAMARÃO,160,65,1789078,COLÉGIO ESTADUAL DR. JAIRO AZZI,"RUA DO CAMPO, S/N - ZONA URBANA",CENTRO,48720000,-11.79501833,-38.88708464,318,Com acessibilidade,2026-09-21 10:27:00,924043896888908748250801
UE2015 (Anterior),LAMARÃO,160,67,1768744,COLÉGIO ESTADUAL DR. JAIRO AZZI,"RUA DO CAMPO, S/N - ZONA URBANA",CENTRO,48720000,-11.79501833,-38.88708464,321,Com acessibilidade,2026-09-21 10:36:00,378588566233374903561909
UE2015 (Anterior),LAMARÃO,160,70,1768123,COLÉGIO ESTADUAL DR. JAIRO AZZI,"RUA DO CAMPO, S/N - ZONA URBANA",CENTRO,48720000,-11.79501833,-38.88708464,319,Com acessibilidade,2026-09-21 10:44:00,156366646711100293946797
UE2015 (Anterior),LAMARÃO,160,75,1766190,COLÉGIO ESTADUAL DR. JAIRO AZZI,"RUA DO CAMPO, S/N - ZONA URBANA",CENTRO,48720000,-11.79501833,-38.88708464,320,Com acessibilidade,2026-09-21 10:53:00,610912654557586805056278
UE2015 (Anterior),LAMARÃO,160,89,1768913,COLÉGIO ESTADUAL DR. JAIRO AZZI,"RUA DO CAMPO, S/N - ZONA URBANA",CENTRO,48720000,-11.79501833,-38.88708464,319,Com acessibilidade,2026-09-21 11:01:00,711922266867203141350044
UE2015 (Anterior),LAMARÃO,160,91,1764530,CENTRO DE EDUCAÇÃO INFANTIL PROFESSORA DILMA TELES PAIM,"RUA DO CAMPO, S/N - PROXIMO HOSPITAL (PERTO DAS CASINHAS)",CENTRO,48720000,-11.79318079,-38.8923067,295,Com acessibilidade,2026-09-21 11:10:00,429093167038935827341173
UE2015 (Anterior),LAMARÃO,160,94,1766054,CENTRO DE EDUCAÇÃO INFANTIL PROFESSORA DILMA TELES PAIM,"RUA DO CAMPO, S/N - PROXIMO HOSPITAL (PERTO DAS CASINHAS)",CENTRO,48720000,-11.79318079,-38.8923067,300,Sem acessibilidade,2026-09-21 11:18:00,45255117300118781054017
UE2015 (Anterior),LAMARÃO,160,97,1768573,ESCOLA MUNICIPAL ESMERALDO CARVALHO PINHEIRO,POVOADO TRAIRA I - ZONA RURAL,POVOADO TRAÍRA,48720000,-11.76993955,-38.91306384,362,Com acessibilidade,2026-09-21 11:35:00,196770595415235297046778
UE2015 (Anterior),LAMARÃO,160,98,1792170,ESCOLA MUNICIPAL DO QUINGI ,POVOADO QUINGI - ZONA RURAL,POVOADO QUINGI,48720000,-11.7621508,-38.93829849,382,Com acessibilidade,2026-09-21 11:43:00,954346465491941473500030
UE2015 (Anterior),LAMARÃO,160,103,1766075,ESCOLA MUNICIPAL ESMERALDO CARVALHO PINHEIRO,POVOADO TRAIRA I - ZONA RURAL,POVOADO TRAÍRA,48720000,-11.76993955,-38.91306384,357,Sem acessibilidade,2026-09-21 11:52:00,388689803834399639759625
UE2015 (Anterior),LAMARÃO,160,104,1794853,ESCOLA MUNICIPAL LUÍS EDUARDO MAGALHÃES,POVOADO VELUDO - ZONA RURAL,POVOADO VELUDO,48720000,-11.74839085,-38.86138505,291,Com acessibilidade,2026-09-21 12:01:00,176568704813774141174969
UE2015 (Anterior),LAMARÃO,160,136,1768419,ESCOLA MUNICIPAL LUÍS EDUARDO MAGALHÃES,POVOADO VELUDO - ZONA RURAL,POVOADO VELUDO,48720000,-11.74839085,-38.86138505,289,Com acessibilidade,2026-09-21 12:10:00,631114597959251867703181
UE2015 (Anterior),LAMARÃO,160,137,1765221,ESCOLA MUNICIPAL DO QUINGI ,POVOADO QUINGI - ZONA RURAL,POVOADO QUINGI,48720000,-11.7621508,-38.93829849,378,Com acessibilidade,2026-09-21 12:18:00,105861172406286956237245
UE2015 (Anterior),LAMARÃO,160,140,1771616,COLÉGIO ESTADUAL SACO DO CORREIO,POVOADO SACO DO CORREIO - ZONA RURAL,POVOADO SACO DO CORREIO,48700000,-11.76807018,-38.96359775,127,Com acessibilidade,2026-09-21 12:35:00,893740264085041853140582
UE2015 (Anterior),LAMARÃO,160,143,1765580,COLÉGIO ESTADUAL SACO DO CORREIO,POVOADO SACO DO CORREIO - ZONA RURAL,POVOADO SACO DO CORREIO,48700000,-11.76807018,-38.96359775,128,Com acessibilidade,2026-09-21 12:43:00,540205244650646310455046
UE2015 (Anterior),LAMARÃO,160,149,1765176,ESCOLA MUNICIPAL ESMERALDO CARVALHO PINHEIRO,POVOADO TRAIRA I - ZONA RURAL,POVOADO TRAÍRA,48720000,-11.76993955,-38.91306384,72,Sem acessibilidade,2026-09-21 12:52:00,216972572817333516762418
UE2015 (Anterior),LAURO DE FREITAS,180,1,1655641,COLÉGIO ESTADUAL AMÉRICO SIMAS,AVENIDA BRIGADEIRO MÁRIO EPINGAUS S/N - ZONA URBANA,CENTRO,42700000,-12.8977602,-38.322719,403,Sem acessibilidade,2026-09-22 08:39:00,942859054026051979612458
UE2015 (Anterior),LAURO DE FREITAS,180,2,1675949,COLÉGIO ESTADUAL AMÉRICO SIMAS,AVENIDA BRIGADEIRO MÁRIO EPINGAUS S/N - ZONA URBANA,CENTRO,42700000,-12.8977602,-38.322719,398,Sem acessibilidade,2026-09-22 08:50:00,316596539263979447109388
UE2015 (Anterior),LAURO DE FREITAS,180,3,1654417,COLÉGIO ESTADUAL AMÉRICO SIMAS,AVENIDA BRIGADEIRO MÁRIO EPINGAUS S/N - ZONA URBANA,CENTRO,42700000,-12.8977602,-38.322719,405,Sem acessibilidade,2026-09-22 09:01:00,993364324331385109086021
UE2015 (Anterior),LAURO DE FREITAS,180,4,1666443,COLÉGIO ESTADUAL AMÉRICO SIMAS,AVENIDA BRIGADEIRO MÁRIO EPINGAUS S/N - ZONA URBANA,CENTRO,42700000,-12.8977602,-38.322719,407,Sem acessibilidade,2026-09-22 09:15:00,690334133901454286829005
UE2015 (Anterior),LAURO DE FREITAS,180,5,1655979,COLÉGIO ESTADUAL AMÉRICO SIMAS,AVENIDA BRIGADEIRO MÁRIO EPINGAUS S/N - ZONA URBANA,CENTRO,42700000,-12.8977602,-38.322719,407,Sem acessibilidade,2026-09-22 09:26:00,437708981575350574430332
UE2015 (Anterior),LAURO DE FREITAS,180,6,1655581,COLÉGIO ESTADUAL AMÉRICO SIMAS,AVENIDA BRIGADEIRO MÁRIO EPINGAUS S/N - ZONA URBANA,CENTRO,42700000,-12.8977602,-38.322719,402,Sem acessibilidade,2026-09-22 09:36:00,296394951261305787384165
UE2015 (Anterior),LAURO DE FREITAS,180,7,1654876,COLÉGIO ESTADUAL BARTOLOMEU DE GUSMÃO,AVENIDA BRIGADEIRO MÁRIO EPINGAUS S/N - ZONA URBANA,CENTRO,42700000,-12.8972154,-38.3167664,408,Com acessibilidade,2026-09-22 09:46:00,417506187073518365908265
UE2015 (Anterior),LAURO DE FREITAS,180,8,1653327,COLÉGIO ESTADUAL BARTOLOMEU DE GUSMÃO,AVENIDA BRIGADEIRO MÁRIO EPINGAUS S/N - ZONA URBANA,CENTRO,42700000,-12.8972154,-38.3167664,412,Sem acessibilidade,2026-09-22 09:57:00,882253762720141402126131
UE2015 (Anterior),LAURO DE FREITAS,180,9,1679546,COLÉGIO ESTADUAL BARTOLOMEU DE GUSMÃO,AVENIDA BRIGADEIRO MÁRIO EPINGAUS S/N - ZONA URBANA,CENTRO,42700000,-12.8972154,-38.3167664,409,Sem acessibilidade,2026-09-22 10:07:00,356900347767240789176837
UE2015 (Anterior),LAURO DE FREITAS,180,10,1650230,COLÉGIO ESTADUAL BARTOLOMEU DE GUSMÃO,AVENIDA BRIGADEIRO MÁRIO EPINGAUS S/N - ZONA URBANA,CENTRO,42700000,-12.8972154,-38.3167664,402,Sem acessibilidade,2026-09-22 10:17:00,114576186443096390936567
UE2015 (Anterior),LAURO DE FREITAS,180,11,1664307,COLÉGIO ESTADUAL BARTOLOMEU DE GUSMÃO,AVENIDA BRIGADEIRO MÁRIO EPINGAUS S/N - ZONA URBANA,CENTRO,42700000,-12.8972154,-38.3167664,411,Sem acessibilidade,2026-09-22 10:27:00,356900537267420470529489
UE2015 (Anterior),LAURO DE FREITAS,180,12,1667838,COLÉGIO ESTADUAL BARTOLOMEU DE GUSMÃO,AVENIDA BRIGADEIRO MÁRIO EPINGAUS S/N - ZONA URBANA,CENTRO,42700000,-12.8972154,-38.3167664,407,Sem acessibilidade,2026-09-22 10:37:00,43869334536204055329136
UE2015 (Anterior),LAURO DE FREITAS,180,13,1673828,COLÉGIO ESTADUAL AMÉRICO SIMAS,AVENIDA BRIGADEIRO MÁRIO EPINGAUS S/N - ZONA URBANA,CENTRO,42700000,-12.8977602,-38.322719,399,Sem acessibilidade,2026-09-22 10:49:00,912556319623301713995463
UE2015 (Anterior),LAURO DE FREITAS,180,14,1652203,COLÉGIO ESTADUAL AMÉRICO SIMAS,AVENIDA BRIGADEIRO MÁRIO EPINGAUS S/N - ZONA URBANA,CENTRO,42700000,-12.8977602,-38.322719,402,Sem acessibilidade,2026-09-22 10:59:00,427607930774908424966450
UE2015 (Anterior),LAURO DE FREITAS,180,15,1676761,ESCOLA MUNICIPAL DA VILA PRAIANA,ALTO DA VILA PRAIANA S/N - ZONA URBANA,CENTRO,42700000,-12.9012509,-38.3190371,302,Sem acessibilidade,2026-09-22 11:10:00,558920176187152210408735
UE2015 (Anterior),LAURO DE FREITAS,180,16,1657831,ESCOLA MUNICIPAL DA VILA PRAIANA,ALTO DA VILA PRAIANA S/N - ZONA URBANA,CENTRO,42700000,-12.9012509,-38.3190371,397,Sem acessibilidade,2026-09-22 11:20:00,841849575116536101764079
UE2015 (Anterior),LAURO DE FREITAS,180,17,1653521,ESCOLA MUNICIPAL DA VILA PRAIANA,ALTO DA VILA PRAIANA S/N - ZONA URBANA,CENTRO,42700000,-12.9012509,-38.3190371,394,Sem acessibilidade,2026-09-22 11:30:00,599324435891376192219636
UE2015 (Anterior),LAURO DE FREITAS,180,18,1655985,ESCOLA MUNICIPAL DA VILA PRAIANA,ALTO DA VILA PRAIANA S/N - ZONA URBANA,CENTRO,42700000,-12.9012509,-38.3190371,391,Sem acessibilidade,2026-09-22 13:53:00,417506368873807789200880
UE2015 (Anterior),LAURO DE FREITAS,180,19,1672480,ESCOLA MUNICIPAL DA VILA PRAIANA,ALTO DA VILA PRAIANA S/N - ZONA URBANA,CENTRO,42700000,-12.9012509,-38.3190371,398,Sem acessibilidade,2026-09-22 12:01:00,690334753101386850357432
UE2015 (Anterior),LAURO DE FREITAS,180,20,1656750,ESCOLA MUNICIPAL DA VILA PRAIANA,ALTO DA VILA PRAIANA S/N - ZONA URBANA,CENTRO,42700000,-12.9012509,-38.3190371,390,Sem acessibilidade,2026-09-22 12:22:00,225687368654160345193018
UE2015 (Anterior),LAURO DE FREITAS,180,21,1655191,COLÉGIO ESTADUAL BARTOLOMEU DE GUSMÃO,AVENIDA BRIGADEIRO MÁRIO EPINGAUS S/N - ZONA URBANA,CENTRO,42700000,-12.8972154,-38.3167664,408,Sem acessibilidade,2026-09-22 12:42:00,175182428349293025517824
UE2015 (Anterior),LAURO DE FREITAS,180,22,1654829,COLÉGIO ESTADUAL BARTOLOMEU DE GUSMÃO,AVENIDA BRIGADEIRO MÁRIO EPINGAUS S/N - ZONA URBANA,CENTRO,42700000,-12.8972154,-38.3167664,407,Sem acessibilidade,2026-09-22 12:52:00,498314855081705755415413
UE2015 (Anterior),LAURO DE FREITAS,180,23,1656182,COLÉGIO ESTADUAL BARTOLOMEU DE GUSMÃO,AVENIDA BRIGADEIRO MÁRIO EPINGAUS S/N - ZONA URBANA,CENTRO,42700000,-12.8972154,-38.3167664,410,Sem acessibilidade,2026-09-22 13:09:00,831748305615198285783029
UE2015 (Anterior),LAURO DE FREITAS,180,24,1651763,COLÉGIO APOIO,AVENIDA PRAIA DE ITAPUÃ QUADRA 23 LOTE 44 - ZONA URBANA,VILAS DO ATLÂNTICO,42700000,-12.8880195,-38.2975145,406,Sem acessibilidade,2026-09-22 13:29:00,64071646338607727407353
UE2015 (Anterior),LAURO DE FREITAS,180,25,1675627,COLÉGIO APOIO,AVENIDA PRAIA DE ITAPUÃ QUADRA 23 LOTE 44 - ZONA URBANA,VILAS DO ATLÂNTICO,42700000,-12.8880195,-38.2975145,404,Sem acessibilidade,2026-09-22 14:08:00,276192962759675207868630
UE2015 (Anterior),LAURO DE FREITAS,180,26,1670070,COLÉGIO APOIO,AVENIDA PRAIA DE ITAPUÃ QUADRA 23 LOTE 44 - ZONA URBANA,VILAS DO ATLÂNTICO,42700000,-12.8880195,-38.2975145,406,Sem acessibilidade,2026-09-22 14:27:00,882253689320399379363774
UE2015 (Anterior),LAURO DE FREITAS,180,27,1667188,COLÉGIO APOIO,AVENIDA PRAIA DE ITAPUÃ QUADRA 23 LOTE 44 - ZONA URBANA,VILAS DO ATLÂNTICO,42700000,-12.8880195,-38.2975145,407,Sem acessibilidade,2026-09-22 14:44:00,356900268267838884209173
UE2015 (Anterior),LAURO DE FREITAS,180,28,1670792,COLÉGIO APOIO,AVENIDA PRAIA DE ITAPUÃ QUADRA 23 LOTE 44 - ZONA URBANA,VILAS DO ATLÂNTICO,42700000,-12.8880195,-38.2975145,410,Sem acessibilidade,2026-09-22 14:53:00,286293302260782165406754
UE2015 (Anterior),LAURO DE FREITAS,180,29,1650350,COLÉGIO APOIO,AVENIDA PRAIA DE ITAPUÃ QUADRA 23 LOTE 44 - ZONA URBANA,VILAS DO ATLÂNTICO,42700000,-12.8880195,-38.2975145,415,Sem acessibilidade,2026-09-22 15:03:00,336798461565494079338764
UE2015 (Anterior),LAURO DE FREITAS,180,30,1676193,COLÉGIO APOIO,AVENIDA PRAIA DE ITAPUÃ QUADRA 23 LOTE 44 - ZONA URBANA,VILAS DO ATLÂNTICO,42700000,-12.8880195,-38.2975145,406,Sem acessibilidade,2026-09-22 15:12:00,13566221633192829892983
UE2015 (Anterior),LAURO DE FREITAS,180,31,1666690,COLÉGIO ESTADUAL BARTOLOMEU DE GUSMÃO,AVENIDA BRIGADEIRO MÁRIO EPINGAUS S/N - ZONA URBANA,CENTRO,42700000,-12.8972154,-38.3167664,402,Sem acessibilidade,2026-09-22 15:22:00,771142098909040327464982
UE2015 (Anterior),LAURO DE FREITAS,180,32,1677226,COLÉGIO ESTADUAL BARTOLOMEU DE GUSMÃO,AVENIDA BRIGADEIRO MÁRIO EPINGAUS S/N - ZONA URBANA,CENTRO,42700000,-12.8972154,-38.3167664,413,Sem acessibilidade,2026-09-22 15:33:00,740839175506178836095947
UE2015 (Anterior),LAURO DE FREITAS,180,33,1655857,COLÉGIO ESTADUAL BARTOLOMEU DE GUSMÃO,AVENIDA BRIGADEIRO MÁRIO EPINGAUS S/N - ZONA URBANA,CENTRO,42700000,-12.8972154,-38.3167664,414,Sem acessibilidade,2026-09-22 15:43:00,205485744552721347943053
UE2015 (Anterior),LAURO DE FREITAS,180,34,1655003,COLÉGIO ESTADUAL BARTOLOMEU DE GUSMÃO,AVENIDA BRIGADEIRO MÁRIO EPINGAUS S/N - ZONA URBANA,CENTRO,42700000,-12.8972154,-38.3167664,407,Sem acessibilidade,2026-09-22 15:52:00,437708082175973453816610
UE2015 (Anterior),LAURO DE FREITAS,180,35,1675081,COLÉGIO ESTADUAL BARTOLOMEU DE GUSMÃO,AVENIDA BRIGADEIRO MÁRIO EPINGAUS S/N - ZONA URBANA,CENTRO,42700000,-12.8972154,-38.3167664,406,Sem acessibilidade,2026-09-22 16:02:00,84273847840282115417924
UE2015 (Anterior),LAURO DE FREITAS,180,36,1668715,COLÉGIO ESTADUAL BARTOLOMEU DE GUSMÃO,AVENIDA BRIGADEIRO MÁRIO EPINGAUS S/N - ZONA URBANA,CENTRO,42700000,-12.8972154,-38.3167664,406,Sem acessibilidade,2026-09-22 16:11:00,942859818826166643091233
UE2015 (Anterior),LAURO DE FREITAS,180,37,1650885,COLÉGIO ESTADUAL BARTOLOMEU DE GUSMÃO,AVENIDA BRIGADEIRO MÁRIO EPINGAUS S/N - ZONA URBANA,CENTRO,42700000,-12.8972154,-38.3167664,410,Sem acessibilidade,2026-09-22 16:24:00,599324575491115582597660
UE2015 (Anterior),LAURO DE FREITAS,180,38,1675233,ESCOLA MUNICIPAL DE CADETES MIRINS,AVENIDA SANTO ANTONIO,PORTÃO,42712750,-12.8692133,-38.3014895,418,Com acessibilidade,2026-09-22 16:33:00,892354983621433479396115
UE2015 (Anterior),LAURO DE FREITAS,180,39,1657785,ESCOLA MUNICIPAL DE CADETES MIRINS,AVENIDA SANTO ANTONIO,PORTÃO,42712750,-12.8692133,-38.3014895,420,Com acessibilidade,2026-09-22 16:42:00,3465205132564467725369
UE2015 (Anterior),LAURO DE FREITAS,180,40,1656534,ESCOLA MUNICIPAL DE CADETES MIRINS,AVENIDA SANTO ANTONIO,PORTÃO,42712750,-12.8692133,-38.3014895,416,Sem acessibilidade,2026-09-22 16:52:00,316596599563968374566716
UE2015 (Anterior),LAURO DE FREITAS,180,41,1656290,ESCOLA MUNICIPAL DE CADETES MIRINS,AVENIDA SANTO ANTONIO,PORTÃO,42712750,-12.8692133,-38.3014895,420,Sem acessibilidade,2026-09-22 17:08:00,771142165009505644524836
UE2015 (Anterior),LAURO DE FREITAS,180,42,1656164,ESCOLA MUNICIPAL DE CADETES MIRINS,AVENIDA SANTO ANTONIO,PORTÃO,42712750,-12.8692133,-38.3014895,416,Sem acessibilidade,2026-09-22 18:01:00,983263486730332344661712
UE2015 (Anterior),LAURO DE FREITAS,180,43,1680413,ESCOLA MUNICIPAL CONSTANTINO VIEIRA,RUA DIRETA DE SANTO ANTÔNIO S/N - ZONA URBANA,PORTÃO,42700000,-12.8666912,-38.2974594,415,Sem acessibilidade,2026-09-22 17:27:00,973162580229814291395111
UE2015 (Anterior),LAURO DE FREITAS,180,44,1653415,ESCOLA MUNICIPAL CONSTANTINO VIEIRA,RUA DIRETA DE SANTO ANTÔNIO S/N - ZONA URBANA,PORTÃO,42700000,-12.8666912,-38.2974594,412,Sem acessibilidade,2026-09-22 17:42:00,548819267186212967461416
UE2015 (Anterior),LAURO DE FREITAS,180,45,1663151,COLÉGIO ESTADUAL DE TEMPO INTEGRAL DE PORTÃO,"AVENIDA QUEIRA DEUS, N 971",PORTÃO,42713480,-12.8640845,-38.3086014,395,Sem acessibilidade,2026-09-22 17:51:00,579122407289260947088308
UE2015 (Anterior),LAURO DE FREITAS,180,46,1669861,COLÉGIO ESTADUAL DE TEMPO INTEGRAL DE PORTÃO,"AVENIDA QUEIRA DEUS, N 971",PORTÃO,42713480,-12.8640845,-38.3086014,393,Sem acessibilidade,2026-09-22 18:11:00,973162912629410740499598
UE2015 (Anterior),LAURO DE FREITAS,180,47,1656511,ESCOLA MUNICIPAL DOUCTOR PAULO MALAQUIAS DE MELLO,"RUA NOVA BRASÍLIA, S/N - ZONA URBANA",PORTÃO,42700000,-12.8669903,-38.3042877,374,Com acessibilidade,2026-09-22 18:21:00,629627677794150217343199
UE2015 (Anterior),LAURO DE FREITAS,180,48,1656569,ESCOLA MUNICIPAL DOUCTOR PAULO MALAQUIAS DE MELLO,"RUA NOVA BRASÍLIA, S/N - ZONA URBANA",PORTÃO,42700000,-12.8669903,-38.3042877,372,Sem acessibilidade,2026-09-22 18:31:00,862051022818487811004634
UE2015 (Anterior),LAURO DE FREITAS,180,49,1680605,ESCOLA MUNICIPAL DOUCTOR PAULO MALAQUIAS DE MELLO,"RUA NOVA BRASÍLIA, S/N - ZONA URBANA",PORTÃO,42700000,-12.8669903,-38.3042877,372,Sem acessibilidade,2026-09-22 18:41:00,346899616066053674365974
UE2015 (Anterior),LAURO DE FREITAS,180,50,1670021,ESCOLA MUNICIPAL DOUCTOR PAULO MALAQUIAS DE MELLO,"RUA NOVA BRASÍLIA, S/N - ZONA URBANA",PORTÃO,42700000,-12.8669903,-38.3042877,372,Sem acessibilidade,2026-09-22 18:51:00,528617871184322570845290
UE2015 (Anterior),LAURO DE FREITAS,180,51,1657521,ESCOLA MUNICIPAL DOUCTOR PAULO MALAQUIAS DE MELLO,"RUA NOVA BRASÍLIA, S/N - ZONA URBANA",PORTÃO,42700000,-12.8669903,-38.3042877,374,Sem acessibilidade,2026-09-22 11:14:00,589223049312467784466289
UE2015 (Anterior),LAURO DE FREITAS,180,52,1653890,COLÉGIO APOIO,AVENIDA PRAIA DE ITAPUÃ QUADRA 23 LOTE 44 - ZONA URBANA,VILAS DO ATLÂNTICO,42700000,-12.8880195,-38.2975145,411,Sem acessibilidade,2026-09-22 08:51:00,74172649561806806167631
UE2015 (Anterior),LAURO DE FREITAS,180,53,1656709,COLÉGIO APOIO,AVENIDA PRAIA DE ITAPUÃ QUADRA 23 LOTE 44 - ZONA URBANA,VILAS DO ATLÂNTICO,42700000,-12.8880195,-38.2975145,408,Sem acessibilidade,2026-09-22 09:01:00,306495982084699712830241
UE2015 (Anterior),LAURO DE FREITAS,180,54,1655629,COLÉGIO APOIO,AVENIDA PRAIA DE ITAPUÃ QUADRA 23 LOTE 44 - ZONA URBANA,VILAS DO ATLÂNTICO,42700000,-12.8880195,-38.2975145,400,Sem acessibilidade,2026-09-22 09:12:00,195384981573746232473287
UE2015 (Anterior),LAURO DE FREITAS,180,55,1671698,COLÉGIO APOIO,AVENIDA PRAIA DE ITAPUÃ QUADRA 23 LOTE 44 - ZONA URBANA,VILAS DO ATLÂNTICO,42700000,-12.8880195,-38.2975145,413,Sem acessibilidade,2026-09-22 09:22:00,538718430307177280830949
UE2015 (Anterior),LAURO DE FREITAS,180,88,1669255,ESCOLA MUNICIPAL ANA LÚCIA MAGALHÃES,AVENIDA BRIGADEIRO MÁRIO EPINGAUS S/N - ZONA URBANA,CENTRO,42700000,-12.8975754,-38.3224623,393,Sem acessibilidade,2026-09-22 09:34:00,639728077517506498987668
UE2015 (Anterior),LAURO DE FREITAS,180,89,1654758,ESCOLA MUNICIPAL ANA LÚCIA MAGALHÃES,AVENIDA BRIGADEIRO MÁRIO EPINGAUS S/N - ZONA URBANA,CENTRO,42700000,-12.8975754,-38.3224623,305,Sem acessibilidade,2026-09-22 09:47:00,569021117410737992367276
UE2015 (Anterior),LAURO DE FREITAS,180,90,1675510,ESCOLA MUNICIPAL ANA LÚCIA MAGALHÃES,AVENIDA BRIGADEIRO MÁRIO EPINGAUS S/N - ZONA URBANA,CENTRO,42700000,-12.8975754,-38.3224623,399,Sem acessibilidade,2026-09-22 09:57:00,599324227813852180209345
UE2015 (Anterior),LAURO DE FREITAS,180,91,1663885,COLÉGIO ESTADUAL AMÉRICO SIMAS,AVENIDA BRIGADEIRO MÁRIO EPINGAUS S/N - ZONA URBANA,CENTRO,42700000,-12.8977602,-38.322719,403,Sem acessibilidade,2026-09-22 10:29:00,195384935273400397534065
UE2015 (Anterior),LAURO DE FREITAS,180,92,1655024,COLÉGIO ESTADUAL BARTOLOMEU DE GUSMÃO,AVENIDA BRIGADEIRO MÁRIO EPINGAUS S/N - ZONA URBANA,CENTRO,42700000,-12.8972154,-38.3167664,408,Sem acessibilidade,2026-09-22 10:40:00,266091113580024334515386
UE2015 (Anterior),LAURO DE FREITAS,180,107,1650118,COLÉGIO APOIO,AVENIDA PRAIA DE ITAPUÃ QUADRA 23 LOTE 44 - ZONA URBANA,VILAS DO ATLÂNTICO,42700000,-12.8880195,-38.2975145,412,Sem acessibilidade,2026-09-22 11:05:00,629627485816485552414206
UE2015 (Anterior),LAURO DE FREITAS,180,108,1657596,COLÉGIO APOIO,AVENIDA PRAIA DE ITAPUÃ QUADRA 23 LOTE 44 - ZONA URBANA,VILAS DO ATLÂNTICO,42700000,-12.8880195,-38.2975145,411,Sem acessibilidade,2026-09-22 11:24:00,74172046461047856761324
UE2015 (Anterior),LAURO DE FREITAS,180,109,1655683,ESCOLA MUNICIPAL CONSTANTINO VIEIRA,RUA DIRETA DE SANTO ANTÔNIO S/N - ZONA URBANA,PORTÃO,42700000,-12.8666912,-38.2974594,418,Sem acessibilidade,2026-09-22 11:34:00,619526696915679199720023
UE2015 (Anterior),LAURO DE FREITAS,180,113,1655417,COLÉGIO APOIO,AVENIDA PRAIA DE ITAPUÃ QUADRA 23 LOTE 44 - ZONA URBANA,VILAS DO ATLÂNTICO,42700000,-12.8880195,-38.2975145,406,Sem acessibilidade,2026-09-22 11:44:00,629627111516775621804775
UE2015 (Anterior),LAURO DE FREITAS,180,118,1669209,COLÉGIO APOIO,AVENIDA PRAIA DE ITAPUÃ QUADRA 23 LOTE 44 - ZONA URBANA,VILAS DO ATLÂNTICO,42700000,-12.8880195,-38.2975145,401,Sem acessibilidade,2026-09-22 11:54:00,346899382788585182878383
UE2015 (Anterior),LAURO DE FREITAS,180,119,1674371,COLÉGIO ESTADUAL DE TEMPO INTEGRAL DE PORTÃO,"AVENIDA QUEIRA DEUS, N 971",PORTÃO,42713480,-12.8640845,-38.3086014,399,Sem acessibilidade,2026-09-22 12:03:00,821647975336654418813927
UE2015 (Anterior),LAURO DE FREITAS,180,123,1671073,COLÉGIO ESTADUAL AMÉRICO SIMAS,AVENIDA BRIGADEIRO MÁRIO EPINGAUS S/N - ZONA URBANA,CENTRO,42700000,-12.8977602,-38.322719,400,Sem acessibilidade,2026-09-22 12:12:00,255990816679103733935201
UE2015 (Anterior),LAURO DE FREITAS,180,126,1669105,ESCOLA MUNICIPAL DE CADETES MIRINS,AVENIDA SANTO ANTONIO,PORTÃO,42712750,-12.8692133,-38.3014895,413,Sem acessibilidade,2026-09-22 12:30:00,801445693034692218570162
UE2015 (Anterior),LAURO DE FREITAS,180,127,1657719,COLÉGIO ESTADUAL BARTOLOMEU DE GUSMÃO,AVENIDA BRIGADEIRO MÁRIO EPINGAUS S/N - ZONA URBANA,CENTRO,42700000,-12.8972154,-38.3167664,409,Sem acessibilidade,2026-09-22 12:40:00,23667021256001456976176
UE2015 (Anterior),LAURO DE FREITAS,180,129,1651229,ESCOLA MUNICIPAL DE CADETES MIRINS,AVENIDA SANTO ANTONIO,PORTÃO,42712750,-12.8692133,-38.3014895,416,Sem acessibilidade,2026-09-22 12:49:00,498314718103109252630002
UE2015 (Anterior),LAURO DE FREITAS,180,130,1676880,COLÉGIO APOIO,AVENIDA PRAIA DE ITAPUÃ QUADRA 23 LOTE 44 - ZONA URBANA,VILAS DO ATLÂNTICO,42700000,-12.8880195,-38.2975145,412,Sem acessibilidade,2026-09-22 12:59:00,64071363260769304248932
UE2015 (Anterior),LAURO DE FREITAS,180,131,1672949,ESCOLA MUNICIPAL ANA LÚCIA MAGALHÃES,AVENIDA BRIGADEIRO MÁRIO EPINGAUS S/N - ZONA URBANA,CENTRO,42700000,-12.8975754,-38.3224623,405,Sem acessibilidade,2026-09-22 13:08:00,468011878000754930008770
UE2015 (Anterior),LAURO DE FREITAS,180,134,1655039,COLÉGIO APOIO,AVENIDA PRAIA DE ITAPUÃ QUADRA 23 LOTE 44 - ZONA URBANA,VILAS DO ATLÂNTICO,42700000,-12.8880195,-38.2975145,407,Sem acessibilidade,2026-09-22 13:17:00,983263726352299610936710
UE2015 (Anterior),LAURO DE FREITAS,180,136,1678498,ESCOLA MUNICIPAL DA VILA PRAIANA,ALTO DA VILA PRAIANA S/N - ZONA URBANA,CENTRO,42700000,-12.9012509,-38.3190371,391,Sem acessibilidade,2026-09-22 13:27:00,276192232681675794087368
UE2015 (Anterior),LAURO DE FREITAS,180,137,1657525,COLÉGIO ESTADUAL DE TEMPO INTEGRAL DE PORTÃO,"AVENIDA QUEIRA DEUS, N 971",PORTÃO,42713480,-12.8640845,-38.3086014,394,Sem acessibilidade,2026-09-22 13:36:00,872152945841291866320343
UE2015 (Anterior),LAURO DE FREITAS,180,138,1654507,COLÉGIO APOIO,AVENIDA PRAIA DE ITAPUÃ QUADRA 23 LOTE 44 - ZONA URBANA,VILAS DO ATLÂNTICO,42700000,-12.8880195,-38.2975145,409,Sem acessibilidade,2026-09-22 13:46:00,781243961832291202735919
UE2015 (Anterior),LAURO DE FREITAS,180,141,1669759,COLÉGIO ESTADUAL AMÉRICO SIMAS,AVENIDA BRIGADEIRO MÁRIO EPINGAUS S/N - ZONA URBANA,CENTRO,42700000,-12.8977602,-38.322719,405,Sem acessibilidade,2026-09-22 14:05:00,296394771283487674855417
UE2015 (Anterior),LAURO DE FREITAS,180,142,1656539,COLÉGIO ESTADUAL BARTOLOMEU DE GUSMÃO,AVENIDA BRIGADEIRO MÁRIO EPINGAUS S/N - ZONA URBANA,CENTRO,42700000,-12.8972154,-38.3167664,408,Sem acessibilidade,2026-09-22 14:22:00,346899934388501728786546
UE2015 (Anterior),LAURO DE FREITAS,180,143,1680509,ESCOLA MUNICIPAL DE CADETES MIRINS,AVENIDA SANTO ANTONIO,PORTÃO,42712750,-12.8692133,-38.3014895,417,Sem acessibilidade,2026-09-22 14:31:00,821647523736009955544921
UE2015 (Anterior),LAURO DE FREITAS,180,145,1657533,COLÉGIO ESTADUAL BARTOLOMEU DE GUSMÃO,AVENIDA BRIGADEIRO MÁRIO EPINGAUS S/N - ZONA URBANA,CENTRO,42700000,-12.8972154,-38.3167664,408,Sem acessibilidade,2026-09-22 14:40:00,367001280090561588409582
UE2015 (Anterior),LAURO DE FREITAS,180,147,1670589,ESCOLA MUNICIPAL ANA LÚCIA MAGALHÃES,AVENIDA BRIGADEIRO MÁRIO EPINGAUS S/N - ZONA URBANA,CENTRO,42700000,-12.8975754,-38.3224623,395,Sem acessibilidade,2026-09-22 14:49:00,124677264466955164027457
UE2015 (Anterior),LAURO DE FREITAS,180,149,1654610,ESCOLA MUNICIPAL DA VILA PRAIANA,ALTO DA VILA PRAIANA S/N - ZONA URBANA,CENTRO,42700000,-12.9012509,-38.3190371,394,Sem acessibilidade,2026-09-22 15:19:00,377102733291041269353801
UE2015 (Anterior),LAURO DE FREITAS,180,151,1654763,COLÉGIO APOIO,AVENIDA PRAIA DE ITAPUÃ QUADRA 23 LOTE 44 - ZONA URBANA,VILAS DO ATLÂNTICO,42700000,-12.8880195,-38.2975145,406,Sem acessibilidade,2026-09-22 15:28:00,33768588757724387103433
UE2015 (Anterior),LAURO DE FREITAS,180,152,1656170,ESCOLA MUNICIPAL DE CADETES MIRINS,AVENIDA SANTO ANTONIO,PORTÃO,42712750,-12.8692133,-38.3014895,412,Sem acessibilidade,2026-09-22 15:44:00,124677785666718862904707
UE2015 (Anterior),LAURO DE FREITAS,180,155,1651052,COLÉGIO APOIO,AVENIDA PRAIA DE ITAPUÃ QUADRA 23 LOTE 44 - ZONA URBANA,VILAS DO ATLÂNTICO,42700000,-12.8880195,-38.2975145,414,Sem acessibilidade,2026-09-22 16:07:00,892354887743446208426589
UE2015 (Anterior),LAURO DE FREITAS,180,157,1678256,COLÉGIO ESTADUAL BARTOLOMEU DE GUSMÃO,AVENIDA BRIGADEIRO MÁRIO EPINGAUS S/N - ZONA URBANA,CENTRO,42700000,-12.8972154,-38.3167664,413,Sem acessibilidade,2026-09-22 16:23:00,639728848617087154027014
UE2015 (Anterior),LAURO DE FREITAS,180,159,1657861,ESCOLA MUNICIPAL DOUCTOR PAULO MALAQUIAS DE MELLO,"RUA NOVA BRASÍLIA, S/N - ZONA URBANA",PORTÃO,42700000,-12.8669903,-38.3042877,373,Sem acessibilidade,2026-09-22 16:33:00,791344227933339717560244
UE2015 (Anterior),LAURO DE FREITAS,180,163,1656600,COLÉGIO ESTADUAL DE TEMPO INTEGRAL DE PORTÃO,"AVENIDA QUEIRA DEUS, N 971",PORTÃO,42713480,-12.8640845,-38.3086014,390,Sem acessibilidade,2026-09-22 16:43:00,346899183688976888038411
UE2015 (Anterior),LAURO DE FREITAS,180,165,1681574,ESCOLA MUNICIPAL PEDRO PARANHOS,RUA QUEIRA DEUS S/N - ZONA URBANA,PORTÃO,42700000,-12.8632,-38.3099345,390,Sem acessibilidade,2026-09-22 16:53:00,670132736321391703271647
UE2015 (Anterior),LAURO DE FREITAS,180,166,1653251,UNIME - UNIÃO METROPOLITANA DE EDUCAÇÃO E CULTURA,"AV LUIZ TARQUINIO PONTES, 600 - ZONA URBANA",CENTRO,42700000,-12.8910038,-38.3153824,410,Com acessibilidade,2026-09-22 17:11:00,235788403477566547018776
UE2015 (Anterior),LAURO DE FREITAS,180,167,1655593,CENTRO EDUCACIONAL MUNICIPAL FÊNIX,RUA SÃO JORGE S/N - ZONA URBANA,CENTRO,42700000,-12.9009953,-38.3192884,401,Sem acessibilidade,2026-09-22 17:29:00,670132957921652194540081
UE2015 (Anterior),LAURO DE FREITAS,180,168,1655754,CENTRO EDUCACIONAL MUNICIPAL FÊNIX,RUA SÃO JORGE S/N - ZONA URBANA,CENTRO,42700000,-12.9009953,-38.3192884,410,Sem acessibilidade,2026-09-22 17:37:00,771142166831708021580096
UE2015 (Anterior),LAURO DE FREITAS,180,172,1673919,UNIME - UNIÃO METROPOLITANA DE EDUCAÇÃO E CULTURA,"AV LUIZ TARQUINIO PONTES, 600 - ZONA URBANA",CENTRO,42700000,-12.8910038,-38.3153824,409,Com acessibilidade,2026-09-22 17:47:00,690334497923710466448549
UE2015 (Anterior),LAURO DE FREITAS,180,175,1670693,ESCOLA MUNICIPAL PEDRO PARANHOS,RUA QUEIRA DEUS S/N - ZONA URBANA,PORTÃO,42700000,-12.8632,-38.3099345,403,Sem acessibilidade,2026-09-22 18:03:00,326697452886815228533176
UE2015 (Anterior),LAURO DE FREITAS,180,177,1682164,CENTRO EDUCACIONAL MUNICIPAL FÊNIX,RUA SÃO JORGE S/N - ZONA URBANA,CENTRO,42700000,-12.9009953,-38.3192884,402,Sem acessibilidade,2026-09-22 18:13:00,23667376856609763829557
UE2015 (Anterior),LAURO DE FREITAS,180,178,1655537,CENTRO EDUCACIONAL MUNICIPAL FÊNIX,RUA SÃO JORGE S/N - ZONA URBANA,CENTRO,42700000,-12.9009953,-38.3192884,404,Sem acessibilidade,2026-09-22 20:15:00,185283640072095350259079
UE2015 (Anterior),LAURO DE FREITAS,180,179,1674783,UNIME - UNIÃO METROPOLITANA DE EDUCAÇÃO E CULTURA,"AV LUIZ TARQUINIO PONTES, 600 - ZONA URBANA",CENTRO,42700000,-12.8910038,-38.3153824,407,Com acessibilidade,2026-09-22 18:31:00,639728209117259594716372
UE2015 (Anterior),LAURO DE FREITAS,180,182,1655827,CENTRO EDUCACIONAL MUNICIPAL FÊNIX,RUA SÃO JORGE S/N - ZONA URBANA,CENTRO,42700000,-12.9009953,-38.3192884,409,Sem acessibilidade,2026-09-22 20:05:00,983263859052806003079161
UE2015 (Anterior),LAURO DE FREITAS,180,184,1664321,ESCOLA MUNICIPAL PEDRO PARANHOS,RUA QUEIRA DEUS S/N - ZONA URBANA,PORTÃO,42700000,-12.8632,-38.3099345,395,Sem acessibilidade,2026-09-22 18:50:00,134778221867869464749932
UE2015 (Anterior),LAURO DE FREITAS,180,188,1654752,UNIME - UNIÃO METROPOLITANA DE EDUCAÇÃO E CULTURA,"AV LUIZ TARQUINIO PONTES, 600 - ZONA URBANA",CENTRO,42700000,-12.8910038,-38.3153824,408,Com acessibilidade,2026-09-22 19:03:00,771142304131372527773280
UE2015 (Anterior),LAURO DE FREITAS,180,189,1669013,CENTRO EDUCACIONAL MUNICIPAL FÊNIX,RUA SÃO JORGE S/N - ZONA URBANA,CENTRO,42700000,-12.9009953,-38.3192884,311,Sem acessibilidade,2026-09-22 08:43:00,902455542687680518338865
UE2015 (Anterior),LAURO DE FREITAS,180,191,1656157,UNIME - UNIÃO METROPOLITANA DE EDUCAÇÃO E CULTURA,"AV LUIZ TARQUINIO PONTES, 600 - ZONA URBANA",CENTRO,42700000,-12.8910038,-38.3153824,415,Sem acessibilidade,2026-09-22 08:54:00,478112303244411694811478
UE2015 (Anterior),LAURO DE FREITAS,180,192,1655086,ESCOLA MUNICIPAL DA VILA PRAIANA,ALTO DA VILA PRAIANA S/N - ZONA URBANA,CENTRO,42700000,-12.9012509,-38.3190371,394,Sem acessibilidade,2026-09-22 09:04:00,356900292832955926405889
UE2015 (Anterior),LAURO DE FREITAS,180,196,1656766,ESCOLA MUNICIPAL PEDRO PARANHOS,RUA QUEIRA DEUS S/N - ZONA URBANA,PORTÃO,42700000,-12.8632,-38.3099345,304,Sem acessibilidade,2026-09-22 09:15:00,3465382997762662560540
UE2015 (Anterior),LAURO DE FREITAS,180,197,1655055,CENTRO EDUCACIONAL MUNICIPAL FÊNIX,RUA SÃO JORGE S/N - ZONA URBANA,CENTRO,42700000,-12.9009953,-38.3192884,406,Sem acessibilidade,2026-09-22 09:27:00,266091757723251327698488
UE2015 (Anterior),LAURO DE FREITAS,180,198,1654627,UNIME - UNIÃO METROPOLITANA DE EDUCAÇÃO E CULTURA,"AV LUIZ TARQUINIO PONTES, 600 - ZONA URBANA",CENTRO,42700000,-12.8910038,-38.3153824,396,Sem acessibilidade,2026-09-22 09:38:00,43869647301190771844149
UE2015 (Anterior),LAURO DE FREITAS,180,202,1671252,UNIME - UNIÃO METROPOLITANA DE EDUCAÇÃO E CULTURA,"AV LUIZ TARQUINIO PONTES, 600 - ZONA URBANA",CENTRO,42700000,-12.8910038,-38.3153824,407,Sem acessibilidade,2026-09-22 09:48:00,872152271184117131062764
UE2015 (Anterior),LAURO DE FREITAS,180,203,1654321,CENTRO EDUCACIONAL MUNICIPAL FÊNIX,RUA SÃO JORGE S/N - ZONA URBANA,CENTRO,42700000,-12.9009953,-38.3192884,405,Sem acessibilidade,2026-09-22 10:12:00,649829155861279308931143
UE2015 (Anterior),LAURO DE FREITAS,180,205,1658375,ESCOLA MUNICIPAL PEDRO PARANHOS,RUA QUEIRA DEUS S/N - ZONA URBANA,PORTÃO,42700000,-12.8632,-38.3099345,396,Sem acessibilidade,2026-09-22 10:31:00,296394025026037373830428
UE2015 (Anterior),LAURO DE FREITAS,180,207,1676502,UNIME - UNIÃO METROPOLITANA DE EDUCAÇÃO E CULTURA,"AV LUIZ TARQUINIO PONTES, 600 - ZONA URBANA",CENTRO,42700000,-12.8910038,-38.3153824,410,Sem acessibilidade,2026-09-22 10:41:00,134778084810961237449961
UE2015 (Anterior),LAURO DE FREITAS,180,211,1652174,UNIME - UNIÃO METROPOLITANA DE EDUCAÇÃO E CULTURA,"AV LUIZ TARQUINIO PONTES, 600 - ZONA URBANA",CENTRO,42700000,-12.8910038,-38.3153824,411,Sem acessibilidade,2026-09-22 10:51:00,498314859346410406642412
UE2015 (Anterior),LAURO DE FREITAS,180,212,1675989,CENTRO EDUCACIONAL MUNICIPAL FÊNIX,RUA SÃO JORGE S/N - ZONA URBANA,CENTRO,42700000,-12.9009953,-38.3192884,402,Sem acessibilidade,2026-09-22 11:00:00,872152349284385266214149
UE2015 (Anterior),LAURO DE FREITAS,180,214,1675983,UNIME - UNIÃO METROPOLITANA DE EDUCAÇÃO E CULTURA,"AV LUIZ TARQUINIO PONTES, 600 - ZONA URBANA",CENTRO,42700000,-12.8910038,-38.3153824,421,Sem acessibilidade,2026-09-22 11:10:00,720637412369322848243381
UE2015 (Anterior),LAURO DE FREITAS,180,216,1667726,ESCOLA MUNICIPAL PEDRO PARANHOS,RUA QUEIRA DEUS S/N - ZONA URBANA,PORTÃO,42700000,-12.8632,-38.3099345,398,Sem acessibilidade,2026-09-22 11:20:00,488213395345179801642358
UE2015 (Anterior),LAURO DE FREITAS,180,217,1674513,ESCOLA MUNICIPAL DA VILA PRAIANA,ALTO DA VILA PRAIANA S/N - ZONA URBANA,CENTRO,42700000,-12.9012509,-38.3190371,394,Sem acessibilidade,2026-09-22 11:29:00,720637740969043987772742
UE2015 (Anterior),LAURO DE FREITAS,180,221,1654393,ESCOLA MUNICIPAL FÉLIX CARDOSO DE ARAÚJO,"RUA DIRETA DE SANTO ANTÔNIO, S/N - ZONA URBANA",PORTÃO,42700000,-12.8667692,-38.2972712,398,Sem acessibilidade,2026-09-22 11:48:00,518516944048940263058899
UE2015 (Anterior),LAURO DE FREITAS,180,225,1652719,ESCOLA MUNICIPAL PEDRO PARANHOS,RUA QUEIRA DEUS S/N - ZONA URBANA,PORTÃO,42700000,-12.8632,-38.3099345,393,Sem acessibilidade,2026-09-22 12:04:00,498314361446393794411482
UE2015 (Anterior),LAURO DE FREITAS,180,226,1659063,UNIME - UNIÃO METROPOLITANA DE EDUCAÇÃO E CULTURA,"AV LUIZ TARQUINIO PONTES, 600 - ZONA URBANA",CENTRO,42700000,-12.8910038,-38.3153824,398,Sem acessibilidade,2026-09-22 12:25:00,548819523451693463996008
UE2015 (Anterior),LAURO DE FREITAS,180,227,1654310,ESCOLA MUNICIPAL FÉLIX CARDOSO DE ARAÚJO,"RUA DIRETA DE SANTO ANTÔNIO, S/N - ZONA URBANA",PORTÃO,42700000,-12.8667692,-38.2972712,397,Sem acessibilidade,2026-09-22 12:36:00,397304481336709611687904
UE2015 (Anterior),LAURO DE FREITAS,180,228,1655760,ESCOLA MUNICIPAL FÉLIX CARDOSO DE ARAÚJO,"RUA DIRETA DE SANTO ANTÔNIO, S/N - ZONA URBANA",PORTÃO,42700000,-12.8667692,-38.2972712,400,Sem acessibilidade,2026-09-22 12:45:00,730738933970066219941097
UE2015 (Anterior),LAURO DE FREITAS,180,231,1652002,ESCOLA MUNICIPAL PEDRO PARANHOS,RUA QUEIRA DEUS S/N - ZONA URBANA,PORTÃO,42700000,-12.8632,-38.3099345,390,Sem acessibilidade,2026-09-22 12:55:00,680233181065107781361297
UE2015 (Anterior),LAURO DE FREITAS,180,232,1667744,ESCOLA MUNICIPAL PEDRO PARANHOS,RUA QUEIRA DEUS S/N - ZONA URBANA,PORTÃO,42700000,-12.8632,-38.3099345,392,Sem acessibilidade,2026-09-22 13:06:00,660031277563815998118634
UE2015 (Anterior),LAURO DE FREITAS,180,233,1655616,UNIME - UNIÃO METROPOLITANA DE EDUCAÇÃO E CULTURA,"AV LUIZ TARQUINIO PONTES, 600 - ZONA URBANA",CENTRO,42700000,-12.8910038,-38.3153824,405,Sem acessibilidade,2026-09-22 13:16:00,952960675392192464686636
UE2015 (Anterior),LAURO DE FREITAS,180,234,1677987,UNIME - UNIÃO METROPOLITANA DE EDUCAÇÃO E CULTURA,"AV LUIZ TARQUINIO PONTES, 600 - ZONA URBANA",CENTRO,42700000,-12.8910038,-38.3153824,400,Sem acessibilidade,2026-09-22 13:25:00,124677951709380879655335
UE2015 (Anterior),LAURO DE FREITAS,180,235,1657774,UNIME - UNIÃO METROPOLITANA DE EDUCAÇÃO E CULTURA,"AV LUIZ TARQUINIO PONTES, 600 - ZONA URBANA",CENTRO,42700000,-12.8910038,-38.3153824,413,Sem acessibilidade,2026-09-22 13:35:00,296394236026649974250670
UE2015 (Anterior),LAURO DE FREITAS,180,236,1676786,UNIME - UNIÃO METROPOLITANA DE EDUCAÇÃO E CULTURA,"AV LUIZ TARQUINIO PONTES, 600 - ZONA URBANA",CENTRO,42700000,-12.8910038,-38.3153824,397,Sem acessibilidade,2026-09-22 13:46:00,841849895781357939244114
UE2015 (Anterior),LAURO DE FREITAS,180,238,1657101,UNIME - UNIÃO METROPOLITANA DE EDUCAÇÃO E CULTURA,"AV LUIZ TARQUINIO PONTES, 600 - ZONA URBANA",CENTRO,42700000,-12.8910038,-38.3153824,414,Sem acessibilidade,2026-09-22 13:55:00,983263258395510253825458
UE2015 (Anterior),LAURO DE FREITAS,180,239,1655790,UNIME - UNIÃO METROPOLITANA DE EDUCAÇÃO E CULTURA,"AV LUIZ TARQUINIO PONTES, 600 - ZONA URBANA",CENTRO,42700000,-12.8910038,-38.3153824,398,Sem acessibilidade,2026-09-22 14:04:00,205485581917320983161916
UE2015 (Anterior),LAURO DE FREITAS,180,246,1667885,UNIME - UNIÃO METROPOLITANA DE EDUCAÇÃO E CULTURA,"AV LUIZ TARQUINIO PONTES, 600 - ZONA URBANA",CENTRO,42700000,-12.8910038,-38.3153824,400,Sem acessibilidade,2026-09-22 14:14:00,993364116896208444294462
UE2015 (Anterior),LAURO DE FREITAS,180,247,1654862,UNIME - UNIÃO METROPOLITANA DE EDUCAÇÃO E CULTURA,"AV LUIZ TARQUINIO PONTES, 600 - ZONA URBANA",CENTRO,42700000,-12.8910038,-38.3153824,410,Sem acessibilidade,2026-09-22 14:23:00,558920783752787045536090
UE2015 (Anterior),LAURO DE FREITAS,180,254,1657917,ESCOLA MUNICIPAL PEDRO PARANHOS,RUA QUEIRA DEUS S/N - ZONA URBANA,PORTÃO,42700000,-12.8632,-38.3099345,393,Sem acessibilidade,2026-09-22 14:36:00,367001334233895645512715
UE2015 (Anterior),LAURO DE FREITAS,180,255,1654499,UNIME - UNIÃO METROPOLITANA DE EDUCAÇÃO E CULTURA,"AV LUIZ TARQUINIO PONTES, 600 - ZONA URBANA",CENTRO,42700000,-12.8910038,-38.3153824,413,Sem acessibilidade,2026-09-22 14:46:00,447809529441062748572305
UE2015 (Anterior),LAURO DE FREITAS,180,259,1652631,UNIME - UNIÃO METROPOLITANA DE EDUCAÇÃO E CULTURA,"AV LUIZ TARQUINIO PONTES, 600 - ZONA URBANA",CENTRO,42700000,-12.8910038,-38.3153824,412,Sem acessibilidade,2026-09-22 16:14:00,326697844029750643080614
UE2015 (Anterior),LAURO DE FREITAS,180,260,1675592,COLÉGIO ESTADUAL AMÉRICO SIMAS,AVENIDA BRIGADEIRO MÁRIO EPINGAUS S/N - ZONA URBANA,CENTRO,42700000,-12.8977602,-38.322719,399,Sem acessibilidade,2026-09-22 15:06:00,569021168153937007775051
UE2015 (Anterior),LAURO DE FREITAS,180,265,1682058,UNIME - UNIÃO METROPOLITANA DE EDUCAÇÃO E CULTURA,"AV LUIZ TARQUINIO PONTES, 600 - ZONA URBANA",CENTRO,42700000,-12.8910038,-38.3153824,411,Sem acessibilidade,2026-09-22 15:15:00,124677279609514748146829
UE2015 (Anterior),LAURO DE FREITAS,180,267,1656884,COLÉGIO MENDEL,"RUA PRAIA DO FORTE, S/N - ZONA URBANA",VILAS DO ATLÂNTICO,42700000,-12.8819411,-38.3011083,418,Com acessibilidade,2026-09-22 15:25:00,134778505310611350008513
UE2015 (Anterior),LAURO DE FREITAS,180,268,1652363,ESCOLA MUNICIPAL GREGÓRIO PINTO DE ALMEIDA,"AV. VITÓRIA DA CONQUISTA, S/N - ZONA URBANA",VILA PRAIANA,42700000,-12.9004218,-38.3084042,410,Sem acessibilidade,2026-09-22 15:34:00,690334170766199817077916
UE2015 (Anterior),LAURO DE FREITAS,180,269,1673713,"CEEP TIC - CENTRO ESTADUAL DE EDUC PROF EM TEC, INF E COMUNIC",RUA EUVALDO SANTOS LEITE S/N,CENTRO,42703510,-12.898685,-38.3265826,402,Com acessibilidade,2026-09-22 15:43:00,498314089146017038354433
UE2015 (Anterior),LAURO DE FREITAS,180,274,1651624,SARTRE ESCOLA SEB - UNIDADE MONET,"RUA ANA C. B. DIAS, 259 - ZONA URBANA",BURAQUINHO,42709500,-12.8813923,-38.2925282,415,Sem acessibilidade,2026-09-22 15:54:00,185283293315864300912987
UE2015 (Anterior),LAURO DE FREITAS,180,280,1670777,ESCOLA MUNICIPAL GREGÓRIO PINTO DE ALMEIDA,"AV. VITÓRIA DA CONQUISTA, S/N - ZONA URBANA",VILA PRAIANA,42700000,-12.9004218,-38.3084042,403,Sem acessibilidade,2026-09-22 16:04:00,114576852808452416668669
UE2015 (Anterior),LAURO DE FREITAS,180,281,1650985,COLÉGIO MENDEL,"RUA PRAIA DO FORTE, S/N - ZONA URBANA",VILAS DO ATLÂNTICO,42700000,-12.8819411,-38.3011083,417,Com acessibilidade,2026-09-22 16:25:00,316596163328904970589430
UE2015 (Anterior),LAURO DE FREITAS,180,282,1650249,CENTRO EDUCACIONAL MUNICIPAL FÊNIX,RUA SÃO JORGE S/N - ZONA URBANA,CENTRO,42700000,-12.9009953,-38.3192884,404,Sem acessibilidade,2026-09-22 16:41:00,13566974698505986010404
UE2015 (Anterior),LAURO DE FREITAS,180,283,1655620,UNIME - UNIÃO METROPOLITANA DE EDUCAÇÃO E CULTURA,"AV LUIZ TARQUINIO PONTES, 600 - ZONA URBANA",CENTRO,42700000,-12.8910038,-38.3153824,406,Sem acessibilidade,2026-09-22 16:58:00,437708505840504687474387
UE2015 (Anterior),LAURO DE FREITAS,180,288,1667370,SARTRE ESCOLA SEB - UNIDADE MONET,"RUA ANA C. B. DIAS, 259 - ZONA URBANA",BURAQUINHO,42709500,-12.8813923,-38.2925282,413,Sem acessibilidade,2026-09-22 17:08:00,932758557190661489441111
UE2015 (Anterior),LAURO DE FREITAS,180,290,1651764,"CEEP TIC - CENTRO ESTADUAL DE EDUC PROF EM TEC, INF E COMUNIC",RUA EUVALDO SANTOS LEITE S/N,CENTRO,42703510,-12.898685,-38.3265826,400,Com acessibilidade,2026-09-22 17:17:00,457910261142203373593354
UE2015 (Anterior),LAURO DE FREITAS,180,291,1676256,UNIME - UNIÃO METROPOLITANA DE EDUCAÇÃO E CULTURA,"AV LUIZ TARQUINIO PONTES, 600 - ZONA URBANA",CENTRO,42700000,-12.8910038,-38.3153824,403,Sem acessibilidade,2026-09-22 17:27:00,639728556860471430394619
UE2015 (Anterior),LAURO DE FREITAS,180,295,1650377,COLÉGIO MENDEL,"RUA PRAIA DO FORTE, S/N - ZONA URBANA",VILAS DO ATLÂNTICO,42700000,-12.8819411,-38.3011083,409,Sem acessibilidade,2026-09-22 17:56:00,134778498010173210380195
UE2015 (Anterior),LAURO DE FREITAS,180,296,1666524,ESCOLA MUNICIPAL GREGÓRIO PINTO DE ALMEIDA,"AV. VITÓRIA DA CONQUISTA, S/N - ZONA URBANA",VILA PRAIANA,42700000,-12.9004218,-38.3084042,406,Sem acessibilidade,2026-09-22 17:47:00,761041234073782852984152
UE2015 (Anterior),LAURO DE FREITAS,180,300,1668142,SARTRE ESCOLA SEB - UNIDADE MONET,"RUA ANA C. B. DIAS, 259 - ZONA URBANA",BURAQUINHO,42709500,-12.8813923,-38.2925282,414,Sem acessibilidade,2026-09-22 18:14:00,13566285998662866344004
UE2015 (Anterior),LAURO DE FREITAS,180,302,1672989,"CEEP TIC - CENTRO ESTADUAL DE EDUC PROF EM TEC, INF E COMUNIC",RUA EUVALDO SANTOS LEITE S/N,CENTRO,42703510,-12.898685,-38.3265826,391,Sem acessibilidade,2026-09-22 18:24:00,993364487796732528071711
UE2015 (Anterior),LAURO DE FREITAS,180,303,1663828,COLÉGIO MENDEL,"RUA PRAIA DO FORTE, S/N - ZONA URBANA",VILAS DO ATLÂNTICO,42700000,-12.8819411,-38.3011083,408,Sem acessibilidade,2026-09-22 09:52:00,983263589208895101185671
UE2015 (Anterior),LAURO DE FREITAS,180,306,1656147,SARTRE ESCOLA SEB - UNIDADE MONET,"RUA ANA C. B. DIAS, 259 - ZONA URBANA",BURAQUINHO,42709500,-12.8813923,-38.2925282,414,Sem acessibilidade,2026-10-03 09:18:00,599324523369515719885512
UE2015 (Anterior),LAURO DE FREITAS,180,308,1658764,SARTRE ESCOLA SEB - UNIDADE MONET,"RUA ANA C. B. DIAS, 259 - ZONA URBANA",BURAQUINHO,42709500,-12.8813923,-38.2925282,416,Sem acessibilidade,2026-09-22 10:16:00,316596466041226585961632
UE2015 (Anterior),LAURO DE FREITAS,180,309,1650255,ESCOLA MUNICIPAL GREGÓRIO PINTO DE ALMEIDA,"AV. VITÓRIA DA CONQUISTA, S/N - ZONA URBANA",VILA PRAIANA,42700000,-12.9004218,-38.3084042,399,Sem acessibilidade,2026-09-22 10:27:00,296394554939362460626926
UE2015 (Anterior),LAURO DE FREITAS,180,310,1658034,COLÉGIO MENDEL,"RUA PRAIA DO FORTE, S/N - ZONA URBANA",VILAS DO ATLÂNTICO,42700000,-12.8819411,-38.3011083,420,Sem acessibilidade,2026-09-22 10:40:00,33768375013790351852588
UE2015 (Anterior),LAURO DE FREITAS,180,311,1653850,SARTRE ESCOLA SEB - UNIDADE MONET,"RUA ANA C. B. DIAS, 259 - ZONA URBANA",BURAQUINHO,42709500,-12.8813923,-38.2925282,413,Sem acessibilidade,2026-09-22 10:52:00,710536161581705179443355
UE2015 (Anterior),LAURO DE FREITAS,180,312,1656058,SARTRE ESCOLA SEB - UNIDADE MONET,"RUA ANA C. B. DIAS, 259 - ZONA URBANA",BURAQUINHO,42709500,-12.8813923,-38.2925282,413,Sem acessibilidade,2026-09-22 11:14:00,902455467700782789307241
UE2015 (Anterior),LAURO DE FREITAS,180,313,1658870,ESCOLA MUNICIPAL QUINGOMA,"RUA SÃO JOSÉ, N 10 - ZONA URBANA",QUINGOMA,42700000,-12.8690967,-38.3266878,364,Sem acessibilidade,2026-09-22 11:03:00,175182842827899819917639
UE2015 (Anterior),LAURO DE FREITAS,180,314,1675741,ESCOLA TENENTE GUSTAVO DOS SANTOS,RUA DIRETA DO CAPELÃO 130 - ZONA URBANA,AREIA BRANCA,42700000,-12.8553339,-38.3569957,396,Com acessibilidade,2026-09-22 11:25:00,892354676499931023166860
UE2015 (Anterior),LAURO DE FREITAS,180,315,1670130,ESCOLA TENENTE GUSTAVO DOS SANTOS,RUA DIRETA DO CAPELÃO 130 - ZONA URBANA,AREIA BRANCA,42700000,-12.8553339,-38.3569957,400,Sem acessibilidade,2026-09-22 11:36:00,84273977618283174736123
UE2015 (Anterior),LAURO DE FREITAS,180,316,1671923,ESCOLA TENENTE GUSTAVO DOS SANTOS,RUA DIRETA DO CAPELÃO 130 - ZONA URBANA,AREIA BRANCA,42700000,-12.8553339,-38.3569957,397,Sem acessibilidade,2026-09-22 11:47:00,660031661576022240001567
UE2015 (Anterior),LAURO DE FREITAS,180,317,1658214,ESCOLA TENENTE GUSTAVO DOS SANTOS,RUA DIRETA DO CAPELÃO 130 - ZONA URBANA,AREIA BRANCA,42700000,-12.8553339,-38.3569957,400,Sem acessibilidade,2026-09-22 11:58:00,548819659364063941113510
UE2015 (Anterior),LAURO DE FREITAS,180,318,1657871,COLÉGIO ESTADUAL HERMANO GOUVEIA NETO,LOTEAMENTO VIDA NOVA S/N - ZONA URBANA,CAJI,42700000,-12.881228,-38.331427,412,Sem acessibilidade,2026-09-22 12:10:00,276192493837985992315693
UE2015 (Anterior),LAURO DE FREITAS,180,319,1673043,COLÉGIO ESTADUAL HERMANO GOUVEIA NETO,LOTEAMENTO VIDA NOVA S/N - ZONA URBANA,CAJI,42700000,-12.881228,-38.331427,414,Sem acessibilidade,2026-09-22 12:22:00,468011797256407413684235
UE2015 (Anterior),LAURO DE FREITAS,180,320,1656597,COLÉGIO ESTADUAL HERMANO GOUVEIA NETO,LOTEAMENTO VIDA NOVA S/N - ZONA URBANA,CAJI,42700000,-12.881228,-38.331427,412,Sem acessibilidade,2026-09-22 12:33:00,43869456114146212435816
UE2015 (Anterior),LAURO DE FREITAS,180,321,1675169,COLÉGIO ESTADUAL HERMANO GOUVEIA NETO,LOTEAMENTO VIDA NOVA S/N - ZONA URBANA,CAJI,42700000,-12.881228,-38.331427,408,Sem acessibilidade,2026-09-22 12:44:00,225687744932481428589549
UE2015 (Anterior),LAURO DE FREITAS,180,322,1657885,COLÉGIO ESTADUAL HERMANO GOUVEIA NETO,LOTEAMENTO VIDA NOVA S/N - ZONA URBANA,CAJI,42700000,-12.881228,-38.331427,415,Sem acessibilidade,2026-09-22 12:56:00,64071696416550022415802
UE2015 (Anterior),LAURO DE FREITAS,180,323,1665596,COLÉGIO ESTADUAL HERMANO GOUVEIA NETO,LOTEAMENTO VIDA NOVA S/N - ZONA URBANA,CAJI,42700000,-12.881228,-38.331427,409,Sem acessibilidade,2026-09-22 13:09:00,548819280464907885493358
UE2015 (Anterior),LAURO DE FREITAS,180,324,1680074,COLÉGIO ESTADUAL HERMANO GOUVEIA NETO,LOTEAMENTO VIDA NOVA S/N - ZONA URBANA,CAJI,42700000,-12.881228,-38.331427,411,Sem acessibilidade,2026-09-22 13:20:00,761041612886670060244150
UE2015 (Anterior),LAURO DE FREITAS,180,325,1658896,COLÉGIO ESTADUAL HERMANO GOUVEIA NETO,LOTEAMENTO VIDA NOVA S/N - ZONA URBANA,CAJI,42700000,-12.881228,-38.331427,411,Sem acessibilidade,2026-09-22 13:32:00,821647786992969597073951
UE2015 (Anterior),LAURO DE FREITAS,180,326,1671364,COLÉGIO ESTADUAL HERMANO GOUVEIA NETO,LOTEAMENTO VIDA NOVA S/N - ZONA URBANA,CAJI,42700000,-12.881228,-38.331427,413,Sem acessibilidade,2026-09-22 13:43:00,912556985101211440566704
UE2015 (Anterior),LAURO DE FREITAS,180,327,1657883,COLÉGIO ESTADUAL HERMANO GOUVEIA NETO,LOTEAMENTO VIDA NOVA S/N - ZONA URBANA,CAJI,42700000,-12.881228,-38.331427,412,Sem acessibilidade,2026-09-22 13:54:00,781243961888249071602410
UE2015 (Anterior),LAURO DE FREITAS,180,328,1657803,ESCOLA MUNICIPAL ESFINGE,PRAÇA DA MATRIZ S/N - ZONA URBANA,AREIA BRANCA,42700000,-12.8384754,-38.3491582,393,Com acessibilidade,2026-09-22 14:06:00,74172365917336606681006
UE2015 (Anterior),LAURO DE FREITAS,180,329,1674003,ESCOLA MUNICIPAL ESFINGE,PRAÇA DA MATRIZ S/N - ZONA URBANA,AREIA BRANCA,42700000,-12.8384754,-38.3491582,394,Sem acessibilidade,2026-09-22 14:41:00,670132075877946431594297
UE2015 (Anterior),LAURO DE FREITAS,180,330,1655653,ESCOLA MUNICIPAL ESFINGE,PRAÇA DA MATRIZ S/N - ZONA URBANA,AREIA BRANCA,42700000,-12.8384754,-38.3491582,390,Sem acessibilidade,2026-09-22 14:30:00,154980639025269359448679
UE2015 (Anterior),LAURO DE FREITAS,180,331,1679832,ESCOLA MUNICIPAL ESFINGE,PRAÇA DA MATRIZ S/N - ZONA URBANA,AREIA BRANCA,42700000,-12.8384754,-38.3491582,391,Sem acessibilidade,2026-09-22 14:31:00,811546409782994999556331
UE2015 (Anterior),LAURO DE FREITAS,180,332,1650894,ESCOLA MUNICIPAL ESFINGE,PRAÇA DA MATRIZ S/N - ZONA URBANA,AREIA BRANCA,42700000,-12.8384754,-38.3491582,392,Sem acessibilidade,2026-09-22 14:43:00,700435406771117403734669
UE2015 (Anterior),LAURO DE FREITAS,180,333,1672484,ESCOLA MUNICIPAL ESFINGE,PRAÇA DA MATRIZ S/N - ZONA URBANA,AREIA BRANCA,42700000,-12.8384754,-38.3491582,390,Sem acessibilidade,2026-09-22 14:54:00,781243597679358555897413
UE2015 (Anterior),LAURO DE FREITAS,180,334,1650763,ESCOLA MUNICIPAL ESFINGE,PRAÇA DA MATRIZ S/N - ZONA URBANA,AREIA BRANCA,42700000,-12.8384754,-38.3491582,390,Sem acessibilidade,2026-09-22 15:06:00,377102298538740100867987
UE2015 (Anterior),LAURO DE FREITAS,180,335,1654527,ESCOLA MUNICIPAL ESFINGE,PRAÇA DA MATRIZ S/N - ZONA URBANA,AREIA BRANCA,42700000,-12.8384754,-38.3491582,389,Sem acessibilidade,2026-09-22 15:18:00,670132702968273342563985
UE2015 (Anterior),LAURO DE FREITAS,180,336,1655385,ESCOLA MUNICIPAL SENHORA VALENTINA SILVINA SANTOS,"RUA SÃO CRISTÓVÃO, 48 - ZONA URBANA",ITINGA,42700000,-12.9021283,-38.3459267,406,Sem acessibilidade,2026-09-22 15:29:00,922657069793680789539940
UE2015 (Anterior),LAURO DE FREITAS,180,337,1653769,ESCOLA MUNICIPAL SENHORA VALENTINA SILVINA SANTOS,"RUA SÃO CRISTÓVÃO, 48 - ZONA URBANA",ITINGA,42700000,-12.9021283,-38.3459267,403,Sem acessibilidade,2026-09-22 15:41:00,336798586234711398458474
UE2015 (Anterior),LAURO DE FREITAS,180,338,1669042,ESCOLA MUNICIPAL SENHORA VALENTINA SILVINA SANTOS,"RUA SÃO CRISTÓVÃO, 48 - ZONA URBANA",ITINGA,42700000,-12.9021283,-38.3459267,396,Sem acessibilidade,2026-09-22 15:53:00,932758295394540544789179
UE2015 (Anterior),LAURO DE FREITAS,180,339,1650163,ESCOLA MUNICIPAL SENHORA VALENTINA SILVINA SANTOS,"RUA SÃO CRISTÓVÃO, 48 - ZONA URBANA",ITINGA,42700000,-12.9021283,-38.3459267,405,Sem acessibilidade,2026-09-22 16:08:00,23667490803640568208870
UE2015 (Anterior),LAURO DE FREITAS,180,340,1658368,ESCOLA MUNICIPAL SENHORA VALENTINA SILVINA SANTOS,"RUA SÃO CRISTÓVÃO, 48 - ZONA URBANA",ITINGA,42700000,-12.9021283,-38.3459267,409,Sem acessibilidade,2026-09-22 16:21:00,942859493195250276708682
UE2015 (Anterior),LAURO DE FREITAS,180,341,1674390,ESCOLA MUNICIPAL CATARINA DE SENA,"AV. DR. GERINO DE SOUZA FILHO, S/N - ZONA URBANA",CAJI,42700000,-12.8859109,-38.3232413,404,Sem acessibilidade,2026-09-22 16:34:00,53970718906665800590717
UE2015 (Anterior),LAURO DE FREITAS,180,342,1666064,ESCOLA MUNICIPAL CATARINA DE SENA,"AV. DR. GERINO DE SOUZA FILHO, S/N - ZONA URBANA",CAJI,42700000,-12.8859109,-38.3232413,406,Sem acessibilidade,2026-09-22 16:45:00,710536484472489851285215
UE2015 (Anterior),LAURO DE FREITAS,180,343,1676452,ESCOLA MUNICIPAL CATARINA DE SENA,"AV. DR. GERINO DE SOUZA FILHO, S/N - ZONA URBANA",CAJI,42700000,-12.8859109,-38.3232413,409,Sem acessibilidade,2026-09-22 16:56:00,417506292442346734969212
UE2015 (Anterior),LAURO DE FREITAS,180,344,1650221,ESCOLA MUNICIPAL CATARINA DE SENA,"AV. DR. GERINO DE SOUZA FILHO, S/N - ZONA URBANA",CAJI,42700000,-12.8859109,-38.3232413,408,Sem acessibilidade,2026-09-22 17:07:00,619526601262270440353934
UE2015 (Anterior),LAURO DE FREITAS,180,345,1650808,ESCOLA MUNICIPAL CATARINA DE SENA,"AV. DR. GERINO DE SOUZA FILHO, S/N - ZONA URBANA",CAJI,42700000,-12.8859109,-38.3232413,415,Sem acessibilidade,2026-09-22 17:20:00,750940850976104927500865
UE2015 (Anterior),LAURO DE FREITAS,180,346,1675980,ESCOLA MUNICIPAL CATARINA DE SENA,"AV. DR. GERINO DE SOUZA FILHO, S/N - ZONA URBANA",CAJI,42700000,-12.8859109,-38.3232413,415,Sem acessibilidade,2026-09-22 17:44:00,326697535633136425410201
UE2015 (Anterior),LAURO DE FREITAS,180,347,1654315,INSTITUTO DE EDUC PROFISSIONALIZANTE EURIDES SANTANNA,ESTRADA DA JAQUEIRA - ZONA URBANA,ITINGA,42739005,-12.8925537,-38.3484045,401,Sem acessibilidade,2026-09-22 17:55:00,478112796648449417601098
UE2015 (Anterior),LAURO DE FREITAS,180,348,1654338,INSTITUTO DE EDUC PROFISSIONALIZANTE EURIDES SANTANNA,ESTRADA DA JAQUEIRA - ZONA URBANA,ITINGA,42739005,-12.8925537,-38.3484045,400,Sem acessibilidade,2026-09-22 18:06:00,478112901548172935302781
UE2015 (Anterior),LAURO DE FREITAS,180,349,1674253,INSTITUTO DE EDUC PROFISSIONALIZANTE EURIDES SANTANNA,ESTRADA DA JAQUEIRA - ZONA URBANA,ITINGA,42739005,-12.8925537,-38.3484045,398,Sem acessibilidade,2026-09-22 18:18:00,942859485495879330649536
UE2015 (Anterior),LAURO DE FREITAS,180,350,1681968,INSTITUTO DE EDUC PROFISSIONALIZANTE EURIDES SANTANNA,ESTRADA DA JAQUEIRA - ZONA URBANA,ITINGA,42739005,-12.8925537,-38.3484045,397,Sem acessibilidade,2026-09-22 18:30:00,255990877426805425927832
UE2015 (Anterior),LAURO DE FREITAS,180,351,1656692,INSTITUTO DE EDUC PROFISSIONALIZANTE EURIDES SANTANNA,ESTRADA DA JAQUEIRA - ZONA URBANA,ITINGA,42739005,-12.8925537,-38.3484045,398,Sem acessibilidade,2026-09-22 18:45:00,659930388466642246500827
UE2015 (Anterior),LAURO DE FREITAS,180,352,1672564,INSTITUTO DE EDUC PROFISSIONALIZANTE EURIDES SANTANNA,ESTRADA DA JAQUEIRA - ZONA URBANA,ITINGA,42739005,-12.8925537,-38.3484045,399,Sem acessibilidade,2026-09-22 18:56:00,3465848301155127679413
UE2015 (Anterior),LAURO DE FREITAS,180,353,1667839,INSTITUTO DE EDUC PROFISSIONALIZANTE EURIDES SANTANNA,ESTRADA DA JAQUEIRA - ZONA URBANA,ITINGA,42739005,-12.8925537,-38.3484045,397,Sem acessibilidade,2026-09-22 19:07:00,963061914697844070541786
UE2015 (Anterior),LAURO DE FREITAS,180,354,1653303,INSTITUTO DE EDUC PROFISSIONALIZANTE EURIDES SANTANNA,ESTRADA DA JAQUEIRA - ZONA URBANA,ITINGA,42739005,-12.8925537,-38.3484045,399,Sem acessibilidade,2026-09-22 19:18:00,154980219616199348683977
UE2015 (Anterior),LAURO DE FREITAS,180,355,1675267,INSTITUTO DE EDUC PROFISSIONALIZANTE EURIDES SANTANNA,ESTRADA DA JAQUEIRA - ZONA URBANA,ITINGA,42739005,-12.8925537,-38.3484045,394,Sem acessibilidade,2026-09-22 19:29:00,781243959479989271796940
UE2015 (Anterior),LAURO DE FREITAS,180,356,1682079,INSTITUTO DE EDUC PROFISSIONALIZANTE EURIDES SANTANNA,ESTRADA DA JAQUEIRA - ZONA URBANA,ITINGA,42739005,-12.8925537,-38.3484045,402,Sem acessibilidade,2026-09-22 08:45:00,912556190600832075457691
UE2015 (Anterior),LAURO DE FREITAS,180,357,1657112,INSTITUTO DE EDUC PROFISSIONALIZANTE EURIDES SANTANNA,ESTRADA DA JAQUEIRA - ZONA URBANA,ITINGA,42739005,-12.8925537,-38.3484045,397,Sem acessibilidade,2026-09-22 08:57:00,589223976367736687219294
UE2015 (Anterior),LAURO DE FREITAS,180,358,1651388,INSTITUTO DE EDUC PROFISSIONALIZANTE EURIDES SANTANNA,ESTRADA DA JAQUEIRA - ZONA URBANA,ITINGA,42739005,-12.8925537,-38.3484045,396,Sem acessibilidade,2026-09-22 09:07:00,346899843043152730520364
UE2015 (Anterior),LAURO DE FREITAS,180,359,1655684,INSTITUTO DE EDUC PROFISSIONALIZANTE EURIDES SANTANNA,ESTRADA DA JAQUEIRA - ZONA URBANA,ITINGA,42739005,-12.8925537,-38.3484045,399,Sem acessibilidade,2026-09-22 09:17:00,124677732921023998296841
UE2015 (Anterior),LAURO DE FREITAS,180,360,1654871,INSTITUTO DE EDUC PROFISSIONALIZANTE EURIDES SANTANNA,ESTRADA DA JAQUEIRA - ZONA URBANA,ITINGA,42739005,-12.8925537,-38.3484045,400,Sem acessibilidade,2026-09-22 09:28:00,185283870227241765992294
UE2015 (Anterior),LAURO DE FREITAS,180,361,1675901,INSTITUTO DE EDUC PROFISSIONALIZANTE EURIDES SANTANNA,ESTRADA DA JAQUEIRA - ZONA URBANA,ITINGA,42739005,-12.8925537,-38.3484045,395,Sem acessibilidade,2026-09-22 09:37:00,437708238852519808055573
UE2015 (Anterior),LAURO DE FREITAS,180,362,1680611,INSTITUTO DE EDUC PROFISSIONALIZANTE EURIDES SANTANNA,ESTRADA DA JAQUEIRA - ZONA URBANA,ITINGA,42739005,-12.8925537,-38.3484045,400,Sem acessibilidade,2026-09-22 09:47:00,740839657583911945465536
UE2015 (Anterior),LAURO DE FREITAS,180,363,1675996,INSTITUTO DE EDUC PROFISSIONALIZANTE EURIDES SANTANNA,ESTRADA DA JAQUEIRA - ZONA URBANA,ITINGA,42739005,-12.8925537,-38.3484045,397,Sem acessibilidade,2026-09-22 09:59:00,336798352242730560372331
UE2015 (Anterior),LAURO DE FREITAS,180,364,1666132,ESCOLA MUNICIPAL EDIVALDO BOAVENTURA,RUA DOIS DE JULHO S/N - ZONA URBANA,AREIA BRANCA,42700000,-12.8385849,-38.3498977,399,Sem acessibilidade,2026-09-22 10:09:00,922657052101959613638408
UE2015 (Anterior),LAURO DE FREITAS,180,365,1657102,ESCOLA MUNICIPAL EDIVALDO BOAVENTURA,RUA DOIS DE JULHO S/N - ZONA URBANA,AREIA BRANCA,42700000,-12.8385849,-38.3498977,399,Sem acessibilidade,2026-09-22 10:18:00,235788471732281259996423
UE2015 (Anterior),LAURO DE FREITAS,180,366,1676855,ESCOLA MUNICIPAL EDIVALDO BOAVENTURA,RUA DOIS DE JULHO S/N - ZONA URBANA,AREIA BRANCA,42700000,-12.8385849,-38.3498977,400,Sem acessibilidade,2026-09-22 10:37:00,437708788152596414164929
UE2015 (Anterior),LAURO DE FREITAS,180,367,1656713,ESCOLA MUNICIPAL EDIVALDO BOAVENTURA,RUA DOIS DE JULHO S/N - ZONA URBANA,AREIA BRANCA,42700000,-12.8385849,-38.3498977,399,Sem acessibilidade,2026-09-22 10:49:00,670132131476067904301300
UE2015 (Anterior),LAURO DE FREITAS,180,368,1656220,ESCOLA MUNICIPAL EDIVALDO BOAVENTURA,RUA DOIS DE JULHO S/N - ZONA URBANA,AREIA BRANCA,42700000,-12.8385849,-38.3498977,396,Sem acessibilidade,2026-10-03 06:49:00,932758508902862560230506
UE2015 (Anterior),LAURO DE FREITAS,180,369,1674061,ESCOLA MUNICIPAL EDIVALDO BOAVENTURA,RUA DOIS DE JULHO S/N - ZONA URBANA,AREIA BRANCA,42700000,-12.8385849,-38.3498977,397,Sem acessibilidade,2026-09-22 11:09:00,922657603101069186735124
UE2015 (Anterior),LAURO DE FREITAS,180,370,1680848,ESCOLA MUNICIPAL EDIVALDO BOAVENTURA,RUA DOIS DE JULHO S/N - ZONA URBANA,AREIA BRANCA,42700000,-12.8385849,-38.3498977,399,Sem acessibilidade,2026-09-22 11:18:00,205485963129361864058042
UE2015 (Anterior),LAURO DE FREITAS,180,371,1650342,CAIC - CENTRO DE ATENÇÃO INTEGRAL À CRIANÇA E AO ADOLESCENTE,"RUA PROF. TEOCRITO BATISTA, S/N - JARDIM PICUAIA - ZONA URBANA",ITINGA,42700000,-12.8859157,-38.343238,416,Com acessibilidade,2026-09-22 11:30:00,205485070929980378818653
UE2015 (Anterior),LAURO DE FREITAS,180,372,1676585,CAIC - CENTRO DE ATENÇÃO INTEGRAL À CRIANÇA E AO ADOLESCENTE,"RUA PROF. TEOCRITO BATISTA, S/N - JARDIM PICUAIA - ZONA URBANA",ITINGA,42700000,-12.8859157,-38.343238,417,Sem acessibilidade,2026-09-22 11:40:00,569021540665439634959966
UE2015 (Anterior),LAURO DE FREITAS,180,373,1657735,CAIC - CENTRO DE ATENÇÃO INTEGRAL À CRIANÇA E AO ADOLESCENTE,"RUA PROF. TEOCRITO BATISTA, S/N - JARDIM PICUAIA - ZONA URBANA",ITINGA,42700000,-12.8859157,-38.343238,411,Sem acessibilidade,2026-09-22 11:49:00,205485291629703208963214
UE2015 (Anterior),LAURO DE FREITAS,180,374,1656946,CAIC - CENTRO DE ATENÇÃO INTEGRAL À CRIANÇA E AO ADOLESCENTE,"RUA PROF. TEOCRITO BATISTA, S/N - JARDIM PICUAIA - ZONA URBANA",ITINGA,42700000,-12.8859157,-38.343238,414,Sem acessibilidade,2026-09-22 12:10:00,619526818270321017371818
UE2015 (Anterior),LAURO DE FREITAS,180,375,1656635,CAIC - CENTRO DE ATENÇÃO INTEGRAL À CRIANÇA E AO ADOLESCENTE,"RUA PROF. TEOCRITO BATISTA, S/N - JARDIM PICUAIA - ZONA URBANA",ITINGA,42700000,-12.8859157,-38.343238,417,Sem acessibilidade,2026-09-22 12:21:00,336798641342201900241738
UE2015 (Anterior),LAURO DE FREITAS,180,376,1653305,CAIC - CENTRO DE ATENÇÃO INTEGRAL À CRIANÇA E AO ADOLESCENTE,"RUA PROF. TEOCRITO BATISTA, S/N - JARDIM PICUAIA - ZONA URBANA",ITINGA,42700000,-12.8859157,-38.343238,415,Sem acessibilidade,2026-09-22 12:32:00,276192692636302925007462
UE2015 (Anterior),LAURO DE FREITAS,180,377,1670238,COLÉGIO ESTADUAL FRANCISCO PEREIRA FRANCO,PARQUE SÃO PAULO S/N - ZONA URBANA,ITINGA,42700000,-12.8833154,-38.3545139,422,Sem acessibilidade,2026-09-22 12:42:00,468011999355581041507283
UE2015 (Anterior),LAURO DE FREITAS,180,378,1676180,COLÉGIO ESTADUAL FRANCISCO PEREIRA FRANCO,PARQUE SÃO PAULO S/N - ZONA URBANA,ITINGA,42700000,-12.8833154,-38.3545139,417,Sem acessibilidade,2026-09-22 12:52:00,427607061951631399024735
UE2015 (Anterior),LAURO DE FREITAS,180,379,1670401,COLÉGIO ESTADUAL FRANCISCO PEREIRA FRANCO,PARQUE SÃO PAULO S/N - ZONA URBANA,ITINGA,42700000,-12.8833154,-38.3545139,415,Sem acessibilidade,2026-09-22 13:01:00,84273837317889112640655
UE2015 (Anterior),LAURO DE FREITAS,180,380,1674724,COLÉGIO ESTADUAL FRANCISCO PEREIRA FRANCO,PARQUE SÃO PAULO S/N - ZONA URBANA,ITINGA,42700000,-12.8833154,-38.3545139,417,Sem acessibilidade,2026-09-22 13:11:00,165081998725050799054774
UE2015 (Anterior),LAURO DE FREITAS,180,381,1655856,COLÉGIO ESTADUAL FRANCISCO PEREIRA FRANCO,PARQUE SÃO PAULO S/N - ZONA URBANA,ITINGA,42700000,-12.8833154,-38.3545139,420,Sem acessibilidade,2026-09-22 13:20:00,932758870902849758683181
UE2015 (Anterior),LAURO DE FREITAS,180,382,1675935,COLÉGIO ESTADUAL FRANCISCO PEREIRA FRANCO,PARQUE SÃO PAULO S/N - ZONA URBANA,ITINGA,42700000,-12.8833154,-38.3545139,420,Sem acessibilidade,2026-09-22 13:30:00,538718586762538917462849
UE2015 (Anterior),LAURO DE FREITAS,180,383,1656874,COLÉGIO ESTADUAL FRANCISCO PEREIRA FRANCO,PARQUE SÃO PAULO S/N - ZONA URBANA,ITINGA,42700000,-12.8833154,-38.3545139,413,Sem acessibilidade,2026-09-22 13:46:00,579122738666086349081714
UE2015 (Anterior),LAURO DE FREITAS,180,384,1675042,ESCOLA MUNICIPAL VIDA NOVA,"RUA VIA LOCAL, S/N - ZONA URBANA",VIDA NOVA,42700000,-12.8871421,-38.3461903,418,Com acessibilidade,2026-09-22 14:01:00,407405677549311323805882
UE2015 (Anterior),LAURO DE FREITAS,180,385,1655348,ESCOLA MUNICIPAL VIDA NOVA,"RUA VIA LOCAL, S/N - ZONA URBANA",VIDA NOVA,42700000,-12.8871421,-38.3461903,406,Sem acessibilidade,2026-09-22 14:10:00,518516893960443416063315
UE2015 (Anterior),LAURO DE FREITAS,180,386,1655626,ESCOLA MUNICIPAL VIDA NOVA,"RUA VIA LOCAL, S/N - ZONA URBANA",VIDA NOVA,42700000,-12.8871421,-38.3461903,415,Sem acessibilidade,2026-09-22 14:20:00,74172567616091508023958
UE2015 (Anterior),LAURO DE FREITAS,180,387,1650741,ESCOLA MUNICIPAL VIDA NOVA,"RUA VIA LOCAL, S/N - ZONA URBANA",VIDA NOVA,42700000,-12.8871421,-38.3461903,406,Sem acessibilidade,2026-09-22 14:49:00,730738338182560492488191
UE2015 (Anterior),LAURO DE FREITAS,180,388,1657903,ESCOLA MUNICIPAL VIDA NOVA,"RUA VIA LOCAL, S/N - ZONA URBANA",VIDA NOVA,42700000,-12.8871421,-38.3461903,414,Sem acessibilidade,2026-09-22 15:25:00,94374806818570937804860
UE2015 (Anterior),LAURO DE FREITAS,180,389,1673767,ESCOLA MUNICIPAL VIDA NOVA,"RUA VIA LOCAL, S/N - ZONA URBANA",VIDA NOVA,42700000,-12.8871421,-38.3461903,316,Sem acessibilidade,2026-09-22 15:12:00,235788055632416252569663
UE2015 (Anterior),LAURO DE FREITAS,180,390,1656149,ESCOLA MUNICIPAL VIDA NOVA,"RUA VIA LOCAL, S/N - ZONA URBANA",VIDA NOVA,42700000,-12.8871421,-38.3461903,410,Sem acessibilidade,2026-09-22 15:46:00,447809343653173967292592
UE2015 (Anterior),LAURO DE FREITAS,180,391,1657139,ESCOLA MUNICIPAL VIDA NOVA,"RUA VIA LOCAL, S/N - ZONA URBANA",VIDA NOVA,42700000,-12.8871421,-38.3461903,409,Sem acessibilidade,2026-09-22 15:57:00,619526625170505387934846
UE2015 (Anterior),LAURO DE FREITAS,180,392,1670640,ESCOLA MUNICIPAL VIDA NOVA,"RUA VIA LOCAL, S/N - ZONA URBANA",VIDA NOVA,42700000,-12.8871421,-38.3461903,408,Sem acessibilidade,2026-09-22 16:07:00,912556030500462155962217
UE2015 (Anterior),LAURO DE FREITAS,180,393,1675926,ESCOLA MUNICIPAL VIDA NOVA,"RUA VIA LOCAL, S/N - ZONA URBANA",VIDA NOVA,42700000,-12.8871421,-38.3461903,416,Sem acessibilidade,2026-09-22 16:17:00,417506645350050634933565
UE2015 (Anterior),LAURO DE FREITAS,180,394,1656607,ESCOLA MUNICIPAL DINORAH PESSOA,RUA NOSSA SENHORA APARECIDA - ZONA URBANA,ITINGA,42700000,-12.8936987,-38.3429557,414,Sem acessibilidade,2026-09-22 16:28:00,336798679842138125602749
UE2015 (Anterior),LAURO DE FREITAS,180,395,1652717,ESCOLA MUNICIPAL DINORAH PESSOA,RUA NOSSA SENHORA APARECIDA - ZONA URBANA,ITINGA,42700000,-12.8936987,-38.3429557,411,Sem acessibilidade,2026-09-22 16:38:00,629627070971514915904424
UE2015 (Anterior),LAURO DE FREITAS,180,396,1656542,ESCOLA MUNICIPAL DINORAH PESSOA,RUA NOSSA SENHORA APARECIDA - ZONA URBANA,ITINGA,42700000,-12.8936987,-38.3429557,418,Sem acessibilidade,2026-09-22 16:47:00,649829202173551969358291
UE2015 (Anterior),LAURO DE FREITAS,180,397,1676888,ESCOLA MUNICIPAL DINORAH PESSOA,RUA NOSSA SENHORA APARECIDA - ZONA URBANA,ITINGA,42700000,-12.8936987,-38.3429557,419,Sem acessibilidade,2026-09-22 16:57:00,215586881930210665710001
UE2015 (Anterior),LAURO DE FREITAS,180,398,1656959,ESCOLA MUNICIPAL DINORAH PESSOA,RUA NOSSA SENHORA APARECIDA - ZONA URBANA,ITINGA,42700000,-12.8936987,-38.3429557,410,Sem acessibilidade,2026-09-22 17:09:00,457910230454254882261551
UE2015 (Anterior),LAURO DE FREITAS,180,399,1674199,ESCOLA MUNICIPAL DINORAH PESSOA,RUA NOSSA SENHORA APARECIDA - ZONA URBANA,ITINGA,42700000,-12.8936987,-38.3429557,415,Sem acessibilidade,2026-09-22 17:19:00,43869935513939016055066
UE2015 (Anterior),LAURO DE FREITAS,180,400,1657843,ESCOLA MUNICIPAL DINORAH PESSOA,RUA NOSSA SENHORA APARECIDA - ZONA URBANA,ITINGA,42700000,-12.8936987,-38.3429557,409,Sem acessibilidade,2026-09-22 17:31:00,94374450518605510892505
UE2015 (Anterior),LAURO DE FREITAS,180,401,1652648,ESCOLA MUNICIPAL DINORAH PESSOA,RUA NOSSA SENHORA APARECIDA - ZONA URBANA,ITINGA,42700000,-12.8936987,-38.3429557,414,Sem acessibilidade,2026-09-22 17:43:00,690334165178435438891965
UE2015 (Anterior),LAURO DE FREITAS,180,402,1655891,ESCOLA MUNICIPAL DINORAH PESSOA,RUA NOSSA SENHORA APARECIDA - ZONA URBANA,ITINGA,42700000,-12.8936987,-38.3429557,410,Sem acessibilidade,2026-09-22 17:52:00,215586793630976918574325
UE2015 (Anterior),LAURO DE FREITAS,180,403,1656540,ESCOLA MUNICIPAL DINORAH PESSOA,RUA NOSSA SENHORA APARECIDA - ZONA URBANA,ITINGA,42700000,-12.8936987,-38.3429557,406,Sem acessibilidade,2026-09-22 18:02:00,771142461686198723485228
UE2015 (Anterior),LAURO DE FREITAS,180,404,1682015,ESCOLA MUNICIPAL DINORAH PESSOA,RUA NOSSA SENHORA APARECIDA - ZONA URBANA,ITINGA,42700000,-12.8936987,-38.3429557,411,Sem acessibilidade,2026-09-22 18:20:00,720637528581185899089882
UE2015 (Anterior),LAURO DE FREITAS,180,405,1675884,ESCOLA MUNICIPAL DINORAH PESSOA,RUA NOSSA SENHORA APARECIDA - ZONA URBANA,ITINGA,42700000,-12.8936987,-38.3429557,413,Sem acessibilidade,2026-09-22 18:29:00,811546723490906701702089
UE2015 (Anterior),LAURO DE FREITAS,180,406,1650322,ESCOLA MUNICIPAL DINORAH PESSOA,RUA NOSSA SENHORA APARECIDA - ZONA URBANA,ITINGA,42700000,-12.8936987,-38.3429557,413,Sem acessibilidade,2026-09-22 08:46:00,599324612643582020691925
UE2015 (Anterior),LAURO DE FREITAS,180,407,1675141,COLÉGIO ESTADUAL ALFREDO AGOSTINHO DE DEUS,AVENIDA FORTALEZA S/N - ZONA URBANA,ITINGA,42700000,-12.895503,-38.3404443,413,Sem acessibilidade,2026-09-22 09:25:00,427607557526271061967469
UE2015 (Anterior),LAURO DE FREITAS,180,408,1667617,COLÉGIO ESTADUAL ALFREDO AGOSTINHO DE DEUS,AVENIDA FORTALEZA S/N - ZONA URBANA,ITINGA,42700000,-12.895503,-38.3404443,413,Sem acessibilidade,2026-09-22 09:36:00,175182411301181075170994
UE2015 (Anterior),LAURO DE FREITAS,180,409,1655833,COLÉGIO ESTADUAL ALFREDO AGOSTINHO DE DEUS,AVENIDA FORTALEZA S/N - ZONA URBANA,ITINGA,42700000,-12.895503,-38.3404443,417,Sem acessibilidade,2026-09-22 09:46:00,761041114360862250602218
UE2015 (Anterior),LAURO DE FREITAS,180,410,1656445,COLÉGIO ESTADUAL ALFREDO AGOSTINHO DE DEUS,AVENIDA FORTALEZA S/N - ZONA URBANA,ITINGA,42700000,-12.895503,-38.3404443,419,Sem acessibilidade,2026-09-22 09:56:00,771142205461968270927422
UE2015 (Anterior),LAURO DE FREITAS,180,411,1655615,COLÉGIO ESTADUAL ALFREDO AGOSTINHO DE DEUS,AVENIDA FORTALEZA S/N - ZONA URBANA,ITINGA,42700000,-12.895503,-38.3404443,417,Sem acessibilidade,2026-09-22 10:06:00,488213029732309085279805
UE2015 (Anterior),LAURO DE FREITAS,180,412,1657395,COLÉGIO ESTADUAL ALFREDO AGOSTINHO DE DEUS,AVENIDA FORTALEZA S/N - ZONA URBANA,ITINGA,42700000,-12.895503,-38.3404443,420,Sem acessibilidade,2026-09-22 10:15:00,134778784797974243961088
UE2015 (Anterior),LAURO DE FREITAS,180,413,1655628,COLÉGIO ESTADUAL ALFREDO AGOSTINHO DE DEUS,AVENIDA FORTALEZA S/N - ZONA URBANA,ITINGA,42700000,-12.895503,-38.3404443,413,Sem acessibilidade,2026-09-22 10:24:00,740839506158606162703231
UE2015 (Anterior),LAURO DE FREITAS,180,414,1651197,COLÉGIO ESTADUAL ALFREDO AGOSTINHO DE DEUS,AVENIDA FORTALEZA S/N - ZONA URBANA,ITINGA,42700000,-12.895503,-38.3404443,421,Sem acessibilidade,2026-09-22 10:34:00,963061838080914549132882
UE2015 (Anterior),LAURO DE FREITAS,180,415,1665533,COLÉGIO ESTADUAL ALFREDO AGOSTINHO DE DEUS,AVENIDA FORTALEZA S/N - ZONA URBANA,ITINGA,42700000,-12.895503,-38.3404443,421,Sem acessibilidade,2026-09-22 10:44:00,882253864572925323598709
UE2015 (Anterior),LAURO DE FREITAS,180,416,1654698,COLÉGIO ESTADUAL ALFREDO AGOSTINHO DE DEUS,AVENIDA FORTALEZA S/N - ZONA URBANA,ITINGA,42700000,-12.895503,-38.3404443,416,Sem acessibilidade,2026-09-22 11:06:00,973162065281909453112080
UE2015 (Anterior),LAURO DE FREITAS,180,417,1677381,COLÉGIO ESTADUAL ALFREDO AGOSTINHO DE DEUS,AVENIDA FORTALEZA S/N - ZONA URBANA,ITINGA,42700000,-12.895503,-38.3404443,421,Sem acessibilidade,2026-09-22 11:24:00,518516716035485099937347
UE2015 (Anterior),LAURO DE FREITAS,180,418,1657740,COLÉGIO ESTADUAL ALFREDO AGOSTINHO DE DEUS,AVENIDA FORTALEZA S/N - ZONA URBANA,ITINGA,42700000,-12.895503,-38.3404443,417,Sem acessibilidade,2026-09-22 11:33:00,942859255678932815609474
UE2015 (Anterior),LAURO DE FREITAS,180,419,1656694,COLÉGIO ESTADUAL ALFREDO AGOSTINHO DE DEUS,AVENIDA FORTALEZA S/N - ZONA URBANA,ITINGA,42700000,-12.895503,-38.3404443,415,Sem acessibilidade,2026-09-22 11:52:00,750940171259858706619758
UE2015 (Anterior),LAURO DE FREITAS,180,420,1656662,COLÉGIO ESTADUAL ALFREDO AGOSTINHO DE DEUS,AVENIDA FORTALEZA S/N - ZONA URBANA,ITINGA,42700000,-12.895503,-38.3404443,420,Sem acessibilidade,2026-09-22 12:01:00,215586710705905033872366
UE2015 (Anterior),LAURO DE FREITAS,180,421,1656192,COLÉGIO ESTADUAL ALFREDO AGOSTINHO DE DEUS,AVENIDA FORTALEZA S/N - ZONA URBANA,ITINGA,42700000,-12.895503,-38.3404443,418,Sem acessibilidade,2026-09-22 12:13:00,306495911414226042229381
UE2015 (Anterior),LAURO DE FREITAS,180,422,1673478,ESCOLA MUNICIPAL JARDIM DO TALISMÃ,"LOTEAMENTO JARDIM TALISMÃ, S/N - ZONA URBANA",ITINGA,42700000,-12.8861598,-38.3511944,384,Sem acessibilidade,2026-09-22 12:25:00,963061682880114588418225
UE2015 (Anterior),LAURO DE FREITAS,180,423,1667671,ESCOLA MUNICIPAL JARDIM DO TALISMÃ,"LOTEAMENTO JARDIM TALISMÃ, S/N - ZONA URBANA",ITINGA,42700000,-12.8861598,-38.3511944,385,Sem acessibilidade,2026-09-22 12:34:00,750940588359927366117717
UE2015 (Anterior),LAURO DE FREITAS,180,424,1653862,ESCOLA MUNICIPAL JARDIM DO TALISMÃ,"LOTEAMENTO JARDIM TALISMÃ, S/N - ZONA URBANA",ITINGA,42700000,-12.8861598,-38.3511944,384,Sem acessibilidade,2026-09-22 12:43:00,589223523142776156136826
UE2015 (Anterior),LAURO DE FREITAS,180,425,1667882,ESCOLA MUNICIPAL JARDIM DO TALISMÃ,"LOTEAMENTO JARDIM TALISMÃ, S/N - ZONA URBANA",ITINGA,42700000,-12.8861598,-38.3511944,383,Sem acessibilidade,2026-09-22 12:54:00,801445852264155724495426
UE2015 (Anterior),LAURO DE FREITAS,180,426,1670579,ESCOLA MUNICIPAL JARDIM DO TALISMÃ,"LOTEAMENTO JARDIM TALISMÃ, S/N - ZONA URBANA",ITINGA,42700000,-12.8861598,-38.3511944,384,Sem acessibilidade,2026-09-22 13:10:00,862051020770685222202985
UE2015 (Anterior),LAURO DE FREITAS,180,427,1676563,ESCOLA MUNICIPAL SÔNIA MARIA PEREIRA DO NASCIMENTO,LOTEAMENTO PARQUE SÃO PAULO S/N - ZONA URBANA,ITINGA,42740490,-12.8792893,-38.3551831,405,Com acessibilidade,2026-09-22 13:24:00,983263250882174221254866
UE2015 (Anterior),LAURO DE FREITAS,180,428,1672664,ESCOLA MUNICIPAL SÔNIA MARIA PEREIRA DO NASCIMENTO,LOTEAMENTO PARQUE SÃO PAULO S/N - ZONA URBANA,ITINGA,42740490,-12.8792893,-38.3551831,399,Sem acessibilidade,2026-09-22 13:34:00,579122954741859583710609
UE2015 (Anterior),LAURO DE FREITAS,180,429,1675881,ESCOLA MUNICIPAL SÔNIA MARIA PEREIRA DO NASCIMENTO,LOTEAMENTO PARQUE SÃO PAULO S/N - ZONA URBANA,ITINGA,42740490,-12.8792893,-38.3551831,395,Sem acessibilidade,2026-09-22 13:42:00,720637219856957986639206
UE2015 (Anterior),LAURO DE FREITAS,180,430,1656564,ESCOLA MUNICIPAL SÔNIA MARIA PEREIRA DO NASCIMENTO,LOTEAMENTO PARQUE SÃO PAULO S/N - ZONA URBANA,ITINGA,42740490,-12.8792893,-38.3551831,398,Sem acessibilidade,2026-09-22 13:52:00,195384761603518192836463
UE2015 (Anterior),LAURO DE FREITAS,180,431,1681235,ESCOLA MUNICIPAL SÔNIA MARIA PEREIRA DO NASCIMENTO,LOTEAMENTO PARQUE SÃO PAULO S/N - ZONA URBANA,ITINGA,42740490,-12.8792893,-38.3551831,399,Sem acessibilidade,2026-09-22 14:01:00,952960633579866174540608
UE2015 (Anterior),LAURO DE FREITAS,180,432,1657779,ESCOLA MUNICIPAL SÔNIA MARIA PEREIRA DO NASCIMENTO,LOTEAMENTO PARQUE SÃO PAULO S/N - ZONA URBANA,ITINGA,42740490,-12.8792893,-38.3551831,399,Sem acessibilidade,2026-09-22 14:11:00,690334484553697101870162
UE2015 (Anterior),LAURO DE FREITAS,180,433,1669792,ESCOLA MUNICIPAL SÔNIA MARIA PEREIRA DO NASCIMENTO,LOTEAMENTO PARQUE SÃO PAULO S/N - ZONA URBANA,ITINGA,42740490,-12.8792893,-38.3551831,402,Sem acessibilidade,2026-09-22 14:20:00,205485108404223580093390
UE2015 (Anterior),LAURO DE FREITAS,180,434,1664934,ESCOLA MUNICIPAL SÔNIA MARIA PEREIRA DO NASCIMENTO,LOTEAMENTO PARQUE SÃO PAULO S/N - ZONA URBANA,ITINGA,42740490,-12.8792893,-38.3551831,401,Sem acessibilidade,2026-09-22 14:29:00,165081170100819850434947
UE2015 (Anterior),LAURO DE FREITAS,180,435,1672735,ESCOLA MUNICIPAL SÔNIA MARIA PEREIRA DO NASCIMENTO,LOTEAMENTO PARQUE SÃO PAULO S/N - ZONA URBANA,ITINGA,42740490,-12.8792893,-38.3551831,406,Sem acessibilidade,2026-09-22 14:39:00,922657046576664797345057
UE2015 (Anterior),LAURO DE FREITAS,180,436,1652291,ESCOLA MUNICIPAL SÔNIA MARIA PEREIRA DO NASCIMENTO,LOTEAMENTO PARQUE SÃO PAULO S/N - ZONA URBANA,ITINGA,42740490,-12.8792893,-38.3551831,402,Sem acessibilidade,2026-09-22 14:49:00,599324820543426038500239
UE2015 (Anterior),LAURO DE FREITAS,180,437,1674228,ESCOLA MUNICIPAL DO LOTEAMENTO SANTA JÚLIA,"LOTEAMENTO SANTA JÚLIA, S/N  - ZONA URBANA",ITINGA,42700000,-12.8887177,-38.3528656,413,Com acessibilidade,2026-09-22 14:58:00,942859286678792138732333
UE2015 (Anterior),LAURO DE FREITAS,180,438,1657841,ESCOLA MUNICIPAL DO LOTEAMENTO SANTA JÚLIA,"LOTEAMENTO SANTA JÚLIA, S/N  - ZONA URBANA",ITINGA,42700000,-12.8887177,-38.3528656,417,Com acessibilidade,2026-09-22 15:07:00,882253336672323042855417
UE2015 (Anterior),LAURO DE FREITAS,180,439,1675207,ESCOLA MUNICIPAL DO LOTEAMENTO SANTA JÚLIA,"LOTEAMENTO SANTA JÚLIA, S/N  - ZONA URBANA",ITINGA,42700000,-12.8887177,-38.3528656,414,Com acessibilidade,2026-09-22 15:20:00,952960514579089819701998
UE2015 (Anterior),LAURO DE FREITAS,180,440,1657781,ESCOLA MUNICIPAL DO LOTEAMENTO SANTA JÚLIA,"LOTEAMENTO SANTA JÚLIA, S/N  - ZONA URBANA",ITINGA,42700000,-12.8887177,-38.3528656,411,Sem acessibilidade,2026-09-22 15:29:00,468011106130224276748391
UE2015 (Anterior),LAURO DE FREITAS,180,441,1666088,ESCOLA MUNICIPAL DO LOTEAMENTO SANTA JÚLIA,"LOTEAMENTO SANTA JÚLIA, S/N  - ZONA URBANA",ITINGA,42700000,-12.8887177,-38.3528656,402,Sem acessibilidade,2026-09-22 15:38:00,912556662275694260205025
UE2015 (Anterior),LAURO DE FREITAS,180,442,1699524,ESCOLA MUNICIPAL DO LOTEAMENTO SANTA JÚLIA,"LOTEAMENTO SANTA JÚLIA, S/N  - ZONA URBANA",ITINGA,42700000,-12.8887177,-38.3528656,407,Sem acessibilidade,2026-09-22 15:47:00,761041620060562049539356
UE2015 (Anterior),LAURO DE FREITAS,180,443,1676197,ESCOLA MUNICIPAL DO LOTEAMENTO SANTA JÚLIA,"LOTEAMENTO SANTA JÚLIA, S/N  - ZONA URBANA",ITINGA,42700000,-12.8887177,-38.3528656,410,Sem acessibilidade,2026-09-22 15:57:00,973162944881865923049560
UE2015 (Anterior),LAURO DE FREITAS,180,444,1656350,ESCOLA MUNICIPAL DO LOTEAMENTO SANTA JÚLIA,"LOTEAMENTO SANTA JÚLIA, S/N  - ZONA URBANA",ITINGA,42700000,-12.8887177,-38.3528656,404,Sem acessibilidade,2026-09-22 16:05:00,548819629038958378165667
UE2015 (Anterior),LAURO DE FREITAS,180,445,1656704,ESCOLA MUNICIPAL DO LOTEAMENTO SANTA JÚLIA,"LOTEAMENTO SANTA JÚLIA, S/N  - ZONA URBANA",ITINGA,42700000,-12.8887177,-38.3528656,410,Sem acessibilidade,2026-09-22 16:15:00,548819739938042241212046
UE2015 (Anterior),LAURO DE FREITAS,180,446,1656241,ESCOLA MUNICIPAL DO LOTEAMENTO SANTA JÚLIA,"LOTEAMENTO SANTA JÚLIA, S/N  - ZONA URBANA",ITINGA,42700000,-12.8887177,-38.3528656,400,Sem acessibilidade,2026-09-22 16:28:00,154980454299951802635556
UE2015 (Anterior),LAURO DE FREITAS,180,447,1675145,ESCOLA MUNICIPAL DO LOTEAMENTO SANTA JÚLIA,"LOTEAMENTO SANTA JÚLIA, S/N  - ZONA URBANA",ITINGA,42700000,-12.8887177,-38.3528656,398,Sem acessibilidade,2026-09-22 16:38:00,316596720015207570836580
UE2015 (Anterior),LAURO DE FREITAS,180,448,1667156,ESCOLA MUNICIPAL DO LOTEAMENTO SANTA JÚLIA,"LOTEAMENTO SANTA JÚLIA, S/N  - ZONA URBANA",ITINGA,42700000,-12.8887177,-38.3528656,404,Sem acessibilidade,2026-09-22 16:47:00,841849368068751952431271
UE2015 (Anterior),LAURO DE FREITAS,180,449,1674395,ESCOLA MUNICIPAL DO LOTEAMENTO SANTA JÚLIA,"LOTEAMENTO SANTA JÚLIA, S/N  - ZONA URBANA",ITINGA,42700000,-12.8887177,-38.3528656,409,Sem acessibilidade,2026-09-22 16:56:00,629627259146550696602673
UE2015 (Anterior),LAURO DE FREITAS,180,450,1678823,ESCOLA MUNICIPAL DO LOTEAMENTO SANTA JÚLIA,"LOTEAMENTO SANTA JÚLIA, S/N  - ZONA URBANA",ITINGA,42700000,-12.8887177,-38.3528656,404,Sem acessibilidade,2026-09-22 17:23:00,144879851998703211214374
UE2015 (Anterior),LAURO DE FREITAS,180,451,1652325,ESCOLA MUNICIPAL MERCEDES DO ESPÍRITO SANTO,"RUA SANTA CECÍLIA, S/N - ZONA URBANA",ITINGA,42738795,-12.901391,-38.3494854,288,Sem acessibilidade,2026-09-22 17:34:00,599324417143319954756403
UE2015 (Anterior),LAURO DE FREITAS,180,452,1652063,ESCOLA MUNICIPAL MERCEDES DO ESPÍRITO SANTO,"RUA SANTA CECÍLIA, S/N - ZONA URBANA",ITINGA,42738795,-12.901391,-38.3494854,383,Sem acessibilidade,2026-09-22 17:54:00,801445739764701611586134
UE2015 (Anterior),LAURO DE FREITAS,180,453,1654329,ESCOLA MUNICIPAL MERCEDES DO ESPÍRITO SANTO,"RUA SANTA CECÍLIA, S/N - ZONA URBANA",ITINGA,42738795,-12.901391,-38.3494854,387,Sem acessibilidade,2026-09-22 18:03:00,114576157795604577514840
UE2015 (Anterior),LAURO DE FREITAS,180,454,1670149,ESCOLA MUNICIPAL MERCEDES DO ESPÍRITO SANTO,"RUA SANTA CECÍLIA, S/N - ZONA URBANA",ITINGA,42738795,-12.901391,-38.3494854,377,Sem acessibilidade,2026-09-22 18:14:00,882253034872532959278660
UE2015 (Anterior),LAURO DE FREITAS,180,455,1656760,ESCOLA MUNICIPAL CAPITULINO DOS SANTOS,RUA DIRETA DO JAMBEIRO S/N - ZONA URBANA,AREIA BRANCA,42700000,-12.8389413,-38.3272723,409,Sem acessibilidade,2026-09-22 18:24:00,589223843342320424761335
UE2015 (Anterior),LAURO DE FREITAS,180,456,1656261,ESCOLA MUNICIPAL CAPITULINO DOS SANTOS,RUA DIRETA DO JAMBEIRO S/N - ZONA URBANA,AREIA BRANCA,42700000,-12.8389413,-38.3272723,414,Com acessibilidade,2026-09-22 12:01:00,518516880003200686897094
UE2015 (Anterior),LAURO DE FREITAS,180,457,1658831,ESCOLA MUNICIPAL CAPITULINO DOS SANTOS,RUA DIRETA DO JAMBEIRO S/N - ZONA URBANA,AREIA BRANCA,42700000,-12.8389413,-38.3272723,407,Sem acessibilidade,2026-09-22 10:44:00,963061447248000849410602
UE2015 (Anterior),LAURO DE FREITAS,180,458,1656863,ESCOLA MUNICIPAL DOIS DE JULHO,"RUA SÃO CRISTÓVÃO, S/N - ZONA URBANA",ITINGA,42700000,-12.8898133,-38.3534827,418,Com acessibilidade,2026-09-22 10:53:00,670132267619733304976275
UE2015 (Anterior),LAURO DE FREITAS,180,459,1673940,ESCOLA MUNICIPAL DOIS DE JULHO,"RUA SÃO CRISTÓVÃO, S/N - ZONA URBANA",ITINGA,42700000,-12.8898133,-38.3534827,422,Com acessibilidade,2026-09-22 11:14:00,740839443626620132665450
UE2015 (Anterior),LAURO DE FREITAS,180,460,1681185,ESCOLA MUNICIPAL DOIS DE JULHO,"RUA SÃO CRISTÓVÃO, S/N - ZONA URBANA",ITINGA,42700000,-12.8898133,-38.3534827,415,Com acessibilidade,2026-09-22 11:29:00,740839526226064076502338
UE2015 (Anterior),LAURO DE FREITAS,180,461,1675918,ESCOLA MUNICIPAL DOIS DE JULHO,"RUA SÃO CRISTÓVÃO, S/N - ZONA URBANA",ITINGA,42700000,-12.8898133,-38.3534827,417,Sem acessibilidade,2026-09-22 11:39:00,831748720235249105322432
UE2015 (Anterior),LAURO DE FREITAS,180,462,1652221,ESCOLA MUNICIPAL DOIS DE JULHO,"RUA SÃO CRISTÓVÃO, S/N - ZONA URBANA",ITINGA,42700000,-12.8898133,-38.3534827,417,Sem acessibilidade,2026-09-22 11:50:00,659930653417617654327982
UE2015 (Anterior),LAURO DE FREITAS,180,463,1674989,ESCOLA MUNICIPAL DOIS DE JULHO,"RUA SÃO CRISTÓVÃO, S/N - ZONA URBANA",ITINGA,42700000,-12.8898133,-38.3534827,417,Sem acessibilidade,2026-09-22 12:14:00,255990362177241145394913
UE2015 (Anterior),LAURO DE FREITAS,180,464,1652647,ESCOLA MUNICIPAL DOIS DE JULHO,"RUA SÃO CRISTÓVÃO, S/N - ZONA URBANA",ITINGA,42700000,-12.8898133,-38.3534827,413,Sem acessibilidade,2026-09-22 12:25:00,660031883918810538992244
UE2015 (Anterior),LAURO DE FREITAS,180,465,1656751,ESCOLA MUNICIPAL DOIS DE JULHO,"RUA SÃO CRISTÓVÃO, S/N - ZONA URBANA",ITINGA,42700000,-12.8898133,-38.3534827,417,Sem acessibilidade,2026-09-22 12:42:00,397304721291515930240403
UE2015 (Anterior),LAURO DE FREITAS,180,466,1657534,ESCOLA MUNICIPAL DOIS DE JULHO,"RUA SÃO CRISTÓVÃO, S/N - ZONA URBANA",ITINGA,42700000,-12.8898133,-38.3534827,414,Sem acessibilidade,2026-09-22 13:02:00,94374538261969133361279
UE2015 (Anterior),LAURO DE FREITAS,180,467,1655208,ESCOLA MUNICIPAL DOIS DE JULHO,"RUA SÃO CRISTÓVÃO, S/N - ZONA URBANA",ITINGA,42700000,-12.8898133,-38.3534827,415,Sem acessibilidade,2026-09-22 13:32:00,154980705267291289658603
UE2015 (Anterior),LAURO DE FREITAS,180,468,1675866,ESCOLA MUNICIPAL DOIS DE JULHO,"RUA SÃO CRISTÓVÃO, S/N - ZONA URBANA",ITINGA,42700000,-12.8898133,-38.3534827,416,Sem acessibilidade,2026-09-22 13:43:00,528617180104829660935001
UE2015 (Anterior),LAURO DE FREITAS,180,469,1651421,ESCOLA MUNICIPAL DOIS DE JULHO,"RUA SÃO CRISTÓVÃO, S/N - ZONA URBANA",ITINGA,42700000,-12.8898133,-38.3534827,413,Sem acessibilidade,2026-09-22 14:07:00,619526383513949903847453
UE2015 (Anterior),LAURO DE FREITAS,180,470,1654826,ESCOLA MUNICIPAL DOIS DE JULHO,"RUA SÃO CRISTÓVÃO, S/N - ZONA URBANA",ITINGA,42700000,-12.8898133,-38.3534827,416,Sem acessibilidade,2026-09-22 14:23:00,175182029169407193290603
UE2015 (Anterior),LAURO DE FREITAS,180,471,1674980,ESCOLA MUNICIPAL DOIS DE JULHO,"RUA SÃO CRISTÓVÃO, S/N - ZONA URBANA",ITINGA,42700000,-12.8898133,-38.3534827,416,Sem acessibilidade,2026-09-22 14:33:00,447809405996762755502933
UE2015 (Anterior),LAURO DE FREITAS,180,472,1655625,ESCOLA MUNICIPAL DOIS DE JULHO,"RUA SÃO CRISTÓVÃO, S/N - ZONA URBANA",ITINGA,42700000,-12.8898133,-38.3534827,412,Sem acessibilidade,2026-09-22 14:42:00,710536783123058230793470
UE2015 (Anterior),LAURO DE FREITAS,180,473,1652834,ESCOLA MUNICIPAL DOIS DE JULHO,"RUA SÃO CRISTÓVÃO, S/N - ZONA URBANA",ITINGA,42700000,-12.8898133,-38.3534827,417,Sem acessibilidade,2026-09-22 14:55:00,862051043538502481506425
UE2015 (Anterior),LAURO DE FREITAS,180,474,1657873,SARTRE ESCOLA SEB - UNIDADE MONET,"RUA ANA C. B. DIAS, 259 - ZONA URBANA",BURAQUINHO,42709500,-12.8813923,-38.2925282,417,Sem acessibilidade,2026-10-03 07:04:00,841849131336174900462521
UE2015 (Anterior),LAURO DE FREITAS,180,475,1653190,COLÉGIO MENDEL,"RUA PRAIA DO FORTE, S/N - ZONA URBANA",VILAS DO ATLÂNTICO,42700000,-12.8819411,-38.3011083,406,Sem acessibilidade,2026-09-22 15:16:00,195384595871654646219670
UE2015 (Anterior),LAURO DE FREITAS,180,476,1654929,SARTRE ESCOLA SEB - UNIDADE MONET,"RUA ANA C. B. DIAS, 259 - ZONA URBANA",BURAQUINHO,42709500,-12.8813923,-38.2925282,414,Sem acessibilidade,2026-09-22 15:40:00,811546328933124938735599
UE2015 (Anterior),LAURO DE FREITAS,180,477,1681990,"CEEP TIC - CENTRO ESTADUAL DE EDUC PROF EM TEC, INF E COMUNIC",RUA EUVALDO SANTOS LEITE S/N,CENTRO,42703510,-12.898685,-38.3265826,392,Sem acessibilidade,2026-09-22 15:51:00,447809065496918979628459
UE2015 (Anterior),LAURO DE FREITAS,180,478,1674403,SARTRE ESCOLA SEB - UNIDADE MONET,"RUA ANA C. B. DIAS, 259 - ZONA URBANA",BURAQUINHO,42709500,-12.8813923,-38.2925282,410,Sem acessibilidade,2026-09-22 16:11:00,13566742053234588096233
UE2015 (Anterior),LAURO DE FREITAS,180,479,1665001,CAIC - CENTRO DE ATENÇÃO INTEGRAL À CRIANÇA E AO ADOLESCENTE,"RUA PROF. TEOCRITO BATISTA, S/N - JARDIM PICUAIA - ZONA URBANA",ITINGA,42700000,-12.8859157,-38.343238,417,Sem acessibilidade,2026-09-22 16:22:00,427607261394802259576599
UE2015 (Anterior),LAURO DE FREITAS,180,480,1674309,ESCOLA MUNICIPAL GREGÓRIO PINTO DE ALMEIDA,"AV. VITÓRIA DA CONQUISTA, S/N - ZONA URBANA",VILA PRAIANA,42700000,-12.9004218,-38.3084042,402,Sem acessibilidade,2026-09-22 16:36:00,811546734733563368217652
UE2015 (Anterior),LAURO DE FREITAS,180,481,1650566,"CEEP TIC - CENTRO ESTADUAL DE EDUC PROF EM TEC, INF E COMUNIC",RUA EUVALDO SANTOS LEITE S/N,CENTRO,42703510,-12.898685,-38.3265826,392,Sem acessibilidade,2026-09-22 16:49:00,144879177566199226739319
UE2015 (Anterior),LAURO DE FREITAS,180,482,1682308,COLÉGIO MENDEL,"RUA PRAIA DO FORTE, S/N - ZONA URBANA",VILAS DO ATLÂNTICO,42700000,-12.8819411,-38.3011083,316,Sem acessibilidade,2026-09-22 17:06:00,457910599597040265656630
UE2015 (Anterior),LAURO DE FREITAS,180,483,1650765,ESCOLA MUNICIPAL JARDIM DO TALISMÃ,"LOTEAMENTO JARDIM TALISMÃ, S/N - ZONA URBANA",ITINGA,42700000,-12.8861598,-38.3511944,383,Sem acessibilidade,2026-09-22 17:16:00,932758185945610682150692
UE2015 (Anterior),LAURO DE FREITAS,180,484,1672399,"CEEP TIC - CENTRO ESTADUAL DE EDUC PROF EM TEC, INF E COMUNIC",RUA EUVALDO SANTOS LEITE S/N,CENTRO,42703510,-12.898685,-38.3265826,391,Sem acessibilidade,2026-09-22 17:26:00,518516879803286509759999
UE2015 (Anterior),LAURO DE FREITAS,180,485,1654436,ESCOLA MUNICIPAL CAPITULINO DOS SANTOS,RUA DIRETA DO JAMBEIRO S/N - ZONA URBANA,AREIA BRANCA,42700000,-12.8389413,-38.3272723,410,Sem acessibilidade,2026-09-22 17:48:00,326697798984416217697719
UE2015 (Anterior),LAURO DE FREITAS,180,486,1656526,ESCOLA MUNICIPAL MERCEDES DO ESPÍRITO SANTO,"RUA SANTA CECÍLIA, S/N - ZONA URBANA",ITINGA,42738795,-12.901391,-38.3494854,388,Sem acessibilidade,2026-09-22 17:57:00,710536294223821392106549
UE2015 (Anterior),LAURO DE FREITAS,180,487,1655826,COLÉGIO MENDEL,"RUA PRAIA DO FORTE, S/N - ZONA URBANA",VILAS DO ATLÂNTICO,42700000,-12.8819411,-38.3011083,409,Sem acessibilidade,2026-09-22 18:08:00,730738425625579014830139
UE2015 (Anterior),LAURO DE FREITAS,180,488,1670337,ESCOLA MUNICIPAL JARDIM DO TALISMÃ,"LOTEAMENTO JARDIM TALISMÃ, S/N - ZONA URBANA",ITINGA,42700000,-12.8861598,-38.3511944,382,Sem acessibilidade,2026-09-22 18:19:00,326697127784327808545271
UE2015 (Anterior),LAURO DE FREITAS,180,489,1676842,ESCOLA TENENTE GUSTAVO DOS SANTOS,RUA DIRETA DO CAPELÃO 130 - ZONA URBANA,AREIA BRANCA,42700000,-12.8553339,-38.3569957,396,Sem acessibilidade,2026-09-22 18:29:00,892354808941980813531845
UE2015 (Anterior),LAURO DE FREITAS,180,490,1657862,COLÉGIO MENDEL,"RUA PRAIA DO FORTE, S/N - ZONA URBANA",VILAS DO ATLÂNTICO,42700000,-12.8819411,-38.3011083,408,Sem acessibilidade,2026-09-22 18:38:00,589223576710691505538837
UE2015 (Anterior),LAURO DE FREITAS,180,491,1651816,ESCOLA MUNICIPAL DOUCTOR PAULO MALAQUIAS DE MELLO,"RUA NOVA BRASÍLIA, S/N - ZONA URBANA",PORTÃO,42700000,-12.8669903,-38.3042877,373,Sem acessibilidade,2026-09-22 18:58:00,84273184460377080626323
UE2015 (Anterior),LAURO DE FREITAS,180,492,1672081,ESCOLA MUNICIPAL JARDIM DO TALISMÃ,"LOTEAMENTO JARDIM TALISMÃ, S/N - ZONA URBANA",ITINGA,42700000,-12.8861598,-38.3511944,385,Sem acessibilidade,2026-09-22 19:08:00,104475315362058527700121
UE2015 (Anterior),LAURO DE FREITAS,180,493,1655080,ESCOLA MUNICIPAL SANTA RITA,"PARQUE SANTA RITA - SETOR 1, S/N - ZONA URBANA",ITINGA,42740040,-12.8910525,-38.3526815,387,Sem acessibilidade,2026-09-22 19:19:00,225687546174332473349888
UE2015 (Anterior),LAURO DE FREITAS,180,494,1675013,ESCOLA MUNICIPAL JARDIM IPITANGA,"RUA MARIA DE LOURDES DA SILVA, S/N",CAJI,42721190,-12.8770787,-38.3367951,391,Sem acessibilidade,2026-09-22 19:28:00,346899774586470487456887
UE2015 (Anterior),LAURO DE FREITAS,180,495,1651099,ESCOLA MUNICIPAL QUINGOMA,"RUA SÃO JOSÉ, N 10 - ZONA URBANA",QUINGOMA,42700000,-12.8690967,-38.3266878,366,Sem acessibilidade,2026-09-22 19:38:00,680233226320905214167119
UE2015 (Anterior),LAURO DE FREITAS,180,496,1674099,ESCOLA MUNICIPAL GREGÓRIO PINTO DE ALMEIDA,"AV. VITÓRIA DA CONQUISTA, S/N - ZONA URBANA",VILA PRAIANA,42700000,-12.9004218,-38.3084042,405,Sem acessibilidade,2026-09-22 19:48:00,882253533240194943395438
UE2015 (Anterior),LAURO DE FREITAS,180,497,1674142,ESCOLA MUNICIPAL JARDIM DO TALISMÃ,"LOTEAMENTO JARDIM TALISMÃ, S/N - ZONA URBANA",ITINGA,42700000,-12.8861598,-38.3511944,385,Sem acessibilidade,2026-09-22 20:01:00,417506177493952622394922
UE2015 (Anterior),LAURO DE FREITAS,180,498,1654588,ESCOLA MUNICIPAL SANTA RITA,"PARQUE SANTA RITA - SETOR 1, S/N - ZONA URBANA",ITINGA,42740040,-12.8910525,-38.3526815,388,Sem acessibilidade,2026-09-22 20:16:00,872152742439851660112063
UE2015 (Anterior),LAURO DE FREITAS,180,499,1657822,ESCOLA MUNICIPAL FÉLIX CARDOSO DE ARAÚJO,"RUA DIRETA DE SANTO ANTÔNIO, S/N - ZONA URBANA",PORTÃO,42700000,-12.8667692,-38.2972712,396,Sem acessibilidade,2026-09-22 20:29:00,457910431097736457147698
UE2015 (Anterior),LAURO DE FREITAS,180,500,1664428,ESCOLA MUNICIPAL SANTA RITA,"PARQUE SANTA RITA - SETOR 1, S/N - ZONA URBANA",ITINGA,42740040,-12.8910525,-38.3526815,387,Sem acessibilidade,2026-09-22 20:38:00,488213932300784525384098
UE2015 (Anterior),LAURO DE FREITAS,180,501,1655553,ESCOLA MUNICIPAL SANTA RITA,"PARQUE SANTA RITA - SETOR 1, S/N - ZONA URBANA",ITINGA,42740040,-12.8910525,-38.3526815,385,Sem acessibilidade,2026-09-22 20:48:00,225687789074616425609759
UE2015 (Anterior),LAURO DE FREITAS,180,502,1675076,ESCOLA MUNICIPAL JARDIM DO TALISMÃ,"LOTEAMENTO JARDIM TALISMÃ, S/N - ZONA URBANA",ITINGA,42700000,-12.8861598,-38.3511944,384,Sem acessibilidade,2026-09-22 20:57:00,740839417826152403615272
UE2015 (Anterior),LAURO DE FREITAS,180,503,1668032,ESCOLA MUNICIPAL JARDIM IPITANGA,"RUA MARIA DE LOURDES DA SILVA, S/N",CAJI,42721190,-12.8770787,-38.3367951,391,Sem acessibilidade,2026-09-22 21:07:00,255990036577324271064692
UE2015 (Anterior),LAURO DE FREITAS,180,504,1650668,ESCOLA MUNICIPAL SANTA RITA,"PARQUE SANTA RITA - SETOR 1, S/N - ZONA URBANA",ITINGA,42740040,-12.8910525,-38.3526815,384,Sem acessibilidade,2026-09-22 21:16:00,245889131076333019444724
UE2015 (Anterior),LAURO DE FREITAS,180,505,1676829,COLÉGIO MENDEL,"RUA PRAIA DO FORTE, S/N - ZONA URBANA",VILAS DO ATLÂNTICO,42700000,-12.8819411,-38.3011083,408,Sem acessibilidade,2026-09-22 21:28:00,963061963748283160740037
UE2015 (Anterior),LAURO DE FREITAS,180,506,1654696,ESCOLA MUNICIPAL MERCEDES DO ESPÍRITO SANTO,"RUA SANTA CECÍLIA, S/N - ZONA URBANA",ITINGA,42738795,-12.901391,-38.3494854,384,Sem acessibilidade,2026-09-22 13:43:00,296394406601597593627533
UE2015 (Anterior),LAURO DE FREITAS,180,507,1656972,ESCOLA MUNICIPAL EDIVALDO BOAVENTURA,RUA DOIS DE JULHO S/N - ZONA URBANA,AREIA BRANCA,42700000,-12.8385849,-38.3498977,393,Sem acessibilidade,2026-09-22 13:56:00,397304615711995041510835
UE2015 (Anterior),LAURO DE FREITAS,180,508,1676693,ESCOLA MUNICIPAL GREGÓRIO PINTO DE ALMEIDA,"AV. VITÓRIA DA CONQUISTA, S/N - ZONA URBANA",VILA PRAIANA,42700000,-12.9004218,-38.3084042,399,Sem acessibilidade,2026-09-22 14:08:00,649829971436048230014823
UE2015 (Anterior),LAURO DE FREITAS,180,509,1670731,ESCOLA MUNICIPAL SANTA RITA,"PARQUE SANTA RITA - SETOR 1, S/N - ZONA URBANA",ITINGA,42740040,-12.8910525,-38.3526815,390,Sem acessibilidade,2026-09-22 14:22:00,94374532881258288977514
UE2015 (Anterior),LAURO DE FREITAS,180,510,1668274,ESCOLA MUNICIPAL SANTA RITA,"PARQUE SANTA RITA - SETOR 1, S/N - ZONA URBANA",ITINGA,42740040,-12.8910525,-38.3526815,389,Sem acessibilidade,2026-09-22 14:37:00,690334218541298487890723
UE2015 (Anterior),LAURO DE FREITAS,180,511,1676631,ESCOLA MUNICIPAL SANTA RITA,"PARQUE SANTA RITA - SETOR 1, S/N - ZONA URBANA",ITINGA,42740040,-12.8910525,-38.3526815,390,Sem acessibilidade,2026-09-22 14:47:00,316596949703004785130387
UE2015 (Anterior),LAURO DE FREITAS,180,512,1654815,ESCOLA MUNICIPAL JARDIM IPITANGA,"RUA MARIA DE LOURDES DA SILVA, S/N",CAJI,42721190,-12.8770787,-38.3367951,393,Sem acessibilidade,2026-09-22 15:11:00,932758674765047872498822
UE2015 (Anterior),LAURO DE FREITAS,180,513,1676126,ESCOLA MUNICIPAL SANTA RITA,"PARQUE SANTA RITA - SETOR 1, S/N - ZONA URBANA",ITINGA,42740040,-12.8910525,-38.3526815,388,Sem acessibilidade,2026-09-22 15:20:00,558920402027689705621520
UE2015 (Anterior),LAURO DE FREITAS,180,514,1656076,ESCOLA MUNICIPAL GREGÓRIO PINTO DE ALMEIDA,"AV. VITÓRIA DA CONQUISTA, S/N - ZONA URBANA",VILA PRAIANA,42700000,-12.9004218,-38.3084042,403,Sem acessibilidade,2026-09-22 15:31:00,23667989374319869865032
UE2015 (Anterior),LAURO DE FREITAS,180,515,1680642,ESCOLA MUNICIPAL JARDIM IPITANGA,"RUA MARIA DE LOURDES DA SILVA, S/N",CAJI,42721190,-12.8770787,-38.3367951,393,Sem acessibilidade,2026-09-22 15:41:00,154980225887533520350615
UE2015 (Anterior),LAURO DE FREITAS,180,516,1654449,ESCOLA MUNICIPAL JARDIM IPITANGA,"RUA MARIA DE LOURDES DA SILVA, S/N",CAJI,42721190,-12.8770787,-38.3367951,388,Sem acessibilidade,2026-09-22 15:50:00,296394472401694578217588
UE2015 (Anterior),LAURO DE FREITAS,180,517,1657513,ESCOLA MUNICIPAL JARDIM IPITANGA,"RUA MARIA DE LOURDES DA SILVA, S/N",CAJI,42721190,-12.8770787,-38.3367951,389,Sem acessibilidade,2026-09-22 16:02:00,165081455888361162753585
UE2015 (Anterior),LAURO DE FREITAS,180,518,1653175,IFBA CAMPUS LAURO DE FREITAS,"RUA SÃO CRISTÓVÃO, S/N - ZONA URBANA",ITINGA,42739005,-12.8902151,-38.3539247,397,Sem acessibilidade,2026-09-22 16:13:00,912556315363276633421087
UE2015 (Anterior),LAURO DE FREITAS,180,519,1675919,SENAI LAURO DE FREITAS,"AV. LUIZ TARQUÍNIO PONTES, N 938 - ZONA URBANA",CENTRO,42702420,-12.8903713,-38.3128498,309,Sem acessibilidade,2026-09-22 16:23:00,124677634084573532861530
UE2015 (Anterior),LAURO DE FREITAS,180,520,1656333,"CEEP TIC - CENTRO ESTADUAL DE EDUC PROF EM TEC, INF E COMUNIC",RUA EUVALDO SANTOS LEITE S/N,CENTRO,42703510,-12.898685,-38.3265826,402,Sem acessibilidade,2026-09-22 16:33:00,518516109223050375922673
UE2015 (Anterior),LAURO DE FREITAS,180,521,1665333,SENAI LAURO DE FREITAS,"AV. LUIZ TARQUÍNIO PONTES, N 938 - ZONA URBANA",CENTRO,42702420,-12.8903713,-38.3128498,403,Sem acessibilidade,2026-09-22 16:45:00,64071764978831585020214
UE2015 (Anterior),LAURO DE FREITAS,180,522,1670095,IFBA CAMPUS LAURO DE FREITAS,"RUA SÃO CRISTÓVÃO, S/N - ZONA URBANA",ITINGA,42739005,-12.8902151,-38.3539247,396,Sem acessibilidade,2026-09-22 16:57:00,457910261717459787885270
UE2015 (Anterior),LAURO DE FREITAS,180,523,1656681,SENAI LAURO DE FREITAS,"AV. LUIZ TARQUÍNIO PONTES, N 938 - ZONA URBANA",CENTRO,42702420,-12.8903713,-38.3128498,400,Sem acessibilidade,2026-09-22 17:17:00,175182091689924919913187
UE2015 (Anterior),LAURO DE FREITAS,180,524,1665630,CENTRO MUNICIPAL DE EDUCAÇÃO INFANTIL DOUTOR DJALMA RAMOS,RUA DE PENETRAÇÃO I S/N,VIDA NOVA,42717650,-12.8790918,-38.3332173,390,Sem acessibilidade,2026-09-22 17:34:00,892354922661615730259757
UE2015 (Anterior),LAURO DE FREITAS,180,525,1656243,SENAI LAURO DE FREITAS,"AV. LUIZ TARQUÍNIO PONTES, N 938 - ZONA URBANA",CENTRO,42702420,-12.8903713,-38.3128498,408,Sem acessibilidade,2026-09-22 17:49:00,639728770835795376617048
UE2015 (Anterior),LAURO DE FREITAS,180,526,1664113,SENAI LAURO DE FREITAS,"AV. LUIZ TARQUÍNIO PONTES, N 938 - ZONA URBANA",CENTRO,42702420,-12.8903713,-38.3128498,404,Sem acessibilidade,2026-09-22 17:58:00,3465259872185848841243
UE2015 (Anterior),LAURO DE FREITAS,180,527,1658329,IFBA CAMPUS LAURO DE FREITAS,"RUA SÃO CRISTÓVÃO, S/N - ZONA URBANA",ITINGA,42739005,-12.8902151,-38.3539247,403,Sem acessibilidade,2026-09-22 18:22:00,973162339969576685397499
UE2015 (Anterior),LAURO DE FREITAS,180,528,1651354,SENAI LAURO DE FREITAS,"AV. LUIZ TARQUÍNIO PONTES, N 938 - ZONA URBANA",CENTRO,42702420,-12.8903713,-38.3128498,400,Sem acessibilidade,2026-09-22 18:45:00,983263452570979406586971
UE2015 (Anterior),LAURO DE FREITAS,180,529,1650710,CENTRO MUNICIPAL DE EDUCAÇÃO INFANTIL DOUTOR DJALMA RAMOS,RUA DE PENETRAÇÃO I S/N,VIDA NOVA,42717650,-12.8790918,-38.3332173,385,Sem acessibilidade,2026-09-22 19:07:00,983263566470868666017440
UE2015 (Anterior),LAURO DE FREITAS,180,530,1664854,ESCOLA MUNICIPAL QUINGOMA,"RUA SÃO JOSÉ, N 10 - ZONA URBANA",QUINGOMA,42700000,-12.8690967,-38.3266878,212,Sem acessibilidade,2026-09-22 19:17:00,478112134719447278313334
UE2015 (Anterior),LAURO DE FREITAS,180,531,1655643,IFBA CAMPUS LAURO DE FREITAS,"RUA SÃO CRISTÓVÃO, S/N - ZONA URBANA",ITINGA,42739005,-12.8902151,-38.3539247,398,Sem acessibilidade,2026-09-22 19:32:00,104475877482905482578523
UE2015 (Anterior),LAURO DE FREITAS,180,532,1676096,SENAI LAURO DE FREITAS,"AV. LUIZ TARQUÍNIO PONTES, N 938 - ZONA URBANA",CENTRO,42702420,-12.8903713,-38.3128498,400,Sem acessibilidade,2026-09-22 19:42:00,124677004784016266357298
UE2015 (Anterior),LAURO DE FREITAS,180,533,1656676,CENTRO MUNICIPAL DE EDUCAÇÃO INFANTIL DOUTOR DJALMA RAMOS,RUA DE PENETRAÇÃO I S/N,VIDA NOVA,42717650,-12.8790918,-38.3332173,380,Sem acessibilidade,2026-09-22 19:53:00,660031659938716427669461
UE2015 (Anterior),LAURO DE FREITAS,180,534,1656040,SENAI LAURO DE FREITAS,"AV. LUIZ TARQUÍNIO PONTES, N 938 - ZONA URBANA",CENTRO,42702420,-12.8903713,-38.3128498,402,Sem acessibilidade,2026-09-22 20:03:00,235788332795919327976685
UE2015 (Anterior),LAURO DE FREITAS,180,535,1672044,IFBA CAMPUS LAURO DE FREITAS,"RUA SÃO CRISTÓVÃO, S/N - ZONA URBANA",ITINGA,42739005,-12.8902151,-38.3539247,390,Sem acessibilidade,2026-09-22 20:13:00,882253091460656454635722
UE2015 (Anterior),LAURO DE FREITAS,180,536,1674174,SENAI LAURO DE FREITAS,"AV. LUIZ TARQUÍNIO PONTES, N 938 - ZONA URBANA",CENTRO,42702420,-12.8903713,-38.3128498,403,Sem acessibilidade,2026-09-22 20:23:00,821647146654689172399028
UE2015 (Anterior),LAURO DE FREITAS,180,537,1657856,"CEEP TIC - CENTRO ESTADUAL DE EDUC PROF EM TEC, INF E COMUNIC",RUA EUVALDO SANTOS LEITE S/N,CENTRO,42703510,-12.898685,-38.3265826,382,Sem acessibilidade,2026-09-22 20:33:00,245889675896193899868342
UE2015 (Anterior),LAURO DE FREITAS,180,538,1656050,CENTRO MUNICIPAL DE EDUCAÇÃO INFANTIL DOUTOR DJALMA RAMOS,RUA DE PENETRAÇÃO I S/N,VIDA NOVA,42717650,-12.8790918,-38.3332173,393,Sem acessibilidade,2026-09-22 20:43:00,993364531471030918778968
UE2015 (Anterior),LAURO DE FREITAS,180,539,1656425,ESCOLA MUNICIPAL SANTA RITA,"PARQUE SANTA RITA - SETOR 1, S/N - ZONA URBANA",ITINGA,42740040,-12.8910525,-38.3526815,388,Sem acessibilidade,2026-09-22 20:53:00,407405059512538554480405
UE2015 (Anterior),LAURO DE FREITAS,180,540,1680941,SENAI LAURO DE FREITAS,"AV. LUIZ TARQUÍNIO PONTES, N 938 - ZONA URBANA",CENTRO,42702420,-12.8903713,-38.3128498,396,Sem acessibilidade,2026-09-22 21:03:00,255990988097042273918304
UE2015 (Anterior),LAURO DE FREITAS,180,541,1656779,IFBA CAMPUS LAURO DE FREITAS,"RUA SÃO CRISTÓVÃO, S/N - ZONA URBANA",ITINGA,42739005,-12.8902151,-38.3539247,395,Sem acessibilidade,2026-09-22 21:13:00,134778978085013141054252
UE2015 (Anterior),LAURO DE FREITAS,180,542,1673744,"CEEP TIC - CENTRO ESTADUAL DE EDUC PROF EM TEC, INF E COMUNIC",RUA EUVALDO SANTOS LEITE S/N,CENTRO,42703510,-12.898685,-38.3265826,387,Sem acessibilidade,2026-09-22 21:25:00,356900301907464174309097
UE2015 (Anterior),LAURO DE FREITAS,180,543,1673229,CENTRO MUNICIPAL DE EDUCAÇÃO INFANTIL DOUTOR DJALMA RAMOS,RUA DE PENETRAÇÃO I S/N,VIDA NOVA,42717650,-12.8790918,-38.3332173,364,Sem acessibilidade,2026-09-22 21:35:00,427607481414627642964574
UE2015 (Anterior),LAURO DE FREITAS,180,544,1681258,COLÉGIO ESTADUAL DE TEMPO INTEGRAL DE PORTÃO,"AVENIDA QUEIRA DEUS, N 971",PORTÃO,42713480,-12.8640845,-38.3086014,261,Sem acessibilidade,2026-09-22 21:31:00,154980320401071356789179
UE2015 (Anterior),LAURO DE FREITAS,180,545,1655197,"CEEP TIC - CENTRO ESTADUAL DE EDUC PROF EM TEC, INF E COMUNIC",RUA EUVALDO SANTOS LEITE S/N,CENTRO,42703510,-12.898685,-38.3265826,393,Sem acessibilidade,2026-09-22 21:10:00,730738019359401307508212
UE2015 (Anterior),LAURO DE FREITAS,180,546,1680403,UNIME - UNIÃO METROPOLITANA DE EDUCAÇÃO E CULTURA,"AV LUIZ TARQUINIO PONTES, 600 - ZONA URBANA",CENTRO,42700000,-12.8910038,-38.3153824,400,Sem acessibilidade,2026-09-22 21:21:00,397304783325222692712825
UE2015 (Anterior),LAURO DE FREITAS,180,547,1655960,COLÉGIO APOIO,AVENIDA PRAIA DE ITAPUÃ QUADRA 23 LOTE 44 - ZONA URBANA,VILAS DO ATLÂNTICO,42700000,-12.8880195,-38.2975145,416,Sem acessibilidade,2026-09-22 21:00:00,367001861622943333098456
UE2015 (Anterior),LAURO DE FREITAS,180,548,1654491,ESCOLA MUNICIPAL DO LOTEAMENTO SANTA JÚLIA,"LOTEAMENTO SANTA JÚLIA, S/N  - ZONA URBANA",ITINGA,42700000,-12.8887177,-38.3528656,402,Sem acessibilidade,2026-09-22 20:40:00,468011072432297171373740
UE2015 (Anterior),LAURO DE FREITAS,180,549,1654539,ESCOLA MUNICIPAL VIDA NOVA,"RUA VIA LOCAL, S/N - ZONA URBANA",VIDA NOVA,42700000,-12.8871421,-38.3461903,401,Sem acessibilidade,2026-09-22 20:51:00,963061688782951866569780
UE2015 (Anterior),LAURO DE FREITAS,180,550,1654889,ESCOLA MUNICIPAL PEDRO PARANHOS,RUA QUEIRA DEUS S/N - ZONA URBANA,PORTÃO,42700000,-12.8632,-38.3099345,255,Sem acessibilidade,2026-09-22 21:44:00,548819342140763725988443
UE2015 (Anterior),LAURO DE FREITAS,180,551,1650514,COLÉGIO ESTADUAL HERMANO GOUVEIA NETO,LOTEAMENTO VIDA NOVA S/N - ZONA URBANA,CAJI,42700000,-12.881228,-38.331427,326,Sem acessibilidade,2026-09-22 20:20:00,872152787573523113455819
UE2015 (Anterior),LAURO DE FREITAS,180,552,1654922,ESCOLA MUNICIPAL MERCEDES DO ESPÍRITO SANTO,"RUA SANTA CECÍLIA, S/N - ZONA URBANA",ITINGA,42738795,-12.901391,-38.3494854,197,Sem acessibilidade,2026-09-22 20:30:00,659930671051397505800112
UE2015 (Anterior),LAURO DE FREITAS,180,553,1673000,COLÉGIO MENDEL,"RUA PRAIA DO FORTE, S/N - ZONA URBANA",VILAS DO ATLÂNTICO,42700000,-12.8819411,-38.3011083,400,Sem acessibilidade,2026-09-22 19:51:00,306495438516216701051155
UE2015 (Anterior),LAURO DE FREITAS,180,554,1652743,ESCOLA MUNICIPAL CATARINA DE SENA,"AV. DR. GERINO DE SOUZA FILHO, S/N - ZONA URBANA",CAJI,42700000,-12.8859109,-38.3232413,334,Sem acessibilidade,2026-09-22 20:00:00,387203628224851869243897
UE2015 (Anterior),LAURO DE FREITAS,180,555,1656041,COLÉGIO APOIO,AVENIDA PRAIA DE ITAPUÃ QUADRA 23 LOTE 44 - ZONA URBANA,VILAS DO ATLÂNTICO,42700000,-12.8880195,-38.2975145,403,Sem acessibilidade,2026-09-22 20:10:00,912556260477473520362597
UE2015 (Anterior),LAURO DE FREITAS,180,556,1674368,SENAI LAURO DE FREITAS,"AV. LUIZ TARQUÍNIO PONTES, N 938 - ZONA URBANA",CENTRO,42702420,-12.8903713,-38.3128498,327,Sem acessibilidade,2026-09-22 15:54:00,639728098660317036882075
UE2015 (Anterior),LAURO DE FREITAS,180,557,1656544,UNIME - UNIÃO METROPOLITANA DE EDUCAÇÃO E CULTURA,"AV LUIZ TARQUINIO PONTES, 600 - ZONA URBANA",CENTRO,42700000,-12.8910038,-38.3153824,396,Sem acessibilidade,2026-09-22 18:37:00,659930224062696838333148
UE2015 (Anterior),LAURO DE FREITAS,180,558,1664838,COLÉGIO ESTADUAL AMÉRICO SIMAS,AVENIDA BRIGADEIRO MÁRIO EPINGAUS S/N - ZONA URBANA,CENTRO,42700000,-12.8977602,-38.322719,219,Sem acessibilidade,2026-09-22 18:45:00,639728317760628747632689
UE2015 (Anterior),LAURO DE FREITAS,180,559,1656364,ESCOLA MUNICIPAL DA VILA PRAIANA,ALTO DA VILA PRAIANA S/N - ZONA URBANA,CENTRO,42700000,-12.9012509,-38.3190371,228,Sem acessibilidade,2026-09-22 18:55:00,53970848802135476736072
UE2015 (Anterior),LAURO DE FREITAS,180,560,1657978,CENTRO EDUCACIONAL MUNICIPAL FÊNIX,RUA SÃO JORGE S/N - ZONA URBANA,CENTRO,42700000,-12.9009953,-38.3192884,249,Sem acessibilidade,2026-09-22 19:04:00,346899211531017211787210
UE2015 (Anterior),LAURO DE FREITAS,180,561,1657849,ESCOLA MUNICIPAL ANA LÚCIA MAGALHÃES,AVENIDA BRIGADEIRO MÁRIO EPINGAUS S/N - ZONA URBANA,CENTRO,42700000,-12.8975754,-38.3224623,199,Sem acessibilidade,2026-09-22 19:16:00,963061944693863983163947
UE2015 (Anterior),LAURO DE FREITAS,180,562,1655637,IFBA CAMPUS LAURO DE FREITAS,"RUA SÃO CRISTÓVÃO, S/N - ZONA URBANA",ITINGA,42739005,-12.8902151,-38.3539247,353,Sem acessibilidade,2026-09-22 19:28:00,639728725260760335781979
UE2015 (Anterior),LAURO DE FREITAS,180,563,1657432,COLÉGIO APOIO,AVENIDA PRAIA DE ITAPUÃ QUADRA 23 LOTE 44 - ZONA URBANA,VILAS DO ATLÂNTICO,42700000,-12.8880195,-38.2975145,404,Sem acessibilidade,2026-09-22 19:36:00,902455103887988351488073
UE2015 (Anterior),LAURO DE FREITAS,180,564,1650856,"CEEP TIC - CENTRO ESTADUAL DE EDUC PROF EM TEC, INF E COMUNIC",RUA EUVALDO SANTOS LEITE S/N,CENTRO,42703510,-12.898685,-38.3265826,269,Sem acessibilidade,2026-09-22 19:45:00,700435014167805425428809
UE2015 (Anterior),LAURO DE FREITAS,180,565,1669594,UNIME - UNIÃO METROPOLITANA DE EDUCAÇÃO E CULTURA,"AV LUIZ TARQUINIO PONTES, 600 - ZONA URBANA",CENTRO,42700000,-12.8910038,-38.3153824,267,Sem acessibilidade,2026-09-22 19:53:00,457910871342500011045157
UE2015 (Anterior),LAURO DE FREITAS,180,566,1651383,COLÉGIO MENDEL,"RUA PRAIA DO FORTE, S/N - ZONA URBANA",VILAS DO ATLÂNTICO,42700000,-12.8819411,-38.3011083,231,Sem acessibilidade,2026-09-22 20:04:00,498314020046247034075679
UE2015 (Anterior),LAURO DE FREITAS,180,567,1655658,ESCOLA MUNICIPAL VIDA NOVA,"RUA VIA LOCAL, S/N - ZONA URBANA",VIDA NOVA,42700000,-12.8871421,-38.3461903,110,Sem acessibilidade,2026-09-22 20:12:00,165081803613867653265933
UE2015 (Anterior),LAURO DE FREITAS,180,568,1673057,CENTRO DE CUSTÓDIA PROVISÓRIA E ACOMPANHAMENTO (CCPA),"RUA 15 DE JANEIRO, SN",CAJI,42721800,-1.0,-1.0,0,Sem acessibilidade,2026-09-22 20:26:00,660031413963730441794874
UE2015 (Anterior),MACURURÉ,158,43,1772094,COLEGIO ESTADUAL DE MACURURE,AV. ANTONIO CARLOS MAGALHAES - ZONA URBANA,CENTRO,48650000,-9.175283,-39.0530147,297,Com acessibilidade,2026-10-01 14:06:00,69138679435093349513311
UE2015 (Anterior),MACURURÉ,158,44,1768429,GRUPO ESCOLAR SENHOR DO BONFIM,AV. ANTONIO CARLOS MAGALHAES - ZONA URBANA,CENTRO,48650000,-9.1716773,-39.0587003,245,Com acessibilidade,2026-10-01 14:20:00,180350904547977909558831
UE2015 (Anterior),MACURURÉ,158,45,1752248,GRUPO ESCOLAR NAVARRO DE BRITO,AV. ANTONIO CARLOS MAGALHAES - ZONA URBANA,CENTRO,48650000,-9.1711005,-39.0591513,295,Com acessibilidade,2026-10-01 14:33:00,725704553301811133400354
UE2015 (Anterior),MACURURÉ,158,46,1786910,COLEGIO ESTADUAL DE MACURURE,AV. ANTONIO CARLOS MAGALHAES - ZONA URBANA,CENTRO,48650000,-9.175283,-39.0530147,290,Com acessibilidade,2026-10-01 14:44:00,493481432378740015634623
UE2015 (Anterior),MACURURÉ,158,47,1767382,COLEGIO ESTADUAL DE MACURURE,AV. ANTONIO CARLOS MAGALHAES - ZONA URBANA,CENTRO,48650000,-9.175283,-39.0530147,292,Com acessibilidade,2026-09-23 10:57:00,321764374661752870584993
UE2015 (Anterior),MACURURÉ,158,48,1837863,COLEGIO ESTADUAL DE MACURURE,AV. ANTONIO CARLOS MAGALHAES - ZONA URBANA,CENTRO,48650000,-9.175283,-39.0530147,295,Com acessibilidade,2026-09-23 11:10:00,180350342847874946966688
UE2015 (Anterior),MACURURÉ,158,49,1825733,ESCOLA MUNICIPAL RUY BARBOSA,POVOADO FORMOSA - ZONA RURAL,POVOADO FORMOSA,48650000,-9.5984607,-39.099005,149,Sem acessibilidade,2026-09-23 11:20:00,463178738775240310475195
UE2015 (Anterior),MACURURÉ,158,51,1793766,ESCOLA MUNICIPAL RUY BARBOSA,POVOADO FORMOSA - ZONA RURAL,POVOADO FORMOSA,48650000,-9.5984607,-39.099005,146,Sem acessibilidade,2026-09-23 11:31:00,675299132096610525846569
UE2015 (Anterior),MACURURÉ,158,52,1756956,ESCOLA MUNICIPAL LOURENÇO CARDOSO VARJÃO,"POVOADO SÃO FRANCISCO, ZONA RURAL, MACURURÉ-BA",POVOADO SAO FRANCISCO,48650000,-9.4559133,-38.8624062,307,Com acessibilidade,2026-09-23 11:39:00,644996210393143850008401
UE2015 (Anterior),MACURURÉ,158,53,1836037,ESCOLA MUNICIPAL VEREADOR ANTONIO GOMES LIMA,POVOADO SALGADO DO MELAO - ZONA RURAL,POVOADO SALGADO DO MELAO,48650000,-9.2974445,-38.6887934,139,Com acessibilidade,2026-09-23 11:49:00,776209452506360311600461
UE2015 (Anterior),MACURURÉ,158,55,1764253,ESCOLA MUNICIPAL AMÉRICO RODRIGUES PASSOS,POVOADO SANSAITE - ZONA RURAL,POVOADO SANSAITE,48650000,-9.0630491,-38.8979843,150,Sem acessibilidade,2026-09-23 12:25:00,200552107649447947135807
UE2015 (Anterior),MACURURÉ,158,56,1771315,ESCOLA MUNICIPAL AMÉRICO RODRIGUES PASSOS,POVOADO SANSAITE - ZONA RURAL,POVOADO SANSAITE,48650000,-9.0630491,-38.8979843,154,Sem acessibilidade,2026-09-23 12:35:00,422774436371757408879876
UE2015 (Anterior),MACURURÉ,158,57,1819517,GRUPO ESCOLAR SENHOR DO BONFIM,AV. ANTONIO CARLOS MAGALHAES - ZONA URBANA,CENTRO,48650000,-9.1716773,-39.0587003,245,Com acessibilidade,2026-09-23 12:43:00,958027076124235132702678
UE2015 (Anterior),MACURURÉ,158,58,1761619,GRUPO ESCOLAR SENHOR DO BONFIM,AV. ANTONIO CARLOS MAGALHAES - ZONA URBANA,CENTRO,48650000,-9.1716773,-39.0587003,245,Sem acessibilidade,2026-09-23 12:53:00,503582731779878487415924
UE2015 (Anterior),MACURURÉ,158,63,1756061,COLEGIO ESTADUAL DE MACURURE,AV. ANTONIO CARLOS MAGALHAES - ZONA URBANA,CENTRO,48650000,-9.175283,-39.0530147,296,Com acessibilidade,2026-09-23 13:04:00,826714572411929803933418
UE2015 (Anterior),MACURURÉ,158,75,1806931,GRUPO ESCOLAR NAVARRO DE BRITO,AV. ANTONIO CARLOS MAGALHAES - ZONA URBANA,CENTRO,48650000,-9.1711005,-39.0591513,293,Com acessibilidade,2026-09-23 13:14:00,806512840409999386675284
UE2015 (Anterior),MACURURÉ,158,77,1759217,COLEGIO ESTADUAL DE MACURURE,AV. ANTONIO CARLOS MAGALHAES - ZONA URBANA,CENTRO,48650000,-9.175283,-39.0530147,290,Com acessibilidade,2026-09-23 13:22:00,836815096512975708139330
UE2015 (Anterior),MACURURÉ,158,86,1761319,GRUPO ESCOLAR NAVARRO DE BRITO,AV. ANTONIO CARLOS MAGALHAES - ZONA URBANA,CENTRO,48650000,-9.1711005,-39.0591513,297,Com acessibilidade,2026-09-23 13:31:00,139845355942291905342652
UE2015 (Anterior),MACURURÉ,158,89,1836891,ESCOLA MUNICIPAL LOURENÇO CARDOSO VARJÃO,"POVOADO SÃO FRANCISCO, ZONA RURAL, MACURURÉ-BA",POVOADO SAO FRANCISCO,48650000,-9.4559133,-38.8624062,304,Com acessibilidade,2026-09-23 13:46:00,129744672841723328916662
UE2015 (Anterior),MACURURÉ,158,91,1836005,ESCOLA MUNICIPAL VEREADOR ANTONIO GOMES LIMA,POVOADO SALGADO DO MELAO - ZONA RURAL,POVOADO SALGADO DO MELAO,48650000,-9.2974445,-38.6887934,137,Sem acessibilidade,2026-09-23 13:56:00,28734769931719595286001
UE2015 (Anterior),MACURURÉ,158,152,1825843,GRUPO ESCOLAR SENHOR DO BONFIM,AV. ANTONIO CARLOS MAGALHAES - ZONA URBANA,CENTRO,48650000,-9.1716773,-39.0587003,245,Sem acessibilidade,2026-09-23 14:05:00,422774080171700954846114
UE2015 (Anterior),MACURURÉ,158,158,1764675,ESCOLA MUNICIPAL SÃO JOSÉ,POVOADO ICÓ - ZONA RURAL,POVOADO ICÓ,48650000,-9.3599964,-38.7172201,260,Com acessibilidade,2026-09-23 14:14:00,776209090106079730640772
UE2015 (Anterior),MACURURÉ,158,159,1759583,ESCOLA MUNICIPAL SÃO SEBASTIÃO,SÍTIO DOS BERNARDOS - ZONA RURAL,SÍTIO DOS BERNARDOS,48650000,-9.2391695,-38.8668266,389,Com acessibilidade,2026-09-23 14:23:00,453077888974778349414111
UE2015 (Anterior),MACURURÉ,158,173,1656418,ESCOLA MUNICIPAL FAUSTINO PEDROSO FILHO,"POVOADO RIACHO DOS CALDEIRÕES, S/N, ZONA RURAL",POVOADO RIACHO DOS CALDEIRÕES,48650000,-9.0953465,-39.0150693,118,Sem acessibilidade,2026-09-23 14:31:00,129744038341397168972990
UE2015 (Anterior),MADRE DE DEUS,162,65,1680180,CENTRO DE EDUCAÇÃO INFANTIL FREI GOLDOFREDO RALF,RUA SÃO BRÁS,CENTRO,42600000,-12.7388905,-38.6166366,322,Com acessibilidade,2026-09-23 10:07:00,977670943180958052059204
UE2015 (Anterior),MADRE DE DEUS,162,66,1655085,CENTRO DE EDUCAÇÃO INFANTIL FREI GOLDOFREDO RALF,RUA SÃO BRÁS,CENTRO,42600000,-12.7388905,-38.6166366,326,Com acessibilidade,2026-09-23 10:18:00,694842775352834771154025
UE2015 (Anterior),MADRE DE DEUS,162,67,1676371,CENTRO DE EDUCAÇÃO INFANTIL FREI GOLDOFREDO RALF,RUA SÃO BRÁS,CENTRO,42600000,-12.7388905,-38.6166366,318,Com acessibilidade,2026-09-23 10:28:00,331206522216566798567658
UE2015 (Anterior),MADRE DE DEUS,162,68,1675536,ESCOLA DJAIR MARIA PINHEIRO,CONJ HABITACIONAL NOVA MADRE DE DEUS - ZONA URBANA,NOVA MADRE DE DEUS,42600000,-12.7397285,-38.6174123,366,Com acessibilidade,2026-09-23 10:38:00,159488451098472669189318
UE2015 (Anterior),MADRE DE DEUS,162,69,1656545,ESCOLA DJAIR MARIA PINHEIRO,CONJ HABITACIONAL NOVA MADRE DE DEUS - ZONA URBANA,NOVA MADRE DE DEUS,42600000,-12.7397285,-38.6174123,367,Sem acessibilidade,2026-09-23 10:46:00,48377458887311334445646
UE2015 (Anterior),MADRE DE DEUS,162,70,1667536,ESCOLA DJAIR MARIA PINHEIRO,CONJ HABITACIONAL NOVA MADRE DE DEUS - ZONA URBANA,NOVA MADRE DE DEUS,42600000,-12.7397285,-38.6174123,365,Com acessibilidade,2026-09-23 10:54:00,311004803314532477405086
UE2015 (Anterior),MADRE DE DEUS,162,71,1652233,ESCOLA DJAIR MARIA PINHEIRO,CONJ HABITACIONAL NOVA MADRE DE DEUS - ZONA URBANA,NOVA MADRE DE DEUS,42600000,-12.7397285,-38.6174123,363,Sem acessibilidade,2026-09-23 11:03:00,432216034126246972010206
UE2015 (Anterior),MADRE DE DEUS,162,72,1665133,COMPLEXO MAGALHÃES NETTO,"RUA NELSON BARBOSA AZEVEDO, 122 - ZONA URBANA",CENTRO,42600000,-12.7415383,-38.6140752,381,Sem acessibilidade,2026-09-23 11:12:00,513024228034346142326786
UE2015 (Anterior),MADRE DE DEUS,162,73,1673223,COMPLEXO MAGALHÃES NETTO,"RUA NELSON BARBOSA AZEVEDO, 122 - ZONA URBANA",CENTRO,42600000,-12.7415383,-38.6140752,384,Sem acessibilidade,2026-09-23 12:05:00,442317266227506737465730
UE2015 (Anterior),MADRE DE DEUS,162,74,1667205,COMPLEXO MAGALHÃES NETTO,"RUA NELSON BARBOSA AZEVEDO, 122 - ZONA URBANA",CENTRO,42600000,-12.7415383,-38.6140752,384,Sem acessibilidade,2026-09-23 11:47:00,98882024892547677839266
UE2015 (Anterior),MADRE DE DEUS,162,75,1653973,COMPLEXO MAGALHÃES NETTO,"RUA NELSON BARBOSA AZEVEDO, 122 - ZONA URBANA",CENTRO,42600000,-12.7415383,-38.6140752,381,Sem acessibilidade,2026-09-23 11:50:00,533226575336585331651236
UE2015 (Anterior),MADRE DE DEUS,162,76,1675581,COMPLEXO MAGALHÃES NETTO,"RUA NELSON BARBOSA AZEVEDO, 122 - ZONA URBANA",CENTRO,42600000,-12.7415383,-38.6140752,383,Sem acessibilidade,2026-09-23 13:06:00,68579211189302240074502
UE2015 (Anterior),MADRE DE DEUS,162,77,1656780,COMPLEXO MAGALHÃES NETTO,"RUA NELSON BARBOSA AZEVEDO, 122 - ZONA URBANA",CENTRO,42600000,-12.7415383,-38.6140752,382,Sem acessibilidade,2026-09-23 12:17:00,987771249581272806152194
UE2015 (Anterior),MADRE DE DEUS,162,78,1654339,ESCOLA MUNICIPAL DE MARIA GUARDA,"RUA BEIRA MAR , S/N - ZONA RURAL",POVOADO ILHA DE MARIA GUARDA,42600000,-12.7353987,-38.6359381,317,Sem acessibilidade,2026-09-23 12:26:00,533226903036843959473562
UE2015 (Anterior),MADRE DE DEUS,162,79,1654495,ESCOLA MUNICIPAL ANTÔNIO CARLOS MAGALHÃES,"RUA PROFESSOR ANTÔNIO BALBINO, S/N - ZONA URBANA",SUAPE,42600000,-12.7360522,-38.6053101,383,Com acessibilidade,2026-09-23 12:38:00,563529047039101478160874
UE2015 (Anterior),MADRE DE DEUS,162,80,1651854,ESCOLA MUNICIPAL ANTÔNIO CARLOS MAGALHÃES,"RUA PROFESSOR ANTÔNIO BALBINO, S/N - ZONA URBANA",SUAPE,42600000,-12.7360522,-38.6053101,383,Com acessibilidade,2026-09-23 12:55:00,583731142041090326587541
UE2015 (Anterior),MADRE DE DEUS,162,81,1657405,ESCOLA MUNICIPAL ANTÔNIO CARLOS MAGALHÃES,"RUA PROFESSOR ANTÔNIO BALBINO, S/N - ZONA URBANA",SUAPE,42600000,-12.7360522,-38.6053101,386,Com acessibilidade,2026-09-23 13:16:00,876660542970209900187187
UE2015 (Anterior),MADRE DE DEUS,162,82,1677270,ESCOLA NOSSA SENHORA DE MADRE DE DEUS,"RUA A, S/N - ZONA URBANA  ",NOVA MADRE DE DEUS,42600000,-12.7402032,-38.6161764,371,Com acessibilidade,2026-09-23 13:26:00,88781869091501891422814
UE2015 (Anterior),MADRE DE DEUS,162,83,1676638,ESCOLA MUNICIPAL LUIZ EDUARDO MAGALHÃES,"RUA FRANCISCO LEITÃO, S/N  - ZONA URBANA",CENTRO,42600000,-12.7390115,-38.6144246,277,Com acessibilidade,2026-09-23 13:37:00,816054701064396644877749
UE2015 (Anterior),MADRE DE DEUS,162,84,1656378,ESCOLA MUNICIPAL LUIZ EDUARDO MAGALHÃES,"RUA FRANCISCO LEITÃO, S/N  - ZONA URBANA",CENTRO,42600000,-12.7390115,-38.6144246,312,Com acessibilidade,2026-09-23 13:48:00,614034619144356970340687
UE2015 (Anterior),MADRE DE DEUS,162,85,1669279,ESCOLA DJAIR MARIA PINHEIRO,CONJ HABITACIONAL NOVA MADRE DE DEUS - ZONA URBANA,NOVA MADRE DE DEUS,42600000,-12.7397285,-38.6174123,365,Sem acessibilidade,2026-09-23 13:57:00,18074127184770219716320
UE2015 (Anterior),MADRE DE DEUS,162,88,1652364,ESCOLA MUNICIPAL LUIZ EDUARDO MAGALHÃES,"RUA FRANCISCO LEITÃO, S/N  - ZONA URBANA",CENTRO,42600000,-12.7390115,-38.6144246,297,Com acessibilidade,2026-09-23 14:06:00,735246172056089453594203
UE2015 (Anterior),MADRE DE DEUS,162,90,1679143,ESCOLA NOSSA SENHORA DE MADRE DE DEUS,"RUA A, S/N - ZONA URBANA  ",NOVA MADRE DE DEUS,42600000,-12.7402032,-38.6161764,370,Com acessibilidade,2026-09-23 14:15:00,472620103430843087393172
UE2015 (Anterior),MADRE DE DEUS,162,91,1657515,ESCOLA MUNICIPAL ANTÔNIO CARLOS MAGALHÃES,"RUA PROFESSOR ANTÔNIO BALBINO, S/N - ZONA URBANA",SUAPE,42600000,-12.7360522,-38.6053101,382,Com acessibilidade,2026-09-23 14:25:00,715044453154177797305103
UE2015 (Anterior),MADRE DE DEUS,162,92,1675485,COMPLEXO MAGALHÃES NETTO,"RUA NELSON BARBOSA AZEVEDO, 122 - ZONA URBANA",CENTRO,42600000,-12.7415383,-38.6140752,383,Sem acessibilidade,2026-09-23 14:35:00,492822348332047736393493
UE2015 (Anterior),MADRE DE DEUS,162,94,1680841,ESCOLA MUNICIPAL LUIZ EDUARDO MAGALHÃES,"RUA FRANCISCO LEITÃO, S/N  - ZONA URBANA",CENTRO,42600000,-12.7390115,-38.6144246,292,Com acessibilidade,2026-09-23 10:02:00,816054882916448946095843
UE2015 (Anterior),MADRE DE DEUS,162,95,1654479,ESCOLA MUNICIPAL DE MARIA GUARDA,"RUA BEIRA MAR , S/N - ZONA RURAL",POVOADO ILHA DE MARIA GUARDA,42600000,-12.7353987,-38.6359381,318,Sem acessibilidade,2026-09-23 10:12:00,58478233340770608226181
UE2015 (Anterior),MADRE DE DEUS,162,97,1656056,ESCOLA NOSSA SENHORA DE MADRE DE DEUS,"RUA A, S/N - ZONA URBANA  ",NOVA MADRE DE DEUS,42600000,-12.7402032,-38.6161764,369,Com acessibilidade,2026-09-23 10:24:00,321105720167273423516756
UE2015 (Anterior),MADRE DE DEUS,162,98,1676534,COMPLEXO MAGALHÃES NETTO,"RUA NELSON BARBOSA AZEVEDO, 122 - ZONA URBANA",CENTRO,42600000,-12.7415383,-38.6140752,379,Sem acessibilidade,2026-09-23 10:34:00,603933114695649209604249
UE2015 (Anterior),MADRE DE DEUS,162,100,1666299,COLÉGIO PROFESSOR ANTÔNIO BALBINO,"RUA 13 DE JUNHO, 191 - ZONA URBANA",CENTRO,42600000,-12.7457371,-38.6173672,378,Com acessibilidade,2026-10-02 13:07:00,856458945020931288441145
UE2015 (Anterior),MADRE DE DEUS,162,107,1666840,ESCOLA MUNICIPAL LUIZ EDUARDO MAGALHÃES,"RUA FRANCISCO LEITÃO, S/N  - ZONA URBANA",CENTRO,42600000,-12.7390115,-38.6144246,292,Sem acessibilidade,2026-09-23 10:55:00,492822352084786676408397
UE2015 (Anterior),MADRE DE DEUS,162,110,1674256,ESCOLA MUNICIPAL ANTÔNIO CARLOS MAGALHÃES,"RUA PROFESSOR ANTÔNIO BALBINO, S/N - ZONA URBANA",SUAPE,42600000,-12.7360522,-38.6053101,383,Com acessibilidade,2026-09-23 11:06:00,452418613280479356454678
UE2015 (Anterior),MADRE DE DEUS,162,111,1657608,COLÉGIO PROFESSOR ANTÔNIO BALBINO,"RUA 13 DE JUNHO, 191 - ZONA URBANA",CENTRO,42600000,-12.7457371,-38.6173672,368,Com acessibilidade,2026-09-23 11:17:00,250498520860432016073331
UE2015 (Anterior),MADRE DE DEUS,162,112,1656741,COMPLEXO MAGALHÃES NETTO,"RUA NELSON BARBOSA AZEVEDO, 122 - ZONA URBANA",CENTRO,42600000,-12.7415383,-38.6140752,382,Sem acessibilidade,2026-09-23 11:25:00,876660254922009445281730
UE2015 (Anterior),MADRE DE DEUS,162,115,1652308,ESCOLA MUNICIPAL LUIZ EDUARDO MAGALHÃES,"RUA FRANCISCO LEITÃO, S/N  - ZONA URBANA",CENTRO,42600000,-12.7390115,-38.6144246,306,Sem acessibilidade,2026-09-23 11:36:00,189791893553474121698891
UE2015 (Anterior),MADRE DE DEUS,162,119,1655648,COLÉGIO PROFESSOR ANTÔNIO BALBINO,"RUA 13 DE JUNHO, 191 - ZONA URBANA",CENTRO,42600000,-12.7457371,-38.6173672,368,Com acessibilidade,2026-09-23 11:57:00,250498403460793634797711
UE2015 (Anterior),MADRE DE DEUS,162,120,1669737,ESCOLA NOSSA SENHORA DE MADRE DE DEUS,"RUA A, S/N - ZONA URBANA  ",NOVA MADRE DE DEUS,42600000,-12.7402032,-38.6161764,370,Com acessibilidade,2026-09-23 12:10:00,654438880800456396196769
UE2015 (Anterior),MADRE DE DEUS,162,122,1656031,ESCOLA MUNICIPAL ANTÔNIO CARLOS MAGALHÃES,"RUA PROFESSOR ANTÔNIO BALBINO, S/N - ZONA URBANA",SUAPE,42600000,-12.7360522,-38.6053101,385,Com acessibilidade,2026-09-23 12:29:00,704943157205225784375037
UE2015 (Anterior),MADRE DE DEUS,162,129,1656521,COMPLEXO MAGALHÃES NETTO,"RUA NELSON BARBOSA AZEVEDO, 122 - ZONA URBANA",CENTRO,42600000,-12.7415383,-38.6140752,380,Sem acessibilidade,2026-09-23 12:49:00,179690394352876502694125
UE2015 (Anterior),MADRE DE DEUS,162,138,1654779,COLÉGIO PROFESSOR ANTÔNIO BALBINO,"RUA 13 DE JUNHO, 191 - ZONA URBANA",CENTRO,42600000,-12.7457371,-38.6173672,368,Com acessibilidade,2026-09-23 12:58:00,906963083925624822649437
UE2015 (Anterior),MADRE DE DEUS,162,139,1671714,ESCOLA MUNICIPAL LUIZ EDUARDO MAGALHÃES,"RUA FRANCISCO LEITÃO, S/N  - ZONA URBANA",CENTRO,42600000,-12.7390115,-38.6144246,295,Sem acessibilidade,2026-09-23 13:19:00,270600566062819515875503
UE2015 (Anterior),MADRE DE DEUS,162,140,1669602,ESCOLA MUNICIPAL ANTÔNIO CARLOS MAGALHÃES,"RUA PROFESSOR ANTÔNIO BALBINO, S/N - ZONA URBANA",SUAPE,42600000,-12.7360522,-38.6053101,384,Com acessibilidade,2026-09-23 13:28:00,169589537451720339226451
UE2015 (Anterior),MADRE DE DEUS,162,146,1667627,COLÉGIO PROFESSOR ANTÔNIO BALBINO,"RUA 13 DE JUNHO, 191 - ZONA URBANA",CENTRO,42600000,-12.7457371,-38.6173672,370,Com acessibilidade,2026-09-23 13:39:00,694842727604415426445813
UE2015 (Anterior),MADRE DE DEUS,162,147,1680780,ESCOLA MUNICIPAL LUIZ EDUARDO MAGALHÃES,"RUA FRANCISCO LEITÃO, S/N  - ZONA URBANA",CENTRO,42600000,-12.7390115,-38.6144246,282,Sem acessibilidade,2026-09-23 13:49:00,311004450766121070714436
UE2015 (Anterior),MADRE DE DEUS,162,150,1652185,COLÉGIO PROFESSOR ANTÔNIO BALBINO,"RUA 13 DE JUNHO, 191 - ZONA URBANA",CENTRO,42600000,-12.7457371,-38.6173672,371,Sem acessibilidade,2026-09-23 14:17:00,452418890980969539224762
UE2015 (Anterior),MADRE DE DEUS,162,151,1655607,CENTRO DE EDUCAÇÃO INFANTIL FREI GOLDOFREDO RALF,RUA SÃO BRÁS,CENTRO,42600000,-12.7388905,-38.6166366,186,Sem acessibilidade,2026-09-23 14:25:00,927165474827388162707749
UE2015 (Anterior),MADRE DE DEUS,162,155,1682014,ESCOLA MUNICIPAL ANTÔNIO CARLOS MAGALHÃES,"RUA PROFESSOR ANTÔNIO BALBINO, S/N - ZONA URBANA",SUAPE,42600000,-12.7360522,-38.6053101,382,Sem acessibilidade,2026-09-23 14:35:00,462519455081017985696578
UE2015 (Anterior),MADRE DE DEUS,162,157,1671928,COMPLEXO MAGALHÃES NETTO,"RUA NELSON BARBOSA AZEVEDO, 122 - ZONA URBANA",CENTRO,42600000,-12.7415383,-38.6140752,380,Sem acessibilidade,2026-09-23 14:58:00,290802502364239636543380
UE2015 (Anterior),MADRE DE DEUS,162,162,1650388,COLÉGIO PROFESSOR ANTÔNIO BALBINO,"RUA 13 DE JUNHO, 191 - ZONA URBANA",CENTRO,42600000,-12.7457371,-38.6173672,261,Sem acessibilidade,2026-09-23 15:10:00,755448486210883032618426
UE2015 (Anterior),MARAÚ,78,133,1770471,ESCOLA CRECHE PROFª. ARLETE NERY CAMPELO,"AVENIDA UBAITABA, S/N",CENTRO,45520000,-14.1032907,-39.0201407,190,Com acessibilidade,2026-09-22 09:27:00,662403291561657700654834
UE2015 (Anterior),MARAÚ,78,135,1810780,ESCOLA CRECHE PROFª. ARLETE NERY CAMPELO,"AVENIDA UBAITABA, S/N",CENTRO,45520000,-14.1032907,-39.0201407,194,Com acessibilidade,2026-09-22 11:08:00,420079275537495502931850
UE2015 (Anterior),MARAÚ,78,136,1765013,COLÉGIO MUNICIPAL DR. ANTENOR LEMOS,"RUA AYRES COSTA, S/N - ZONA URBANA",CENTRO,45520000,-14.1036378,-39.0167369,278,Com acessibilidade,2026-09-22 11:44:00,743211708169890803881977
UE2015 (Anterior),MARAÚ,78,137,1825708,COLÉGIO MUNICIPAL DR. ANTENOR LEMOS,"RUA AYRES COSTA, S/N - ZONA URBANA",CENTRO,45520000,-14.1036378,-39.0167369,277,Com acessibilidade,2026-09-22 12:12:00,743211812769595350417144
UE2015 (Anterior),MARAÚ,78,138,1757153,COLÉGIO MUNICIPAL DR. ANTENOR LEMOS,"RUA AYRES COSTA, S/N - ZONA URBANA",CENTRO,45520000,-14.1036378,-39.0167369,280,Com acessibilidade,2026-09-22 12:26:00,551392732050772114690081
UE2015 (Anterior),MARAÚ,78,139,1751252,COLÉGIO MUNICIPAL DR. ANTENOR LEMOS,"RUA AYRES COSTA, S/N - ZONA URBANA",CENTRO,45520000,-14.1036378,-39.0167369,278,Com acessibilidade,2026-09-22 12:42:00,258362543420376102723206
UE2015 (Anterior),MARAÚ,78,140,1760759,COLÉGIO MUNICIPAL DR. ANTENOR LEMOS,"RUA AYRES COSTA, S/N - ZONA URBANA",CENTRO,45520000,-14.1036378,-39.0167369,279,Com acessibilidade,2026-09-22 12:58:00,884625259783511445887256
UE2015 (Anterior),MARAÚ,78,141,1766907,ESCOLA GETÚLIO VARGAS,"PRAÇA ARIVALDO LEMOS VIVAS, S/N - ZONA RURAL",POVOADO TAIPUS,45520000,-13.9476756,-38.9794937,295,Com acessibilidade,2026-09-22 13:10:00,864423349081683423541827
UE2015 (Anterior),MARAÚ,78,142,1756282,ANEXO ESCOLA MUNICIPAL GETÚLIO VARGAS,RUA BOA VISTA S/N - ZONA RURAL,POVOADO TAIPUS,45520000,-13.9497367,-38.9742667,329,Com acessibilidade,2026-09-22 13:27:00,288665871523681971860353
UE2015 (Anterior),MARAÚ,78,143,1778121,COLÉGIO ESTADUAL ANTÔNIO EDUARDO RIBEIRO ROCHA,"RUA DRA LILI, S/N - ZONA RURAL",POVOADO BARRA GRANDE,45520000,-13.8978517,-38.9539,369,Com acessibilidade,2026-09-22 13:48:00,662403361161313467042883
UE2015 (Anterior),MARAÚ,78,144,1809729,COLÉGIO ESTADUAL ANTÔNIO EDUARDO RIBEIRO ROCHA,"RUA DRA LILI, S/N - ZONA RURAL",POVOADO BARRA GRANDE,45520000,-13.8978517,-38.9539,369,Com acessibilidade,2026-10-01 08:56:00,561493375451412914574447
UE2015 (Anterior),MARAÚ,78,145,1773280,COLÉGIO ESTADUAL ANTÔNIO EDUARDO RIBEIRO ROCHA,"RUA DRA LILI, S/N - ZONA RURAL",POVOADO BARRA GRANDE,45520000,-13.8978517,-38.9539,366,Com acessibilidade,2026-09-22 14:37:00,622099542657227259237691
UE2015 (Anterior),MARAÚ,78,146,1826892,ESCOLA ODILON ANDRADE,"PRAÇA DA IGREJA, S/N - ZONA RURAL",DISTRITO PIABANHA,45520000,-14.22778,-39.405885,211,Sem acessibilidade,2026-09-22 14:49:00,985635011293810599086367
UE2015 (Anterior),MARAÚ,78,147,1760123,ESCOLA ODILON ANDRADE,"PRAÇA DA IGREJA, S/N - ZONA RURAL",DISTRITO PIABANHA,45520000,-14.22778,-39.405885,214,Sem acessibilidade,2026-09-22 15:00:00,914928057186860217406567
UE2015 (Anterior),MARAÚ,78,148,1751895,ESCOLA ODILON ANDRADE,"PRAÇA DA IGREJA, S/N - ZONA RURAL",DISTRITO PIABANHA,45520000,-14.22778,-39.405885,215,Sem acessibilidade,2026-09-22 15:09:00,985635232093565021727442
UE2015 (Anterior),MARAÚ,78,149,1765121,ESCOLA ODILON ANDRADE,"PRAÇA DA IGREJA, S/N - ZONA RURAL",DISTRITO PIABANHA,45520000,-14.22778,-39.405885,213,Sem acessibilidade,2026-09-22 15:20:00,571594936452707179999556
UE2015 (Anterior),MARAÚ,78,150,1781749,ESCOLA MUNICIPAL SENHORA SANTANA,ZONA RURAL DE IBIAÇU - PRAÇA PRINCIPAL - ZONA RURAL,DISTRITO IBIACU,45520000,-14.2576333,-39.2658683,153,Com acessibilidade,2026-09-22 15:37:00,763413200571471289964217
UE2015 (Anterior),MARAÚ,78,151,1824961,ESCOLA MUNICIPAL SENHORA SANTANA,ZONA RURAL DE IBIAÇU - PRAÇA PRINCIPAL - ZONA RURAL,DISTRITO IBIACU,45520000,-14.2576333,-39.2658683,163,Com acessibilidade,2026-09-22 15:50:00,945231495589342537826725
UE2015 (Anterior),MARAÚ,78,152,1795443,COLÉGIO MUNICIPAL ANTÔNIO VIANA FILHO,DISTRITO DE IBIAÇU - ZONA RURAL,DISTRITO IBIACU,45620000,-14.2574499,-39.2654564,189,Com acessibilidade,2026-09-22 16:04:00,955332619690295856358697
UE2015 (Anterior),MARAÚ,78,155,1764496,ESCOLA SÃO GERÔNIMO,"PRAÇA SANTA LUZIA, S/N - ZONA RURAL",POVOADO TABOLEIRO,45520000,-14.2035133,-39.298055,277,Sem acessibilidade,2026-09-22 16:15:00,884625872983381228902607
UE2015 (Anterior),MARAÚ,78,156,1824435,ESCOLA SÃO GERÔNIMO,"PRAÇA SANTA LUZIA, S/N - ZONA RURAL",POVOADO TABOLEIRO,45520000,-14.2035133,-39.298055,277,Sem acessibilidade,2026-09-22 16:34:00,834120931278449952841052
UE2015 (Anterior),MARAÚ,78,157,1791919,ESCOLA SÃO GERÔNIMO,"PRAÇA SANTA LUZIA, S/N - ZONA RURAL",POVOADO TABOLEIRO,45520000,-14.2035133,-39.298055,275,Sem acessibilidade,2026-09-22 16:46:00,723009939367563978216131
UE2015 (Anterior),MARAÚ,78,158,1766785,ESCOLA MUNICIPAL SENHORA SANTANA,ZONA RURAL DE IBIAÇU - PRAÇA PRINCIPAL - ZONA RURAL,DISTRITO IBIACU,45520000,-14.2576333,-39.2658683,160,Com acessibilidade,2026-09-22 17:00:00,914928235186084024637987
UE2015 (Anterior),MARAÚ,78,161,1811653,ESCOLA MUNICIPAL NOVA DO CAUBI,"PRAÇA DA ALEGRIA, S/N - ZONA RURAL",POVOADO CAUBI,45520000,-14.2097646,-39.0397893,230,Com acessibilidade,2026-09-22 17:08:00,177554792612901331404274
UE2015 (Anterior),MARAÚ,78,162,1770828,ESCOLA MUNICIPAL NOVA DO CAUBI,"PRAÇA DA ALEGRIA, S/N - ZONA RURAL",POVOADO CAUBI,45520000,-14.2097646,-39.0397893,232,Com acessibilidade,2026-09-22 17:20:00,76544809202421555134563
UE2015 (Anterior),MARAÚ,78,163,1837534,ESCOLA NOSSA SENHORA DA CONCEIÇÃO,"PRAIA DE SAQUAÍRA, S/N - ZONA RURAL",POVOADO PRAIA DE SAQUAÍRA,45520000,-14.0446504,-38.9550953,369,Sem acessibilidade,2026-09-22 17:33:00,56342897000707223297760
UE2015 (Anterior),MARAÚ,78,164,1792819,ESCOLA NOSSA SENHORA DA CONCEIÇÃO,"PRAIA DE SAQUAÍRA, S/N - ZONA RURAL",POVOADO PRAIA DE SAQUAÍRA,45520000,-14.0446504,-38.9550953,375,Sem acessibilidade,2026-09-22 17:42:00,702807659365374246059556
UE2015 (Anterior),MARAÚ,78,165,1829416,ESCOLA BARÃO DO RIO BRANCO,"RUA DAS FLORES, S/N - ZONA RURAL",POVOADO QUITUNGO,45520000,-14.2133608,-39.1012135,155,Sem acessibilidade,2026-09-22 17:50:00,622099682357249556172984
UE2015 (Anterior),MARAÚ,78,166,1766362,ESCOLA SÃO RAIMUNDO,POVOADO SÃO RAIMUNDO S/N ZONA RURAL,POVOADO SÃO RAIMUNDO,45520000,-14.26161,-39.1590033,349,Sem acessibilidade,2026-09-22 18:00:00,632100804658916824442290
UE2015 (Anterior),MARAÚ,78,167,1777372,ESCOLA MUNICIPAL ROBERTO ADAMI DE SÁ,"PONTO DO CAFÉ, S/N - ZONA RURAL",POVOADO PONTO DO CAFÉ,45520000,-14.262355,-39.1680383,248,Com acessibilidade,2026-09-22 09:26:00,955332230927872091899187
UE2015 (Anterior),MARAÚ,78,168,1791731,ESCOLA MUNICIPAL ROBERTO ADAMI DE SÁ,"PONTO DO CAFÉ, S/N - ZONA RURAL",POVOADO PONTO DO CAFÉ,45520000,-14.262355,-39.1680383,194,Com acessibilidade,2026-09-22 10:56:00,844221234116110338826669
UE2015 (Anterior),MARAÚ,78,170,1793588,ESCOLA DR. MÁRIO AUGUSTO TEIXEIRA DE FREITAS,POVOADO TANQUE  - ZONA RURAL,POVOADO TANQUE,45520000,-14.0117244,-38.980968,309,Sem acessibilidade,2026-09-22 11:39:00,147251729346554385108894
UE2015 (Anterior),MARAÚ,78,171,1838336,ESCOLA SÃO SEBASTIÃO,"POVOADO CAMPINHO, S/N - ZONA RURAL",POVOADO CAMPINHO,45520000,-13.9107727,-38.9870014,358,Sem acessibilidade,2026-09-22 12:17:00,652302344397851484900140
UE2015 (Anterior),MARAÚ,78,172,1836804,ESCOLA MUNICIPAL MANOEL HEMETERIO DE LEMOS,POVOADO TREMEMBÉ - ZONA RURAL,POVOADO TREMENBÉ,45520000,-14.1663545,-39.0926254,283,Sem acessibilidade,2026-09-22 12:31:00,844221642816802684185916
UE2015 (Anterior),MARAÚ,78,173,1843713,ESCOLA MUNICIPAL MANOEL HEMETERIO DE LEMOS,POVOADO TREMEMBÉ - ZONA RURAL,POVOADO TREMENBÉ,45520000,-14.1663545,-39.0926254,284,Sem acessibilidade,2026-09-22 13:16:00,601897518392842806794976
UE2015 (Anterior),MARAÚ,78,174,1814427,ESCOLA MUNICIPAL MANOEL HEMETERIO DE LEMOS,POVOADO TREMEMBÉ - ZONA RURAL,POVOADO TREMENBÉ,45520000,-14.1663545,-39.0926254,285,Sem acessibilidade,2026-09-22 13:28:00,248261264956718930103480
UE2015 (Anterior),MARAÚ,78,175,1771081,ESCOLA MUNICIPAL MANOEL HEMETERIO DE LEMOS,POVOADO TREMEMBÉ - ZONA RURAL,POVOADO TREMENBÉ,45520000,-14.1663545,-39.0926254,283,Sem acessibilidade,2026-09-22 14:02:00,389675517970368006019466
UE2015 (Anterior),MARAÚ,78,176,1767000,ESCOLA NOVA AURORA,"POVOADO MINÉRIO, S/N - ZONA RURAL",POVOADO MINÉRIO,45520000,-14.1750683,-39.1878867,157,Sem acessibilidade,2026-09-22 14:13:00,26039268934165421237717
UE2015 (Anterior),MARAÚ,78,178,1773048,ESCOLA PROJETO SANTA MARIA,"ASSENTAMENTO RURAL DE SANTA MARIA, S/N - ZONA RURAL",POVOADO ASSENTAMENTO RURAL DE SANTA MARIA,45520000,-14.2181533,-39.09929,224,Com acessibilidade,2026-09-22 14:34:00,652302114397043299331836
UE2015 (Anterior),MARAÚ,78,179,1824829,COLÉGIO MUNICIPAL D. PEDRO II,COMUNIDADE RURAL PAU COCO - ZONA RURAL,POVOADO PAU COCO,45520000,-14.1656217,-39.2444417,253,Com acessibilidade,2026-09-22 14:51:00,601897174292963552784353
UE2015 (Anterior),MARAÚ,78,181,1791380,COLÉGIO MUNICIPAL TOMÉ MONTEIRO,POVOADO EMPATA VIAGEM - ZONA RURAL,POVOADO EMPATA VIAGEM,45620000,-14.17161,-39.2332417,301,Com acessibilidade,2026-09-22 15:08:00,26039787734537274157834
UE2015 (Anterior),MARAÚ,78,182,1781408,ESCOLA MUNICIPAL GILDO CONCEIÇÃO,"ESTRADA DO OROJÓ, S/N - ZONA RURAL",POVOADO PONTE DO SUL,45520000,-14.1221867,-39.173905,316,Sem acessibilidade,2026-09-22 15:29:00,662403532198428112255228
UE2015 (Anterior),MARAÚ,78,183,1763810,COLÉGIO ESTADUAL ANTÔNIO EDUARDO RIBEIRO ROCHA,"RUA DRA LILI, S/N - ZONA RURAL",POVOADO BARRA GRANDE,45520000,-13.8978517,-38.9539,367,Com acessibilidade,2026-09-22 16:05:00,500887486882917915129595
UE2015 (Anterior),MARAÚ,78,184,1755282,COLÉGIO MUNICIPAL ALTANIRA MAURO RIBEIRO,RUA BERNARDINO MARTINS DE BRITO S/N - ZONA URBANA,CENTRO,45520000,-14.1038273,-39.0160288,331,Com acessibilidade,2026-09-22 16:16:00,187655279650754528817458
UE2015 (Anterior),MARAÚ,78,187,1752793,COLÉGIO MUNICIPAL TOMÉ MONTEIRO,POVOADO EMPATA VIAGEM - ZONA RURAL,POVOADO EMPATA VIAGEM,45620000,-14.17161,-39.2332417,302,Com acessibilidade,2026-09-22 16:48:00,925029349824903908310088
UE2015 (Anterior),MARAÚ,78,189,1807722,COLÉGIO ESTADUAL ANTÔNIO EDUARDO RIBEIRO ROCHA,"RUA DRA LILI, S/N - ZONA RURAL",POVOADO BARRA GRANDE,45520000,-13.8978517,-38.9539,368,Com acessibilidade,2026-09-22 17:03:00,904827540722282761390357
UE2015 (Anterior),MARAÚ,78,190,1821202,ESCOLA MUNICIPAL ATANAEL DO AMOR DIVINO SANTOS,POVOADO ALGODÕES - ZONA RURAL,POVOADO ALGODÕES,45520000,-14.0764333,-38.9583233,261,Sem acessibilidade,2026-09-22 17:19:00,803817520812690167600757
UE2015 (Anterior),MARAÚ,78,191,1810777,COLÉGIO MUNICIPAL ALTANIRA MAURO RIBEIRO,RUA BERNARDINO MARTINS DE BRITO S/N - ZONA URBANA,CENTRO,45520000,-14.1038273,-39.0160288,337,Com acessibilidade,2026-09-22 17:39:00,571594402289647235833262
UE2015 (Anterior),MARAÚ,78,194,1826258,ESCOLA GETÚLIO VARGAS,"PRAÇA ARIVALDO LEMOS VIVAS, S/N - ZONA RURAL",POVOADO TAIPUS,45520000,-13.9476756,-38.9794937,223,Sem acessibilidade,2026-09-22 17:50:00,914928077323531728313335
UE2015 (Anterior),MARAÚ,78,196,1795230,COLÉGIO MUNICIPAL ANTÔNIO VIANA FILHO,DISTRITO DE IBIAÇU - ZONA RURAL,DISTRITO IBIACU,45620000,-14.2574499,-39.2654564,189,Sem acessibilidade,2026-09-22 18:03:00,480685869780975863648370
UE2015 (Anterior),MARAÚ,78,197,1787854,COLÉGIO MUNICIPAL MARIA AMÉLIA GENÊ PIRAJÁ,"AVENIDA JOSÉ MELO PIRAJÁ, 64, BARRA GRANDE - ZONA RURAL",POVOADO BARRA GRANDE,45520000,-13.8941787,-38.9500077,382,Sem acessibilidade,2026-09-22 18:46:00,450382940177515858825604
UE2015 (Anterior),MARAÚ,78,198,1764927,ANEXO ESCOLA MUNICIPAL GETÚLIO VARGAS,RUA BOA VISTA S/N - ZONA RURAL,POVOADO TAIPUS,45520000,-13.9497367,-38.9742667,123,Sem acessibilidade,2026-09-22 19:01:00,318968913963779396525359
UE2015 (Anterior),MARAÚ,78,199,1806885,COLÉGIO ESTADUAL ANTÔNIO EDUARDO RIBEIRO ROCHA,"RUA DRA LILI, S/N - ZONA RURAL",POVOADO BARRA GRANDE,45520000,-13.8978517,-38.9539,364,Sem acessibilidade,2026-09-22 19:20:00,76544781539644201059003
UE2015 (Anterior),MARAÚ,78,201,1755353,COLÉGIO MUNICIPAL MARIA AMÉLIA GENÊ PIRAJÁ,"AVENIDA JOSÉ MELO PIRAJÁ, 64, BARRA GRANDE - ZONA RURAL",POVOADO BARRA GRANDE,45520000,-13.8941787,-38.9500077,378,Sem acessibilidade,2026-09-22 19:49:00,894726185021277236551959
UE2015 (Anterior),MARAÚ,78,202,1825619,ESCOLA SÃO SEBASTIÃO,"POVOADO CAMPINHO, S/N - ZONA RURAL",POVOADO CAMPINHO,45520000,-13.9107727,-38.9870014,116,Sem acessibilidade,2026-09-22 20:00:00,783615184410256179658467
UE2015 (Anterior),MARAÚ,78,205,1758500,ESCOLA NOSSA SENHORA DA CONCEIÇÃO,"PRAIA DE SAQUAÍRA, S/N - ZONA RURAL",POVOADO PRAIA DE SAQUAÍRA,45520000,-14.0446504,-38.9550953,90,Sem acessibilidade,2026-09-22 20:12:00,329069055264024756599695
UE2015 (Anterior),MARAÚ,78,206,1758762,COLÉGIO MUNICIPAL MARIA AMÉLIA GENÊ PIRAJÁ,"AVENIDA JOSÉ MELO PIRAJÁ, 64, BARRA GRANDE - ZONA RURAL",POVOADO BARRA GRANDE,45520000,-13.8941787,-38.9500077,139,Sem acessibilidade,2026-09-22 20:33:00,874524710519829706848454
UE2015 (Anterior),MATINA,113,67,1811388,COLÉGIO ESTADUAL GRANDES MESTRES BRASILEIROS,RUA ARTHUR FERREIRA - S/N - ZONA URBANA,ALTO DOS BEZERRAS,46480000,-13.9064431,-42.8390216,370,Com acessibilidade,2026-09-21 08:09:00,479796661349224544059511
UE2015 (Anterior),MATINA,113,68,1789834,COLÉGIO ESTADUAL GRANDES MESTRES BRASILEIROS,RUA ARTHUR FERREIRA - S/N - ZONA URBANA,ALTO DOS BEZERRAS,46480000,-13.9064431,-42.8390216,355,Com acessibilidade,2026-09-21 14:29:00,813130113383372222017037
UE2015 (Anterior),MATINA,113,69,1840713,COLEGIO ESTADUAL LUIZ EDUARDO MAGALHAES,RUA SETE DE SETEMBRO - S/N - ZONA URBANA,CENTRO,46480000,-13.9125266,-42.8505135,315,Com acessibilidade,2026-09-21 14:38:00,55554460107639066096362
UE2015 (Anterior),MATINA,113,70,1775043,COLEGIO ESTADUAL LUIZ EDUARDO MAGALHAES,RUA SETE DE SETEMBRO - S/N - ZONA URBANA,CENTRO,46480000,-13.9125266,-42.8505135,315,Com acessibilidade,2026-09-21 14:46:00,570706060859105874277834
UE2015 (Anterior),MATINA,113,71,1785356,COLEGIO ESTADUAL LUIZ EDUARDO MAGALHAES,RUA SETE DE SETEMBRO - S/N - ZONA URBANA,CENTRO,46480000,-13.9125266,-42.8505135,313,Com acessibilidade,2026-09-21 14:55:00,813130410283365220757785
UE2015 (Anterior),MATINA,113,72,1765778,COLEGIO ESTADUAL LUIZ EDUARDO MAGALHAES,RUA SETE DE SETEMBRO - S/N - ZONA URBANA,CENTRO,46480000,-13.9125266,-42.8505135,312,Com acessibilidade,2026-09-21 15:03:00,15150726803088052432724
UE2015 (Anterior),MATINA,113,73,1793880,COLEGIO MUNICIPAL ERALDO TINOCO,PRACA ERALDO TINOCO - S/N - ZONA URBANA,CENTRO,46480000,-13.911876,-42.845967,349,Com acessibilidade,2026-09-21 15:12:00,449493267246537172308809
UE2015 (Anterior),MATINA,113,74,1780151,COLEGIO MUNICIPAL ERALDO TINOCO,PRACA ERALDO TINOCO - S/N - ZONA URBANA,CENTRO,46480000,-13.911876,-42.845967,335,Com acessibilidade,2026-09-21 15:21:00,106059032712213919021183
UE2015 (Anterior),MATINA,113,75,1810064,COLÉGIO ESTADUAL GRANDES MESTRES BRASILEIROS,RUA ARTHUR FERREIRA - S/N - ZONA URBANA,ALTO DOS BEZERRAS,46480000,-13.9064431,-42.8390216,341,Com acessibilidade,2026-09-21 15:30:00,267675300428390639862959
UE2015 (Anterior),MATINA,113,76,1791414,COLÉGIO ESTADUAL GRANDES MESTRES BRASILEIROS,RUA ARTHUR FERREIRA - S/N - ZONA URBANA,ALTO DOS BEZERRAS,46480000,-13.9064431,-42.8390216,333,Com acessibilidade,2026-09-21 15:39:00,530302689455297033381885
UE2015 (Anterior),MATINA,113,77,1795958,COLEGIO MUNICIPAL ANTONIO CARLOS FERNANDES ROCHA,RUA HERMENEGILDO FERNANDES NETO - S/N - ZONA URBANA,CENTRO,46480000,-13.9107645,-42.8442084,352,Com acessibilidade,2026-09-21 15:47:00,459594713747160897135336
UE2015 (Anterior),MATINA,113,78,1773267,COLEGIO MUNICIPAL ANTONIO CARLOS FERNANDES ROCHA,RUA HERMENEGILDO FERNANDES NETO - S/N - ZONA URBANA,CENTRO,46480000,-13.9107645,-42.8442084,349,Com acessibilidade,2026-09-21 15:56:00,146463511916877536394455
UE2015 (Anterior),MATINA,113,110,1770237,COLEGIO MUNICIPAL ANTONIO CARLOS FERNANDES ROCHA,RUA HERMENEGILDO FERNANDES NETO - S/N - ZONA URBANA,CENTRO,46480000,-13.9107645,-42.8442084,347,Com acessibilidade,2026-09-21 16:05:00,611110770663938400189542
UE2015 (Anterior),MATINA,113,111,1772071,COLÉGIO ESTADUAL GRANDES MESTRES BRASILEIROS,RUA ARTHUR FERREIRA - S/N - ZONA URBANA,ALTO DOS BEZERRAS,46480000,-13.9064431,-42.8390216,367,Com acessibilidade,2026-09-21 16:14:00,883837152790228520932698
UE2015 (Anterior),MATINA,113,112,1776166,COLEGIO ESTADUAL LUIZ EDUARDO MAGALHAES,RUA SETE DE SETEMBRO - S/N - ZONA URBANA,CENTRO,46480000,-13.9125266,-42.8505135,314,Com acessibilidade,2026-09-21 16:22:00,257574634127542265323860
UE2015 (Anterior),MATINA,113,113,1810889,COLÉGIO ESTADUAL GRANDES MESTRES BRASILEIROS,RUA ARTHUR FERREIRA - S/N - ZONA URBANA,ALTO DOS BEZERRAS,46480000,-13.9064431,-42.8390216,334,Com acessibilidade,2026-09-21 16:31:00,974746469899285032326482
UE2015 (Anterior),MATINA,113,114,1766470,COLEGIO MUNICIPAL ANTONIO CARLOS FERNANDES ROCHA,RUA HERMENEGILDO FERNANDES NETO - S/N - ZONA URBANA,CENTRO,46480000,-13.9107645,-42.8442084,350,Com acessibilidade,2026-09-21 16:40:00,823231426584159113799942
UE2015 (Anterior),MATINA,113,117,1787168,COLÉGIO MUNICIPAL DE BOA VISTA,POVOADO BOA VISTA - ZONA RURAL,POVOADO BOA VISTA,46480000,-13.7794204,-42.8068761,320,Com acessibilidade,2026-09-21 16:49:00,651514581967615697759780
UE2015 (Anterior),MATINA,113,118,1839479,COLEGIO MUNICIPAL DE LAGES,POVOADO LAGES - ZONA RURAL,POVOADO LAGES,46480000,-13.9145739,-43.0448367,240,Com acessibilidade,2026-09-21 16:58:00,196968238421175544747812
UE2015 (Anterior),MATINA,113,119,1808864,COLEGIO MUNICIPAL DE PICHICO,POVOADO PICHICO - ZONA RURAL,POVOADO PICHICO,46480000,-13.8210377,-42.8347956,304,Com acessibilidade,2026-09-21 17:07:00,934342088895504996110960
UE2015 (Anterior),MATINA,113,120,1765801,COLEGIO MUNICIPAL DE MOCO,POVOADO MOCO  - ZONA RURAL,POVOADO MOCO,46480000,-13.7988711,-42.9897281,299,Com acessibilidade,2026-09-21 17:17:00,479796708149133335342314
UE2015 (Anterior),MATINA,113,121,1770574,COLEGIO MUNICIPAL DE PICHICO,POVOADO PICHICO - ZONA RURAL,POVOADO PICHICO,46480000,-13.8210377,-42.8347956,303,Com acessibilidade,2026-09-21 17:26:00,409089742342085830131167
UE2015 (Anterior),MATINA,113,137,1780727,COLEGIO MUNICIPAL DE MOCO,POVOADO MOCO  - ZONA RURAL,POVOADO MOCO,46480000,-13.7988711,-42.9897281,296,Com acessibilidade,2026-09-21 17:37:00,550504623557390755858018
UE2015 (Anterior),MATINA,113,154,1759500,COLÉGIO MUNICIPAL DE BOA VISTA,POVOADO BOA VISTA - ZONA RURAL,POVOADO BOA VISTA,46480000,-13.7794204,-42.8068761,320,Com acessibilidade,2026-09-21 17:46:00,702019589972568902099695
UE2015 (Anterior),MATINA,113,156,1767595,POSTO DE SAUDE DE SALOBO,POVOADO SALOBO - ZONA RURAL,POVOADO SALOBO,46480000,-13.7743928,-42.8933782,322,Com acessibilidade,2026-09-21 17:55:00,116160217713999522731403
UE2015 (Anterior),MATINA,113,157,1844846,COLÉGIO ESTADUAL GRANDES MESTRES BRASILEIROS,RUA ARTHUR FERREIRA - S/N - ZONA URBANA,ALTO DOS BEZERRAS,46480000,-13.9064431,-42.8390216,354,Com acessibilidade,2026-09-21 18:04:00,388887593740859652081615
UE2015 (Anterior),MATINA,113,158,1835066,COLEGIO MUNICIPAL DE LAGES,POVOADO LAGES - ZONA RURAL,POVOADO LAGES,46480000,-13.9145739,-43.0448367,238,Com acessibilidade,2026-09-21 18:21:00,146463467716581359876349
UE2015 (Anterior),MATINA,113,160,1790199,COLEGIO MUNICIPAL DE MOCO,POVOADO MOCO  - ZONA RURAL,POVOADO MOCO,46480000,-13.7988711,-42.9897281,299,Com acessibilidade,2026-09-21 18:40:00,237372746725783212255053
UE2015 (Anterior),MATINA,113,163,1766739,POSTO DE SAUDE DE SALOBO,POVOADO SALOBO - ZONA RURAL,POVOADO SALOBO,46480000,-13.7743928,-42.8933782,94,Com acessibilidade,2026-09-21 18:48:00,974746813899085590776087
UE2015 (Anterior),MATINA,113,164,1763096,COLEGIO MUNICIPAL ERALDO TINOCO,PRACA ERALDO TINOCO - S/N - ZONA URBANA,CENTRO,46480000,-13.911876,-42.845967,233,Com acessibilidade,2026-09-21 18:57:00,570706526159704016877063
UE2015 (Anterior),MATINA,113,167,1756141,COLÉGIO ESTADUAL GRANDES MESTRES BRASILEIROS,RUA ARTHUR FERREIRA - S/N - ZONA URBANA,ALTO DOS BEZERRAS,46480000,-13.9064431,-42.8390216,196,Com acessibilidade,2026-09-21 19:05:00,459594737247109880795987
UE2015 (Anterior),MORPARÁ,173,43,1810806,ESCOLA ESTADUAL AGENOR LEITE,"AV. RUY BARBOSA, S/N - ZONA URBANA",CENTRO,47580000,-11.5617855,-43.277219,313,Com acessibilidade,2026-09-24 07:08:00,769867376206605127662677
UE2015 (Anterior),MORPARÁ,173,44,1805614,ESCOLA ESTADUAL AGENOR LEITE,"AV. RUY BARBOSA, S/N - ZONA URBANA",CENTRO,47580000,-11.5617855,-43.277219,308,Com acessibilidade,2026-09-24 07:59:00,103201820940466454129851
UE2015 (Anterior),MORPARÁ,173,45,1790499,ESCOLA MUNICIPAL NEMIZIA,"AV. RUY BARBOSA, S/N - ZONA URBANA",CENTRO,47580000,-11.5639396,-43.2740795,331,Com acessibilidade,2026-09-24 08:10:00,850776685015332963190895
UE2015 (Anterior),MORPARÁ,173,46,1790553,ESCOLA MUNICIPAL NEMIZIA,"AV. RUY BARBOSA, S/N - ZONA URBANA",CENTRO,47580000,-11.5639396,-43.2740795,331,Com acessibilidade,2026-09-24 08:20:00,982089927228553913590405
UE2015 (Anterior),MORPARÁ,173,47,1762789,ESCOLA MUNICIPAL NEMIZIA,"AV. RUY BARBOSA, S/N - ZONA URBANA",CENTRO,47580000,-11.5639396,-43.2740795,332,Com acessibilidade,2026-09-24 08:31:00,42695096434770710115700
UE2015 (Anterior),MORPARÁ,173,48,1793764,ESCOLA MUNICIPAL HORACIO DE MATOS,"RUA MARECHAL CASTELO BRANCO, S/N - ZONA URBANA",TAMBORILZINHO,47580000,-11.5551909,-43.2825588,270,Com acessibilidade,2026-09-24 08:40:00,628453789792377621718334
UE2015 (Anterior),MORPARÁ,173,49,1809303,ESCOLA MUNICIPAL HORACIO DE MATOS,"RUA MARECHAL CASTELO BRANCO, S/N - ZONA URBANA",TAMBORILZINHO,47580000,-11.5551909,-43.2825588,267,Com acessibilidade,2026-09-24 10:19:00,699160966399997073328908
UE2015 (Anterior),MORPARÁ,173,50,1768661,ESCOLA MUNICIPAL VEREADOR JOAQUIM BARBOSA,"AV. ITORORÓ, S/N - ZONA URBANA",CENTRO,47580000,-11.5635715,-43.2777632,276,Com acessibilidade,2026-09-24 09:00:00,113302462441612746318689
UE2015 (Anterior),MORPARÁ,173,51,1810574,ESCOLA MUNICIPAL VEREADOR JOAQUIM BARBOSA,"AV. ITORORÓ, S/N - ZONA URBANA",CENTRO,47580000,-11.5635715,-43.2777632,277,Com acessibilidade,2026-09-24 09:16:00,305221765460313471376525
UE2015 (Anterior),MORPARÁ,173,52,1809765,ESCOLA MUNICIPAL NEMIZIA,"AV. RUY BARBOSA, S/N - ZONA URBANA",CENTRO,47580000,-11.5639396,-43.2740795,326,Com acessibilidade,2026-09-24 09:26:00,769867338206864424514069
UE2015 (Anterior),MORPARÁ,173,55,1763222,ESCOLA MUNICIPAL EDSON ARANTES DO NASCIMENTO,POVOADO DE SANTA ROSA - ZONA RURAL,POVOADO SANTA ROSA,47580000,-11.7855732,-42.8657917,206,Com acessibilidade,2026-09-24 09:40:00,32594930833899860154936
UE2015 (Anterior),MORPARÁ,173,56,1796208,ESCOLA MUNICIPAL DOM EUGENIO SALES,POVOADO RIO DO PEIXE - ZONA RURAL,POVOADO RIO DO PEIXE,47580000,-11.894836,-42.8784474,146,Com acessibilidade,2026-09-24 09:51:00,416332423871433000902761
UE2015 (Anterior),MORPARÁ,173,57,1762127,ESCOLA MUNICIPAL FRANCISCA NOVAES,POVOADO MUCAMBO DO BRANCO - ZONA RURAL,POVOADO MUCAMBO DO BRANCO,47580000,-11.732277,-42.9775906,223,Com acessibilidade,2026-09-24 10:31:00,618352739591537214156769
UE2015 (Anterior),MORPARÁ,173,58,1765197,ESCOLA MUNICIPAL DOIS DE JULHO,POVOADO MOCAMBO DO ALTO - ZONA RURAL,POVOADO MOCAMBO DO ALTO,47580000,-11.9965243,-43.1012083,189,Com acessibilidade,2026-09-24 10:43:00,93100324739246408327583
UE2015 (Anterior),MORPARÁ,173,60,1836130,ESCOLA MUNICIPAL APRIGIO DE QUEIROZ,POVOADO QUIXABA - ZONA RURAL,POVOADO QUIXABA,47580000,-11.7988244,-43.1793805,185,Com acessibilidade,2026-09-24 10:53:00,274918691957514366488621
UE2015 (Anterior),MORPARÁ,173,61,1769808,ESCOLA MUNICIPAL APRIGIO DE QUEIROZ,POVOADO QUIXABA - ZONA RURAL,POVOADO QUIXABA,47580000,-11.7988244,-43.1793805,186,Com acessibilidade,2026-09-24 11:02:00,32594563633864310195754
UE2015 (Anterior),MORPARÁ,173,62,1794811,ESCOLA MUNICIPAL CLEMENTI MARIANI,CARNAUBA GRANDE - ZONA RURAL,POVOADO CARNAUBA GRANDE,47580000,-11.8550909,-42.9045305,148,Com acessibilidade,2026-09-24 11:39:00,335524970263929377891897
UE2015 (Anterior),MORPARÁ,173,63,1760742,ESCOLA MUNICIPAL ANTONIO CARDOSO DE ALMEIDA,POVOADO CAPIM DE RAIZ - ZONA RURAL,POVOADO CAPIM DE RAIZ,47580000,-11.9152544,-43.0783917,200,Com acessibilidade,2026-09-24 12:00:00,567847319186365986146926
UE2015 (Anterior),MORPARÁ,173,64,1764204,ESCOLA MUNICIPAL JORGE AMADO,GILO - ZONA RURAL,POVOADO GILO,47580000,-11.7859155,-43.0635011,107,Com acessibilidade,2026-09-24 12:08:00,204211063050561709180646
UE2015 (Anterior),MORPARÁ,173,69,1767144,ESCOLA MUNICIPAL VEREADOR JOAQUIM BARBOSA,"AV. ITORORÓ, S/N - ZONA URBANA",CENTRO,47580000,-11.5635715,-43.2777632,277,Com acessibilidade,2026-09-24 12:18:00,931584346723385430440695
UE2015 (Anterior),MORPARÁ,173,72,1778285,ESCOLA MUNICIPAL HERMINIO MOREIRA,POVOADO CAPAO - ZONA RURAL,POVOADO CAPAO,47580000,-11.759618,-43.1924873,170,Com acessibilidade,2026-09-24 12:29:00,780069493208395912627626
UE2015 (Anterior),MORPARÁ,173,74,1770216,ESCOLA  MUNICIPAL TOME DE SOUZA,POVOADO TAMBORIL - ZONA RURAL,POVOADO TAMBORIL,47580000,-11.76332,-42.9147265,79,Com acessibilidade,2026-09-24 12:38:00,476938406177104796638333
UE2015 (Anterior),MORPARÁ,173,76,1767717,ESCOLA MUNICIPAL LUIZA PEREIRA DA CRUZ,POVOADO CANABRAVA DO GOMES -ZONA RURAL,POVOADO CANABRAVA DO GOMES,47580000,-11.8549744,-42.9042038,238,Com acessibilidade,2026-09-24 12:46:00,274918423757856432630016
UE2015 (Anterior),MORPARÁ,173,86,1833667,ESCOLA ESTADUAL AGENOR LEITE,"AV. RUY BARBOSA, S/N - ZONA URBANA",CENTRO,47580000,-11.5617855,-43.277219,309,Com acessibilidade,2026-09-24 13:38:00,214312431751957088667303
UE2015 (Anterior),MORPARÁ,173,91,1811672,ESCOLA MUNICIPAL VEREADOR JOAQUIM BARBOSA,"AV. ITORORÓ, S/N - ZONA URBANA",CENTRO,47580000,-11.5635715,-43.2777632,278,Com acessibilidade,2026-09-24 13:50:00,719362459301072112128843
UE2015 (Anterior),MORPARÁ,173,93,1774971,ESCOLA MUNICIPAL VEREADOR JOAQUIM BARBOSA,"AV. ITORORÓ, S/N - ZONA URBANA",CENTRO,47580000,-11.5635715,-43.2777632,278,Com acessibilidade,2026-09-24 13:59:00,729463689202717923456973
UE2015 (Anterior),MORPARÁ,173,95,1791438,ESCOLA ESTADUAL AGENOR LEITE,"AV. RUY BARBOSA, S/N - ZONA URBANA",CENTRO,47580000,-11.5617855,-43.277219,313,Com acessibilidade,2026-09-24 14:08:00,244615422354828211087277
UE2015 (Anterior),MORPARÁ,173,97,1772825,ESCOLA MUNICIPAL ANTONIO CARDOSO DE ALMEIDA,POVOADO CAPIM DE RAIZ - ZONA RURAL,POVOADO CAPIM DE RAIZ,47580000,-11.9152544,-43.0783917,197,Com acessibilidade,2026-09-24 14:18:00,72998478337742073210466
UE2015 (Anterior),MORPARÁ,173,172,1765088,ESCOLA MUNICIPAL ULISSES GUIMARAES,PE DE SERRA - ZONA RURAL,POVOADO PE DE SERRA,47580000,-11.9712022,-42.9956374,162,Com acessibilidade,2026-09-24 14:27:00,315322116061008055851899
UE2015 (Anterior),MORPARÁ,173,233,1769501,ESCOLA MUNICIPAL NEMIZIA,"AV. RUY BARBOSA, S/N - ZONA URBANA",CENTRO,47580000,-11.5639396,-43.2740795,328,Com acessibilidade,2026-09-24 14:36:00,901281623920619261035156
UE2015 (Anterior),NAZARÉ,30,1,1796180,COLÉGIO MONTEIRO LOBATO,"PRAÇA CASTRO ALVES, N 21 - ZONA URBANA",CENTRO,44400000,-13.0335049,-39.0095107,334,Com acessibilidade,2026-09-25 13:39:00,231944342954135107883037
UE2015 (Anterior),NAZARÉ,30,2,1805311,COLÉGIO MONTEIRO LOBATO,"PRAÇA CASTRO ALVES, N 21 - ZONA URBANA",CENTRO,44400000,-13.0335049,-39.0095107,336,Com acessibilidade,2026-09-25 13:49:00,322853548363314309725975
UE2015 (Anterior),NAZARÉ,30,3,1774006,COLEGIO DR. AURÉLIO MIRANDA,AV. D. PEDRO II - ZONA URBANA,CENTRO,44400000,-13.0329891,-39.0109091,181,Com acessibilidade,2026-09-25 13:59:00,292550625460371813724478
UE2015 (Anterior),NAZARÉ,30,4,1754631,COLÉGIO LUZ DO SABER,"RUA EXPEDICIONÁRIO MIGUEL SOUZA, N 08 - ZONA URBANA",CONCEIÇÃO,44400000,-13.0353048,-39.011566,287,Com acessibilidade,2026-09-25 14:08:00,252146695856920154201598
UE2015 (Anterior),NAZARÉ,30,5,1750733,COLÉGIO LUZ DO SABER,"RUA EXPEDICIONÁRIO MIGUEL SOUZA, N 08 - ZONA URBANA",CONCEIÇÃO,44400000,-13.0353048,-39.011566,286,Com acessibilidade,2026-09-25 14:17:00,181439734049874701867101
UE2015 (Anterior),NAZARÉ,30,6,1790562,ESCOLA DR. ALEXANDRE BITTENCOURT,RUA FERNAO ATAIDE - ZONA URBANA,COQUEIROS,44400000,-13.0346713,-39.0111832,204,Com acessibilidade,2026-09-25 14:27:00,100631768641882102056089
UE2015 (Anterior),NAZARÉ,30,9,1765864,CENTRO EDUCACIONAL COOPENAZA KIDS LTDA,RUA CONSELHEIRO SARAIVA - ZONA URBANA,CAMAMU,44400000,-13.0331063,-39.0062276,294,Com acessibilidade,2026-09-25 14:36:00,837904821014633007029266
UE2015 (Anterior),NAZARÉ,30,10,1838315,CENTRO EDUCACIONAL COOPENAZA KIDS LTDA,RUA CONSELHEIRO SARAIVA - ZONA URBANA,CAMAMU,44400000,-13.0331063,-39.0062276,294,Com acessibilidade,2026-09-25 14:46:00,656186721296543383953277
UE2015 (Anterior),NAZARÉ,30,11,1770019,ESCOLA DR. ALEXANDRE BITTENCOURT,RUA FERNAO ATAIDE - ZONA URBANA,COQUEIROS,44400000,-13.0346713,-39.0111832,206,Com acessibilidade,2026-09-25 14:55:00,868207041317770995503107
UE2015 (Anterior),NAZARÉ,30,13,1790440,COLEGIO ESTADUAL GOV. LUIZ VIANA FILHO,RUA PROF. NAVARRO DE BRITO - ZONA URBANA,MURITIBA,44400000,-13.0385707,-39.0038908,358,Com acessibilidade,2026-09-25 15:04:00,373358776668875831715257
UE2015 (Anterior),NAZARÉ,30,14,1760198,COLEGIO ESTADUAL GOV. LUIZ VIANA FILHO,RUA PROF. NAVARRO DE BRITO - ZONA URBANA,MURITIBA,44400000,-13.0385707,-39.0038908,360,Com acessibilidade,2026-09-25 15:14:00,787499298009373676971057
UE2015 (Anterior),NAZARÉ,30,15,1847893,COLEGIO ESTADUAL GOV. LUIZ VIANA FILHO,RUA PROF. NAVARRO DE BRITO - ZONA URBANA,MURITIBA,44400000,-13.0385707,-39.0038908,354,Com acessibilidade,2026-09-25 15:24:00,171338797148850913879372
UE2015 (Anterior),NAZARÉ,30,16,1795247,COLEGIO ESTADUAL GOV. LUIZ VIANA FILHO,RUA PROF. NAVARRO DE BRITO - ZONA URBANA,MURITIBA,44400000,-13.0385707,-39.0038908,358,Com acessibilidade,2026-09-25 15:32:00,595580328290228360959561
UE2015 (Anterior),NAZARÉ,30,17,1779997,COLEGIO ESTADUAL GOV. LUIZ VIANA FILHO,RUA PROF. NAVARRO DE BRITO - ZONA URBANA,MURITIBA,44400000,-13.0385707,-39.0038908,358,Com acessibilidade,2026-09-25 15:42:00,110732955242839173237763
UE2015 (Anterior),NAZARÉ,30,18,1838325,COLEGIO ESTADUAL GOV. LUIZ VIANA FILHO,RUA PROF. NAVARRO DE BRITO - ZONA URBANA,MURITIBA,44400000,-13.0385707,-39.0038908,357,Com acessibilidade,2026-09-25 15:52:00,252146208356063756694278
UE2015 (Anterior),NAZARÉ,30,19,1776643,ESCOLA MUNICIPAL REUNIDAS NOSSO SENHOR DO BONFIM,AV. D. PEDRO II - ZONA URBANA,CENTRO,44400000,-13.0330867,-39.010533,171,Com acessibilidade,2026-09-25 16:01:00,575378635988977642542906
UE2015 (Anterior),NAZARÉ,30,20,1775139,ESCOLA EDUARDO CARIGÉ,RUA AMERICO PEIXOTO - ZONA URBANA,MURITIBA,44400000,-13.039272,-39.0028964,355,Com acessibilidade,2026-09-25 16:11:00,373358513868866911917852
UE2015 (Anterior),NAZARÉ,30,21,1795820,ESCOLA EDUARDO CARIGÉ,RUA AMERICO PEIXOTO - ZONA URBANA,MURITIBA,44400000,-13.039272,-39.0028964,354,Com acessibilidade,2026-09-25 16:20:00,716792965102225234885422
UE2015 (Anterior),NAZARÉ,30,22,1763023,ESCOLA EDUARDO CARIGÉ,RUA AMERICO PEIXOTO - ZONA URBANA,MURITIBA,44400000,-13.039272,-39.0028964,349,Com acessibilidade,2026-09-25 16:29:00,777398137708917872032028
UE2015 (Anterior),NAZARÉ,30,23,1838384,ESCOLA EDUARDO CARIGÉ,RUA AMERICO PEIXOTO - ZONA URBANA,MURITIBA,44400000,-13.039272,-39.0028964,347,Com acessibilidade,2026-09-25 16:37:00,726893198703810658637414
UE2015 (Anterior),NAZARÉ,30,24,1838197,ESCOLA CÔNEGO GETÚLIO ROSA,POVOADO CABOTO - ZONA RURAL,POVOADO CABOTO,44400000,-12.9745843,-38.9465603,305,Com acessibilidade,2026-09-25 16:47:00,646085220395829327948422
UE2015 (Anterior),NAZARÉ,30,25,1810582,ESCOLA CÔNEGO GETÚLIO ROSA,POVOADO CABOTO - ZONA RURAL,POVOADO CABOTO,44400000,-12.9745843,-38.9465603,318,Com acessibilidade,2026-09-25 16:57:00,625883317993897901943166
UE2015 (Anterior),NAZARÉ,30,26,1841373,ESCOLA MUNICIPAL PROFESSORA ELZA ALVES SILVA,RUA DO AREAL - ZONA URBANA,AREAL,44400000,-13.0168415,-39.040802,222,Com acessibilidade,2026-09-25 17:07:00,524873329583454659246599
UE2015 (Anterior),NAZARÉ,30,27,1766127,ESCOLA MUNICIPAL PROFESSORA ELZA ALVES SILVA,RUA DO AREAL - ZONA URBANA,AREAL,44400000,-13.0168415,-39.040802,221,Com acessibilidade,2026-09-25 17:16:00,565277472687513529391447
UE2015 (Anterior),NAZARÉ,30,28,1795795,COLEGIO ESTADUAL DR. JOSÉ MARCELINO DE SOUZA,RUA CLEMENTE CALDAS - ZONA URBANA,MULUNGUS,44400000,-13.0346704,-39.0159845,276,Com acessibilidade,2026-09-25 17:25:00,777398797208743531845772
UE2015 (Anterior),NAZARÉ,30,29,1766179,COLEGIO ESTADUAL DR. JOSÉ MARCELINO DE SOUZA,RUA CLEMENTE CALDAS - ZONA URBANA,MULUNGUS,44400000,-13.0346704,-39.0159845,273,Com acessibilidade,2026-09-25 17:35:00,504671639381565475336321
UE2015 (Anterior),NAZARÉ,30,30,1760468,COLEGIO ESTADUAL DR. JOSÉ MARCELINO DE SOUZA,RUA CLEMENTE CALDAS - ZONA URBANA,MULUNGUS,44400000,-13.0346704,-39.0159845,278,Com acessibilidade,2026-09-25 17:43:00,161237370647175022380063
UE2015 (Anterior),NAZARÉ,30,31,1842118,COLEGIO ESTADUAL DR. JOSÉ MARCELINO DE SOUZA,RUA CLEMENTE CALDAS - ZONA URBANA,MULUNGUS,44400000,-13.0346704,-39.0159845,278,Com acessibilidade,2026-09-25 17:53:00,29823341933127605019682
UE2015 (Anterior),NAZARÉ,30,32,1795913,COLEGIO ESTADUAL DR. JOSÉ MARCELINO DE SOUZA,RUA CLEMENTE CALDAS - ZONA URBANA,MULUNGUS,44400000,-13.0346704,-39.0159845,279,Com acessibilidade,2026-09-25 18:03:00,676388107098437510045340
UE2015 (Anterior),NAZARÉ,30,33,1807630,COLEGIO ESTADUAL DR. JOSÉ MARCELINO DE SOUZA,RUA CLEMENTE CALDAS - ZONA URBANA,MULUNGUS,44400000,-13.0346704,-39.0159845,274,Com acessibilidade,2026-09-25 18:12:00,555176095886332449584219
UE2015 (Anterior),NAZARÉ,30,34,1773088,COLÉGIO MONTEIRO LOBATO,"PRAÇA CASTRO ALVES, N 21 - ZONA URBANA",CENTRO,44400000,-13.0335049,-39.0095107,337,Com acessibilidade,2026-09-25 18:22:00,959116601726826468941418
UE2015 (Anterior),NAZARÉ,30,35,1811633,ESCOLA MUNICIPAL REUNIDAS NOSSO SENHOR DO BONFIM,AV. D. PEDRO II - ZONA URBANA,CENTRO,44400000,-13.0330867,-39.010533,180,Com acessibilidade,2026-09-25 18:31:00,565277324387457370553393
UE2015 (Anterior),NAZARÉ,30,40,1771296,COLEGIO ESTADUAL DR. JOSÉ MARCELINO DE SOUZA,RUA CLEMENTE CALDAS - ZONA URBANA,MULUNGUS,44400000,-13.0346704,-39.0159845,275,Com acessibilidade,2026-09-25 18:40:00,646085927595554883808497
UE2015 (Anterior),NAZARÉ,30,41,1764356,COLEGIO ESTADUAL DR. JOSÉ MARCELINO DE SOUZA,RUA CLEMENTE CALDAS - ZONA URBANA,MULUNGUS,44400000,-13.0346704,-39.0159845,277,Com acessibilidade,2026-09-25 18:50:00,858106247516858449883543
UE2015 (Anterior),NAZARÉ,30,42,1826125,COLEGIO ESTADUAL DR. JOSÉ MARCELINO DE SOUZA,RUA CLEMENTE CALDAS - ZONA URBANA,MULUNGUS,44400000,-13.0346704,-39.0159845,278,Com acessibilidade,2026-09-25 18:59:00,625883127793254179584951
UE2015 (Anterior),NAZARÉ,30,43,1837532,COLEGIO ESTADUAL DR. JOSÉ MARCELINO DE SOUZA,RUA CLEMENTE CALDAS - ZONA URBANA,MULUNGUS,44400000,-13.0346704,-39.0159845,277,Com acessibilidade,2026-09-25 19:08:00,363257978367589376433761
UE2015 (Anterior),NAZARÉ,30,45,1789838,ESCOLA MUNICIPAL GUIOMAR MUNIZ PEREIRA,RUA DO MATADOURO - ZONA URBANA,APAGA-FOGO,44400000,-13.0324668,-38.9976362,323,Com acessibilidade,2026-09-25 15:57:00,9621838845169973086110
UE2015 (Anterior),NAZARÉ,30,46,1757256,ESCOLA MUNICIPAL GUIOMAR MUNIZ PEREIRA,RUA DO MATADOURO - ZONA URBANA,APAGA-FOGO,44400000,-13.0324668,-38.9976362,322,Com acessibilidade,2026-09-25 16:06:00,161237101561910698506843
UE2015 (Anterior),NAZARÉ,30,47,1765594,ESCOLA MUNICIPAL GUIOMAR MUNIZ PEREIRA,RUA DO MATADOURO - ZONA URBANA,APAGA-FOGO,44400000,-13.0324668,-38.9976362,324,Com acessibilidade,2026-09-25 16:16:00,9621053945849114045171
UE2015 (Anterior),NAZARÉ,30,49,1765847,COLEGIO ESTADUAL DR. JOSÉ MARCELINO DE SOUZA,RUA CLEMENTE CALDAS - ZONA URBANA,MULUNGUS,44400000,-13.0346704,-39.0159845,276,Com acessibilidade,2026-09-25 16:29:00,898510162134039124643599
UE2015 (Anterior),NAZARÉ,30,50,1775330,ESCOLA MUNICIPAL MARIA LUCIA TOURINHO,RUA LUIZ GUALBERTO - ZONA URBANA,CALABÁ,44400000,-13.0258579,-39.0229026,359,Com acessibilidade,2026-09-25 16:44:00,625883979607590004071173
UE2015 (Anterior),NAZARÉ,30,51,1838145,ESCOLA MUNICIPAL MARIA LUCIA TOURINHO,RUA LUIZ GUALBERTO - ZONA URBANA,CALABÁ,44400000,-13.0258579,-39.0229026,360,Com acessibilidade,2026-09-25 17:01:00,312752779776824481699623
UE2015 (Anterior),NAZARÉ,30,52,1763660,ESCOLA MUNICIPAL ANTONIO UZEDA NETO,RUA ALCIDES MARQUES CORREIA - ZONA URBANA,BATATAN,44400000,-13.0281882,-39.0172781,332,Com acessibilidade,2026-09-25 17:13:00,221843798167964259681767
UE2015 (Anterior),NAZARÉ,30,53,1770443,COLEGIO ESTADUAL DR. JOSÉ MARCELINO DE SOUZA,RUA CLEMENTE CALDAS - ZONA URBANA,MULUNGUS,44400000,-13.0346704,-39.0159845,275,Com acessibilidade,2026-09-25 17:27:00,444065127889559900278104
UE2015 (Anterior),NAZARÉ,30,54,1779704,COLEGIO ESTADUAL DR. JOSÉ MARCELINO DE SOUZA,RUA CLEMENTE CALDAS - ZONA URBANA,MULUNGUS,44400000,-13.0346704,-39.0159845,277,Com acessibilidade,2026-09-25 17:36:00,332954123478462457967707
UE2015 (Anterior),NAZARÉ,30,55,1794641,ESCOLA MUNICIPAL ARGEMIRO BONFIM,RUA MILTON ALMEIDA - ZONA URBANA,LADEIRA GRANDE,44400000,-13.0203348,-39.0295993,322,Com acessibilidade,2026-09-25 17:46:00,19722918946230704776950
UE2015 (Anterior),NAZARÉ,30,56,1796055,ESCOLA MUNICIPAL ARGEMIRO BONFIM,RUA MILTON ALMEIDA - ZONA URBANA,LADEIRA GRANDE,44400000,-13.0203348,-39.0295993,318,Com acessibilidade,2026-09-25 17:55:00,221843233367460704094593
UE2015 (Anterior),NAZARÉ,30,57,1757984,POSTO DE EDUCACÃO JOSÉ PEDRO DE JESUS,PRACA JOAO DURVAL CARNEIRO - ZONA URBANA,APAGA-FOGO,44400000,-13.0334299,-39.0019746,237,Com acessibilidade,2026-09-25 18:06:00,807601924325775137347825
UE2015 (Anterior),NAZARÉ,30,58,1841044,POSTO DE EDUCACÃO JOSÉ PEDRO DE JESUS,PRACA JOAO DURVAL CARNEIRO - ZONA URBANA,APAGA-FOGO,44400000,-13.0334299,-39.0019746,235,Com acessibilidade,2026-09-25 18:16:00,90530320754155544342263
UE2015 (Anterior),NAZARÉ,30,59,1795986,UNIDADE DE SAÚDE JOÃO BATISTA DOS SANTOS,POVOADO LEONE - ZONA RURAL,POVOADO LEONE,44400000,-12.9627798,-38.9552413,373,Com acessibilidade,2026-09-25 18:25:00,161237502361244420565554
UE2015 (Anterior),NAZARÉ,30,60,1762217,UNIDADE DE SAÚDE JOÃO BATISTA DOS SANTOS,POVOADO LEONE - ZONA RURAL,POVOADO LEONE,44400000,-12.9627798,-38.9552413,375,Com acessibilidade,2026-09-25 18:34:00,555176978500656013529740
UE2015 (Anterior),NAZARÉ,30,61,1769732,ESCOLA MUNICIPAL MARINEIDE OLIVEIRA TUPINAMBÁ,RUA ALTO DE SAO JOSE - ZONA URBANA,APAGA-FOGO,44400000,-13.0306664,-38.9960729,318,Com acessibilidade,2026-09-25 18:44:00,898510429434080099540603
UE2015 (Anterior),NAZARÉ,30,62,1811315,COLEGIO ESTADUAL DR. JOSÉ MARCELINO DE SOUZA,RUA CLEMENTE CALDAS - ZONA URBANA,MULUNGUS,44400000,-13.0346704,-39.0159845,275,Com acessibilidade,2026-09-25 18:54:00,19722656346299836076884
UE2015 (Anterior),NAZARÉ,30,63,1766502,ESCOLA MUNICIPAL AMADA TEIXEIRA,RUA DA MATINHA - ZONA URBANA,APAGA-FOGO,44400000,-13.0282811,-38.9983851,251,Com acessibilidade,2026-09-25 19:03:00,979318722842841084153105
UE2015 (Anterior),NAZARÉ,30,160,1755999,ESCOLA MUNICIPAL AMADA TEIXEIRA,RUA DA MATINHA - ZONA URBANA,APAGA-FOGO,44400000,-13.0282811,-38.9983851,249,Com acessibilidade,2026-09-25 19:12:00,110732621256003470972321
UE2015 (Anterior),NAZARÉ,30,162,1760617,ESCOLA MUNICIPAL MARINEIDE OLIVEIRA TUPINAMBÁ,RUA ALTO DE SAO JOSE - ZONA URBANA,APAGA-FOGO,44400000,-13.0306664,-38.9960729,311,Com acessibilidade,2026-09-25 19:22:00,938914663338917213649725
UE2015 (Anterior),NAZARÉ,30,165,1825582,ESCOLA MUNICIPAL ANTONIO UZEDA NETO,RUA ALCIDES MARQUES CORREIA - ZONA URBANA,BATATAN,44400000,-13.0281882,-39.0172781,318,Com acessibilidade,2026-09-25 19:32:00,262247329971337334238971
UE2015 (Anterior),NAZARÉ,30,172,1780017,ESCOLA MUNICIPAL MARIA LUCIA TOURINHO,RUA LUIZ GUALBERTO - ZONA URBANA,CALABÁ,44400000,-13.0258579,-39.0229026,363,Com acessibilidade,2026-09-25 17:48:00,120833923220482652770276
UE2015 (Anterior),NAZARÉ,30,176,1766266,COLEGIO ESTADUAL GOV. LUIZ VIANA FILHO,RUA PROF. NAVARRO DE BRITO - ZONA URBANA,MURITIBA,44400000,-13.0385707,-39.0038908,357,Com acessibilidade,2026-09-25 17:59:00,413762655349930375673281
UE2015 (Anterior),NAZARÉ,30,177,1781975,ESCOLA PROFESSORA NAIR DE ALMEIDA BRITO,"RUA DA CATIARA, S/N - ZONA URBANA",MURITIBA,44400000,-13.0388193,-38.9986939,345,Com acessibilidade,2026-09-25 18:10:00,615782960169253471171702
UE2015 (Anterior),NAZARÉ,30,178,1795144,ESCOLA MUNICIPAL NARCISO PITANGA,"PRACA DA REPUBLICA, S/N - ZONA URBANA",APAGA-FOGO,44400000,-13.0335093,-39.0015312,232,Com acessibilidade,2026-09-25 18:21:00,716792176079517790242008
UE2015 (Anterior),NAZARÉ,30,179,1769080,POSTO DE EDUCACÃO JOSÉ PEDRO DE JESUS,PRACA JOAO DURVAL CARNEIRO - ZONA URBANA,APAGA-FOGO,44400000,-13.0334299,-39.0019746,235,Com acessibilidade,2026-09-25 18:33:00,646085215772675182123537
UE2015 (Anterior),NAZARÉ,30,183,1820049,ESCOLA CÔNEGO GETÚLIO ROSA,POVOADO CABOTO - ZONA RURAL,POVOADO CABOTO,44400000,-12.9745843,-38.9465603,333,Com acessibilidade,2026-09-25 18:44:00,110732092319307588882922
UE2015 (Anterior),NAZARÉ,30,189,1753601,ESCOLA PROFESSORA NAIR DE ALMEIDA BRITO,"RUA DA CATIARA, S/N - ZONA URBANA",MURITIBA,44400000,-13.0388193,-38.9986939,342,Com acessibilidade,2026-09-25 18:55:00,231944871431581418491457
UE2015 (Anterior),NAZARÉ,30,202,1770316,ESCOLA MUNICIPAL INSTITUTO FEMININO NOSSA SENHORA DE NAZARÉ,"RUA CORONEL SANTOS MELHOR, S/N - ZONA URBANA",BATATAN,44400000,-13.0376855,-39.0204315,343,Com acessibilidade,2026-09-25 19:06:00,767297169784844055612527
UE2015 (Anterior),NAZARÉ,30,205,1833790,COLEGIO ESTADUAL DR. JOSÉ MARCELINO DE SOUZA,RUA CLEMENTE CALDAS - ZONA URBANA,MULUNGUS,44400000,-13.0346704,-39.0159845,275,Com acessibilidade,2026-09-25 19:17:00,767297494984001997565938
UE2015 (Anterior),NAZARÉ,30,216,1773298,ESCOLA MUNICIPAL INSTITUTO FEMININO NOSSA SENHORA DE NAZARÉ,"RUA CORONEL SANTOS MELHOR, S/N - ZONA URBANA",BATATAN,44400000,-13.0376855,-39.0204315,346,Com acessibilidade,2026-09-25 19:27:00,959116864203284576590382
UE2015 (Anterior),NAZARÉ,30,220,1765160,CENTRO EDUCACIONAL COOPENAZA KIDS LTDA,RUA CONSELHEIRO SARAIVA - ZONA URBANA,CAMAMU,44400000,-13.0331063,-39.0062276,294,Com acessibilidade,2026-09-25 19:38:00,171338495925660380702078
UE2015 (Anterior),NAZARÉ,30,224,1776433,COLEGIO ESTADUAL GOV. LUIZ VIANA FILHO,RUA PROF. NAVARRO DE BRITO - ZONA URBANA,MURITIBA,44400000,-13.0385707,-39.0038908,358,Com acessibilidade,2026-09-25 19:49:00,141035909122791104553982
UE2015 (Anterior),NAZARÉ,30,235,1788631,ESCOLA MUNICIPAL ANTONIO UZEDA NETO,RUA ALCIDES MARQUES CORREIA - ZONA URBANA,BATATAN,44400000,-13.0281882,-39.0172781,126,Sem acessibilidade,2026-09-25 19:59:00,171338111925917979771915
UE2015 (Anterior),NAZARÉ,30,238,1764415,ESCOLA CÔNEGO GETÚLIO ROSA,POVOADO CABOTO - ZONA RURAL,POVOADO CABOTO,44400000,-12.9745843,-38.9465603,209,Sem acessibilidade,2026-09-25 20:10:00,444065718852273882184518
UE2015 (Anterior),NAZARÉ,30,239,1810046,COLEGIO ESTADUAL DR. JOSÉ MARCELINO DE SOUZA,RUA CLEMENTE CALDAS - ZONA URBANA,MULUNGUS,44400000,-13.0346704,-39.0159845,277,Sem acessibilidade,2026-09-25 20:21:00,555176932963546865322432
UE2015 (Anterior),NILO PEÇANHA,32,101,1772299,COLÉGIO ESTADUAL DE TEMPO INTEGRAL ADELAIDE SOUZA,"RODOVIA BA-001 NILO/ITUBERA, S/N, BAIXA FRIA - ZONA URBANA",BAIXA FRIA,45440000,-13.6054152,-39.1030963,283,Sem acessibilidade,2026-10-01 09:16:00,685011881503285508458034
UE2015 (Anterior),NILO PEÇANHA,32,102,1780033,COLÉGIO ESTADUAL DE TEMPO INTEGRAL ADELAIDE SOUZA,"RODOVIA BA-001 NILO/ITUBERA, S/N, BAIXA FRIA - ZONA URBANA",BAIXA FRIA,45440000,-13.6054152,-39.1030963,283,Sem acessibilidade,2026-10-01 09:26:00,311374623766004877129274
UE2015 (Anterior),NILO PEÇANHA,32,103,1782387,COLÉGIO ESTADUAL DE TEMPO INTEGRAL ADELAIDE SOUZA,"RODOVIA BA-001 NILO/ITUBERA, S/N, BAIXA FRIA - ZONA URBANA",BAIXA FRIA,45440000,-13.6054152,-39.1030963,282,Sem acessibilidade,2026-10-01 09:35:00,876930292322587118120389
UE2015 (Anterior),NILO PEÇANHA,32,104,1766750,COLÉGIO ESTADUAL DE TEMPO INTEGRAL ADELAIDE SOUZA,"RODOVIA BA-001 NILO/ITUBERA, S/N, BAIXA FRIA - ZONA URBANA",BAIXA FRIA,45440000,-13.6054152,-39.1030963,289,Sem acessibilidade,2026-10-01 09:44:00,674910204902403446797588
UE2015 (Anterior),NILO PEÇANHA,32,105,1782432,ESCOLA SANTO ANTÔNIO,POVOADO DE ITIÚCA - ZONA RURAL,POVOADO ITIÚCA,45440000,-13.5841881,-39.0498137,270,Sem acessibilidade,2026-10-01 09:57:00,392182038274427764402344
UE2015 (Anterior),NILO PEÇANHA,32,106,1794747,ESCOLA CELINA PINHEIRO GOMES,POVOADO DE BARRA DE CARVALHO - ZONA RURAL,POVOADO BARRA DE CARVALHO,45440000,-13.660471,-38.9770637,389,Sem acessibilidade,2026-10-01 10:09:00,604203350995409538535825
UE2015 (Anterior),NILO PEÇANHA,32,107,1763671,ESCOLA CELINA PINHEIRO GOMES,POVOADO DE BARRA DE CARVALHO - ZONA RURAL,POVOADO BARRA DE CARVALHO,45440000,-13.660471,-38.9770637,386,Sem acessibilidade,2026-10-01 10:17:00,876930736622626429705600
UE2015 (Anterior),NILO PEÇANHA,32,108,1768433,GINÁSIO PROFESSORA DINAH CARRILHO MONTEIRO,"POVOADO DE SÃO FRANCISCO, S/N - ZONA RURAL",POVOADO SÃO FRANCISCO,45440000,-13.6331155,-38.9970359,332,Sem acessibilidade,2026-10-01 10:26:00,604203574495372538063109
UE2015 (Anterior),NILO PEÇANHA,32,109,1753463,GINÁSIO PROFESSORA DINAH CARRILHO MONTEIRO,"POVOADO DE SÃO FRANCISCO, S/N - ZONA RURAL",POVOADO SÃO FRANCISCO,45440000,-13.6331155,-38.9970359,331,Sem acessibilidade,2026-10-01 10:36:00,917334995226772198785893
UE2015 (Anterior),NILO PEÇANHA,32,110,1795461,GINÁSIO PROFESSORA DINAH CARRILHO MONTEIRO,"POVOADO DE SÃO FRANCISCO, S/N - ZONA RURAL",POVOADO SÃO FRANCISCO,45440000,-13.6331155,-38.9970359,331,Sem acessibilidade,2026-10-01 10:44:00,917334079626725179685020
UE2015 (Anterior),NILO PEÇANHA,32,111,1762753,ESCOLA NOSSA SENHORA DAS GRAÇAS,POVOADO DE JATIMANE - ZONA RURAL,POVOADO JATIMANE,45440000,-13.6927807,-39.0466215,321,Sem acessibilidade,2026-10-01 10:55:00,331576600668300022050359
UE2015 (Anterior),NILO PEÇANHA,32,112,1809864,GRUPO ESCOLAR SÃO BENEDITO,POVOADO DE SÃO BENEDITO - ZONA RURAL,POVOADO SÃO BENEDITO,45440000,-13.7172983,-39.3577037,383,Sem acessibilidade,2026-10-01 11:13:00,685011067203267560320707
UE2015 (Anterior),NILO PEÇANHA,32,113,1755629,GRUPO ESCOLAR SÃO BENEDITO,POVOADO DE SÃO BENEDITO - ZONA RURAL,POVOADO SÃO BENEDITO,45440000,-13.7172983,-39.3577037,381,Sem acessibilidade,2026-10-01 11:25:00,382081874173197124583260
UE2015 (Anterior),NILO PEÇANHA,32,114,1761939,GRUPO ESCOLAR SÃO BENEDITO,POVOADO DE SÃO BENEDITO - ZONA RURAL,POVOADO SÃO BENEDITO,45440000,-13.7172983,-39.3577037,384,Sem acessibilidade,2026-10-01 11:47:00,533596136388668299029195
UE2015 (Anterior),NILO PEÇANHA,32,116,1810702,COLÉGIO ESTADUAL DE TEMPO INTEGRAL ADELAIDE SOUZA,"RODOVIA BA-001 NILO/ITUBERA, S/N, BAIXA FRIA - ZONA URBANA",BAIXA FRIA,45440000,-13.6054152,-39.1030963,286,Com acessibilidade,2026-10-01 11:57:00,371980198072593400676497
UE2015 (Anterior),NILO PEÇANHA,32,117,1756358,COLÉGIO ESTADUAL DE TEMPO INTEGRAL ADELAIDE SOUZA,"RODOVIA BA-001 NILO/ITUBERA, S/N, BAIXA FRIA - ZONA URBANA",BAIXA FRIA,45440000,-13.6054152,-39.1030963,287,Sem acessibilidade,2026-10-01 09:21:00,866829790100203350531864
UE2015 (Anterior),NILO PEÇANHA,32,118,1780795,COLÉGIO ESTADUAL DE TEMPO INTEGRAL ADELAIDE SOUZA,"RODOVIA BA-001 NILO/ITUBERA, S/N, BAIXA FRIA - ZONA URBANA",BAIXA FRIA,45440000,-13.6054152,-39.1030963,282,Sem acessibilidade,2026-10-01 09:32:00,462889508560961016487835
UE2015 (Anterior),NILO PEÇANHA,32,119,1769667,COLÉGIO ESTADUAL DE TEMPO INTEGRAL ADELAIDE SOUZA,"RODOVIA BA-001 NILO/ITUBERA, S/N, BAIXA FRIA - ZONA URBANA",BAIXA FRIA,45440000,-13.6054152,-39.1030963,282,Sem acessibilidade,2026-10-01 09:44:00,614304763775345452783611
UE2015 (Anterior),NILO PEÇANHA,32,120,1768589,GINÁSIO MUNICIPAL JOSÉ CARLOS ALELUIA ,"RUA DA CACHOEIRA, S/N, POVOADO DE SÃO BENEDITO - ZONA RURAL",POVOADO SÃO BENEDITO,45440000,-13.7160751,-39.3596999,387,Sem acessibilidade,2026-10-01 09:56:00,695112926983650290670472
UE2015 (Anterior),NILO PEÇANHA,32,121,1824374,GINÁSIO MUNICIPAL JOSÉ CARLOS ALELUIA ,"RUA DA CACHOEIRA, S/N, POVOADO DE SÃO BENEDITO - ZONA RURAL",POVOADO SÃO BENEDITO,45440000,-13.7160751,-39.3596999,386,Sem acessibilidade,2026-10-01 10:08:00,917334254805649303876501
UE2015 (Anterior),NILO PEÇANHA,32,122,1761625,GINÁSIO MUNICIPAL JOSÉ CARLOS ALELUIA ,"RUA DA CACHOEIRA, S/N, POVOADO DE SÃO BENEDITO - ZONA RURAL",POVOADO SÃO BENEDITO,45440000,-13.7160751,-39.3596999,387,Sem acessibilidade,2026-10-01 10:17:00,220465676436973900051356
UE2015 (Anterior),NILO PEÇANHA,32,123,1771064,GINÁSIO MUNICIPAL JOSÉ CARLOS ALELUIA ,"RUA DA CACHOEIRA, S/N, POVOADO DE SÃO BENEDITO - ZONA RURAL",POVOADO SÃO BENEDITO,45440000,-13.7160751,-39.3596999,385,Sem acessibilidade,2026-10-01 10:25:00,523495089866229441940366
UE2015 (Anterior),NILO PEÇANHA,32,137,1757096,ESCOLA MUNICIPAL HELENILDA Mª TONETE GUIMARÃES ,"RODOVIA BA-001 NILO/ITUBERA, S/N, BAIXA FRIA - ZONA URBANA",BAIXA FRIA,45440000,-13.6076169,-39.1022526,339,Sem acessibilidade,2026-10-01 10:36:00,392182466853256496096815
UE2015 (Anterior),NILO PEÇANHA,32,141,1753817,COLÉGIO ESTADUAL DE TEMPO INTEGRAL ADELAIDE SOUZA,"RODOVIA BA-001 NILO/ITUBERA, S/N, BAIXA FRIA - ZONA URBANA",BAIXA FRIA,45440000,-13.6054152,-39.1030963,286,Sem acessibilidade,2026-10-01 10:47:00,291172779943310626522023
UE2015 (Anterior),NILO PEÇANHA,32,150,1847990,GRUPO ESCOLAR SÃO BENEDITO,POVOADO DE SÃO BENEDITO - ZONA RURAL,POVOADO SÃO BENEDITO,45440000,-13.7172983,-39.3577037,386,Sem acessibilidade,2026-10-01 10:57:00,977940413111088723690648
UE2015 (Anterior),NILO PEÇANHA,32,158,1826180,GINÁSIO MUNICIPAL JOSÉ CARLOS ALELUIA ,"RUA DA CACHOEIRA, S/N, POVOADO DE SÃO BENEDITO - ZONA RURAL",POVOADO SÃO BENEDITO,45440000,-13.7160751,-39.3596999,387,Sem acessibilidade,2026-10-01 11:18:00,311374636745241243073528
UE2015 (Anterior),NILO PEÇANHA,32,159,1791619,ESCOLA MUNICIPAL HELENILDA Mª TONETE GUIMARÃES ,"RODOVIA BA-001 NILO/ITUBERA, S/N, BAIXA FRIA - ZONA URBANA",BAIXA FRIA,45440000,-13.6076169,-39.1022526,335,Sem acessibilidade,2026-10-01 11:27:00,38546460317981763289299
UE2015 (Anterior),NILO PEÇANHA,32,203,1766641,GINÁSIO MUNICIPAL JOSÉ CARLOS ALELUIA ,"RUA DA CACHOEIRA, S/N, POVOADO DE SÃO BENEDITO - ZONA RURAL",POVOADO SÃO BENEDITO,45440000,-13.7160751,-39.3596999,385,Sem acessibilidade,2026-10-01 11:36:00,89051598122054914809617
UE2015 (Anterior),NILO PEÇANHA,32,212,1837506,COLÉGIO ESTADUAL DE TEMPO INTEGRAL ADELAIDE SOUZA,"RODOVIA BA-001 NILO/ITUBERA, S/N, BAIXA FRIA - ZONA URBANA",BAIXA FRIA,45440000,-13.6054152,-39.1030963,284,Sem acessibilidade,2026-10-01 11:45:00,533596000367525087077237
UE2015 (Anterior),NILO PEÇANHA,32,218,1824738,ESCOLA MUNICIPAL HELENILDA Mª TONETE GUIMARÃES ,"RODOVIA BA-001 NILO/ITUBERA, S/N, BAIXA FRIA - ZONA URBANA",BAIXA FRIA,45440000,-13.6076169,-39.1022526,164,Sem acessibilidade,2026-10-01 11:56:00,240667370138396692956143
UE2015 (Anterior),NOVA IBIÁ,151,46,1766101,ESCOLA CARLOS CAÍRES DE BRITO,"RUA CARLOS CAÍRES BRITO, S/N - ZONA URBANA",CLETO CAÍRES BRITO,45452000,-13.81112065,-39.62270931,222,Com acessibilidade,2026-09-29 14:28:00,305485242416511483159165
UE2015 (Anterior),NOVA IBIÁ,151,47,1841581,ESCOLA CARLOS CAÍRES DE BRITO,"RUA CARLOS CAÍRES BRITO, S/N - ZONA URBANA",CLETO CAÍRES BRITO,45452000,-13.81112065,-39.62270931,226,Com acessibilidade,2026-09-29 14:36:00,204475257006368096603117
UE2015 (Anterior),NOVA IBIÁ,151,48,1761415,COLÉGIO ISMÊNIA MOURA DE CARVALHO,"RUA JOÃO LIBÂNIO DA SILVA, N 145 - ZONA URBANA",ROSALINA MOURA,45452000,-13.81100399,-39.6260292,286,Com acessibilidade,2026-09-29 14:44:00,366091525322476483321832
UE2015 (Anterior),NOVA IBIÁ,151,49,1769955,COLÉGIO ISMÊNIA MOURA DE CARVALHO,"RUA JOÃO LIBÂNIO DA SILVA, N 145 - ZONA URBANA",ROSALINA MOURA,45452000,-13.81100399,-39.6260292,286,Com acessibilidade,2026-09-29 14:53:00,406495670826530977700714
UE2015 (Anterior),NOVA IBIÁ,151,50,1768689,COLÉGIO ISMÊNIA MOURA DE CARVALHO,"RUA JOÃO LIBÂNIO DA SILVA, N 145 - ZONA URBANA",ROSALINA MOURA,45452000,-13.81100399,-39.6260292,288,Com acessibilidade,2026-09-29 15:01:00,699324047655349953110766
UE2015 (Anterior),NOVA IBIÁ,151,51,1824847,COLÉGIO ISMÊNIA MOURA DE CARVALHO,"RUA JOÃO LIBÂNIO DA SILVA, N 145 - ZONA URBANA",ROSALINA MOURA,45452000,-13.81100399,-39.6260292,289,Com acessibilidade,2026-09-29 15:10:00,578112034343246878915234
UE2015 (Anterior),NOVA IBIÁ,151,112,1766092,ESCOLA CARLOS CAÍRES DE BRITO,"RUA CARLOS CAÍRES BRITO, S/N - ZONA URBANA",CLETO CAÍRES BRITO,45452000,-13.81112065,-39.62270931,225,Com acessibilidade,2026-09-29 15:20:00,557910935041315195152850
UE2015 (Anterior),NOVA IBIÁ,151,119,1752949,CENTRO EDUCACIONAL ELZA COSTA VILAS BOAS,RUA ENEDINO DOS SANTOS,ALIPIO LOPES SOUZA,45452000,-13.80946887,-39.61847073,333,Com acessibilidade,2026-09-29 15:39:00,204475353906687349962158
UE2015 (Anterior),NOVA IBIÁ,151,120,1756806,COLÉGIO ESTADUAL MARIA LEAL LOPES,"RUA 13 DE JUNHO, 16 - ZONA URBANA",NOVOS TEMPOS,45452000,-13.80994645,-39.62388085,286,Com acessibilidade,2026-09-29 15:48:00,507405732736007677563546
UE2015 (Anterior),NOVA IBIÁ,151,140,1753891,COLÉGIO ISMÊNIA MOURA DE CARVALHO,"RUA JOÃO LIBÂNIO DA SILVA, N 145 - ZONA URBANA",ROSALINA MOURA,45452000,-13.81100399,-39.6260292,286,Com acessibilidade,2026-09-29 16:06:00,507405875436613412942878
UE2015 (Anterior),NOVA IBIÁ,151,141,1764429,COLÉGIO ESTADUAL MARIA LEAL LOPES,"RUA 13 DE JUNHO, 16 - ZONA URBANA",NOVOS TEMPOS,45452000,-13.80994645,-39.62388085,291,Com acessibilidade,2026-09-29 16:16:00,164071640702369467642177
UE2015 (Anterior),NOVA IBIÁ,151,143,1781588,COLÉGIO ESTADUAL MARIA LEAL LOPES,"RUA 13 DE JUNHO, 16 - ZONA URBANA",NOVOS TEMPOS,45452000,-13.80994645,-39.62388085,284,Com acessibilidade,2026-09-29 16:27:00,517506210137870540646979
UE2015 (Anterior),NOVA IBIÁ,151,145,1765037,COLÉGIO ESTADUAL MARIA LEAL LOPES,"RUA 13 DE JUNHO, 16 - ZONA URBANA",NOVOS TEMPOS,45452000,-13.80994645,-39.62388085,288,Com acessibilidade,2026-09-29 16:36:00,638718552849012313734242
UE2015 (Anterior),NOVA IBIÁ,151,148,1769489,COLÉGIO ESTADUAL MARIA LEAL LOPES,"RUA 13 DE JUNHO, 16 - ZONA URBANA",NOVOS TEMPOS,45452000,-13.80994645,-39.62388085,289,Com acessibilidade,2026-09-29 16:45:00,557910805741958266342448
UE2015 (Anterior),NOVA IBIÁ,151,151,1792174,ESCOLA MUNICIPAL ISAURA PIRES CAIRES,"PRAÇA 13 DE JUNHO, Nº 23 - ZONA URBANA",CENTRO,45452000,-13.80911241,-39.62618158,309,Com acessibilidade,2026-09-29 16:54:00,133768680899552179889859
UE2015 (Anterior),NOVA IBIÁ,151,162,1824912,ESCOLA MUNICIPAL ISAURA PIRES CAIRES,"PRAÇA 13 DE JUNHO, Nº 23 - ZONA URBANA",CENTRO,45452000,-13.80911241,-39.62618158,306,Com acessibilidade,2026-09-29 17:02:00,861041590172806145888770
UE2015 (Anterior),NOVA IBIÁ,151,179,1767202,CENTRO EDUCACIONAL ELZA COSTA VILAS BOAS,RUA ENEDINO DOS SANTOS,ALIPIO LOPES SOUZA,45452000,-13.80946887,-39.61847073,333,Com acessibilidade,2026-09-29 17:11:00,224677794108185677092932
UE2015 (Anterior),NOVA IBIÁ,151,233,1796199,COLÉGIO ESTADUAL MARIA LEAL LOPES,"RUA 13 DE JUNHO, 16 - ZONA URBANA",NOVOS TEMPOS,45452000,-13.80994645,-39.62388085,288,Com acessibilidade,2026-09-29 17:19:00,406495123826924084671648
UE2015 (Anterior),NOVA IBIÁ,151,236,1838262,CENTRO EDUCACIONAL ELZA COSTA VILAS BOAS,RUA ENEDINO DOS SANTOS,ALIPIO LOPES SOUZA,45452000,-13.80946887,-39.61847073,334,Com acessibilidade,2026-09-29 17:28:00,456900501331996071138588
UE2015 (Anterior),OURIÇANGAS,74,51,1766896,ESCOLA MUNICIPAL ANTÔNIO LOMANTO JÚNIOR,RUA ILDEFONSO MARTINS DE ABREU S/N - ZONA URBANA,CENTRO,48150000,-12.01297647,-38.63100823,244,Sem acessibilidade,2026-09-22 12:34:00,831676297034003896336059
UE2015 (Anterior),OURIÇANGAS,74,52,1763434,ESCOLA MUNICIPAL ANTÔNIO LOMANTO JÚNIOR,RUA ILDEFONSO MARTINS DE ABREU S/N - ZONA URBANA,CENTRO,48150000,-12.01297647,-38.63100823,244,Sem acessibilidade,2026-09-22 12:43:00,922585494043111686941476
UE2015 (Anterior),OURIÇANGAS,74,53,1838805,ESCOLA MUNICIPAL ANTÔNIO LOMANTO JÚNIOR,RUA ILDEFONSO MARTINS DE ABREU S/N - ZONA URBANA,CENTRO,48150000,-12.01297647,-38.63100823,244,Sem acessibilidade,2026-09-22 14:48:00,478040151898230432872212
UE2015 (Anterior),OURIÇANGAS,74,54,1781858,ESCOLA MUNICIPAL JAIRO AZI,RUA IDELFONSO MARTINS - ZONA URBANA,CENTRO,48150000,-12.01334715,-38.6312699,260,Sem acessibilidade,2026-09-22 15:36:00,670060460518311793596128
UE2015 (Anterior),OURIÇANGAS,74,55,1754920,ESCOLA ESTADUAL ELIEL MARTINS,RUA IDELFONSO MARTINS - ZONA URBANA,CENTRO,48150000,-12.00731659,-38.6261889,295,Sem acessibilidade,2026-09-22 14:57:00,447737347895226156969248
UE2015 (Anterior),OURIÇANGAS,74,56,1793138,ESCOLA MUNICIPAL JAIRO AZI,RUA IDELFONSO MARTINS - ZONA URBANA,CENTRO,48150000,-12.01334715,-38.6312699,260,Sem acessibilidade,2026-09-22 15:45:00,306323312681963916111111
UE2015 (Anterior),OURIÇANGAS,74,58,1754609,ESCOLA MUNICIPAL JAIRO AZI,RUA IDELFONSO MARTINS - ZONA URBANA,CENTRO,48150000,-12.01334715,-38.6312699,260,Sem acessibilidade,2026-09-22 15:54:00,255818489776932253462696
UE2015 (Anterior),OURIÇANGAS,74,59,1794886,ESCOLA MUNICIPAL JAIRO AZI,RUA IDELFONSO MARTINS - ZONA URBANA,CENTRO,48150000,-12.01334715,-38.6312699,261,Sem acessibilidade,2026-09-22 16:03:00,356828692686627250699655
UE2015 (Anterior),OURIÇANGAS,74,61,1816289,ESCOLA ESTADUAL ELIEL MARTINS,RUA IDELFONSO MARTINS - ZONA URBANA,CENTRO,48150000,-12.00731659,-38.6261889,294,Sem acessibilidade,2026-09-22 15:06:00,346727874785712132593789
UE2015 (Anterior),OURIÇANGAS,74,112,1811709,ESCOLA ESTADUAL ELIEL MARTINS,RUA IDELFONSO MARTINS - ZONA URBANA,CENTRO,48150000,-12.00731659,-38.6261889,297,Sem acessibilidade,2026-09-22 15:16:00,528545906703989241624731
UE2015 (Anterior),OURIÇANGAS,74,115,1787440,ESCOLA MUNICIPAL JAIRO AZI,RUA IDELFONSO MARTINS - ZONA URBANA,CENTRO,48150000,-12.01334715,-38.6312699,259,Sem acessibilidade,2026-09-22 16:16:00,286121990979859809820193
UE2015 (Anterior),OURIÇANGAS,74,129,1775453,ESCOLA MUNICIPAL EZEQUIEL ALVES DOS SANTOS,LOTEAMENTO ENCANTO DA CIDADE - ZONA URBANA,CENTRO,48150000,-12.01609022,-38.62831164,289,Com acessibilidade,2026-09-22 16:25:00,63999289657657509982791
UE2015 (Anterior),OURIÇANGAS,74,140,1756348,ESCOLA MUNICIPAL OSORIO SALES DE CERQUEIRA,FAZENDA CATETE - ZONA RURAL,POVOADO CATETE,48150000,-11.95974193,-38.70547544,262,Sem acessibilidade,2026-09-22 10:48:00,609353976411928838544281
UE2015 (Anterior),OURIÇANGAS,74,141,1765244,ESCOLA MUNICIPAL DO SÍTIO NOVO,FAZENDA SÍTIO NOVO - ZONA RURAL,POVOADO SITIO NOVO,48150000,-12.0091252,-38.69843668,271,Sem acessibilidade,2026-09-22 11:03:00,437636910694154627911342
UE2015 (Anterior),OURIÇANGAS,74,173,1766107,ESCOLA MUNICIPAL EDUARDO ALVES DA PAIXÃO,POVOADO CANAVIEIRA - ZONA RURAL,POVOADO CANAVIEIRA,48150000,-11.97908033,-38.66798242,275,Sem acessibilidade,2026-09-22 11:23:00,912484823942810482612574
UE2015 (Anterior),OURIÇANGAS,74,174,1766886,ESCOLA MUNICIPAL SANTA LUZIA,FAZENDA CORIMONGO - ZONA RURAL,POVOADO CORIMONGO,48150000,-11.9802138,-38.6843551,333,Sem acessibilidade,2026-09-22 11:34:00,882181906439942910860448
UE2015 (Anterior),OURIÇANGAS,74,175,1765361,ESCOLA MUNICIPAL PASCOAL GUALBERTO DOS SANTOS,FAZENDA COQUEIRO - ZONA RURAL,POVOADO COQUEIRO,48150000,-12.04600323,-38.69898559,350,Sem acessibilidade,2026-09-22 12:04:00,882181015339783885963952
UE2015 (Anterior),OURIÇANGAS,74,178,1762925,ASSOCIAÇÃO DOS PRODUTORES RURAIS COMUNITÁRIA DO RIO GRANDE,FAZENDA GENIPAPO - ZONA RURAL,POVOADO GENIPAPO,48150000,-11.98021726,-38.61792533,204,Sem acessibilidade,2026-09-22 12:15:00,53898517756110356517337
UE2015 (Anterior),OURIÇANGAS,74,179,1766854,ASSOCIAÇÃO DOS PRODUTORES RURAIS DA REGIÃO DA ESTACADA,FAZENDA ESTACADA - ZONA RURAL,POVOADO ESTACADA,48150000,-12.04191869,-38.6593407,389,Sem acessibilidade,2026-09-22 12:24:00,245717814975321280418596
UE2015 (Anterior),OURIÇANGAS,74,184,1757426,ESCOLA MUNICIPAL SANTO ANTÔNIO,FAZENDA MUNGUBA - ZONA RURAL,POVOADO PICADA,48150000,-12.04897013,-38.60799204,312,Sem acessibilidade,2026-09-22 11:44:00,619454704112765091637559
UE2015 (Anterior),OURIÇANGAS,74,204,1795852,ESCOLA ESTADUAL ELIEL MARTINS,RUA IDELFONSO MARTINS - ZONA URBANA,CENTRO,48150000,-12.00731659,-38.6261889,295,Sem acessibilidade,2026-09-22 15:25:00,377030996888851304730458
UE2015 (Anterior),OURIÇANGAS,74,218,1764656,ESCOLA MUNICIPAL EZEQUIEL ALVES DOS SANTOS,LOTEAMENTO ENCANTO DA CIDADE - ZONA URBANA,CENTRO,48150000,-12.01609022,-38.62831164,217,Com acessibilidade,2026-09-22 16:35:00,427535555393104123514244
UE2015 (Anterior),OURIÇANGAS,74,282,1795975,ESCOLA MUNICIPAL EZEQUIEL ALVES DOS SANTOS,LOTEAMENTO ENCANTO DA CIDADE - ZONA URBANA,CENTRO,48150000,-12.01609022,-38.62831164,300,Com acessibilidade,2026-09-22 17:09:00,286121241579081247464807
UE2015 (Anterior),OURIÇANGAS,74,293,1764968,ESCOLA MUNICIPAL DO SÍTIO NOVO,FAZENDA SÍTIO NOVO - ZONA RURAL,POVOADO SITIO NOVO,48150000,-12.0091252,-38.69843668,269,Sem acessibilidade,2026-09-22 11:14:00,993292136050871750050344
UE2015 (Anterior),OURIÇANGAS,74,319,1807227,CRECHE MUNICIPAL TIA ZIZI,RUA MANOEL GOMES DE CERQUEIRA - ZONA URBANA,CENTRO,48150000,-12.01001106,-38.62883528,357,Com acessibilidade,2026-09-22 17:20:00,195212524670545499413396
UE2015 (Anterior),OURIÇANGAS,74,323,1770397,ESCOLA MUNICIPAL SANTO ANTÔNIO,FAZENDA MUNGUBA - ZONA RURAL,POVOADO PICADA,48150000,-12.04897013,-38.60799204,130,Sem acessibilidade,2026-09-22 11:54:00,710464458922954842765501
UE2015 (Anterior),PARATINGA,173,98,1757809,ESCOLA BORGES DOS REIS,PRACA 2 DE JULHO - ZONA URBANA,CENTRO,47500000,-12.69302945,-43.184341,341,Com acessibilidade,2026-09-24 07:13:00,487539996144062020504963
UE2015 (Anterior),PARATINGA,173,99,1750342,ESCOLA BORGES DOS REIS,PRACA 2 DE JULHO - ZONA URBANA,CENTRO,47500000,-12.69302945,-43.184341,340,Com acessibilidade,2026-09-24 07:26:00,235014851919111134175212
UE2015 (Anterior),PARATINGA,173,100,1761004,ESCOLA BORGES DOS REIS,PRACA 2 DE JULHO - ZONA URBANA,CENTRO,47500000,-12.69302945,-43.184341,334,Com acessibilidade,2026-09-24 07:38:00,184509278714291652403300
UE2015 (Anterior),PARATINGA,173,101,1765737,COLÉGIO ESTADUAL JOSÉ EVANDRO DE OLIVEIRA BRANDÃO (MARIA ONÍLIA),"AVENIDA RIO BRANCO, S/N - ZONA URBANA",ALCIDES DE OLIVEIRA DOURADO,47500000,-12.69905763,-43.18320519,381,Com acessibilidade,2026-09-24 07:48:00,669357868062860381037281
UE2015 (Anterior),PARATINGA,173,102,1757685,COLÉGIO ESTADUAL JOSÉ EVANDRO DE OLIVEIRA BRANDÃO (MARIA ONÍLIA),"AVENIDA RIO BRANCO, S/N - ZONA URBANA",ALCIDES DE OLIVEIRA DOURADO,47500000,-12.69905763,-43.18320519,381,Com acessibilidade,2026-09-24 07:59:00,921983234388287011950297
UE2015 (Anterior),PARATINGA,173,103,1751086,COLEGIO CINECISTA ALCIDES DE O. DOURADO (ALCIDES DE OLIVEIRA DOURADO),RUA DR. MANOEL NOVAIS S/N - ZONA URBANA,CENTRO,47500000,-12.69264019,-43.18333273,334,Com acessibilidade,2026-09-24 08:09:00,729963143668743615051727
UE2015 (Anterior),PARATINGA,173,104,1795610,COLEGIO CINECISTA ALCIDES DE O. DOURADO (ALCIDES DE OLIVEIRA DOURADO),RUA DR. MANOEL NOVAIS S/N - ZONA URBANA,CENTRO,47500000,-12.69264019,-43.18333273,334,Com acessibilidade,2026-09-24 08:20:00,507741030546071044057340
UE2015 (Anterior),PARATINGA,173,105,1775271,COLEGIO CINECISTA ALCIDES DE O. DOURADO (ALCIDES DE OLIVEIRA DOURADO),RUA DR. MANOEL NOVAIS S/N - ZONA URBANA,CENTRO,47500000,-12.69264019,-43.18333273,336,Com acessibilidade,2026-09-24 08:29:00,730064375369931783482660
UE2015 (Anterior),PARATINGA,173,106,1763460,POLO EDUCACIONAL NOSSA SENHORA APARECIDA,CANABRAVA - REGIAO SANTO ONOFRE - ZONA RURAL,POVOADO CANABRAVA,47500000,-12.6282206,-43.0175972,203,Com acessibilidade,2026-09-24 09:09:00,113802865607244151717185
UE2015 (Anterior),PARATINGA,173,107,1782253,POLO EDUCACIONAL NOSSA SENHORA APARECIDA,CANABRAVA - REGIAO SANTO ONOFRE - ZONA RURAL,POVOADO CANABRAVA,47500000,-12.6282206,-43.0175972,202,Com acessibilidade,2026-09-24 09:19:00,911882775187133058657360
UE2015 (Anterior),PARATINGA,173,108,1793319,POLO EDUCACIONAL NOSSA SENHORA APARECIDA,CANABRAVA - REGIAO SANTO ONOFRE - ZONA RURAL,POVOADO CANABRAVA,47500000,-12.6282206,-43.0175972,200,Com acessibilidade,2026-09-24 09:29:00,12892989897325946633097
UE2015 (Anterior),PARATINGA,173,109,1790194,POLO EDUCACIONAL FERNÃO DIAS (PEDRO NERY DA SILVA),PAULISTA - REGIAO DO PAULISTA - ZONA RURAL,POVOADO PAULISTA,47500000,-12.48418128,-43.04809826,231,Com acessibilidade,2026-09-24 09:42:00,649155726360645068466050
UE2015 (Anterior),PARATINGA,173,110,1777007,POLO EDUCACIONAL FERNÃO DIAS (PEDRO NERY DA SILVA),PAULISTA - REGIAO DO PAULISTA - ZONA RURAL,POVOADO PAULISTA,47500000,-12.48418128,-43.04809826,231,Com acessibilidade,2026-09-24 09:52:00,558246711651648973749866
UE2015 (Anterior),PARATINGA,173,111,1790082,POLO EDUCACIONAL FERNÃO DIAS (PEDRO NERY DA SILVA),PAULISTA - REGIAO DO PAULISTA - ZONA RURAL,POVOADO PAULISTA,47500000,-12.48418128,-43.04809826,229,Com acessibilidade,2026-09-24 10:02:00,952286225891675996934732
UE2015 (Anterior),PARATINGA,173,112,1750225,POLO EDUCACIONAL ROSA VAZ,BARREIRO - REGIAO SANTO ONOFRE - ZONA RURAL,POVOADO BARREIRO,47500000,-12.9035624,-42.9410573,170,Com acessibilidade,2026-09-24 10:13:00,578448955153453673418434
UE2015 (Anterior),PARATINGA,173,114,1781298,ESCOLA MUNICIPAL SATURNINO R. DE ALMEIDA,MUQUEM - REGIAO DAS CAATINGAS - ZONA RURAL,POVOADO MUQUEM,47500000,-12.9370868,-43.0534634,148,Com acessibilidade,2026-09-24 10:22:00,517842119147419195390052
UE2015 (Anterior),PARATINGA,173,116,1839642,ESCOLA MUNICIPAL SAO JOSE,COVAO DE AREIA - REGIAO DO SANTO ONOFRE -ZONA RURAL,POVOADO COVAO DE AREIA,47500000,-12.5758614,-43.0815674,167,Com acessibilidade,2026-09-24 10:33:00,33094858699094810524727
UE2015 (Anterior),PARATINGA,173,117,1761271,POLO EDUCACIONAL JOSE PEDRO DE MACEDO,BONSUCESSO - REGIAO DAS CAATINGAS - ZONA RURAL,POVOADO BONSUCESSO,47500000,-12.9834756,-43.0204371,226,Com acessibilidade,2026-09-24 10:44:00,527943458548740502558697
UE2015 (Anterior),PARATINGA,173,118,1759822,ESCOLA MUNICIPAL SANTO ANTONIO,RUA SAO JOAO S/N  - ZONA URBANA,CENTRO,47500000,-12.68515024,-43.17986854,378,Com acessibilidade,2026-09-24 10:54:00,265317301622575977036722
UE2015 (Anterior),PARATINGA,173,119,1839282,ESCOLA MUNICIPAL SANTO ANTONIO,RUA SAO JOAO S/N  - ZONA URBANA,CENTRO,47500000,-12.68515024,-43.17986854,378,Com acessibilidade,2026-09-24 11:04:00,588549735754559541906882
UE2015 (Anterior),PARATINGA,173,120,1795497,ESCOLA MUNICIPAL MARECHAL DEODORO,POVOADO PEDRA COMPRIDA - REGIAO SANTO ONOFRE - ZONA RURAL,POVOADO PEDRA COMPRIDA,47500000,-12.7879669,-42.9695175,287,Com acessibilidade,2026-09-24 11:14:00,265317491822328512165178
UE2015 (Anterior),PARATINGA,173,121,1815252,ESCOLA MUNICIPAL MARECHAL DEODORO,POVOADO PEDRA COMPRIDA - REGIAO SANTO ONOFRE - ZONA RURAL,POVOADO PEDRA COMPRIDA,47500000,-12.7879669,-42.9695175,289,Com acessibilidade,2026-09-24 11:24:00,618852956957769006265909
UE2015 (Anterior),PARATINGA,173,122,1838794,ESCOLA MUNICIPAL REINALDO RODRIGUES DA ROCHA,POCAO SANTO ONOFRE - ZONA RURAL,POVOADO POCAO DO SANTO ONOFRE,47500000,-12.7568556,-42.9781998,92,Com acessibilidade,2026-09-24 11:34:00,628953071658863475178412
UE2015 (Anterior),PARATINGA,173,124,1769857,POLO EDUCACIONAL PROFESSORA BOPINHA,POCAO SANTO ANTONIO - REGIAO BEIRA RIO - ZONA RURAL,POVOADO SANTO ANTONIO,47500000,-12.8310646,-43.2754347,272,Com acessibilidade,2026-09-24 11:44:00,487539152744811683705370
UE2015 (Anterior),PARATINGA,173,125,1756083,POLO EDUCACIONAL PROFESSORA BOPINHA,POCAO SANTO ANTONIO - REGIAO BEIRA RIO - ZONA RURAL,POVOADO SANTO ANTONIO,47500000,-12.8310646,-43.2754347,271,Com acessibilidade,2026-09-24 11:54:00,618852394357035598504034
UE2015 (Anterior),PARATINGA,173,126,1770338,ESCOLA MUNICIPAL DO POVOADO PENHA,PENHA - REGIAO DO PAULISTA - ZONA RURAL,POVOADO PENHA,47500000,-12.36631862,-43.07655623,53,Com acessibilidade,2026-09-24 12:03:00,467337350742475998369748
UE2015 (Anterior),PARATINGA,173,127,1769779,ESCOLA MUNICIPAL CASTELO BRANCO (PATRÍCIA NEVES VIANA),PRACA XV DE NOVEMBRO S/N - ZONA URBANA,CENTRO,47500000,-12.68841698,-43.18200115,397,Com acessibilidade,2026-09-24 12:13:00,53296051701159841383812
UE2015 (Anterior),PARATINGA,173,128,1781141,ESCOLA MUNICIPAL CASTELO BRANCO (PATRÍCIA NEVES VIANA),PRACA XV DE NOVEMBRO S/N - ZONA URBANA,CENTRO,47500000,-12.68841698,-43.18200115,397,Com acessibilidade,2026-09-24 12:23:00,608751717556797721648210
UE2015 (Anterior),PARATINGA,173,129,1765117,ESCOLA MUNICIPAL CASTELO BRANCO (PATRÍCIA NEVES VIANA),PRACA XV DE NOVEMBRO S/N - ZONA URBANA,CENTRO,47500000,-12.68841698,-43.18200115,398,Com acessibilidade,2026-09-24 12:57:00,992690214995730625450764
UE2015 (Anterior),PARATINGA,173,130,1768960,ESCOLA MUNICIPAL MANOEL FAUSTINO,"PRACA DA BANDEIRA, S/N - ZONA URBANA",CENTRO,47500000,-12.69355255,-43.1882409,390,Com acessibilidade,2026-09-24 13:07:00,406731706536803496545860
UE2015 (Anterior),PARATINGA,173,131,1768681,ESCOLA MUNICIPAL MANOEL FAUSTINO,"PRACA DA BANDEIRA, S/N - ZONA URBANA",CENTRO,47500000,-12.69355255,-43.1882409,390,Com acessibilidade,2026-09-24 13:17:00,871478282283362854538269
UE2015 (Anterior),PARATINGA,173,132,1765187,ESCOLA MUNICIPAL MANOEL FAUSTINO,"PRACA DA BANDEIRA, S/N - ZONA URBANA",CENTRO,47500000,-12.69355255,-43.1882409,388,Com acessibilidade,2026-09-24 13:27:00,598650118655178756213075
UE2015 (Anterior),PARATINGA,173,133,1791946,ESCOLA MUNICIPAL ROMULO GALVAO,TEIU - REGIAO BEIRA RIO - ZONA RURAL,POVOADO TEIU,47500000,-12.57488276,-43.15027691,317,Com acessibilidade,2026-09-24 13:36:00,730064360069335464379036
UE2015 (Anterior),PARATINGA,173,134,1754913,ESCOLA MUNICIPAL ROMULO GALVAO,TEIU - REGIAO BEIRA RIO - ZONA RURAL,POVOADO TEIU,47500000,-12.57488276,-43.15027691,319,Com acessibilidade,2026-09-24 13:46:00,416832159137102671797935
UE2015 (Anterior),PARATINGA,173,135,1792263,ESCOLA MUNICIPAL SAO JOSE,EXTREMA - REGIAO BEIRA RIO - ZONA RURAL,POVOADO EXTREMA,47500000,-12.49563074,-43.2216315,161,Com acessibilidade,2026-09-24 13:59:00,558246403751545413451066
UE2015 (Anterior),PARATINGA,173,137,1765426,POLO EDUCACIONAL NOVO HORIZONTE,MANGABEIRA - REGIAO SANTO ONOFRE - ZONA RURAL,POVOADO BARRA DO PRETO,47500000,-12.5902173,-42.9819183,349,Com acessibilidade,2026-09-24 14:09:00,639054703659287138674031
UE2015 (Anterior),PARATINGA,173,138,1808852,POLO EDUCACIONAL NOVO HORIZONTE,MANGABEIRA - REGIAO SANTO ONOFRE - ZONA RURAL,POVOADO BARRA DO PRETO,47500000,-12.5902173,-42.9819183,349,Com acessibilidade,2026-09-24 14:18:00,618852792757286851138523
UE2015 (Anterior),PARATINGA,173,139,1824429,ESCOLA MUNICIPAL AMOR PERFEITO,MACEDO - REGIAO SANTO ONOFRE - ZONA RURAL,POVOADO MACEDO,47500000,-12.7160761,-42.9881705,331,Com acessibilidade,2026-09-24 14:28:00,497640780345259338969487
UE2015 (Anterior),PARATINGA,173,140,1766124,POLO EDUCACIONAL ANTONIO RAMOS,AGRESTE - REGIAO SANTO ONOFRE - ZONA RURAL,POVOADO AGRESTE,47500000,-12.8453918,-42.9600601,245,Com acessibilidade,2026-09-24 14:38:00,305721677326154430255030
UE2015 (Anterior),PARATINGA,173,141,1842422,POLO EDUCACIONAL ANTONIO RAMOS,AGRESTE - REGIAO SANTO ONOFRE - ZONA RURAL,POVOADO AGRESTE,47500000,-12.8453918,-42.9600601,247,Com acessibilidade,2026-09-24 14:48:00,719862196667656213236069
UE2015 (Anterior),PARATINGA,173,142,1751219,POLO EDUCACIONALZENON LEAL PORTO,ALAGOAS - REGIAO DAS CAATINGAS - ZONA RURAL,POVOADO ALAGOAS,47500000,-12.8516592,-43.1213493,304,Com acessibilidade,2026-09-24 14:58:00,366327956432392872035927
UE2015 (Anterior),PARATINGA,173,143,1753423,POLO EDUCACIONALZENON LEAL PORTO,ALAGOAS - REGIAO DAS CAATINGAS - ZONA RURAL,POVOADO ALAGOAS,47500000,-12.8516592,-43.1213493,303,Com acessibilidade,2026-09-24 15:07:00,800771509776428948697584
UE2015 (Anterior),PARATINGA,173,144,1755720,POLO EDUCACIONAL SANTA LUZIA,BOA VISTA - REGIAO DAS CAATINGAS - ZONA RURAL,POVOADO BOA VISTA,47500000,-13.0494805,-43.0463065,100,Com acessibilidade,2026-09-24 15:16:00,265317075522900181437951
UE2015 (Anterior),PARATINGA,173,146,1769433,ESCOLA MUNICIPAL MARCOS SODRE DE VASCONCELOS (ANASTÁCIO NERY DA SILVA),POVOADO BREJO DAS MOCAS - ZONA RURAL,POVOADO BREJO DAS MOCAS,47500000,-12.5564675,-43.0367024,312,Com acessibilidade,2026-09-24 15:25:00,477438504043133663682256
UE2015 (Anterior),PARATINGA,173,147,1771565,ESCOLA MUNICIPAL FELIPE GOMES DA SILVA,MOCAMBO - REGIAO BERIA RIO - ZONA RURAL,POVOADO MOCAMBO,47500000,-12.55050816,-43.17309243,313,Com acessibilidade,2026-09-24 15:34:00,416832553137090426150294
UE2015 (Anterior),PARATINGA,173,148,1780018,ESCOLA MUNICIPAL MANOEL BARBOSA,POVOADO LAGOA DANTA - REGIAO DO ASFALTO - ZONA RURAL,POVOADO LAGOA DANTA,47500000,-12.9044756,-43.2065935,330,Com acessibilidade,2026-09-24 15:44:00,851276101481625353133801
UE2015 (Anterior),PARATINGA,173,149,1761283,POSTO DE SAÚDE DE LAGOA DANTA,POVOADO LAGOA DANTA - ZONA RURAL,POVOADO LAGOA DANTA,47500000,-12.9041961,-43.2067698,391,Com acessibilidade,2026-09-24 15:53:00,295620659125089080778285
UE2015 (Anterior),PARATINGA,173,150,1825716,ESCOLA MUNICIPAL SAO GERALDO (ANÍSIO TEIXEIRA),BARRO - REGIAO BEIRA RIO -ZONA RURAL,POVOADO BARRO,47500000,-12.60129401,-43.186448,381,Com acessibilidade,2026-09-24 16:03:00,83599525404536669638736
UE2015 (Anterior),PARATINGA,173,151,1836378,ESCOLA MUNICIPAL OTAVIO MANGABEIRA,BARREIRO GRANDE  - REGIAO SANTO ONOFRE - ZONA RURAL,POVOADO BARREIRO GRANDE,47500000,-12.5919099,-43.0752613,359,Com acessibilidade,2026-09-24 16:13:00,416832966337956274305643
UE2015 (Anterior),PARATINGA,173,152,1762944,ESCOLA ESTADUAL PRESIDENTE MEDICI (CHAPEUZINHO VERMELHO),RUA DR. MANOEL NOVAIS S/N - ZONA URBANA,CENTRO,47500000,-12.69101813,-43.18148324,259,Com acessibilidade,2026-09-24 16:22:00,911882577687470917997769
UE2015 (Anterior),PARATINGA,173,153,1816333,ESCOLA ESTADUAL PRESIDENTE MEDICI (CHAPEUZINHO VERMELHO),RUA DR. MANOEL NOVAIS S/N - ZONA URBANA,CENTRO,47500000,-12.69101813,-43.18148324,259,Com acessibilidade,2026-09-24 07:31:00,83599851987703208795914
UE2015 (Anterior),PARATINGA,173,154,1814718,ESCOLA ESTADUAL PRESIDENTE MEDICI (CHAPEUZINHO VERMELHO),RUA DR. MANOEL NOVAIS S/N - ZONA URBANA,CENTRO,47500000,-12.69101813,-43.18148324,258,Com acessibilidade,2026-09-24 07:42:00,871478753166659335089137
UE2015 (Anterior),PARATINGA,173,155,1763332,ESCOLA ESTADUAL PRESIDENTE MEDICI (CHAPEUZINHO VERMELHO),RUA DR. MANOEL NOVAIS S/N - ZONA URBANA,CENTRO,47500000,-12.69101813,-43.18148324,264,Com acessibilidade,2026-09-24 07:52:00,366327355915236508772679
UE2015 (Anterior),PARATINGA,173,156,1772705,POLO EDUCACIONAL PROF. HONORINA,PATOS - REGIAO CAATINGAS - ZONA RURAL,POVOADO PATOS,47500000,-12.9520405,-43.0438143,320,Com acessibilidade,2026-09-24 08:07:00,386529488517261386886739
UE2015 (Anterior),PARATINGA,173,157,1758789,ESCOLA MUNICIPAL EDUARDO ROSENDO DE MELO,POVOADO VOLTA DAS PEDRAS - DIVISA COM IBOTIRAMA - ZONA RURAL,POVOADO VOLTA DAS PEDRAS,47500000,-12.44278316,-43.19947997,306,Com acessibilidade,2026-09-24 09:04:00,366327573915143063277732
UE2015 (Anterior),PARATINGA,173,158,1808787,PÓLO EDUCACIONAL JOÃO AGUIAR,POVOADO NOVA UNIÃO - ZONA RURAL,POVOADO NOVA UNIÃO,47500000,-12.41805339,-43.20480051,329,Com acessibilidade,2026-09-24 08:39:00,760367081355058136653718
UE2015 (Anterior),PARATINGA,173,159,1758378,ESCOLA MUNICIPAL JOÃO NOGUEIRA,POVOADO GARAPA - ZONA RURAL,POVOADO GARAPA,47500000,-13.0870075,-42.9960143,294,Com acessibilidade,2026-09-24 08:54:00,719862142650830058227235
UE2015 (Anterior),PARATINGA,173,160,1839891,ESCOLA MUNICIPAL MANOEL RIBEIRO VIANA,VARZEA - REGIAO DAS CAATINGAS - ZONA RURAL,POVOADO VARZEA,47500000,-13.0010785,-43.0491027,311,Com acessibilidade,2026-09-24 09:20:00,871478383066559406515819
UE2015 (Anterior),PARATINGA,173,161,1769646,ESCOLA MUNICIPAL MANOEL RIBEIRO VIANA,VARZEA - REGIAO DAS CAATINGAS - ZONA RURAL,POVOADO VARZEA,47500000,-13.0010785,-43.0491027,309,Com acessibilidade,2026-09-24 09:32:00,790670412458708666726829
UE2015 (Anterior),PARATINGA,173,162,1793501,POLO EDU. VER. ANTONIO PEREIRA DOS ANJOS (ANTIGA PROFESSOR QUINTINO),CAIBROS - REGIAO DAS CAATINGAS - ZONA RURAL,POVOADO CAIBROS,47500000,-12.9087165,-43.0936684,392,Com acessibilidade,2026-09-24 09:41:00,12892742980946755983779
UE2015 (Anterior),PARATINGA,173,163,1780050,POLO EDUCACIONAL GILENO DO VALE XAVIER,VOLTA DA SERRA - ZONA RURAL,POVOADO VOLTA DA SERRA,47500000,-12.56075433,-43.12808213,399,Com acessibilidade,2026-09-24 09:51:00,780569627957802783548411
UE2015 (Anterior),PARATINGA,173,164,1846359,ESCOLA MUNICIPAL MARECHAL DEODORO,CONCEICAO - REGIAO DO SANTO ONOFRE - ZONA RURAL,POVOADO CONCEICAO,47500000,-12.688178,-42.9958917,321,Com acessibilidade,2026-09-24 09:59:00,366327315615949114561813
UE2015 (Anterior),PARATINGA,173,165,1767258,ESCOLA MUNICIPAL SANTA RITA,MACAMBIRA DO SANTO ONOFRE - REGIAO SANTO ONOFRE - ZONA RURAL,POVOADO MACAMBIRA DO AGRESTE,47500000,-12.8204823,-42.9594804,274,Com acessibilidade,2026-09-24 10:10:00,144105204293819740749317
UE2015 (Anterior),PARATINGA,173,166,1775406,IGREJA DA BARAUNAS,BARAUNAS - REGIAO SANTO ONOFRE - ZONA RURAL,POVOADO BARAUNAS,47500000,-12.8767262,-42.9375797,172,Com acessibilidade,2026-09-24 10:39:00,618852782340093602180562
UE2015 (Anterior),PARATINGA,173,167,1830760,ESCOLA MUNICIPAL TIRADENTES,BARRA DO ROSARIO - BARRO DURO -  ZONA RURAL,POVOADO BARRA DO ROSARIO,47500000,-12.9377133,-42.9411929,82,Com acessibilidade,2026-09-24 10:49:00,628953907541194350263090
UE2015 (Anterior),PARATINGA,173,168,1788489,ESCOLA MUNICIPAL SAO FRANCISCO,SAO FRANCISCO - REGIAO SANTO ONOFRE - ZONA RURAL,POVOADO SAO FRANCISCO,47500000,-12.6081608,-43.0249278,287,Com acessibilidade,2026-09-24 11:04:00,224913613701190185566073
UE2015 (Anterior),PARATINGA,173,169,1781498,ESCOLA MUNICIPAL JARDIM FLORIDO,CHICHA - REGIAO DO SANTO ONOFRE - ZONA RURAL,POVOADO CHICHA,47500000,-12.7439996,-42.9707501,360,Com acessibilidade,2026-09-24 11:19:00,285519788207692040654509
UE2015 (Anterior),PARATINGA,173,170,1831894,ESCOLA MUNICIPAL SANTA MADALENA,POVOADO PAULISTA DE BAIXO - ZONA RURAL,POVOADO PAULISTA DE BAIXO,47500000,-12.49919865,-43.07552761,305,Com acessibilidade,2026-09-24 11:29:00,144105721293645934440072
UE2015 (Anterior),PARATINGA,173,171,1795522,ESCOLA MUNICIPAL SAO JOAO,CALUMBI - REGIAO CAATINGAS -  ZONA RURAL,POVOADO CALUMBI,47500000,-13.0194294,-43.0421979,231,Com acessibilidade,2026-09-24 11:39:00,760367455355355897156495
UE2015 (Anterior),PARATINGA,173,173,1766685,POLO EDUCACIONAL GILENO DO VALE XAVIER,VOLTA DA SERRA - ZONA RURAL,POVOADO VOLTA DA SERRA,47500000,-12.56075433,-43.12808213,396,Com acessibilidade,2026-09-24 11:49:00,871478784066557896552859
UE2015 (Anterior),PARATINGA,173,177,1766813,COLÉGIO ESTADUAL JOSÉ EVANDRO DE OLIVEIRA BRANDÃO (MARIA ONÍLIA),"AVENIDA RIO BRANCO, S/N - ZONA URBANA",ALCIDES DE OLIVEIRA DOURADO,47500000,-12.69905763,-43.18320519,376,Com acessibilidade,2026-09-24 11:58:00,83599438087783666549321
UE2015 (Anterior),PARATINGA,173,184,1825635,ESCOLA MUNICIPAL DE CROATÁ (JARDIM BRASIL),CROATA - REGIAO ASFALTO - ZONA RURAL,POVOADO CROATA,47500000,-12.817442,-43.2133728,316,Com acessibilidade,2026-09-24 12:13:00,33094125582131895538330
UE2015 (Anterior),PARATINGA,173,185,1766173,COLÉGIO ESTADUAL JOSÉ EVANDRO DE OLIVEIRA BRANDÃO (MARIA ONÍLIA),"AVENIDA RIO BRANCO, S/N - ZONA URBANA",ALCIDES DE OLIVEIRA DOURADO,47500000,-12.69905763,-43.18320519,380,Com acessibilidade,2026-09-24 12:27:00,699660895848164962904347
UE2015 (Anterior),PARATINGA,173,189,1759883,ESCOLA MUNICIPAL SANTO ANTONIO,RUA SAO JOAO S/N  - ZONA URBANA,CENTRO,47500000,-12.68515024,-43.17986854,376,Com acessibilidade,2026-09-24 12:59:00,568347202135448494231637
UE2015 (Anterior),PARATINGA,173,191,1772726,ESCOLA BORGES DOS REIS,PRACA 2 DE JULHO - ZONA URBANA,CENTRO,47500000,-12.69302945,-43.184341,338,Com acessibilidade,2026-09-24 13:09:00,275418100506811335258192
UE2015 (Anterior),PARATINGA,173,232,1791494,COLÉGIO ESTADUAL JOSÉ EVANDRO DE OLIVEIRA BRANDÃO (MARIA ONÍLIA),"AVENIDA RIO BRANCO, S/N - ZONA URBANA",ALCIDES DE OLIVEIRA DOURADO,47500000,-12.69905763,-43.18320519,375,Com acessibilidade,2026-09-24 13:18:00,396630006818953659078297
UE2015 (Anterior),PARATINGA,173,234,1788364,ESCOLA BORGES DOS REIS,PRACA 2 DE JULHO - ZONA URBANA,CENTRO,47500000,-12.69302945,-43.184341,340,Com acessibilidade,2026-09-24 13:28:00,861377692765512964324779
UE2015 (Anterior),PARATINGA,173,236,1774413,ESCOLA ESTADUAL PRESIDENTE MEDICI (CHAPEUZINHO VERMELHO),RUA DR. MANOEL NOVAIS S/N - ZONA URBANA,CENTRO,47500000,-12.69101813,-43.18148324,253,Com acessibilidade,2026-09-24 13:37:00,255216306204925382818752
UE2015 (Anterior),PARATINGA,173,237,1845851,COLÉGIO ESTADUAL JOSÉ EVANDRO DE OLIVEIRA BRANDÃO (MARIA ONÍLIA),"AVENIDA RIO BRANCO, S/N - ZONA URBANA",ALCIDES DE OLIVEIRA DOURADO,47500000,-12.69905763,-43.18320519,376,Sem acessibilidade,2026-09-24 13:46:00,527943682631218261400431
UE2015 (Anterior),PAULO AFONSO,84,72,1783134,CASA DA CRIANÇA - 3,"RUA DELMIRO GOUVEIA, 1381 - ZONA URBANA",TANCREDO NEVES II,48609000,-9.4380626,-38.2123925,398,Com acessibilidade,2026-09-28 08:19:00,710671422037183561624046
UE2015 (Anterior),PAULO AFONSO,84,73,1795239,CASA DA CRIANÇA - 3,"RUA DELMIRO GOUVEIA, 1381 - ZONA URBANA",TANCREDO NEVES II,48609000,-9.4380626,-38.2123925,396,Sem acessibilidade,2026-09-28 08:30:00,629762449228641595366250
UE2015 (Anterior),PAULO AFONSO,84,74,1765623,CASA DA CRIANÇA - 3,"RUA DELMIRO GOUVEIA, 1381 - ZONA URBANA",TANCREDO NEVES II,48609000,-9.4380626,-38.2123925,395,Sem acessibilidade,2026-09-28 08:39:00,175217107783827293529629
UE2015 (Anterior),PAULO AFONSO,84,75,1761756,CASA DA CRIANÇA - 3,"RUA DELMIRO GOUVEIA, 1381 - ZONA URBANA",TANCREDO NEVES II,48609000,-9.4380626,-38.2123925,394,Sem acessibilidade,2026-09-28 08:48:00,852085897651521213127959
UE2015 (Anterior),PAULO AFONSO,84,81,1765416,SESC - SERVIÇO SOCIAL DO COMÉRCIO,"RUA SÃO MATEUS, S/N - ZONA URBANA",TANCREDO NEVES II,48600000,-9.4476577,-38.2195482,298,Com acessibilidade,2026-09-28 08:57:00,276227948993963821985769
UE2015 (Anterior),PAULO AFONSO,84,82,1838852,SESC - SERVIÇO SOCIAL DO COMÉRCIO,"RUA SÃO MATEUS, S/N - ZONA URBANA",TANCREDO NEVES II,48600000,-9.4476577,-38.2195482,297,Com acessibilidade,2026-09-28 09:06:00,720772507138004116612701
UE2015 (Anterior),PAULO AFONSO,84,83,1795434,SESC - SERVIÇO SOCIAL DO COMÉRCIO,"RUA SÃO MATEUS, S/N - ZONA URBANA",TANCREDO NEVES II,48600000,-9.4476577,-38.2195482,297,Com acessibilidade,2026-09-28 09:17:00,751075647441195257675229
UE2015 (Anterior),PAULO AFONSO,84,97,1752796,ESCOLA MUNICIPAL MANOEL NASCIMENTO NETO,"RUA BENONE RESENDE, 105 - ZONA URBANA",TANCREDO NEVES III,48610240,-9.4437688,-38.2249758,351,Com acessibilidade,2026-09-28 09:26:00,357035756801812136322606
UE2015 (Anterior),PAULO AFONSO,84,98,1811195,ESCOLA MUNICIPAL MANOEL NASCIMENTO NETO,"RUA BENONE RESENDE, 105 - ZONA URBANA",TANCREDO NEVES III,48610240,-9.4437688,-38.2249758,349,Sem acessibilidade,2026-09-28 09:36:00,740974251040295210842802
UE2015 (Anterior),PAULO AFONSO,84,99,1824278,ESCOLA MUNICIPAL MANOEL NASCIMENTO NETO,"RUA BENONE RESENDE, 105 - ZONA URBANA",TANCREDO NEVES III,48610240,-9.4437688,-38.2249758,348,Sem acessibilidade,2026-09-28 09:46:00,316631931797953654947811
UE2015 (Anterior),PAULO AFONSO,84,111,1824958,ESCOLA MUNICIPAL RAIMUNDO TOLEDO,"RUA SÃO PAULO, 293 - ZONA URBANA",RODOVIÁRIOS,48609508,-9.4348315,-38.1996789,319,Com acessibilidade,2026-09-28 09:56:00,508550776316238670572415
UE2015 (Anterior),PAULO AFONSO,84,112,1773172,ESCOLA MUNICIPAL RAIMUNDO TOLEDO,"RUA SÃO PAULO, 293 - ZONA URBANA",RODOVIÁRIOS,48609508,-9.4348315,-38.1996789,317,Sem acessibilidade,2026-09-28 10:06:00,185318568284546953733826
UE2015 (Anterior),PAULO AFONSO,84,117,1795782,ESCOLA MUNICIPAL RIVADALVA DE CARVALHO,"RUA OLAVO BILAC, 510 - ZONA URBANA",TANCREDO NEVES II,48609180,-9.4456197,-38.2146156,390,Com acessibilidade,2026-09-28 10:16:00,882388814554331988659443
UE2015 (Anterior),PAULO AFONSO,84,118,1757286,ESCOLA MUNICIPAL RIVADALVA DE CARVALHO,"RUA OLAVO BILAC, 510 - ZONA URBANA",TANCREDO NEVES II,48609180,-9.4456197,-38.2146156,387,Sem acessibilidade,2026-09-28 10:26:00,599459639125139445254155
UE2015 (Anterior),PAULO AFONSO,84,119,1823606,ESCOLA MUNICIPAL MANOEL NASCIMENTO NETO,"RUA BENONE RESENDE, 105 - ZONA URBANA",TANCREDO NEVES III,48610240,-9.4437688,-38.2249758,352,Sem acessibilidade,2026-09-28 10:36:00,458045605511080779214185
UE2015 (Anterior),PAULO AFONSO,84,122,1793885,ESCOLA MUNICIPAL GENERAL ARGUS LIMA,POVOADO JUÁ - ZONA RURAL,POVOADO JUÁ,48600970,-9.4375166,-38.4200238,338,Sem acessibilidade,2026-09-28 10:46:00,306530750396028671963192
UE2015 (Anterior),PAULO AFONSO,84,123,1808818,ESCOLA MUNICIPAL GENERAL ARGUS LIMA,POVOADO JUÁ - ZONA RURAL,POVOADO JUÁ,48600970,-9.4375166,-38.4200238,339,Sem acessibilidade,2026-09-28 10:56:00,195419759585002207619068
UE2015 (Anterior),PAULO AFONSO,84,124,1830839,ESCOLA MUNICIPAL PADRE LORENZO TORI,POVOADO VÁRZEA - ZONA RURAL,POVOADO VÁRZEA,48600970,-9.5476435,-38.4356398,160,Sem acessibilidade,2026-09-28 11:06:00,235823909189700180475205
UE2015 (Anterior),PAULO AFONSO,84,125,1790306,ESCOLA MUNICIPAL PADRE LORENZO TORI,POVOADO VÁRZEA - ZONA RURAL,POVOADO VÁRZEA,48600970,-9.5476435,-38.4356398,160,Sem acessibilidade,2026-09-28 11:15:00,983398763064471484089667
UE2015 (Anterior),PAULO AFONSO,84,127,1827403,ESCOLA MUNICIPAL CASTRO ALVES,POVOADO SÃO JOSÉ - ZONA RURAL,POVOADO SÃO JOSÉ,48600970,-9.6451011,-38.3614991,361,Sem acessibilidade,2026-09-28 11:25:00,195419192485779796844738
UE2015 (Anterior),PAULO AFONSO,84,129,1757192,ESCOLA MUNICIPAL MANOEL PEREIRA,POVOADO SALGADINHO - ZONA RURAL,POVOADO SALGADINHO,48600970,-9.3868926,-38.3351616,257,Sem acessibilidade,2026-09-28 11:34:00,852085078551457779422219
UE2015 (Anterior),PAULO AFONSO,84,130,1836311,ESCOLA MUNICIPAL ANTONIO RAMALHO,POVOADO ARRASTA-PÉ - ZONA RURAL,POVOADO ARRASTA-PÉ,48600970,-9.5318075,-38.3025373,242,Sem acessibilidade,2026-09-28 12:24:00,205520501386827109516697
UE2015 (Anterior),PAULO AFONSO,84,167,1827838,ESCOLA MUNICIPAL GUIOMAR PEREIRA,"RUA ANÁPOLIS, S/N - ZONA URBANA",OLIVEIRA BRITO,48604530,-9.3751301,-38.2435524,398,Com acessibilidade,2026-09-28 12:34:00,427742705308134800383686
UE2015 (Anterior),PAULO AFONSO,84,168,1810477,ESCOLA MUNICIPAL VINÍCIUS DE MORAES,"RUA VINÍCIUS DE MORAES, S/N - ZONA URBANA",JARDIM BAHIA,48604020,-9.3963811,-38.244818,382,Com acessibilidade,2026-09-28 12:43:00,427742818608155386135252
UE2015 (Anterior),PAULO AFONSO,84,169,1844930,ESCOLA MUNICIPAL VINÍCIUS DE MORAES,"RUA VINÍCIUS DE MORAES, S/N - ZONA URBANA",JARDIM BAHIA,48604020,-9.3963811,-38.244818,380,Sem acessibilidade,2026-09-28 12:58:00,700570201136875436011280
UE2015 (Anterior),PAULO AFONSO,84,170,1757704,ESCOLA MUNICIPAL GEORGINA ALVES DA SILVA,"RUA SANTA BÁRBARA, 299 - ZONA URBANA",CARDEAL BRANDÃO VILELA,48604130,-9.4517532,-38.2160277,386,Com acessibilidade,2026-09-28 13:08:00,649964222530479892524762
UE2015 (Anterior),PAULO AFONSO,84,171,1811576,ESCOLA MUNICIPAL RAIMUNDO TOLEDO,"RUA SÃO PAULO, 293 - ZONA URBANA",RODOVIÁRIOS,48609508,-9.4348315,-38.1996789,318,Sem acessibilidade,2026-09-28 13:18:00,841984533550768134554752
UE2015 (Anterior),PAULO AFONSO,84,179,1767749,ESCOLA MUNICIPAL MANOEL PEREIRA,POVOADO SALGADINHO - ZONA RURAL,POVOADO SALGADINHO,48600970,-9.3868926,-38.3351616,257,Sem acessibilidade,2026-09-28 13:27:00,306530879196245322039484
UE2015 (Anterior),PAULO AFONSO,84,189,1767122,ESCOLA MUNICIPAL MANOEL NASCIMENTO NETO,"RUA BENONE RESENDE, 105 - ZONA URBANA",TANCREDO NEVES III,48610240,-9.4437688,-38.2249758,349,Sem acessibilidade,2026-09-28 13:37:00,872287512153901993337282
UE2015 (Anterior),PAULO AFONSO,84,190,1774055,ESCOLA MUNICIPAL RIVADALVA DE CARVALHO,"RUA OLAVO BILAC, 510 - ZONA URBANA",TANCREDO NEVES II,48609180,-9.4456197,-38.2146156,388,Sem acessibilidade,2026-09-28 13:49:00,559055272621815912065836
UE2015 (Anterior),PAULO AFONSO,84,197,1761032,ESCOLA MUNICIPAL MANOEL NASCIMENTO NETO,"RUA BENONE RESENDE, 105 - ZONA URBANA",TANCREDO NEVES III,48610240,-9.4437688,-38.2249758,344,Sem acessibilidade,2026-09-28 13:59:00,124712619678476610170304
UE2015 (Anterior),PAULO AFONSO,84,215,1810330,ESCOLA MUNICIPAL CASTRO ALVES,POVOADO SÃO JOSÉ - ZONA RURAL,POVOADO SÃO JOSÉ,48600970,-9.6451011,-38.3614991,364,Sem acessibilidade,2026-09-28 14:09:00,831883631349847062089564
UE2015 (Anterior),PAULO AFONSO,84,235,1764743,ESCOLA MUNICIPAL GEORGINA ALVES DA SILVA,"RUA SANTA BÁRBARA, 299 - ZONA URBANA",CARDEAL BRANDÃO VILELA,48604130,-9.4517532,-38.2160277,388,Sem acessibilidade,2026-09-28 14:21:00,498449432915128163823172
UE2015 (Anterior),PAULO AFONSO,84,236,1795494,ESCOLA MUNICIPAL MANOEL NASCIMENTO NETO,"RUA BENONE RESENDE, 105 - ZONA URBANA",TANCREDO NEVES III,48610240,-9.4437688,-38.2249758,353,Sem acessibilidade,2026-09-28 14:31:00,639863682829353344952835
UE2015 (Anterior),PAULO AFONSO,84,237,1839585,ESCOLA MUNICIPAL VINÍCIUS DE MORAES,"RUA VINÍCIUS DE MORAES, S/N - ZONA URBANA",JARDIM BAHIA,48604020,-9.3963811,-38.244818,381,Sem acessibilidade,2026-09-28 14:55:00,215621376887396372840430
UE2015 (Anterior),PAULO AFONSO,84,239,1793840,ESCOLA MUNICIPAL PADRE LORENZO TORI,POVOADO VÁRZEA - ZONA RURAL,POVOADO VÁRZEA,48600970,-9.5476435,-38.4356398,162,Sem acessibilidade,2026-09-28 15:04:00,336833711799100792875942
UE2015 (Anterior),PAULO AFONSO,84,240,1764733,ESCOLA MUNICIPAL CASTRO ALVES,POVOADO SÃO JOSÉ - ZONA RURAL,POVOADO SÃO JOSÉ,48600970,-9.6451011,-38.3614991,362,Sem acessibilidade,2026-09-28 15:13:00,266126729592058217957418
UE2015 (Anterior),PAULO AFONSO,84,246,1779730,ESCOLA MUNICIPAL MANOEL NASCIMENTO NETO,"RUA BENONE RESENDE, 105 - ZONA URBANA",TANCREDO NEVES III,48610240,-9.4437688,-38.2249758,346,Sem acessibilidade,2026-09-28 15:22:00,367136483402176385779035
UE2015 (Anterior),PAULO AFONSO,84,247,1808985,ESCOLA MUNICIPAL MANOEL NASCIMENTO NETO,"RUA BENONE RESENDE, 105 - ZONA URBANA",TANCREDO NEVES III,48610240,-9.4437688,-38.2249758,348,Sem acessibilidade,2026-09-28 15:32:00,155015384881052493361293
UE2015 (Anterior),PAULO AFONSO,84,248,1828358,ESCOLA MUNICIPAL MANOEL NASCIMENTO NETO,"RUA BENONE RESENDE, 105 - ZONA URBANA",TANCREDO NEVES III,48610240,-9.4437688,-38.2249758,351,Sem acessibilidade,2026-09-28 15:41:00,326732663998243091984159
UE2015 (Anterior),PAULO AFONSO,84,252,1821207,ESCOLA MUNICIPAL GEORGINA ALVES DA SILVA,"RUA SANTA BÁRBARA, 299 - ZONA URBANA",CARDEAL BRANDÃO VILELA,48604130,-9.4517532,-38.2160277,390,Sem acessibilidade,2026-09-28 16:01:00,488348232114156810544823
UE2015 (Anterior),PAULO AFONSO,84,253,1762581,ESCOLA MUNICIPAL RAIMUNDO TOLEDO,"RUA SÃO PAULO, 293 - ZONA URBANA",RODOVIÁRIOS,48609508,-9.4348315,-38.1996789,319,Sem acessibilidade,2026-09-28 16:38:00,245924109890676304876003
UE2015 (Anterior),PAULO AFONSO,84,255,1793961,ESCOLA MUNICIPAL GUIOMAR PEREIRA,"RUA ANÁPOLIS, S/N - ZONA URBANA",OLIVEIRA BRITO,48604530,-9.3751301,-38.2435524,397,Sem acessibilidade,2026-09-28 08:19:00,932893011592407329692143
UE2015 (Anterior),PAULO AFONSO,84,260,1764834,ESCOLA MUNICIPAL RIVADALVA DE CARVALHO,"RUA OLAVO BILAC, 510 - ZONA URBANA",TANCREDO NEVES II,48609180,-9.4456197,-38.2146156,388,Sem acessibilidade,2026-09-28 08:29:00,963196568195528618639478
UE2015 (Anterior),PAULO AFONSO,84,261,1765046,ESCOLA MUNICIPAL GENERAL ARGUS LIMA,POVOADO JUÁ - ZONA RURAL,POVOADO JUÁ,48600970,-9.4375166,-38.4200238,335,Sem acessibilidade,2026-09-28 08:39:00,781378494577434540454244
UE2015 (Anterior),PAULO AFONSO,84,266,1767133,ESCOLA MUNICIPAL GEORGINA ALVES DA SILVA,"RUA SANTA BÁRBARA, 299 - ZONA URBANA",CARDEAL BRANDÃO VILELA,48604130,-9.4517532,-38.2160277,387,Sem acessibilidade,2026-09-28 08:49:00,23702285601763628181983
UE2015 (Anterior),PAULO AFONSO,84,267,1758441,ESCOLA MUNICIPAL SILVESTRE TORRES,POVOADO LAGOA DO RANCHO - ZONA RURAL,POVOADO LAGOA DO RANCHO,48600970,-9.5477088,-38.4081762,220,Sem acessibilidade,2026-09-28 08:59:00,538853901952366311623322
UE2015 (Anterior),PAULO AFONSO,84,268,1789371,ESCOLA MUNICIPAL SÃO JOÃO BATISTA,POVOADO SERROTE - ZONA RURAL,POVOADO SERROTE,48600970,-9.5550913,-38.386384,331,Sem acessibilidade,2026-09-28 09:08:00,437843917742854125969490
UE2015 (Anterior),PAULO AFONSO,84,269,1782088,ESCOLA MUNICIPAL ANTONIO DOMINGOS TEIXEIRA,POVOADO CAMPOS NOVOS - ZONA RURAL,POVOADO CAMPOS NOVOS,48600970,-9.4442815,-38.3200838,317,Sem acessibilidade,2026-09-28 09:17:00,94409683308533557205245
UE2015 (Anterior),PAULO AFONSO,84,270,1841866,ESCOLA MUNICIPAL RUI BARBOSA,POVOADO CAIÇARA I - ZONA RURAL,POVOADO CAIÇARA I,48600970,-9.4397536,-38.2809935,313,Sem acessibilidade,2026-09-28 09:27:00,912691588590446654334846
UE2015 (Anterior),PAULO AFONSO,84,273,1665672,ESCOLA MUNICIPAL LUIZ VIANA FILHO,POVOADO ALAGADIÇO - ZONA RURAL,POVOADO ALAGADIÇO,48600970,-9.5303629,-38.374885,165,Sem acessibilidade,2026-09-28 09:35:00,690469696868174295430225
UE2015 (Anterior),PAULO AFONSO,84,274,1800195,ESCOLA MUNICIPAL JOSÉ APARECIDO LIMA DE SOUZA,POVOADO BARRINHA - ZONA RURAL,POVOADO BARRINHA,48600970,-9.5701341,-38.3243179,298,Sem acessibilidade,2026-09-28 09:45:00,740974859073317745834867
UE2015 (Anterior),PAULO AFONSO,84,276,1767057,ESCOLA MUNICIPAL GERVÁSIO TEIXEIRA LIMA,POVOADO NAMBEBÉ - ZONA RURAL,POVOADO NAMBEBÉ,48600970,-9.4789286,-38.3654384,236,Sem acessibilidade,2026-09-28 09:54:00,599459926458183612201025
UE2015 (Anterior),PAULO AFONSO,84,277,1775556,ESCOLA MUNICIPAL AMÂNCIO PEREIRA,POVOADO TIGRE - ZONA RURAL,POVOADO TIGRE,48600970,-9.4846617,-38.2504027,356,Sem acessibilidade,2026-09-28 10:03:00,740974189873896731787696
UE2015 (Anterior),PAULO AFONSO,84,279,1767415,ESCOLA MUNICIPAL DERNIVAL OLIVEIRA,"RUA JOSÉ BEZERRA DA SILVA, S/N - ZONA URBANA",DERNIVAL OLIVEIRA ,48603970,-9.3940094,-38.2518928,383,Com acessibilidade,2026-09-28 10:13:00,862186525785103303159428
UE2015 (Anterior),PAULO AFONSO,84,282,1839157,ESCOLA MUNICIPAL RIVADALVA DE CARVALHO,"RUA OLAVO BILAC, 510 - ZONA URBANA",TANCREDO NEVES II,48609180,-9.4456197,-38.2146156,388,Sem acessibilidade,2026-09-28 10:22:00,316631273530572205434898
UE2015 (Anterior),PAULO AFONSO,84,285,1796124,ESCOLA MUNICIPAL RAIMUNDO TOLEDO,"RUA SÃO PAULO, 293 - ZONA URBANA",RODOVIÁRIOS,48609508,-9.4348315,-38.1996789,317,Sem acessibilidade,2026-09-28 10:32:00,215621509720565667049532
UE2015 (Anterior),PAULO AFONSO,84,286,1841381,ESCOLA MUNICIPAL GEORGINA ALVES DA SILVA,"RUA SANTA BÁRBARA, 299 - ZONA URBANA",CARDEAL BRANDÃO VILELA,48604130,-9.4517532,-38.2160277,385,Sem acessibilidade,2026-09-28 10:42:00,670267070366117659961624
UE2015 (Anterior),PAULO AFONSO,84,287,1795601,ESCOLA MUNICIPAL RIVADALVA DE CARVALHO,"RUA OLAVO BILAC, 510 - ZONA URBANA",TANCREDO NEVES II,48609180,-9.4456197,-38.2146156,389,Sem acessibilidade,2026-09-28 10:51:00,963196474995423368764437
UE2015 (Anterior),PAULO AFONSO,84,291,1662804,ESCOLA MUNICIPAL ANTONIO RAMALHO,POVOADO ARRASTA-PÉ - ZONA RURAL,POVOADO ARRASTA-PÉ,48600970,-9.5318075,-38.3025373,139,Sem acessibilidade,2026-09-28 11:01:00,377237296436492543085755
UE2015 (Anterior),PAULO AFONSO,84,303,1841088,ESCOLA MUNICIPAL VINÍCIUS DE MORAES,"RUA VINÍCIUS DE MORAES, S/N - ZONA URBANA",JARDIM BAHIA,48604020,-9.3963811,-38.244818,380,Sem acessibilidade,2026-09-28 11:11:00,225722820021432590750578
UE2015 (Anterior),PAULO AFONSO,84,306,1795690,ESCOLA MUNICIPAL GEORGINA ALVES DA SILVA,"RUA SANTA BÁRBARA, 299 - ZONA URBANA",CARDEAL BRANDÃO VILELA,48604130,-9.4517532,-38.2160277,383,Sem acessibilidade,2026-09-28 11:20:00,579257500056803348287973
UE2015 (Anterior),PAULO AFONSO,84,309,1838279,PARQUE DE EXPOSIÇÕES DE PAULO AFONSO - ENTRADA PRINCIPAL,"RODOVIA BA-210, KM-07, S/N - ZONA URBANA",SÃO VICENTE,48600000,-9.4090093,-38.2365299,339,Com acessibilidade,2026-09-28 11:30:00,801580062279129836944365
UE2015 (Anterior),PAULO AFONSO,84,310,1753327,PARQUE DE EXPOSIÇÕES DE PAULO AFONSO - ENTRADA LATERAL,"AVENIDA PROJETADA, S/N - ZONA URBANA",JARDIM AEROPORTO,48600000,-9.4084603,-38.2381222,339,Com acessibilidade,2026-09-28 12:44:00,215621556720016600812842
UE2015 (Anterior),PAULO AFONSO,84,320,1772035,ESCOLA MUNICIPAL GUIOMAR PEREIRA,"RUA ANÁPOLIS, S/N - ZONA URBANA",OLIVEIRA BRITO,48604530,-9.3751301,-38.2435524,398,Sem acessibilidade,2026-09-28 12:53:00,3500413199823769648839
UE2015 (Anterior),PAULO AFONSO,84,321,1763636,ESCOLA MUNICIPAL GEORGINA ALVES DA SILVA,"RUA SANTA BÁRBARA, 299 - ZONA URBANA",CARDEAL BRANDÃO VILELA,48604130,-9.4517532,-38.2160277,389,Sem acessibilidade,2026-09-28 13:02:00,882388406887299225208664
UE2015 (Anterior),PAULO AFONSO,84,326,1789345,ESCOLA MUNICIPAL GEORGINA ALVES DA SILVA,"RUA SANTA BÁRBARA, 299 - ZONA URBANA",CARDEAL BRANDÃO VILELA,48604130,-9.4517532,-38.2160277,387,Sem acessibilidade,2026-09-28 13:12:00,23702093901522653325353
UE2015 (Anterior),PAULO AFONSO,84,328,1825263,ESCOLA MUNICIPAL BONOMÃO,POVOADO BONOMÃO - ZONA RURAL,POVOADO BONoMÃO,48600000,-9.5136289,-38.3611444,223,Sem acessibilidade,2026-09-28 13:21:00,468146758545985155199037
UE2015 (Anterior),PAULO AFONSO,84,329,1764583,ESCOLA MUNICIPAL DERNIVAL OLIVEIRA,"RUA JOSÉ BEZERRA DA SILVA, S/N - ZONA URBANA",DERNIVAL OLIVEIRA ,48603970,-9.3940094,-38.2518928,389,Sem acessibilidade,2026-09-28 13:31:00,872287279786481906381895
UE2015 (Anterior),PAULO AFONSO,84,330,1754954,ESCOLA MUNICIPAL VINÍCIUS DE MORAES,"RUA VINÍCIUS DE MORAES, S/N - ZONA URBANA",JARDIM BAHIA,48604020,-9.3963811,-38.244818,378,Sem acessibilidade,2026-09-28 13:40:00,185318662117810812355005
UE2015 (Anterior),PAULO AFONSO,84,335,1811670,CETEPI 2 - WILSON PEREIRA,"RUA WILSON PEREIRA, 255 - ZONA URBANA",CARDEAL BRANDÃO VILELA,48600000,-9.4483139,-38.2230291,397,Com acessibilidade,2026-09-28 13:51:00,387338414237175875005517
UE2015 (Anterior),PAULO AFONSO,84,342,1784937,ESCOLA MUNICIPAL GEORGINA ALVES DA SILVA,"RUA SANTA BÁRBARA, 299 - ZONA URBANA",CARDEAL BRANDÃO VILELA,48604130,-9.4517532,-38.2160277,388,Sem acessibilidade,2026-09-28 14:01:00,256025026624707491002953
UE2015 (Anterior),PAULO AFONSO,84,346,1762777,CASA DA CRIANÇA - 3,"RUA DELMIRO GOUVEIA, 1381 - ZONA URBANA",TANCREDO NEVES II,48609000,-9.4380626,-38.2123925,392,Sem acessibilidade,2026-09-28 14:11:00,437843647442977354935672
UE2015 (Anterior),PAULO AFONSO,84,347,1778094,ESCOLA MUNICIPAL RIVADALVA DE CARVALHO,"RUA OLAVO BILAC, 510 - ZONA URBANA",TANCREDO NEVES II,48609180,-9.4456197,-38.2146156,384,Sem acessibilidade,2026-09-28 14:20:00,175217495916738973569554
UE2015 (Anterior),PAULO AFONSO,84,348,1789213,ESCOLA MUNICIPAL GUIOMAR PEREIRA,"RUA ANÁPOLIS, S/N - ZONA URBANA",OLIVEIRA BRITO,48604530,-9.3751301,-38.2435524,394,Sem acessibilidade,2026-09-28 14:30:00,841984276383499227951070
UE2015 (Anterior),PAULO AFONSO,84,350,1771924,CETEPI 2 - WILSON PEREIRA,"RUA WILSON PEREIRA, 255 - ZONA URBANA",CARDEAL BRANDÃO VILELA,48600000,-9.4483139,-38.2230291,395,Sem acessibilidade,2026-09-28 14:40:00,205520828519947056024736
UE2015 (Anterior),PAULO AFONSO,84,351,1809159,ESCOLA MUNICIPAL GEORGINA ALVES DA SILVA,"RUA SANTA BÁRBARA, 299 - ZONA URBANA",CARDEAL BRANDÃO VILELA,48604130,-9.4517532,-38.2160277,389,Sem acessibilidade,2026-09-28 14:49:00,821782557181194436636288
UE2015 (Anterior),PAULO AFONSO,84,353,1825172,ESCOLA MUNICIPAL VINÍCIUS DE MORAES,"RUA VINÍCIUS DE MORAES, S/N - ZONA URBANA",JARDIM BAHIA,48604020,-9.3963811,-38.244818,376,Sem acessibilidade,2026-09-28 14:59:00,963196913095422452689802
UE2015 (Anterior),PAULO AFONSO,84,355,1761592,PARQUE DE EXPOSIÇÕES DE PAULO AFONSO - ENTRADA LATERAL,"AVENIDA PROJETADA, S/N - ZONA URBANA",JARDIM AEROPORTO,48600000,-9.4084603,-38.2381222,355,Sem acessibilidade,2026-09-28 15:08:00,175217340216224389434391
UE2015 (Anterior),PAULO AFONSO,84,356,1765748,ESCOLA MUNICIPAL RIVADALVA DE CARVALHO,"RUA OLAVO BILAC, 510 - ZONA URBANA",TANCREDO NEVES II,48609180,-9.4456197,-38.2146156,389,Sem acessibilidade,2026-09-28 15:17:00,235823515722306366657085
UE2015 (Anterior),PAULO AFONSO,84,357,1766809,ESCOLA MUNICIPAL AMÂNCIO PEREIRA,POVOADO TIGRE - ZONA RURAL,POVOADO TIGRE,48600970,-9.4846617,-38.2504027,357,Sem acessibilidade,2026-09-28 15:26:00,266126654125357941702150
UE2015 (Anterior),PAULO AFONSO,84,358,1824792,PARQUE DE EXPOSIÇÕES DE PAULO AFONSO - ENTRADA PRINCIPAL,"RODOVIA BA-210, KM-07, S/N - ZONA URBANA",SÃO VICENTE,48600000,-9.4090093,-38.2365299,333,Sem acessibilidade,2026-09-28 15:35:00,599459094858703888481018
UE2015 (Anterior),PAULO AFONSO,84,359,1814645,ESCOLA MUNICIPAL GEORGINA ALVES DA SILVA,"RUA SANTA BÁRBARA, 299 - ZONA URBANA",CARDEAL BRANDÃO VILELA,48604130,-9.4517532,-38.2160277,386,Sem acessibilidade,2026-09-28 15:44:00,64106674905198697244314
UE2015 (Anterior),PAULO AFONSO,84,360,1754938,SESC - SERVIÇO SOCIAL DO COMÉRCIO,"RUA SÃO MATEUS, S/N - ZONA URBANA",TANCREDO NEVES II,48600000,-9.4476577,-38.2195482,297,Com acessibilidade,2026-09-28 15:53:00,932893621092088079889977
UE2015 (Anterior),PAULO AFONSO,84,361,1824579,ESCOLA MUNICIPAL RUI BARBOSA,POVOADO CAIÇARA I - ZONA RURAL,POVOADO CAIÇARA I,48600970,-9.4397536,-38.2809935,311,Sem acessibilidade,2026-09-28 08:19:00,13601811794486855803629
UE2015 (Anterior),PAULO AFONSO,84,362,1841136,CASA DA CRIANÇA - 3,"RUA DELMIRO GOUVEIA, 1381 - ZONA URBANA",TANCREDO NEVES II,48609000,-9.4380626,-38.2123925,398,Sem acessibilidade,2026-09-28 08:30:00,973297880990992843694903
UE2015 (Anterior),PAULO AFONSO,84,365,1773262,ESCOLA MUNICIPAL GUIOMAR PEREIRA,"RUA ANÁPOLIS, S/N - ZONA URBANA",OLIVEIRA BRITO,48604530,-9.3751301,-38.2435524,394,Sem acessibilidade,2026-09-28 08:39:00,488348720841138163240974
UE2015 (Anterior),PAULO AFONSO,84,368,1806645,ESCOLA MUNICIPAL VINÍCIUS DE MORAES,"RUA VINÍCIUS DE MORAES, S/N - ZONA URBANA",JARDIM BAHIA,48604020,-9.3963811,-38.244818,380,Sem acessibilidade,2026-09-28 08:49:00,841984413477580536255158
UE2015 (Anterior),PAULO AFONSO,84,369,1760307,ESCOLA MUNICIPAL RIVADALVA DE CARVALHO,"RUA OLAVO BILAC, 510 - ZONA URBANA",TANCREDO NEVES II,48609180,-9.4456197,-38.2146156,387,Sem acessibilidade,2026-09-28 09:08:00,3500680893421906711617
UE2015 (Anterior),PAULO AFONSO,84,370,1780885,ESCOLA MUNICIPAL RAIMUNDO TOLEDO,"RUA SÃO PAULO, 293 - ZONA URBANA",RODOVIÁRIOS,48609508,-9.4348315,-38.1996789,315,Sem acessibilidade,2026-09-28 09:18:00,306530066523819507377081
UE2015 (Anterior),PAULO AFONSO,84,371,1784365,ESCOLA MUNICIPAL RAIMUNDO TOLEDO,"RUA SÃO PAULO, 293 - ZONA URBANA",RODOVIÁRIOS,48609508,-9.4348315,-38.1996789,319,Sem acessibilidade,2026-09-28 09:27:00,983398851291515675107499
UE2015 (Anterior),PAULO AFONSO,84,372,1804730,ESCOLA MUNICIPAL DA PRAINHA,"RUA MADRE TEREZA DE CALCUTÁ, SN - ZONA URBANA",SÃO VICENTE,48603596,-9.4091661,-38.2352753,360,Com acessibilidade,2026-09-28 09:36:00,13601998494566418196532
UE2015 (Anterior),PAULO AFONSO,84,374,1809578,ESCOLA MUNICIPAL DERNIVAL OLIVEIRA,"RUA JOSÉ BEZERRA DA SILVA, S/N - ZONA URBANA",DERNIVAL OLIVEIRA ,48603970,-9.3940094,-38.2518928,387,Sem acessibilidade,2026-09-28 09:46:00,175217374710817502979152
UE2015 (Anterior),PAULO AFONSO,84,375,1787608,ESCOLA MUNICIPAL GEORGINA ALVES DA SILVA,"RUA SANTA BÁRBARA, 299 - ZONA URBANA",CARDEAL BRANDÃO VILELA,48604130,-9.4517532,-38.2160277,388,Sem acessibilidade,2026-09-28 09:55:00,579257888050238032502528
UE2015 (Anterior),PAULO AFONSO,84,379,1806658,CETEPI 2 - WILSON PEREIRA,"RUA WILSON PEREIRA, 255 - ZONA URBANA",CARDEAL BRANDÃO VILELA,48600000,-9.4483139,-38.2230291,396,Sem acessibilidade,2026-09-28 10:05:00,771277526570061937555510
UE2015 (Anterior),PAULO AFONSO,84,380,1766910,ESCOLA MUNICIPAL GUIOMAR PEREIRA,"RUA ANÁPOLIS, S/N - ZONA URBANA",OLIVEIRA BRITO,48604530,-9.3751301,-38.2435524,393,Sem acessibilidade,2026-09-28 10:14:00,326732158425639864885489
UE2015 (Anterior),PAULO AFONSO,84,382,1767664,ESCOLA MUNICIPAL MANOEL NASCIMENTO NETO,"RUA BENONE RESENDE, 105 - ZONA URBANA",TANCREDO NEVES III,48610240,-9.4437688,-38.2249758,349,Sem acessibilidade,2026-09-28 10:24:00,700570750163101030538735
UE2015 (Anterior),PAULO AFONSO,84,383,1809933,ESCOLA MUNICIPAL RIVADALVA DE CARVALHO,"RUA OLAVO BILAC, 510 - ZONA URBANA",TANCREDO NEVES II,48609180,-9.4456197,-38.2146156,386,Sem acessibilidade,2026-09-28 10:34:00,54005217498548177399838
UE2015 (Anterior),PAULO AFONSO,84,384,1841915,ESCOLA MUNICIPAL VINÍCIUS DE MORAES,"RUA VINÍCIUS DE MORAES, S/N - ZONA URBANA",JARDIM BAHIA,48604020,-9.3963811,-38.244818,378,Sem acessibilidade,2026-09-28 10:43:00,528752798945035266353378
UE2015 (Anterior),PAULO AFONSO,84,385,1767840,PARQUE DE EXPOSIÇÕES DE PAULO AFONSO - ENTRADA PRINCIPAL,"RODOVIA BA-210, KM-07, S/N - ZONA URBANA",SÃO VICENTE,48600000,-9.4090093,-38.2365299,326,Sem acessibilidade,2026-09-28 10:52:00,841984227177371377111835
UE2015 (Anterior),PAULO AFONSO,84,386,1769648,ESCOLA MUNICIPAL SÃO JOSÉ,LOTEAMENTO BOA ESPERANÇA - ZONA RURAL,BOA ESPERANÇA,48619899,-9.4046751,-38.268936,248,Sem acessibilidade,2026-09-28 11:01:00,245924738717369091622611
UE2015 (Anterior),PAULO AFONSO,84,389,1756120,CETEPI 2 - WILSON PEREIRA,"RUA WILSON PEREIRA, 255 - ZONA URBANA",CARDEAL BRANDÃO VILELA,48600000,-9.4483139,-38.2230291,397,Sem acessibilidade,2026-09-28 11:11:00,54005870198263075298493
UE2015 (Anterior),PAULO AFONSO,84,390,1774057,ESCOLA MUNICIPAL GUIOMAR PEREIRA,"RUA ANÁPOLIS, S/N - ZONA URBANA",OLIVEIRA BRITO,48604530,-9.3751301,-38.2435524,397,Sem acessibilidade,2026-09-28 11:26:00,872287777680523603371552
UE2015 (Anterior),PAULO AFONSO,84,391,1788461,ESCOLA MUNICIPAL DERNIVAL OLIVEIRA,"RUA JOSÉ BEZERRA DA SILVA, S/N - ZONA URBANA",DERNIVAL OLIVEIRA ,48603970,-9.3940094,-38.2518928,386,Sem acessibilidade,2026-09-28 12:26:00,963196971789720558818619
UE2015 (Anterior),PAULO AFONSO,84,392,1756740,ESCOLA MUNICIPAL RIVADALVA DE CARVALHO,"RUA OLAVO BILAC, 510 - ZONA URBANA",TANCREDO NEVES II,48609180,-9.4456197,-38.2146156,388,Sem acessibilidade,2026-09-28 12:35:00,609560722053382845954969
UE2015 (Anterior),PAULO AFONSO,84,394,1792604,ESCOLA MUNICIPAL VINÍCIUS DE MORAES,"RUA VINÍCIUS DE MORAES, S/N - ZONA URBANA",JARDIM BAHIA,48604020,-9.3963811,-38.244818,379,Sem acessibilidade,2026-09-28 12:48:00,205520547313284837991164
UE2015 (Anterior),PAULO AFONSO,84,395,1765893,SESC - SERVIÇO SOCIAL DO COMÉRCIO,"RUA SÃO MATEUS, S/N - ZONA URBANA",TANCREDO NEVES II,48600000,-9.4476577,-38.2195482,295,Com acessibilidade,2026-09-28 12:57:00,205520657113309058911495
UE2015 (Anterior),PAULO AFONSO,84,396,1651912,PRISIONAL - CONJUNTO PENAL DE PAULO AFONSO,"RUA GILBERTO LEAL, 321 - ZONA URBANA",TANCREDO NEVES III,48611262,-9.4435413,-38.2061086,0,Com acessibilidade,2026-09-28 13:07:00,296429853622057616416111
UE2015 (Anterior),PAULO AFONSO,84,397,1813558,ESCOLA MUNICIPAL RIVADALVA DE CARVALHO,"RUA OLAVO BILAC, 510 - ZONA URBANA",TANCREDO NEVES II,48609180,-9.4456197,-38.2146156,387,Sem acessibilidade,2026-09-28 13:17:00,548954211947395855813214
UE2015 (Anterior),PAULO AFONSO,84,398,1795508,ESCOLA MUNICIPAL GUIOMAR PEREIRA,"RUA ANÁPOLIS, S/N - ZONA URBANA",OLIVEIRA BRITO,48604530,-9.3751301,-38.2435524,396,Sem acessibilidade,2026-09-28 13:27:00,963196740589906722345872
UE2015 (Anterior),PAULO AFONSO,84,399,1791886,CETEPI 2 - WILSON PEREIRA,"RUA WILSON PEREIRA, 255 - ZONA URBANA",CARDEAL BRANDÃO VILELA,48600000,-9.4483139,-38.2230291,395,Sem acessibilidade,2026-09-28 13:36:00,619661502554577212116345
UE2015 (Anterior),PAULO AFONSO,84,400,1821513,ESCOLA MUNICIPAL VINÍCIUS DE MORAES,"RUA VINÍCIUS DE MORAES, S/N - ZONA URBANA",JARDIM BAHIA,48604020,-9.3963811,-38.244818,378,Sem acessibilidade,2026-09-28 13:46:00,387338740731437445559095
UE2015 (Anterior),PAULO AFONSO,84,401,1770257,ESCOLA MUNICIPAL RIVADALVA DE CARVALHO,"RUA OLAVO BILAC, 510 - ZONA URBANA",TANCREDO NEVES II,48609180,-9.4456197,-38.2146156,387,Sem acessibilidade,2026-09-28 13:56:00,437843901036576653115738
UE2015 (Anterior),PAULO AFONSO,84,402,1771251,CETEPI 2 - WILSON PEREIRA,"RUA WILSON PEREIRA, 255 - ZONA URBANA",CARDEAL BRANDÃO VILELA,48600000,-9.4483139,-38.2230291,395,Sem acessibilidade,2026-09-28 14:06:00,94409673102892916960682
UE2015 (Anterior),PAULO AFONSO,84,403,1761144,ESCOLA MUNICIPAL GUIOMAR PEREIRA,"RUA ANÁPOLIS, S/N - ZONA URBANA",OLIVEIRA BRITO,48604530,-9.3751301,-38.2435524,392,Sem acessibilidade,2026-09-28 14:15:00,579257267750399147620379
UE2015 (Anterior),PAULO AFONSO,84,404,1768914,ESCOLA MUNICIPAL DERNIVAL OLIVEIRA,"RUA JOSÉ BEZERRA DA SILVA, S/N - ZONA URBANA",DERNIVAL OLIVEIRA ,48603970,-9.3940094,-38.2518928,386,Sem acessibilidade,2026-09-28 14:25:00,205520002613115495396346
UE2015 (Anterior),PAULO AFONSO,84,405,1837125,SESC - SERVIÇO SOCIAL DO COMÉRCIO,"RUA SÃO MATEUS, S/N - ZONA URBANA",TANCREDO NEVES II,48600000,-9.4476577,-38.2195482,294,Com acessibilidade,2026-09-28 14:34:00,710671620664648419832795
UE2015 (Anterior),PAULO AFONSO,84,406,1773104,PARQUE DE EXPOSIÇÕES DE PAULO AFONSO - ENTRADA PRINCIPAL,"RODOVIA BA-210, KM-07, S/N - ZONA URBANA",SÃO VICENTE,48600000,-9.4090093,-38.2365299,328,Sem acessibilidade,2026-09-28 14:46:00,740974767967907034665290
UE2015 (Anterior),PAULO AFONSO,84,407,1791710,CETEPI 2 - WILSON PEREIRA,"RUA WILSON PEREIRA, 255 - ZONA URBANA",CARDEAL BRANDÃO VILELA,48600000,-9.4483139,-38.2230291,392,Sem acessibilidade,2026-09-28 14:56:00,852085981178102333019378
UE2015 (Anterior),PAULO AFONSO,84,408,1836351,ESCOLA MUNICIPAL GUIOMAR PEREIRA,"RUA ANÁPOLIS, S/N - ZONA URBANA",OLIVEIRA BRITO,48604530,-9.3751301,-38.2435524,391,Sem acessibilidade,2026-09-28 15:05:00,569156809349403080829646
UE2015 (Anterior),PAULO AFONSO,84,409,1769492,ESCOLA MUNICIPAL VINÍCIUS DE MORAES,"RUA VINÍCIUS DE MORAES, S/N - ZONA URBANA",JARDIM BAHIA,48604020,-9.3963811,-38.244818,375,Sem acessibilidade,2026-09-28 15:14:00,508550850043362128303430
UE2015 (Anterior),PAULO AFONSO,84,410,1793504,CRECHE MÁRIO LOURENÇO TORI - PRAINHA,"RUA HERBERT DE SOUZA, S/N, ZONA URBANA",SÃO VICENTE,48603524,-9.4066641,-38.2359319,250,Sem acessibilidade,2026-09-28 15:23:00,185318617311061265723641
UE2015 (Anterior),PAULO AFONSO,84,411,1838389,COLÉGIO ESTADUAL QUITÉRIA MARIA DE JESUS,"AVENIDA TREZE DE MAIO,152 - ZONA URBANA",TANCREDO NEVES I,48609020,-9.4401905,-38.2214371,367,Sem acessibilidade,2026-09-28 15:32:00,235823778316136248948794
UE2015 (Anterior),PAULO AFONSO,84,412,1776086,CETEPI 2 - WILSON PEREIRA,"RUA WILSON PEREIRA, 255 - ZONA URBANA",CARDEAL BRANDÃO VILELA,48600000,-9.4483139,-38.2230291,390,Sem acessibilidade,2026-09-28 15:41:00,730873380466654582600518
UE2015 (Anterior),PAULO AFONSO,84,413,1671872,PARQUE DE EXPOSIÇÕES DE PAULO AFONSO - ENTRADA LATERAL,"AVENIDA PROJETADA, S/N - ZONA URBANA",JARDIM AEROPORTO,48600000,-9.4084603,-38.2381222,68,Sem acessibilidade,2026-09-28 15:50:00,680368445661628247960313
UE2015 (Anterior),PAULO AFONSO,84,414,1796081,COLÉGIO ESTADUAL QUITÉRIA MARIA DE JESUS,"AVENIDA TREZE DE MAIO,152 - ZONA URBANA",TANCREDO NEVES I,48609020,-9.4401905,-38.2214371,182,Sem acessibilidade,2026-09-28 16:01:00,619661486954289842350468
UE2015 (Anterior),PAULO AFONSO,84,415,1762469,ESCOLA MUNICIPAL MARIA NOÊMIA DE BARROS,"RUA CAXANGÁ, 206 - ZONA URBANA",TANCREDO NEVES II,48609162,-9.442672,-38.2166773,161,Sem acessibilidade,2026-09-28 16:10:00,397439375632080570009246
UE2015 (Anterior),PAULO AFONSO,181,107,1774778,CASA DA CRIANÇA - 5,QUADRA C - ZONA URBANA,AMAURY ALVES DE MENEZES,48605180,-9.3944417,-38.23216,285,Sem acessibilidade,2026-09-30 08:27:00,235899099249043258283065
UE2015 (Anterior),PAULO AFONSO,181,108,1810399,COLEGIO ESTADUAL DE TEMPO INTEGRAL DE PAULO AFONSO,AVENIDA CONTORNO - SN,CENTRO,48601500,-9.4016083,-38.2294495,184,Sem acessibilidade,2026-09-30 08:38:00,205596179746171113476109
UE2015 (Anterior),PAULO AFONSO,181,110,1760223,COLEGIO ESTADUAL DE TEMPO INTEGRAL DE PAULO AFONSO,AVENIDA CONTORNO - SN,CENTRO,48601500,-9.4016083,-38.2294495,190,Sem acessibilidade,2026-09-30 08:46:00,94485259635013086401856
UE2015 (Anterior),PAULO AFONSO,181,112,1808825,COLEGIO ESTADUAL DE TEMPO INTEGRAL DE PAULO AFONSO,AVENIDA CONTORNO - SN,CENTRO,48601500,-9.4016083,-38.2294495,189,Sem acessibilidade,2026-09-30 08:56:00,882364264814897064715003
UE2015 (Anterior),PAULO AFONSO,181,114,1795154,COLEGIO ESTADUAL DE TEMPO INTEGRAL DE PAULO AFONSO,AVENIDA CONTORNO - SN,CENTRO,48601500,-9.4016083,-38.2294495,189,Sem acessibilidade,2026-09-30 09:05:00,831859438309439238896089
UE2015 (Anterior),PAULO AFONSO,181,116,1759873,COLEGIO ESTADUAL DE TEMPO INTEGRAL DE PAULO AFONSO,AVENIDA CONTORNO - SN,CENTRO,48601500,-9.4016083,-38.2294495,191,Sem acessibilidade,2026-09-30 09:14:00,670243492193293874913335
UE2015 (Anterior),PAULO AFONSO,181,117,1832963,COLÉGIO ESTADUAL PAULO FREIRE,"AVENIDA DOS ESTUDANTES, S/N - ZONA URBANA",AMAURY ALVES DE MENEZES,48605210,-9.3980364,-38.231605,139,Sem acessibilidade,2026-09-30 09:23:00,306506230256949809050217
UE2015 (Anterior),PAULO AFONSO,181,119,1765835,COLÉGIO ESTADUAL PAULO FREIRE,"AVENIDA DOS ESTUDANTES, S/N - ZONA URBANA",AMAURY ALVES DE MENEZES,48605210,-9.3980364,-38.231605,139,Sem acessibilidade,2026-09-30 09:32:00,367112513962021164794264
UE2015 (Anterior),PAULO AFONSO,181,121,1759433,COLÉGIO ESTADUAL PAULO FREIRE,"AVENIDA DOS ESTUDANTES, S/N - ZONA URBANA",AMAURY ALVES DE MENEZES,48605210,-9.3980364,-38.231605,139,Sem acessibilidade,2026-09-30 09:42:00,508526843276258206840469
UE2015 (Anterior),PAULO AFONSO,181,123,1795731,COLÉGIO ESTADUAL PAULO FREIRE,"AVENIDA DOS ESTUDANTES, S/N - ZONA URBANA",AMAURY ALVES DE MENEZES,48605210,-9.3980364,-38.231605,137,Sem acessibilidade,2026-09-30 09:52:00,599435155285437923768614
UE2015 (Anterior),PAULO AFONSO,181,125,1780204,COLÉGIO ESTADUAL PAULO FREIRE,"AVENIDA DOS ESTUDANTES, S/N - ZONA URBANA",AMAURY ALVES DE MENEZES,48605210,-9.3980364,-38.231605,139,Sem acessibilidade,2026-09-30 10:01:00,619637395787015707321029
UE2015 (Anterior),PAULO AFONSO,181,127,1767567,ESCOLA LIONS CLUBE,"AV APOLÔNIO SALES, S/N  - ZONA URBANA",CENTRO,48608100,-9.39879,-38.2243522,310,Com acessibilidade,2026-09-30 10:10:00,932869934419350552789542
UE2015 (Anterior),PAULO AFONSO,181,128,1768272,ESCOLA MUNICIPAL ODILON CAFÉ,POVOADO TARÁ - ZONA RURAL,POVOADO TARÁ,48600970,-9.6048283,-38.0888267,102,Sem acessibilidade,2026-09-30 10:19:00,478223585273529053325738
UE2015 (Anterior),PAULO AFONSO,181,130,1768453,ESCOLA MUNICIPAL PEDRO ÁLVARES CABRAL - SALOBRO,POVOADO SALOBRO - ZONA RURAL,POVOADO SALOBRO,48600970,-9.55955,-38.0531067,219,Sem acessibilidade,2026-09-30 10:27:00,13677310727018480456731
UE2015 (Anterior),PAULO AFONSO,181,131,1841200,ESCOLA MUNICIPAL 15 DE NOVEMBRO,POVOADO SÍTIO DE LÚCIO - ZONA RURAL,POVOADO SÍTIO DO LÚCIO,48600970,-9.6474367,-38.3163633,355,Sem acessibilidade,2026-09-30 10:36:00,256001665751273881022698
UE2015 (Anterior),PAULO AFONSO,181,132,1773036,ESCOLA MUNICIPAL 15 DE NOVEMBRO,POVOADO SÍTIO DE LÚCIO - ZONA RURAL,POVOADO SÍTIO DO LÚCIO,48600970,-9.6474367,-38.3163633,356,Sem acessibilidade,2026-09-30 10:46:00,538829050279648089259171
UE2015 (Anterior),PAULO AFONSO,181,183,1841064,ESCOLA MUNICIPAL VEREADOR JOÃO BOSCO RIBEIRO,"RUA DOS NAVEGANTES, S/N - ZONA URBANA",PERPÉTUO SOCORRO,48601430,-9.4085433,-38.2204,319,Sem acessibilidade,2026-09-30 10:54:00,114687093137178173993349
UE2015 (Anterior),PAULO AFONSO,181,184,1779527,ESCOLA MUNICIPAL VEREADOR JOÃO BOSCO RIBEIRO,"RUA DOS NAVEGANTES, S/N - ZONA URBANA",PERPÉTUO SOCORRO,48601430,-9.4085433,-38.2204,315,Sem acessibilidade,2026-09-30 11:03:00,700546790696350668607348
UE2015 (Anterior),PAULO AFONSO,181,185,1770414,ESCOLA MUNICIPAL VEREADOR JOÃO BOSCO RIBEIRO,"RUA DOS NAVEGANTES, S/N - ZONA URBANA",PERPÉTUO SOCORRO,48601430,-9.4085433,-38.2204,318,Sem acessibilidade,2026-09-30 11:13:00,942970140420681184377870
UE2015 (Anterior),PAULO AFONSO,181,186,1754103,ESCOLA MUNICIPAL VEREADOR JOÃO BOSCO RIBEIRO,"RUA DOS NAVEGANTES, S/N - ZONA URBANA",PERPÉTUO SOCORRO,48601430,-9.4085433,-38.2204,320,Sem acessibilidade,2026-09-30 11:22:00,144990459740901851499566
UE2015 (Anterior),PAULO AFONSO,181,187,1775781,ESCOLA MUNICIPAL VEREADOR JOÃO BOSCO RIBEIRO,"RUA DOS NAVEGANTES, S/N - ZONA URBANA",PERPÉTUO SOCORRO,48601430,-9.4085433,-38.2204,317,Sem acessibilidade,2026-09-30 11:32:00,468122887272312497181193
UE2015 (Anterior),PAULO AFONSO,181,188,1821539,ESCOLA MUNICIPAL VEREADOR JOÃO BOSCO RIBEIRO,"RUA DOS NAVEGANTES, S/N - ZONA URBANA",PERPÉTUO SOCORRO,48601430,-9.4085433,-38.2204,318,Sem acessibilidade,2026-09-30 11:41:00,710647241697588715342900
UE2015 (Anterior),PAULO AFONSO,181,189,1750925,ESCOLA MUNICIPAL VEREADOR JOÃO BOSCO RIBEIRO,"RUA DOS NAVEGANTES, S/N - ZONA URBANA",PERPÉTUO SOCORRO,48601430,-9.4085433,-38.2204,321,Sem acessibilidade,2026-09-30 11:50:00,993475634225889768958677
UE2015 (Anterior),PAULO AFONSO,181,190,1847702,CEMPA - CENTRO EDUCACIONAL MUNICIPAL DE PAULO AFONSO ,"TRAVESSA LUIZ VIANA FILHO, S/N - ZONA URBANA",CENTRO,48602560,-9.4005846,-38.2279318,170,Sem acessibilidade,2026-09-30 11:59:00,680344400794205939679687
UE2015 (Anterior),PAULO AFONSO,181,191,1780782,CEMPA - CENTRO EDUCACIONAL MUNICIPAL DE PAULO AFONSO ,"TRAVESSA LUIZ VIANA FILHO, S/N - ZONA URBANA",CENTRO,48602560,-9.4005846,-38.2279318,171,Sem acessibilidade,2026-09-30 13:18:00,942970779520254049913931
UE2015 (Anterior),PAULO AFONSO,181,192,1781638,CEMPA - CENTRO EDUCACIONAL MUNICIPAL DE PAULO AFONSO ,"TRAVESSA LUIZ VIANA FILHO, S/N - ZONA URBANA",CENTRO,48602560,-9.4005846,-38.2279318,170,Sem acessibilidade,2026-09-30 13:27:00,377213313963702967614686
UE2015 (Anterior),PAULO AFONSO,181,193,1841267,CEMPA - CENTRO EDUCACIONAL MUNICIPAL DE PAULO AFONSO ,"TRAVESSA LUIZ VIANA FILHO, S/N - ZONA URBANA",CENTRO,48602560,-9.4005846,-38.2279318,167,Sem acessibilidade,2026-09-30 13:46:00,266102318752703760624370
UE2015 (Anterior),PAULO AFONSO,181,195,1809780,CEMPA - CENTRO EDUCACIONAL MUNICIPAL DE PAULO AFONSO ,"TRAVESSA LUIZ VIANA FILHO, S/N - ZONA URBANA",CENTRO,48602560,-9.4005846,-38.2279318,173,Sem acessibilidade,2026-09-30 13:55:00,730849005699190943922865
UE2015 (Anterior),PAULO AFONSO,181,199,1770497,ESCOLA MUNICIPAL VEREADOR JOÃO BOSCO RIBEIRO,"RUA DOS NAVEGANTES, S/N - ZONA URBANA",PERPÉTUO SOCORRO,48601430,-9.4085433,-38.2204,320,Sem acessibilidade,2026-09-30 14:04:00,528728237778573566179103
UE2015 (Anterior),PAULO AFONSO,181,200,1810366,ESCOLA MUNICIPAL VEREADOR JOÃO BOSCO RIBEIRO,"RUA DOS NAVEGANTES, S/N - ZONA URBANA",PERPÉTUO SOCORRO,48601430,-9.4085433,-38.2204,317,Sem acessibilidade,2026-09-30 14:17:00,225798403948574484667362
UE2015 (Anterior),PAULO AFONSO,181,201,1767757,ESCOLA MUNICIPAL VEREADOR JOÃO BOSCO RIBEIRO,"RUA DOS NAVEGANTES, S/N - ZONA URBANA",PERPÉTUO SOCORRO,48601430,-9.4085433,-38.2204,317,Sem acessibilidade,2026-09-30 14:28:00,548930830880050678025570
UE2015 (Anterior),PAULO AFONSO,181,202,1767145,ESCOLA MUNICIPAL VEREADOR JOÃO BOSCO RIBEIRO,"RUA DOS NAVEGANTES, S/N - ZONA URBANA",PERPÉTUO SOCORRO,48601430,-9.4085433,-38.2204,317,Sem acessibilidade,2026-09-30 14:38:00,245900640750848849164069
UE2015 (Anterior),PAULO AFONSO,181,203,1778095,ESCOLA MUNICIPAL VEREADOR JOÃO BOSCO RIBEIRO,"RUA DOS NAVEGANTES, S/N - ZONA URBANA",PERPÉTUO SOCORRO,48601430,-9.4085433,-38.2204,315,Sem acessibilidade,2026-09-30 14:47:00,124788636338747591054986
UE2015 (Anterior),PAULO AFONSO,181,204,1752942,ESCOLA MUNICIPAL VEREADOR JOÃO BOSCO RIBEIRO,"RUA DOS NAVEGANTES, S/N - ZONA URBANA",PERPÉTUO SOCORRO,48601430,-9.4085433,-38.2204,320,Sem acessibilidade,2026-09-30 14:56:00,559031171181199837524385
UE2015 (Anterior),PAULO AFONSO,181,205,1764061,ESCOLA MUNICIPAL VEREADOR JOÃO BOSCO RIBEIRO,"RUA DOS NAVEGANTES, S/N - ZONA URBANA",PERPÉTUO SOCORRO,48601430,-9.4085433,-38.2204,318,Sem acessibilidade,2026-09-30 15:05:00,155091885041387358926304
UE2015 (Anterior),PAULO AFONSO,181,206,1792251,ESCOLA MUNICIPAL VEREADOR JOÃO BOSCO RIBEIRO,"RUA DOS NAVEGANTES, S/N - ZONA URBANA",PERPÉTUO SOCORRO,48601430,-9.4085433,-38.2204,316,Sem acessibilidade,2026-09-30 16:18:00,64182905932706808478851
UE2015 (Anterior),PAULO AFONSO,181,207,1839042,UNEB - UNIVERSIDADE DO ESTADO DA BAHIA,"RUA DA GANGORRA, N 503 - ZONA URBANA",ALVES DE SOUZA,48608240,-9.4007086,-38.2129991,255,Sem acessibilidade,2026-09-30 15:23:00,932869883419200329192522
UE2015 (Anterior),PAULO AFONSO,181,208,1758980,UNEB - UNIVERSIDADE DO ESTADO DA BAHIA,"RUA DA GANGORRA, N 503 - ZONA URBANA",ALVES DE SOUZA,48608240,-9.4007086,-38.2129991,252,Sem acessibilidade,2026-09-30 15:32:00,771253831303067910348368
UE2015 (Anterior),PAULO AFONSO,181,209,1756972,UNEB - UNIVERSIDADE DO ESTADO DA BAHIA,"RUA DA GANGORRA, N 503 - ZONA URBANA",ALVES DE SOUZA,48608240,-9.4007086,-38.2129991,252,Sem acessibilidade,2026-09-30 15:42:00,256001425051630466643533
UE2015 (Anterior),PAULO AFONSO,181,210,1765290,UNEB - UNIVERSIDADE DO ESTADO DA BAHIA,"RUA DA GANGORRA, N 503 - ZONA URBANA",ALVES DE SOUZA,48608240,-9.4007086,-38.2129991,252,Sem acessibilidade,2026-09-30 15:51:00,498425743175898600101568
UE2015 (Anterior),PAULO AFONSO,181,211,1751847,UNEB - UNIVERSIDADE DO ESTADO DA BAHIA,"RUA DA GANGORRA, N 503 - ZONA URBANA",ALVES DE SOUZA,48608240,-9.4007086,-38.2129991,255,Sem acessibilidade,2026-09-30 16:00:00,902566267516892483366598
UE2015 (Anterior),PAULO AFONSO,181,212,1792120,UNEB - UNIVERSIDADE DO ESTADO DA BAHIA,"RUA DA GANGORRA, N 503 - ZONA URBANA",ALVES DE SOUZA,48608240,-9.4007086,-38.2129991,254,Sem acessibilidade,2026-09-30 16:09:00,175293642143799899847850
UE2015 (Anterior),PAULO AFONSO,181,213,1809991,ESCOLA MUNICIPAL ALVES DE SOUZA,POVOADO XINGOZINHO - ZONA RURAL,POVOADO XINGOZINHO,48600970,-9.53884,-38.03267,327,Sem acessibilidade,2026-09-30 08:28:00,94485672619976211469978
UE2015 (Anterior),PAULO AFONSO,181,214,1833681,ESCOLA MUNICIPAL DO RIACHO GRANDE,POVOADO RIACHO GRANDE - ZONA RURAL,POVOADO RIACHO GRANDE,48600970,-9.5217433,-38.1908317,172,Sem acessibilidade,2026-09-30 08:38:00,306506999440270787931032
UE2015 (Anterior),PAULO AFONSO,181,215,1763458,ESCOLA MUNICIPAL JOÃO PEREIRA DE OLIVEIRA,POVOADO MALHADA DA CAIÇARA - ZONA RURAL,POVOADO MALHADA DA CAIÇARA,48600970,-9.6105117,-38.12262,84,Sem acessibilidade,2026-09-30 08:47:00,245900043034235282912095
UE2015 (Anterior),PAULO AFONSO,181,216,1825770,ESCOLA MUNICIPAL MANOEL GOMES DE SÁ,POVOADO TABULEIRINHO - ZONA RURAL,POVOADO TABULEIRINHO,48600970,-9.5899767,-38.0746467,222,Sem acessibilidade,2026-09-30 08:56:00,639839542173643863357153
UE2015 (Anterior),PAULO AFONSO,181,217,1789168,ESCOLA MUNICIPAL JOÃO FRANCISCO FILHO,POVOADO SÃO FRANCISCO - ZONA RURAL,POVOADO SÃO FRANCISCO,48600970,-9.670435,-38.2264217,391,Sem acessibilidade,2026-09-30 09:05:00,427718441452025921098970
UE2015 (Anterior),PAULO AFONSO,181,218,1826368,ESCOLA MUNICIPAL ROGÉRIO TAVARES DA SILVA,POVOADO BAIXA FUNDA - ZONA RURAL,POVOADO BAIXA FUNDA,48600970,-9.6837717,-38.36663,157,Sem acessibilidade,2026-09-30 09:14:00,609536736070224697926617
UE2015 (Anterior),PAULO AFONSO,181,219,1762699,ESCOLA MUNICIPAL ALTO DA ESPORA,POVOADO ALTO DA ESPORA - ZONA RURAL,POVOADO ALTO DA ESPORA,48600970,-9.5564117,-38.242375,143,Sem acessibilidade,2026-09-30 09:24:00,993475236309700282242894
UE2015 (Anterior),PAULO AFONSO,181,220,1805670,ESCOLA MUNICIPAL JOVINO DE CARVALHO,PRAÇA ARTUR PEREIRA DE AZEVEDO - ZONA URBANA,RIACHO,48603970,-9.5731567,-38.2231417,225,Sem acessibilidade,2026-09-30 09:32:00,538829858263195573694680
UE2015 (Anterior),PAULO AFONSO,181,221,1795467,ESCOLA MUNICIPAL JOVINO DE CARVALHO,PRAÇA ARTUR PEREIRA DE AZEVEDO - ZONA URBANA,RIACHO,48603970,-9.5731567,-38.2231417,223,Sem acessibilidade,2026-09-30 09:42:00,680344112778430023123185
UE2015 (Anterior),PAULO AFONSO,181,222,1765314,ESCOLA MUNICIPAL JOVINO DE CARVALHO,PRAÇA ARTUR PEREIRA DE AZEVEDO - ZONA URBANA,RIACHO,48603970,-9.5731567,-38.2231417,227,Sem acessibilidade,2026-09-30 09:51:00,357011897245126582901605
UE2015 (Anterior),PAULO AFONSO,181,223,1809958,ESCOLA MUNICIPAL JOVINO DE CARVALHO,PRAÇA ARTUR PEREIRA DE AZEVEDO - ZONA URBANA,RIACHO,48603970,-9.5731567,-38.2231417,223,Sem acessibilidade,2026-09-30 10:00:00,548930199064878897192264
UE2015 (Anterior),PAULO AFONSO,181,224,1804666,ESCOLA MUNICIPAL JOVINO DE CARVALHO,PRAÇA ARTUR PEREIRA DE AZEVEDO - ZONA URBANA,RIACHO,48603970,-9.5731567,-38.2231417,222,Sem acessibilidade,2026-09-30 10:09:00,488324241158440519211613
UE2015 (Anterior),PAULO AFONSO,181,225,1764588,ESCOLA MUNICIPAL JOVINO DE CARVALHO,PRAÇA ARTUR PEREIRA DE AZEVEDO - ZONA URBANA,RIACHO,48603970,-9.5731567,-38.2231417,224,Sem acessibilidade,2026-09-30 10:19:00,730849602883784108908090
UE2015 (Anterior),PAULO AFONSO,181,226,1795411,CASA DA CRIANÇA - 1,"AV GETÚLIO VARGAS, S/N - ZONA URBANA",CENTRO,48601001,-9.4074733,-38.2147383,165,Sem acessibilidade,2026-09-30 10:28:00,963172944606031837916619
UE2015 (Anterior),PAULO AFONSO,181,228,1759212,CASA DA CRIANÇA - 1,"AV GETÚLIO VARGAS, S/N - ZONA URBANA",CENTRO,48601001,-9.4074733,-38.2147383,166,Sem acessibilidade,2026-09-30 10:38:00,165192365326327102704587
UE2015 (Anterior),PAULO AFONSO,181,230,1756942,CASA DA CRIANÇA - 1,"AV GETÚLIO VARGAS, S/N - ZONA URBANA",CENTRO,48601001,-9.4074733,-38.2147383,166,Sem acessibilidade,2026-09-30 10:47:00,670243065977854820152450
UE2015 (Anterior),PAULO AFONSO,181,232,1761729,CASA DA CRIANÇA - 1,"AV GETÚLIO VARGAS, S/N - ZONA URBANA",CENTRO,48601001,-9.4074733,-38.2147383,162,Sem acessibilidade,2026-09-30 10:56:00,276203881237472031032137
UE2015 (Anterior),PAULO AFONSO,181,234,1810112,CASA DA CRIANÇA - 1,"AV GETÚLIO VARGAS, S/N - ZONA URBANA",CENTRO,48601001,-9.4074733,-38.2147383,167,Sem acessibilidade,2026-09-30 11:06:00,488324316058342599906809
UE2015 (Anterior),PAULO AFONSO,181,236,1766130,ESCOLA ESTADUAL CARLINA BARBOSA DE DEUS,"RUA DA HARMONIA, N 700 - ZONA URBANA",CHESF,48608490,-9.4054017,-38.21494,305,Sem acessibilidade,2026-09-30 11:16:00,579233627567522678505159
UE2015 (Anterior),PAULO AFONSO,181,237,1778968,ESCOLA ESTADUAL CARLINA BARBOSA DE DEUS,"RUA DA HARMONIA, N 700 - ZONA URBANA",CHESF,48608490,-9.4054017,-38.21494,303,Sem acessibilidade,2026-09-30 11:24:00,155091312325055912134371
UE2015 (Anterior),PAULO AFONSO,181,238,1791814,ESCOLA ESTADUAL CARLINA BARBOSA DE DEUS,"RUA DA HARMONIA, N 700 - ZONA URBANA",CHESF,48608490,-9.4054017,-38.21494,300,Sem acessibilidade,2026-09-30 11:34:00,185394458728179784813153
UE2015 (Anterior),PAULO AFONSO,181,239,1767198,ESCOLA ESTADUAL CARLINA BARBOSA DE DEUS,"RUA DA HARMONIA, N 700 - ZONA URBANA",CHESF,48608490,-9.4054017,-38.21494,303,Sem acessibilidade,2026-09-30 11:43:00,387314760348398140780572
UE2015 (Anterior),PAULO AFONSO,181,240,1824379,ESCOLA ESTADUAL CARLINA BARBOSA DE DEUS,"RUA DA HARMONIA, N 700 - ZONA URBANA",CHESF,48608490,-9.4054017,-38.21494,301,Sem acessibilidade,2026-09-30 11:52:00,892465359199920668750016
UE2015 (Anterior),PAULO AFONSO,181,241,1766390,ESCOLA ESTADUAL CARLINA BARBOSA DE DEUS,"RUA DA HARMONIA, N 700 - ZONA URBANA",CHESF,48608490,-9.4054017,-38.21494,305,Sem acessibilidade,2026-09-30 13:18:00,377213943547689614311917
UE2015 (Anterior),PAULO AFONSO,181,242,1824963,ESCOLA ESTADUAL CARLINA BARBOSA DE DEUS,"RUA DA HARMONIA, N 700 - ZONA URBANA",CHESF,48608490,-9.4054017,-38.21494,303,Sem acessibilidade,2026-09-30 13:29:00,266102940536737141150438
UE2015 (Anterior),PAULO AFONSO,181,243,1780667,ESCOLA ESTADUAL CARLINA BARBOSA DE DEUS,"RUA DA HARMONIA, N 700 - ZONA URBANA",CHESF,48608490,-9.4054017,-38.21494,302,Sem acessibilidade,2026-09-30 13:40:00,932869721003951017532681
UE2015 (Anterior),PAULO AFONSO,181,244,1773007,ESCOLA ESTADUAL CARLINA BARBOSA DE DEUS,"RUA DA HARMONIA, N 700 - ZONA URBANA",CHESF,48608490,-9.4054017,-38.21494,302,Sem acessibilidade,2026-09-30 13:50:00,387314286348498406428684
UE2015 (Anterior),PAULO AFONSO,181,245,1841157,ESCOLA ESTADUAL CARLINA BARBOSA DE DEUS,"RUA DA HARMONIA, N 700 - ZONA URBANA",CHESF,48608490,-9.4054017,-38.21494,302,Sem acessibilidade,2026-09-30 14:00:00,599435600269361013038496
UE2015 (Anterior),PAULO AFONSO,181,246,1767731,ESCOLA ESTADUAL CARLINA BARBOSA DE DEUS,"RUA DA HARMONIA, N 700 - ZONA URBANA",CHESF,48608490,-9.4054017,-38.21494,301,Sem acessibilidade,2026-09-30 14:09:00,256001370335659014861427
UE2015 (Anterior),PAULO AFONSO,181,247,1837644,ESCOLA ESTADUAL CARLINA BARBOSA DE DEUS,"RUA DA HARMONIA, N 700 - ZONA URBANA",CHESF,48608490,-9.4054017,-38.21494,302,Sem acessibilidade,2026-09-30 14:19:00,407516632350895132143097
UE2015 (Anterior),PAULO AFONSO,181,248,1778342,ESCOLA ESTADUAL CARLINA BARBOSA DE DEUS,"RUA DA HARMONIA, N 700 - ZONA URBANA",CHESF,48608490,-9.4054017,-38.21494,301,Sem acessibilidade,2026-09-30 14:28:00,458021793555960297758582
UE2015 (Anterior),PAULO AFONSO,181,249,1771303,ESCOLA ESTADUAL CARLINA BARBOSA DE DEUS,"RUA DA HARMONIA, N 700 - ZONA URBANA",CHESF,48608490,-9.4054017,-38.21494,302,Sem acessibilidade,2026-09-30 14:38:00,215697661331812913376406
UE2015 (Anterior),PAULO AFONSO,181,250,1843904,ESCOLA ESTADUAL CARLINA BARBOSA DE DEUS,"RUA DA HARMONIA, N 700 - ZONA URBANA",CHESF,48608490,-9.4054017,-38.21494,303,Sem acessibilidade,2026-09-30 14:47:00,13677543611633279482919
UE2015 (Anterior),PAULO AFONSO,181,251,1777691,ESCOLA ESTADUAL CARLINA BARBOSA DE DEUS,"RUA DA HARMONIA, N 700 - ZONA URBANA",CHESF,48608490,-9.4054017,-38.21494,303,Sem acessibilidade,2026-09-30 14:57:00,639839271173345118207106
UE2015 (Anterior),PAULO AFONSO,181,252,1778381,ESCOLA ESTADUAL CARLINA BARBOSA DE DEUS,"RUA DA HARMONIA, N 700 - ZONA URBANA",CHESF,48608490,-9.4054017,-38.21494,299,Sem acessibilidade,2026-09-30 15:06:00,185394934328481758193958
UE2015 (Anterior),PAULO AFONSO,181,253,1778079,ESCOLA ESTADUAL CARLINA BARBOSA DE DEUS,"RUA DA HARMONIA, N 700 - ZONA URBANA",CHESF,48608490,-9.4054017,-38.21494,301,Sem acessibilidade,2026-09-30 15:15:00,720748583782046726133009
UE2015 (Anterior),PAULO AFONSO,181,254,1775562,ESCOLA ESTADUAL CARLINA BARBOSA DE DEUS,"RUA DA HARMONIA, N 700 - ZONA URBANA",CHESF,48608490,-9.4054017,-38.21494,304,Sem acessibilidade,2026-09-30 15:24:00,256001222435599717372907
UE2015 (Anterior),PAULO AFONSO,181,255,1841910,CASA DA CRIANÇA - 2,"AV CONTORNO, S/N - ZONA URBANA",PERPÉTUO SOCORRO,48602050,-9.4055388,-38.226086,357,Sem acessibilidade,2026-09-30 15:33:00,357011432745717424308073
UE2015 (Anterior),PAULO AFONSO,181,256,1810619,CASA DA CRIANÇA - 2,"AV CONTORNO, S/N - ZONA URBANA",PERPÉTUO SOCORRO,48602050,-9.4055388,-38.226086,352,Sem acessibilidade,2026-09-30 15:52:00,447920635454910497014696
UE2015 (Anterior),PAULO AFONSO,181,257,1842080,CASA DA CRIANÇA - 2,"AV CONTORNO, S/N - ZONA URBANA",PERPÉTUO SOCORRO,48602050,-9.4055388,-38.226086,357,Sem acessibilidade,2026-09-30 16:01:00,730849038883799761944764
UE2015 (Anterior),PAULO AFONSO,181,258,1791711,CASA DA CRIANÇA - 2,"AV CONTORNO, S/N - ZONA URBANA",PERPÉTUO SOCORRO,48602050,-9.4055388,-38.226086,354,Sem acessibilidade,2026-09-30 16:10:00,286304696338364586673902
UE2015 (Anterior),PAULO AFONSO,181,259,1770777,CASA DA CRIANÇA - 2,"AV CONTORNO, S/N - ZONA URBANA",PERPÉTUO SOCORRO,48602050,-9.4055388,-38.226086,356,Sem acessibilidade,2026-09-30 16:20:00,478223997157640207027614
UE2015 (Anterior),PAULO AFONSO,181,260,1809888,COLÉGIO SETE DE SETEMBRO,"RUA VEREADOR JOSÉ MOREIRA, 850 - ZONA URBANA",PERPÉTUO SOCORRO,48603004,-9.4085475,-38.2228538,319,Sem acessibilidade,2026-09-30 16:30:00,296405899139559248054693
UE2015 (Anterior),PAULO AFONSO,181,261,1757422,COLÉGIO SETE DE SETEMBRO,"RUA VEREADOR JOSÉ MOREIRA, 850 - ZONA URBANA",PERPÉTUO SOCORRO,48603004,-9.4085475,-38.2228538,319,Sem acessibilidade,2026-09-30 16:40:00,417617128551765674337869
UE2015 (Anterior),PAULO AFONSO,181,262,1810667,COLÉGIO SETE DE SETEMBRO,"RUA VEREADOR JOSÉ MOREIRA, 850 - ZONA URBANA",PERPÉTUO SOCORRO,48603004,-9.4085475,-38.2228538,321,Sem acessibilidade,2026-09-30 16:49:00,43980865114028316037207
UE2015 (Anterior),PAULO AFONSO,181,263,1769694,COLÉGIO SETE DE SETEMBRO,"RUA VEREADOR JOSÉ MOREIRA, 850 - ZONA URBANA",PERPÉTUO SOCORRO,48603004,-9.4085475,-38.2228538,318,Sem acessibilidade,2026-09-30 16:58:00,64182998816067653255499
UE2015 (Anterior),PAULO AFONSO,181,264,1781499,COLÉGIO SETE DE SETEMBRO,"RUA VEREADOR JOSÉ MOREIRA, 850 - ZONA URBANA",PERPÉTUO SOCORRO,48603004,-9.4085475,-38.2228538,320,Sem acessibilidade,2026-09-30 08:28:00,215697258402091344008125
UE2015 (Anterior),PAULO AFONSO,181,265,1825929,COLÉGIO SETE DE SETEMBRO,"RUA VEREADOR JOSÉ MOREIRA, 850 - ZONA URBANA",PERPÉTUO SOCORRO,48603004,-9.4085475,-38.2228538,324,Sem acessibilidade,2026-09-30 08:41:00,508526654831077916419723
UE2015 (Anterior),PAULO AFONSO,181,266,1793817,COLÉGIO SETE DE SETEMBRO,"RUA VEREADOR JOSÉ MOREIRA, 850 - ZONA URBANA",PERPÉTUO SOCORRO,48603004,-9.4085475,-38.2228538,322,Sem acessibilidade,2026-09-30 08:51:00,609536867441268947218549
UE2015 (Anterior),PAULO AFONSO,181,267,1756698,COLÉGIO SETE DE SETEMBRO,"RUA VEREADOR JOSÉ MOREIRA, 850 - ZONA URBANA",PERPÉTUO SOCORRO,48603004,-9.4085475,-38.2228538,321,Sem acessibilidade,2026-09-30 09:01:00,852061226566172946418437
UE2015 (Anterior),PAULO AFONSO,181,268,1815654,COLÉGIO SETE DE SETEMBRO,"RUA VEREADOR JOSÉ MOREIRA, 850 - ZONA URBANA",PERPÉTUO SOCORRO,48603004,-9.4085475,-38.2228538,323,Sem acessibilidade,2026-09-30 09:10:00,488324960229822782234935
UE2015 (Anterior),PAULO AFONSO,181,269,1824571,COLÉGIO SETE DE SETEMBRO,"RUA VEREADOR JOSÉ MOREIRA, 850 - ZONA URBANA",PERPÉTUO SOCORRO,48603004,-9.4085475,-38.2228538,322,Sem acessibilidade,2026-09-30 09:19:00,296405887310261621371516
UE2015 (Anterior),PAULO AFONSO,181,270,1763493,COLÉGIO SETE DE SETEMBRO,"RUA VEREADOR JOSÉ MOREIRA, 850 - ZONA URBANA",PERPÉTUO SOCORRO,48603004,-9.4085475,-38.2228538,320,Sem acessibilidade,2026-09-30 09:29:00,498425165430556932988314
UE2015 (Anterior),PAULO AFONSO,181,271,1776494,COLÉGIO SETE DE SETEMBRO,"RUA VEREADOR JOSÉ MOREIRA, 850 - ZONA URBANA",PERPÉTUO SOCORRO,48603004,-9.4085475,-38.2228538,321,Sem acessibilidade,2026-09-30 09:38:00,650041431746733175022386
UE2015 (Anterior),PAULO AFONSO,181,272,1811005,"INSTITUTO FEDERAL DE EDUCAÇÃO, CIÊNCIA E TECNOLOGIA - IFBA","AV. MARCONDES FERRAZ,  200 - ZONA URBANA",GENERAL DUTRA,48607000,-9.3895934,-38.2162209,389,Sem acessibilidade,2026-09-30 09:46:00,518627408132544094699732
UE2015 (Anterior),PAULO AFONSO,181,273,1809961,UNEB - UNIVERSIDADE DO ESTADO DA BAHIA - ANEXO,"RUA DO BOM CONSELHO, N 179 - ZONA URBANA",ALVES DE SOUZA,48608230,-9.402335,-38.2142617,185,Sem acessibilidade,2026-09-30 09:56:00,538829533734650659714160
UE2015 (Anterior),PAULO AFONSO,181,275,1824920,UNEB - UNIVERSIDADE DO ESTADO DA BAHIA - ANEXO,"RUA DO BOM CONSELHO, N 179 - ZONA URBANA",ALVES DE SOUZA,48608230,-9.402335,-38.2142617,184,Sem acessibilidade,2026-09-30 10:05:00,922768140073605695014865
UE2015 (Anterior),PAULO AFONSO,181,277,1837679,UNEB - UNIVERSIDADE DO ESTADO DA BAHIA - ANEXO,"RUA DO BOM CONSELHO, N 179 - ZONA URBANA",ALVES DE SOUZA,48608230,-9.402335,-38.2142617,187,Sem acessibilidade,2026-09-30 10:13:00,993475436080627300114894
UE2015 (Anterior),PAULO AFONSO,181,279,1767383,UNEB - UNIVERSIDADE DO ESTADO DA BAHIA - ANEXO,"RUA DO BOM CONSELHO, N 179 - ZONA URBANA",ALVES DE SOUZA,48608230,-9.402335,-38.2142617,183,Sem acessibilidade,2026-09-30 10:23:00,629738288543348993158188
UE2015 (Anterior),PAULO AFONSO,181,281,1766726,UNEB - UNIVERSIDADE DO ESTADO DA BAHIA - ANEXO,"RUA DO BOM CONSELHO, N 179 - ZONA URBANA",ALVES DE SOUZA,48608230,-9.402335,-38.2142617,186,Sem acessibilidade,2026-09-30 10:33:00,84384931189899123161748
UE2015 (Anterior),PAULO AFONSO,181,283,1815649,UNEB - UNIVERSIDADE DO ESTADO DA BAHIA - ANEXO,"RUA DO BOM CONSELHO, N 179 - ZONA URBANA",ALVES DE SOUZA,48608230,-9.402335,-38.2142617,185,Sem acessibilidade,2026-09-30 10:41:00,225798291003985416569808
UE2015 (Anterior),PAULO AFONSO,181,285,1772862,UNEB - UNIVERSIDADE DO ESTADO DA BAHIA - ANEXO,"RUA DO BOM CONSELHO, N 179 - ZONA URBANA",ALVES DE SOUZA,48608230,-9.402335,-38.2142617,183,Sem acessibilidade,2026-09-30 10:51:00,983374279179833473144536
UE2015 (Anterior),PAULO AFONSO,181,287,1753480,UNEB - UNIVERSIDADE DO ESTADO DA BAHIA - ANEXO,"RUA DO BOM CONSELHO, N 179 - ZONA URBANA",ALVES DE SOUZA,48608230,-9.402335,-38.2142617,184,Sem acessibilidade,2026-09-30 11:00:00,649940152045089764825632
UE2015 (Anterior),PAULO AFONSO,181,288,1755249,CASA DA CRIANÇA - 5,QUADRA C - ZONA URBANA,AMAURY ALVES DE MENEZES,48605180,-9.3944417,-38.23216,354,Sem acessibilidade,2026-09-30 11:09:00,852061478266925176236584
UE2015 (Anterior),PAULO AFONSO,181,289,1788736,CASA DA CRIANÇA - 5,QUADRA C - ZONA URBANA,AMAURY ALVES DE MENEZES,48605180,-9.3944417,-38.23216,356,Sem acessibilidade,2026-09-30 11:18:00,316607048512405783375836
UE2015 (Anterior),PAULO AFONSO,181,290,1809334,CASA DA CRIANÇA - 5,QUADRA C - ZONA URBANA,AMAURY ALVES DE MENEZES,48605180,-9.3944417,-38.23216,352,Sem acessibilidade,2026-09-30 11:27:00,64182874287177985757353
UE2015 (Anterior),PAULO AFONSO,181,291,1767597,CASA DA CRIANÇA - 5,QUADRA C - ZONA URBANA,AMAURY ALVES DE MENEZES,48605180,-9.3944417,-38.23216,354,Sem acessibilidade,2026-09-30 11:36:00,963172888077098836246144
UE2015 (Anterior),PAULO AFONSO,181,292,1840531,ESCOLA MUNICIPAL HIGINO GOMES DE SÁ ,"RUA SANTO ANTONIO, 373 - ZONA URBANA",CENTENÁRIO,48605660,-9.3803483,-38.2289683,383,Sem acessibilidade,2026-09-30 11:46:00,650041685146877718728189
UE2015 (Anterior),PAULO AFONSO,181,293,1826083,ESCOLA MUNICIPAL HIGINO GOMES DE SÁ ,"RUA SANTO ANTONIO, 373 - ZONA URBANA",CENTENÁRIO,48605660,-9.3803483,-38.2289683,384,Sem acessibilidade,2026-09-30 11:55:00,256001398106497255236892
UE2015 (Anterior),PAULO AFONSO,181,294,1766273,ESCOLA MUNICIPAL HIGINO GOMES DE SÁ ,"RUA SANTO ANTONIO, 373 - ZONA URBANA",CENTENÁRIO,48605660,-9.3803483,-38.2289683,383,Sem acessibilidade,2026-09-30 13:26:00,953071209176211506500885
UE2015 (Anterior),PAULO AFONSO,181,295,1772243,ESCOLA MUNICIPAL HIGINO GOMES DE SÁ ,"RUA SANTO ANTONIO, 373 - ZONA URBANA",CENTENÁRIO,48605660,-9.3803483,-38.2289683,379,Sem acessibilidade,2026-09-30 13:35:00,730849091154011546977116
UE2015 (Anterior),PAULO AFONSO,181,296,1797176,ESCOLA MUNICIPAL HIGINO GOMES DE SÁ ,"RUA SANTO ANTONIO, 373 - ZONA URBANA",CENTENÁRIO,48605660,-9.3803483,-38.2289683,381,Sem acessibilidade,2026-09-30 13:44:00,54081526386353978630813
UE2015 (Anterior),PAULO AFONSO,181,297,1777480,ESCOLA MUNICIPAL HIGINO GOMES DE SÁ ,"RUA SANTO ANTONIO, 373 - ZONA URBANA",CENTENÁRIO,48605660,-9.3803483,-38.2289683,380,Sem acessibilidade,2026-09-30 13:53:00,609536187441922868145997
UE2015 (Anterior),PAULO AFONSO,181,298,1789130,ESCOLA MUNICIPAL HIGINO GOMES DE SÁ ,"RUA SANTO ANTONIO, 373 - ZONA URBANA",CENTENÁRIO,48605660,-9.3803483,-38.2289683,382,Sem acessibilidade,2026-09-30 14:03:00,155091848296132470115142
UE2015 (Anterior),PAULO AFONSO,181,299,1765703,ESCOLA MUNICIPAL HIGINO GOMES DE SÁ ,"RUA SANTO ANTONIO, 373 - ZONA URBANA",CENTENÁRIO,48605660,-9.3803483,-38.2289683,383,Sem acessibilidade,2026-09-30 14:12:00,740950541955749166830186
UE2015 (Anterior),PAULO AFONSO,181,300,1764966,ESCOLA MUNICIPAL HIGINO GOMES DE SÁ ,"RUA SANTO ANTONIO, 373 - ZONA URBANA",CENTENÁRIO,48605660,-9.3803483,-38.2289683,381,Sem acessibilidade,2026-09-30 14:22:00,619637880442700099171139
UE2015 (Anterior),PAULO AFONSO,181,301,1758630,ESCOLA MUNICIPAL HIGINO GOMES DE SÁ ,"RUA SANTO ANTONIO, 373 - ZONA URBANA",CENTENÁRIO,48605660,-9.3803483,-38.2289683,381,Sem acessibilidade,2026-09-30 14:32:00,397415779920570988103802
UE2015 (Anterior),PAULO AFONSO,181,302,1810893,ESCOLA MUNICIPAL RITA GOMES DE SÁ,POVOADO MALHADA GRANDE - ZONA RURAL,POVOADO MALHADA GRANDE,48600970,-9.4652717,-38.123635,313,Sem acessibilidade,2026-09-30 14:42:00,417617909922686242788844
UE2015 (Anterior),PAULO AFONSO,181,303,1764358,ESCOLA MUNICIPAL RITA GOMES DE SÁ,POVOADO MALHADA GRANDE - ZONA RURAL,POVOADO MALHADA GRANDE,48600970,-9.4652717,-38.123635,316,Sem acessibilidade,2026-09-30 14:53:00,397415994720822429840627
UE2015 (Anterior),PAULO AFONSO,181,304,1775161,ESCOLA MUNICIPAL RITA GOMES DE SÁ,POVOADO MALHADA GRANDE - ZONA RURAL,POVOADO MALHADA GRANDE,48600970,-9.4652717,-38.123635,316,Sem acessibilidade,2026-09-30 15:02:00,104586817291126622856908
UE2015 (Anterior),PAULO AFONSO,181,305,1769486,ESCOLA MUNICIPAL TOMÉ DE SOUZA,POVOADO RIO DO SAL - ZONA RURAL,POVOADO RIO DO SAL,48600970,-9.4581717,-38.17039,367,Sem acessibilidade,2026-09-30 15:12:00,690445514450806276944694
UE2015 (Anterior),PAULO AFONSO,181,306,1807852,ESCOLA MUNICIPAL D. PEDRO I,POVOADO BARRO VERMELHO - ZONA RURAL,POVOADO BARRO VERMELHO,48600970,-9.6365767,-38.28245,358,Sem acessibilidade,2026-09-30 15:22:00,710647642852918480400340
UE2015 (Anterior),PAULO AFONSO,181,307,1761690,ESCOLA MUNICIPAL IMACULADA CONCEIÇÃO,POVOADO LAGOA DA PEDRA - ZONA RURAL,POVOADO LAGOA DA PEDRA,48600970,-9.4621633,-38.1139467,169,Sem acessibilidade,2026-09-30 15:31:00,932869976774150137028734
UE2015 (Anterior),PAULO AFONSO,181,308,1796078,ESCOLA LIONS CLUBE,"AV APOLÔNIO SALES, S/N  - ZONA URBANA",CENTRO,48608100,-9.39879,-38.2243522,314,Com acessibilidade,2026-09-30 15:41:00,912667065172222585836606
UE2015 (Anterior),PAULO AFONSO,181,309,1756918,ESCOLA LIONS CLUBE,"AV APOLÔNIO SALES, S/N  - ZONA URBANA",CENTRO,48608100,-9.39879,-38.2243522,313,Com acessibilidade,2026-09-30 15:50:00,306506564311633956712965
UE2015 (Anterior),PAULO AFONSO,181,310,1808794,ESCOLA LIONS CLUBE,"AV APOLÔNIO SALES, S/N  - ZONA URBANA",CENTRO,48608100,-9.39879,-38.2243522,310,Com acessibilidade,2026-09-30 15:59:00,629738968343586101271758
UE2015 (Anterior),PAULO AFONSO,181,311,1837774,"INSTITUTO FEDERAL DE EDUCAÇÃO, CIÊNCIA E TECNOLOGIA - IFBA","AV. MARCONDES FERRAZ,  200 - ZONA URBANA",GENERAL DUTRA,48607000,-9.3895934,-38.2162209,393,Sem acessibilidade,2026-09-30 16:08:00,811657260462368792549543
UE2015 (Anterior),PAULO AFONSO,181,312,1764970,ESCOLA MUNICIPAL HIGINO GOMES DE SÁ ,"RUA SANTO ANTONIO, 373 - ZONA URBANA",CENTENÁRIO,48605660,-9.3803483,-38.2289683,381,Sem acessibilidade,2026-09-30 16:18:00,983374549879622963152609
UE2015 (Anterior),PAULO AFONSO,181,313,1765990,ESCOLA MUNICIPAL ALVES DE SOUZA,POVOADO XINGOZINHO - ZONA RURAL,POVOADO XINGOZINHO,48600970,-9.53884,-38.03267,92,Sem acessibilidade,2026-09-30 16:26:00,831859501464427610996891
UE2015 (Anterior),PEDRO ALEXANDRE,51,84,1808907,ESCOLA MUNICIPAL LUÍS EDUARDO MAGALHÃES,"AV. ANTÔNIO PESSOA PINTO, S/N - ZONA URBANA",CENTRO,48580000,-10.0152608,-37.8942676,199,Com acessibilidade,2026-09-28 17:22:00,950241955804980590878464
UE2015 (Anterior),PEDRO ALEXANDRE,51,86,1790069,ESCOLA MUNICIPAL NIVALDA CARVALHO LEITE,"AV. JOÃO BATISTA DE CARVALHO, S/N - ZONA URBANA",CENTRO,48580000,-10.0141567,-37.8956267,289,Com acessibilidade,2026-09-28 17:31:00,707716927479750242932464
UE2015 (Anterior),PEDRO ALEXANDRE,51,87,1768687,ESCOLA MUNICIPAL PEDRO ALEXANDRE,"AV. JOÃO BATISTA DE CARVALHO, S/N - ZONA URBANA",CENTRO,48580000,-10.0147584,-37.8979084,336,Sem acessibilidade,2026-09-28 17:39:00,172463500626789989516445
UE2015 (Anterior),PEDRO ALEXANDRE,51,88,1795258,ESCOLA MUNICIPAL PEDRO ALEXANDRE,"AV. JOÃO BATISTA DE CARVALHO, S/N - ZONA URBANA",CENTRO,48580000,-10.0147584,-37.8979084,333,Sem acessibilidade,2026-09-28 17:48:00,960342403905592926460055
UE2015 (Anterior),PEDRO ALEXANDRE,51,89,1759714,ESCOLA MUNICIPAL LUÍS EDUARDO MAGALHÃES,"AV. ANTÔNIO PESSOA PINTO, S/N - ZONA URBANA",CENTRO,48580000,-10.0152608,-37.8942676,215,Com acessibilidade,2026-09-28 17:57:00,445190993453099708434831
UE2015 (Anterior),PEDRO ALEXANDRE,51,90,1825654,ESCOLA MUNICIPAL LUÍS EDUARDO MAGALHÃES,"AV. ANTÔNIO PESSOA PINTO, S/N - ZONA URBANA",CENTRO,48580000,-10.0152608,-37.8942676,196,Com acessibilidade,2026-09-28 18:07:00,778423404286081817691641
UE2015 (Anterior),PEDRO ALEXANDRE,51,91,1811229,ESCOLA MUNICIPAL LUÍS EDUARDO MAGALHÃES,"AV. ANTÔNIO PESSOA PINTO, S/N - ZONA URBANA",CENTRO,48580000,-10.0152608,-37.8942676,228,Com acessibilidade,2026-09-28 18:17:00,81554821017485907109565
UE2015 (Anterior),PEDRO ALEXANDRE,51,92,1825166,COLÉGIO MUNICIPAL DE TEMPO INTEGRAL BARREIRAS,POVOADO BARREIRAS - ZONA RURAL,POVOADO BARREIRAS,48580000,-9.9374765,-38.0925458,330,Sem acessibilidade,2026-09-28 18:27:00,132059987222622398293497
UE2015 (Anterior),PEDRO ALEXANDRE,51,93,1779869,COLÉGIO MUNICIPAL DE TEMPO INTEGRAL BARREIRAS,POVOADO BARREIRAS - ZONA RURAL,POVOADO BARREIRAS,48580000,-9.9374765,-38.0925458,295,Com acessibilidade,2026-09-28 18:36:00,182564143727693502792715
UE2015 (Anterior),PEDRO ALEXANDRE,51,95,1840496,ESCOLA MUNICIPAL JOÃO BATISTA DE CARVALHO,POVOADO CIPÓ DE LEITE - ZONA RURAL,POVOADO CIPÓ DE LEITE,48580000,-10.2121847,-37.785985,359,Com acessibilidade,2026-09-28 18:45:00,788524966887311751218500
UE2015 (Anterior),PEDRO ALEXANDRE,51,96,1764337,ESCOLA MUNICIPAL UBIRATAN DE CARVALHO,POVOADO MALHADA NOVA - ZONA RURAL,POVOADO MALHADA NOVA,48580000,-10.0976606,-38.0495255,197,Com acessibilidade,2026-09-28 18:53:00,606706893769087274885657
UE2015 (Anterior),PEDRO ALEXANDRE,51,98,1781314,ESCOLA MUNICIPAL HERÁCLITO DE CARVALHO,POVOADO MALHADA NOVA - ZONA RURAL,POVOADO MALHADA NOVA,48580000,-10.0982834,-38.0480437,305,Com acessibilidade,2026-09-28 19:02:00,899635401298967311413747
UE2015 (Anterior),PEDRO ALEXANDRE,51,99,1766915,ESCOLA MUNICIPAL HERÁCLITO DE CARVALHO,POVOADO MALHADA NOVA - ZONA RURAL,POVOADO MALHADA NOVA,48580000,-10.0982834,-38.0480437,303,Com acessibilidade,2026-09-28 19:14:00,273473892436579684287121
UE2015 (Anterior),PEDRO ALEXANDRE,51,116,1761483,ESCOLA MUNICIPAL NIVALDA CARVALHO LEITE,"AV. JOÃO BATISTA DE CARVALHO, S/N - ZONA URBANA",CENTRO,48580000,-10.0141567,-37.8956267,288,Com acessibilidade,2026-09-28 19:24:00,162362989225554981794602
UE2015 (Anterior),PEDRO ALEXANDRE,51,118,1809705,ESCOLA MUNICIPAL TRAPIÁ,POVOADO TRAPIÁ - ZONA RURAL,POVOADO TRAPIÁ,48580000,-10.1259313,-37.945383,167,Sem acessibilidade,2026-09-28 19:34:00,859231892594332363210400
UE2015 (Anterior),PEDRO ALEXANDRE,51,124,1777153,COLÉGIO MUNICIPAL GUILHERMINA DE ALMEIDA,"PRAÇA GENERAL LIBERATO DE CARVALHO, S/N - ZONA URBANA",CENTRO,48580000,-10.0087059,-37.892362,259,Com acessibilidade,2026-09-28 19:43:00,818827486890317267503654
UE2015 (Anterior),PEDRO ALEXANDRE,51,125,1771179,ESCOLA MUNICIPAL LUÍS EDUARDO MAGALHÃES,"AV. ANTÔNIO PESSOA PINTO, S/N - ZONA URBANA",CENTRO,48580000,-10.0152608,-37.8942676,199,Sem acessibilidade,2026-09-28 19:55:00,182564962727910190484689
UE2015 (Anterior),PEDRO ALEXANDRE,51,126,1762806,ESCOLA MUNICIPAL NIVALDA CARVALHO LEITE,"AV. JOÃO BATISTA DE CARVALHO, S/N - ZONA URBANA",CENTRO,48580000,-10.0141567,-37.8956267,282,Com acessibilidade,2026-09-28 17:22:00,626908511438654818057238
UE2015 (Anterior),PEDRO ALEXANDRE,51,146,1762817,COLÉGIO MUNICIPAL DE TEMPO INTEGRAL BARREIRAS,POVOADO BARREIRAS - ZONA RURAL,POVOADO BARREIRAS,48580000,-9.9374765,-38.0925458,338,Sem acessibilidade,2026-09-28 17:30:00,970443006973959384306462
UE2015 (Anterior),PEDRO ALEXANDRE,51,152,1825046,COLÉGIO MUNICIPAL DE TEMPO INTEGRAL BARREIRAS,POVOADO BARREIRAS - ZONA RURAL,POVOADO BARREIRAS,48580000,-9.9374765,-38.0925458,294,Com acessibilidade,2026-09-28 17:38:00,101756764086645905216040
UE2015 (Anterior),PEDRO ALEXANDRE,51,170,1759751,ESCOLA MUNICIPAL HERÁCLITO DE CARVALHO,POVOADO MALHADA NOVA - ZONA RURAL,POVOADO MALHADA NOVA,48580000,-10.0982834,-38.0480437,307,Com acessibilidade,2026-09-28 17:47:00,586504166534145198059107
UE2015 (Anterior),PEDRO ALEXANDRE,51,172,1769563,ESCOLA MUNICIPAL TRAPIÁ,POVOADO TRAPIÁ - ZONA RURAL,POVOADO TRAPIÁ,48580000,-10.1259313,-37.945383,236,Com acessibilidade,2026-09-28 17:55:00,263372065902776765773346
UE2015 (Anterior),PEDRO ALEXANDRE,51,173,1812172,ESCOLA MUNICIPAL HERÁCLITO DE CARVALHO,POVOADO MALHADA NOVA - ZONA RURAL,POVOADO MALHADA NOVA,48580000,-10.0982834,-38.0480437,290,Sem acessibilidade,2026-09-28 18:24:00,859231768161130509998940
UE2015 (Anterior),PEDRO ALEXANDRE,51,174,1753311,ESCOLA MUNICIPAL HERÁCLITO DE CARVALHO,POVOADO MALHADA NOVA - ZONA RURAL,POVOADO MALHADA NOVA,48580000,-10.0982834,-38.0480437,304,Com acessibilidade,2026-09-28 18:32:00,435089452419666498212417
UE2015 (Anterior),PEDRO ALEXANDRE,51,193,1789637,ESCOLA MUNICIPAL NIVALDA CARVALHO LEITE,"AV. JOÃO BATISTA DE CARVALHO, S/N - ZONA URBANA",CENTRO,48580000,-10.0141567,-37.8956267,283,Com acessibilidade,2026-09-28 18:40:00,81554137384265322327194
UE2015 (Anterior),PEDRO ALEXANDRE,51,204,1773209,COLÉGIO MUNICIPAL DE TEMPO INTEGRAL BARREIRAS,POVOADO BARREIRAS - ZONA RURAL,POVOADO BARREIRAS,48580000,-9.9374765,-38.0925458,295,Com acessibilidade,2026-09-28 18:49:00,798625413655600258104473
UE2015 (Anterior),PEDRO ALEXANDRE,51,206,1779969,COLÉGIO MUNICIPAL GUILHERMINA DE ALMEIDA,"PRAÇA GENERAL LIBERATO DE CARVALHO, S/N - ZONA URBANA",CENTRO,48580000,-10.0087059,-37.892362,262,Com acessibilidade,2026-09-28 18:58:00,51251893181883005979918
UE2015 (Anterior),PEDRO ALEXANDRE,51,210,1831580,ESCOLA MUNICIPAL HERÁCLITO DE CARVALHO,POVOADO MALHADA NOVA - ZONA RURAL,POVOADO MALHADA NOVA,48580000,-10.0982834,-38.0480437,137,Sem acessibilidade,2026-09-28 19:06:00,849130091460196158075648
UE2015 (Anterior),PEDRO ALEXANDRE,51,213,1788305,ESCOLA MUNICIPAL NIVALDA CARVALHO LEITE,"AV. JOÃO BATISTA DE CARVALHO, S/N - ZONA URBANA",CENTRO,48580000,-10.0141567,-37.8956267,284,Sem acessibilidade,2026-09-28 19:23:00,697615275345014825905337
UE2015 (Anterior),PEDRO ALEXANDRE,51,219,1795927,ESCOLA MUNICIPAL LUÍS EDUARDO MAGALHÃES,"AV. ANTÔNIO PESSOA PINTO, S/N - ZONA URBANA",CENTRO,48580000,-10.0152608,-37.8942676,302,Com acessibilidade,2026-09-28 19:31:00,485594729824753147840587
UE2015 (Anterior),PEDRO ALEXANDRE,51,233,1825154,CRECHE MUNICIPAL PEDRO ALEXANDRE,"PRAÇA GENERAL LIBERATO DE CARVALHO, S/N - ZONA URBANA",CENTRO,48580000,-10.0086307,-37.8928605,289,Com acessibilidade,2026-09-28 20:47:00,424988147218280311918872
UE2015 (Anterior),PEDRO ALEXANDRE,51,239,1765011,CRECHE MUNICIPAL EDITE NUNES DE OLIVEIRA,POVOADO PONTA DA SERRA - ZONA RURAL,POVOADO PONTA DA SERRA,48580000,-10.0279548,-37.8436795,232,Com acessibilidade,2026-09-28 19:50:00,738019116249110324645166
UE2015 (Anterior),PEDRO ALEXANDRE,51,240,1755738,ESCOLA MUNICIPAL MALHADA BONITA,POVOADO MALHADA BONITA - ZONA RURAL,POVOADO MALHADA BONITA,48580000,-10.001736,-37.9474815,122,Com acessibilidade,2026-09-28 19:59:00,798625259155805913381102
UE2015 (Anterior),PEDRO ALEXANDRE,51,241,1768704,ESCOLA MUNICIPAL JOÃO BATISTA DE CARVALHO,POVOADO CIPÓ DE LEITE - ZONA RURAL,POVOADO CIPÓ DE LEITE,48580000,-10.2121847,-37.785985,350,Com acessibilidade,2026-09-28 20:09:00,940140517570580972387640
UE2015 (Anterior),PEDRO ALEXANDRE,51,242,1846947,CRECHE MUNICIPAL EDITE NUNES DE OLIVEIRA,POVOADO PONTA DA SERRA - ZONA RURAL,POVOADO PONTA DA SERRA,48580000,-10.0279548,-37.8436795,267,Com acessibilidade,2026-09-28 20:17:00,212867895497806528566347
UE2015 (Anterior),PEDRÃO,130,120,1789372,ESCOLA MUNICIPAL LUIZ VIANA FILHO,"PRACA PRESIDENTE MÉDICE, S/N - CENTRO",CENTRO,44255000,-12.14799708,-38.65125933,289,Com acessibilidade,2026-09-24 08:39:00,416271648438706293250591
UE2015 (Anterior),PEDRÃO,130,122,1790751,ESCOLA MUNICIPAL LUIZ VIANA FILHO,"PRACA PRESIDENTE MÉDICE, S/N - CENTRO",CENTRO,44255000,-12.14799708,-38.65125933,288,Com acessibilidade,2026-09-24 08:48:00,153645608512462910054790
UE2015 (Anterior),PEDRÃO,130,124,1766686,ESCOLA MUNICIPAL LUIZ VIANA FILHO,"PRACA PRESIDENTE MÉDICE, S/N - CENTRO",CENTRO,44255000,-12.14799708,-38.65125933,339,Com acessibilidade,2026-09-24 08:57:00,709100373267035243746811
UE2015 (Anterior),PEDRÃO,130,125,1759040,ESCOLA MUNICIPAL LUIZ VIANA FILHO,"PRACA PRESIDENTE MÉDICE, S/N - CENTRO",CENTRO,44255000,-12.14799708,-38.65125933,345,Com acessibilidade,2026-09-24 09:06:00,870817652584794143505546
UE2015 (Anterior),PEDRÃO,130,126,1841345,ESCOLA MUNICIPAL LUIZ VIANA FILHO,"PRACA PRESIDENTE MÉDICE, S/N - CENTRO",CENTRO,44255000,-12.14799708,-38.65125933,342,Com acessibilidade,2026-09-24 09:15:00,325362216029265198786224
UE2015 (Anterior),PEDRÃO,130,128,1763360,ESCOLA MUNICIPAL LUIZ VIANA FILHO,"PRACA PRESIDENTE MÉDICE, S/N - CENTRO",CENTRO,44255000,-12.14799708,-38.65125933,341,Com acessibilidade,2026-09-24 09:23:00,901120012887797208665087
UE2015 (Anterior),PEDRÃO,130,132,1765929,CRECHE MUNICIPAL PROFESSORA MARIA DA GLORIA XAVIER GOMES,"AVENIDA TANCREDO NEVES, S/N - ALTO DO CRUZEIRO",CENTRO,48140000,-1.0,-1.0,371,Com acessibilidade,2026-09-24 09:33:00,820312341779805489567808
UE2015 (Anterior),PEDRÃO,130,136,1752659,CRECHE MUNICIPAL PROFESSORA MARIA DA GLORIA XAVIER GOMES,"AVENIDA TANCREDO NEVES, S/N - ALTO DO CRUZEIRO",CENTRO,48140000,-1.0,-1.0,372,Com acessibilidade,2026-09-24 09:41:00,315261274028249842505684
UE2015 (Anterior),PEDRÃO,130,137,1795929,GINÁSIO ESTADUAL JOÃO BENEVIDES NOGUEIRA,RUA  ALTO DO CRUZEIRO - ZONA URBANA,CENTRO,48140000,-12.14636756,-38.64174928,370,Com acessibilidade,2026-09-24 09:50:00,608190672857552390069019
UE2015 (Anterior),PEDRÃO,130,142,1765164,GINÁSIO ESTADUAL JOÃO BENEVIDES NOGUEIRA,RUA  ALTO DO CRUZEIRO - ZONA URBANA,CENTRO,48140000,-12.14636756,-38.64174928,370,Com acessibilidade,2026-09-24 09:59:00,699099284766278253680477
UE2015 (Anterior),PEDRÃO,130,146,1765283,GINÁSIO ESTADUAL JOÃO BENEVIDES NOGUEIRA,RUA  ALTO DO CRUZEIRO - ZONA URBANA,CENTRO,48140000,-12.14636756,-38.64174928,371,Com acessibilidade,2026-09-24 10:07:00,800110837877872833290167
UE2015 (Anterior),PEDRÃO,130,149,1791248,GINÁSIO ESTADUAL JOÃO BENEVIDES NOGUEIRA,RUA  ALTO DO CRUZEIRO - ZONA URBANA,CENTRO,48140000,-12.14636756,-38.64174928,372,Com acessibilidade,2026-09-24 10:17:00,567786925253725987666219
UE2015 (Anterior),PEDRÃO,130,150,1767234,GINÁSIO ESTADUAL JOÃO BENEVIDES NOGUEIRA,RUA  ALTO DO CRUZEIRO - ZONA URBANA,CENTRO,48140000,-12.14636756,-38.64174928,367,Com acessibilidade,2026-09-24 10:30:00,850615295582708601284863
UE2015 (Anterior),PEDRÃO,130,162,1764553,ESCOLINHA MUNICIPAL DINHA ZEZÉ,RUA JOVINO VALVERDE - ZONA URBANA,CENTRO,48140000,-12.14580671,-38.64392357,244,Com acessibilidade,2026-09-24 10:41:00,840514576181851917564728
UE2015 (Anterior),PEDRÃO,130,163,1767115,ESCOLINHA MUNICIPAL DINHA ZEZÉ,RUA JOVINO VALVERDE - ZONA URBANA,CENTRO,48140000,-12.14580671,-38.64392357,247,Com acessibilidade,2026-09-24 10:49:00,658695491562228231438645
UE2015 (Anterior),PEDRÃO,130,164,1769155,ESCOLINHA MUNICIPAL DINHA ZEZÉ,RUA JOVINO VALVERDE - ZONA URBANA,CENTRO,48140000,-12.14580671,-38.64392357,246,Com acessibilidade,2026-09-24 10:59:00,103140052207768318934602
UE2015 (Anterior),PEDRÃO,130,165,1769565,ESCOLINHA MUNICIPAL DINHA ZEZÉ,RUA JOVINO VALVERDE - ZONA URBANA,CENTRO,48140000,-12.14580671,-38.64392357,245,Com acessibilidade,2026-09-24 11:08:00,759605812672003696210316
UE2015 (Anterior),PEDRÃO,130,166,1752771,ESCOLINHA MUNICIPAL DINHA ZEZÉ,RUA JOVINO VALVERDE - ZONA URBANA,CENTRO,48140000,-12.14580671,-38.64392357,245,Com acessibilidade,2026-09-24 11:19:00,93039267506504881980656
UE2015 (Anterior),PEDRÃO,130,167,1778746,ESCOLINHA MUNICIPAL DINHA ZEZÉ,RUA JOVINO VALVERDE - ZONA URBANA,CENTRO,48140000,-12.14580671,-38.64392357,245,Com acessibilidade,2026-09-24 11:43:00,204150487417465786972047
UE2015 (Anterior),PEDRÃO,130,174,1767586,ESCOLA MUNICIPAL LUIZ VIANA FILHO,"PRACA PRESIDENTE MÉDICE, S/N - CENTRO",CENTRO,44255000,-12.14799708,-38.65125933,288,Com acessibilidade,2026-09-24 11:52:00,880918905285168217310449
UE2015 (Anterior),PEDRÃO,130,177,1772201,ESCOLA MUNICIPAL LUIZ VIANA FILHO,"PRACA PRESIDENTE MÉDICE, S/N - CENTRO",CENTRO,44255000,-12.14799708,-38.65125933,287,Sem acessibilidade,2026-09-24 12:02:00,123342478809064689341838
UE2015 (Anterior),PIRAÍ DO NORTE,151,209,1767080,COLÉGIO ESTADUAL LUÍS NAVARRO DE BRITO,RUA RUY BARBOSA   - ZONA URBANA,CENTRO,45436000,-13.76112297,-39.37632187,381,Com acessibilidade,2026-09-30 13:48:00,868941036187442741521482
UE2015 (Anterior),PIRAÍ DO NORTE,151,210,1795280,COLÉGIO ESTADUAL LUÍS NAVARRO DE BRITO,RUA RUY BARBOSA   - ZONA URBANA,CENTRO,45436000,-13.76112297,-39.37632187,379,Com acessibilidade,2026-09-30 13:56:00,970052220198505504736671
UE2015 (Anterior),PIRAÍ DO NORTE,151,211,1773059,COLÉGIO ESTADUAL LUÍS NAVARRO DE BRITO,RUA RUY BARBOSA   - ZONA URBANA,CENTRO,45436000,-13.76112297,-39.37632187,381,Com acessibilidade,2026-09-30 14:05:00,475002834548597608020025
UE2015 (Anterior),PIRAÍ DO NORTE,151,212,1750934,COLÉGIO ESTADUAL LUÍS NAVARRO DE BRITO,RUA RUY BARBOSA   - ZONA URBANA,CENTRO,45436000,-13.76112297,-39.37632187,380,Com acessibilidade,2026-09-30 14:13:00,646719110965719078092417
UE2015 (Anterior),PIRAÍ DO NORTE,151,213,1826249,COLÉGIO ESTADUAL LUÍS NAVARRO DE BRITO,RUA RUY BARBOSA   - ZONA URBANA,CENTRO,45436000,-13.76112297,-39.37632187,380,Com acessibilidade,2026-09-30 14:20:00,778032355778727967672632
UE2015 (Anterior),PIRAÍ DO NORTE,151,214,1830800,ESCOLA MUNICIPAL EDITE COSTA DE SOUZA,POVOADO DO MINEIRO - ZONA RURAL,POVOADO MINEIRO,45436000,-13.75572894,-39.34934952,253,Com acessibilidade,2026-09-30 14:30:00,505305190451540939231497
UE2015 (Anterior),PIRAÍ DO NORTE,151,215,1791368,ESCOLA MUNICIPAL EDITE COSTA DE SOUZA,POVOADO DO MINEIRO - ZONA RURAL,POVOADO MINEIRO,45436000,-13.75572894,-39.34934952,256,Com acessibilidade,2026-09-30 14:38:00,384193186339984724816881
UE2015 (Anterior),PIRAÍ DO NORTE,151,216,1848099,ESCOLA MUNICIPAL 2 DE MAIO,POVOADO DE  MASSARANDUBA - ZONA RURAL,POVOADO MASSARANDUBA,45436000,-13.77376259,-39.34697801,306,Com acessibilidade,2026-09-30 14:47:00,909345815191522029855834
UE2015 (Anterior),PIRAÍ DO NORTE,151,217,1841848,PRÉDIO ESCOLAR DOMINGOS MUCUGÊ,"RUA JOSEFINA SALES DA CRUZ CHÉ, SN - ZONA URBANA",ACELINO MAMÉDIO,45436000,-13.76131704,-39.37471159,245,Com acessibilidade,2026-09-30 14:56:00,899244917990536449127269
UE2015 (Anterior),PIRAÍ DO NORTE,151,218,1761447,PRÉDIO ESCOLAR DOMINGOS MUCUGÊ,"RUA JOSEFINA SALES DA CRUZ CHÉ, SN - ZONA URBANA",ACELINO MAMÉDIO,45436000,-13.76131704,-39.37471159,243,Com acessibilidade,2026-09-30 15:04:00,172072308518336031837076
UE2015 (Anterior),PIRAÍ DO NORTE,151,219,1796262,PRÉDIO ESCOLAR DOMINGOS MUCUGÊ,"RUA JOSEFINA SALES DA CRUZ CHÉ, SN - ZONA URBANA",ACELINO MAMÉDIO,45436000,-13.76131704,-39.37471159,246,Com acessibilidade,2026-09-30 15:12:00,656820897466763791751829
UE2015 (Anterior),PIRAÍ DO NORTE,151,220,1788198,ESCOLINHA SONHO DE CRIANÇA,POVOADO DE TARARANGA - ZONA RURAL,POVOADO TARARANGA,45436000,-13.7368,-39.39207872,125,Com acessibilidade,2026-09-30 15:21:00,111466430712243610876138
UE2015 (Anterior),PIRAÍ DO NORTE,151,222,1767793,GRUPO ESCOLAR DÚQUE DE CAXIAS,QUINTA TRAVESSA DA RUA RUY BARBOSA - ZONA URBANA,ACELINO MAMÉDIO,45436000,-13.76281985,-39.37290022,261,Com acessibilidade,2026-09-30 13:45:00,798234334190162111084136
UE2015 (Anterior),PIRAÍ DO NORTE,151,223,1781392,GRUPO ESCOLAR DÚQUE DE CAXIAS,QUINTA TRAVESSA DA RUA RUY BARBOSA - ZONA URBANA,ACELINO MAMÉDIO,45436000,-13.76281985,-39.37290022,260,Com acessibilidade,2026-09-30 13:55:00,727527376583187733440028
UE2015 (Anterior),PIRAÍ DO NORTE,151,224,1767806,GRUPO ESCOLAR DÚQUE DE CAXIAS,QUINTA TRAVESSA DA RUA RUY BARBOSA - ZONA URBANA,ACELINO MAMÉDIO,45436000,-13.76281985,-39.37290022,264,Com acessibilidade,2026-09-30 14:05:00,30658790014155172339036
UE2015 (Anterior),PIRAÍ DO NORTE,151,225,1775672,GRUPO ESCOLAR DÚQUE DE CAXIAS,QUINTA TRAVESSA DA RUA RUY BARBOSA - ZONA URBANA,ACELINO MAMÉDIO,45436000,-13.76281985,-39.37290022,261,Com acessibilidade,2026-09-30 14:13:00,475002346458546192705360
UE2015 (Anterior),PIRAÍ DO NORTE,151,226,1805454,GRUPO ESCOLAR DÚQUE DE CAXIAS,QUINTA TRAVESSA DA RUA RUY BARBOSA - ZONA URBANA,ACELINO MAMÉDIO,45436000,-13.76281985,-39.37290022,262,Com acessibilidade,2026-09-30 14:22:00,374092356648460213227715
UE2015 (Anterior),PIRAÍ DO NORTE,151,227,1764641,GRUPO ESCOLAR DÚQUE DE CAXIAS,QUINTA TRAVESSA DA RUA RUY BARBOSA - ZONA URBANA,ACELINO MAMÉDIO,45436000,-13.76281985,-39.37290022,260,Com acessibilidade,2026-09-30 14:30:00,212476307632255401570215
UE2015 (Anterior),PIRAÍ DO NORTE,151,228,1770238,GRUPO ESCOLAR DÚQUE DE CAXIAS,QUINTA TRAVESSA DA RUA RUY BARBOSA - ZONA URBANA,ACELINO MAMÉDIO,45436000,-13.76281985,-39.37290022,261,Com acessibilidade,2026-09-30 14:35:00,606315801471992489153713
UE2015 (Anterior),PIRAÍ DO NORTE,151,229,1796165,GRUPO ESCOLAR DÚQUE DE CAXIAS,QUINTA TRAVESSA DA RUA RUY BARBOSA - ZONA URBANA,ACELINO MAMÉDIO,45436000,-13.76281985,-39.37290022,261,Com acessibilidade,2026-09-30 14:47:00,454800767456073800113747
UE2015 (Anterior),PIRAÍ DO NORTE,151,235,1810800,COLÉGIO ESTADUAL LUÍS NAVARRO DE BRITO,RUA RUY BARBOSA   - ZONA URBANA,CENTRO,45436000,-13.76112297,-39.37632187,378,Com acessibilidade,2026-09-30 14:55:00,192274135130763720841756
UE2015 (Anterior),PIRAÍ DO NORTE,151,243,1810436,ESCOLA MUNICIPAL JOSEFINA SALES DA CRUZ CHÉ,"RUA JOSEFINA SALES DA CRUZ CHÉ, S/N - ZONA URBANA",ACELINO MAMÉDIO,45436000,-13.76169904,-39.37475452,356,Com acessibilidade,2026-09-30 15:05:00,475002263858700444979682
UE2015 (Anterior),PIRAÍ DO NORTE,151,249,1767220,ESCOLA MUNICIPAL JOSEFINA SALES DA CRUZ CHÉ,"RUA JOSEFINA SALES DA CRUZ CHÉ, S/N - ZONA URBANA",ACELINO MAMÉDIO,45436000,-13.76169904,-39.37475452,378,Sem acessibilidade,2026-09-30 15:17:00,808335250391268956514864
UE2015 (Anterior),PIRAÍ DO NORTE,151,250,1763128,ESCOLA MUNICIPAL JOSEFINA SALES DA CRUZ CHÉ,"RUA JOSEFINA SALES DA CRUZ CHÉ, S/N - ZONA URBANA",ACELINO MAMÉDIO,45436000,-13.76169904,-39.37475452,88,Sem acessibilidade,2026-09-30 15:24:00,687123212079021637956125
UE2015 (Anterior),PRESIDENTE TANCREDO NEVES,197,134,1769481,ESCOLA MUNICIPAL CATHARINA BORGES DE SENA,POVOADO CORTE DE PEDRA - ZONA RURAL,DISTRITO DE CORTE DE PEDRA,45416000,-13.5091683,-39.4493983,273,Com acessibilidade,2026-09-29 08:40:00,900439642065102590170933
UE2015 (Anterior),PRESIDENTE TANCREDO NEVES,197,135,1838660,ESCOLA MUNICIPAL CATHARINA BORGES DE SENA,POVOADO CORTE DE PEDRA - ZONA RURAL,DISTRITO DE CORTE DE PEDRA,45416000,-13.5091683,-39.4493983,274,Com acessibilidade,2026-09-29 08:49:00,334782181108160706134976
UE2015 (Anterior),PRESIDENTE TANCREDO NEVES,197,136,1807954,ESCOLA MUNICIPAL CATHARINA BORGES DE SENA,POVOADO CORTE DE PEDRA - ZONA RURAL,DISTRITO DE CORTE DE PEDRA,45416000,-13.5091683,-39.4493983,275,Com acessibilidade,2026-09-29 08:58:00,718520675346567573235549
UE2015 (Anterior),PRESIDENTE TANCREDO NEVES,197,137,1808267,ESCOLA MUNICIPAL CATHARINA BORGES DE SENA,POVOADO CORTE DE PEDRA - ZONA RURAL,DISTRITO DE CORTE DE PEDRA,45416000,-13.5091683,-39.4493983,272,Com acessibilidade,2026-09-29 09:07:00,72156148782511094760739
UE2015 (Anterior),PRESIDENTE TANCREDO NEVES,197,138,1795816,CENTRO EDUCACIONAL INFANTIL MÃE VICENÇA,RUA NATAL,DISTRITO DE CORTE DE PEDRA,45416000,-13.5120048,-39.4510296,298,Com acessibilidade,2026-09-29 09:16:00,344883525709806009307184
UE2015 (Anterior),PRESIDENTE TANCREDO NEVES,197,139,1750995,CENTRO EDUCACIONAL INFANTIL MÃE VICENÇA,RUA NATAL,DISTRITO DE CORTE DE PEDRA,45416000,-13.5120048,-39.4510296,299,Com acessibilidade,2026-09-29 09:25:00,556904847530031529211421
UE2015 (Anterior),PRESIDENTE TANCREDO NEVES,197,140,1841281,ESCOLA MUNICIPAL PROFESSOR EDVALDO MACHADO BOAVENTURA,PRAÇA DA INDEPENDÊNCIA S/N - ZONA URBANA,CENTRO,45416000,-13.4562,-39.423095,385,Com acessibilidade,2026-09-29 09:35:00,577106948632147106737151
UE2015 (Anterior),PRESIDENTE TANCREDO NEVES,197,141,1763017,ESCOLA MUNICIPAL PROFESSOR EDVALDO MACHADO BOAVENTURA,PRAÇA DA INDEPENDÊNCIA S/N - ZONA URBANA,CENTRO,45416000,-13.4562,-39.423095,385,Com acessibilidade,2026-09-29 09:45:00,758924230050415341342723
UE2015 (Anterior),PRESIDENTE TANCREDO NEVES,197,142,1796241,ESCOLA MUNICIPAL PROFESSOR EDVALDO MACHADO BOAVENTURA,PRAÇA DA INDEPENDÊNCIA S/N - ZONA URBANA,CENTRO,45416000,-13.4562,-39.423095,388,Com acessibilidade,2026-09-29 09:53:00,183267779693794610207203
UE2015 (Anterior),PRESIDENTE TANCREDO NEVES,197,143,1807835,ESCOLA MUNICIPAL PROFESSOR EDVALDO MACHADO BOAVENTURA,PRAÇA DA INDEPENDÊNCIA S/N - ZONA URBANA,CENTRO,45416000,-13.4562,-39.423095,385,Com acessibilidade,2026-09-29 10:04:00,708419403245018365352282
UE2015 (Anterior),PRESIDENTE TANCREDO NEVES,197,144,1763436,ESCOLA ESTADUAL DE PRIMEIRO GRAU DEPUTADO JAIRO CARNEIRO,PRAÇA DA INDEPENDÊNCIA S/N - ZONA URBANA,CENTRO,45416000,-13.4561126,-39.4230441,294,Com acessibilidade,2026-09-29 10:13:00,112560927786441583217446
UE2015 (Anterior),PRESIDENTE TANCREDO NEVES,197,145,1756998,ESCOLA ESTADUAL DE PRIMEIRO GRAU DEPUTADO JAIRO CARNEIRO,PRAÇA DA INDEPENDÊNCIA S/N - ZONA URBANA,CENTRO,45416000,-13.4561126,-39.4230441,296,Com acessibilidade,2026-09-29 10:22:00,163065081791518629088699
UE2015 (Anterior),PRESIDENTE TANCREDO NEVES,197,146,1756786,ESCOLA ESTADUAL DE PRIMEIRO GRAU DEPUTADO JAIRO CARNEIRO,PRAÇA DA INDEPENDÊNCIA S/N - ZONA URBANA,CENTRO,45416000,-13.4561126,-39.4230441,297,Com acessibilidade,2026-09-29 10:31:00,839732864158202258234148
UE2015 (Anterior),PRESIDENTE TANCREDO NEVES,197,147,1765342,ESCOLA ESTADUAL DE PRIMEIRO GRAU DEPUTADO JAIRO CARNEIRO,PRAÇA DA INDEPENDÊNCIA S/N - ZONA URBANA,CENTRO,45416000,-13.4561126,-39.4230441,296,Com acessibilidade,2026-09-29 10:41:00,334782478508791594326092
UE2015 (Anterior),PRESIDENTE TANCREDO NEVES,197,148,1769811,ESCOLA MUNICIPAL BRÁS BISPO DE OLIVEIRA,RUA DO ACAMPAMENTO S/N - ZONA RURAL,DISTRITO DE MOENDA,45416000,-13.3869267,-39.3999983,247,Com acessibilidade,2026-09-29 10:50:00,849833096559326442687501
UE2015 (Anterior),PRESIDENTE TANCREDO NEVES,197,149,1761062,ESCOLA MUNICIPAL BRÁS BISPO DE OLIVEIRA,RUA DO ACAMPAMENTO S/N - ZONA RURAL,DISTRITO DE MOENDA,45416000,-13.3869267,-39.3999983,247,Com acessibilidade,2026-09-29 11:00:00,567005927331701698880778
UE2015 (Anterior),PRESIDENTE TANCREDO NEVES,197,150,1764147,ESCOLA MUNICIPAL BRÁS BISPO DE OLIVEIRA,RUA DO ACAMPAMENTO S/N - ZONA RURAL,DISTRITO DE MOENDA,45416000,-13.3869267,-39.3999983,289,Com acessibilidade,2026-09-29 11:10:00,324681760607557745699834
UE2015 (Anterior),PRESIDENTE TANCREDO NEVES,197,151,1765004,ESCOLA MUNICIPAL BRÁS BISPO DE OLIVEIRA,RUA DO ACAMPAMENTO S/N - ZONA RURAL,DISTRITO DE MOENDA,45416000,-13.3869267,-39.3999983,288,Com acessibilidade,2026-09-29 11:20:00,920641479767249775393675
UE2015 (Anterior),PRESIDENTE TANCREDO NEVES,197,152,1810176,ESCOLA MUNICIPAL BRÁS BISPO DE OLIVEIRA,RUA DO ACAMPAMENTO S/N - ZONA RURAL,DISTRITO DE MOENDA,45416000,-13.3869267,-39.3999983,288,Com acessibilidade,2026-09-29 11:31:00,82257742283564600851483
UE2015 (Anterior),PRESIDENTE TANCREDO NEVES,197,153,1794423,ESCOLA MUNICIPAL BRÁS BISPO DE OLIVEIRA,RUA DO ACAMPAMENTO S/N - ZONA RURAL,DISTRITO DE MOENDA,45416000,-13.3869267,-39.3999983,288,Com acessibilidade,2026-09-29 11:54:00,950944726570829139353198
UE2015 (Anterior),PRESIDENTE TANCREDO NEVES,197,154,1771683,ESCOLA MUNICIPAL BRÁS BISPO DE OLIVEIRA,RUA DO ACAMPAMENTO S/N - ZONA RURAL,DISTRITO DE MOENDA,45416000,-13.3869267,-39.3999983,286,Com acessibilidade,2026-09-29 12:03:00,839732718458292438293935
UE2015 (Anterior),PRESIDENTE TANCREDO NEVES,197,156,1824293,ESCOLA MUNICIPAL VINICIUS LEAL,"RUA 1º DE MAIO, 40 - COLINA VERDE",COLINA VERDE,45416000,-13.4548937,-39.4189364,398,Com acessibilidade,2026-09-29 12:12:00,758924853850237164385185
UE2015 (Anterior),PRESIDENTE TANCREDO NEVES,197,157,1768854,ESCOLA MUNICIPAL VINICIUS LEAL,"RUA 1º DE MAIO, 40 - COLINA VERDE",COLINA VERDE,45416000,-13.4548937,-39.4189364,398,Com acessibilidade,2026-09-29 12:21:00,496398709224999208206266
UE2015 (Anterior),PRESIDENTE TANCREDO NEVES,197,158,1837953,PRÉDIO ESCOLAR DUARTE DA COSTA,REGIÃO DO JULIÃO I - ZONA RURAL,REGIÃO DO JULIÃO I,45416000,-13.4876517,-39.5135667,165,Com acessibilidade,2026-09-29 12:30:00,102459421685625627932829
UE2015 (Anterior),PRESIDENTE TANCREDO NEVES,197,159,1762240,COLÉGIO MUNICIPAL CECÍLIA MACHADO,POVOADO GENDIBA - ZONA RURAL,REGIÃO DA GENDIBA I,45416000,-13.4040361,-39.3286372,391,Com acessibilidade,2026-09-29 12:40:00,577106005732184396325612
UE2015 (Anterior),PRESIDENTE TANCREDO NEVES,197,160,1789336,COLÉGIO MUNICIPAL CECÍLIA MACHADO,POVOADO GENDIBA - ZONA RURAL,REGIÃO DA GENDIBA I,45416000,-13.4040361,-39.3286372,391,Com acessibilidade,2026-09-29 12:50:00,748823250949441736819053
UE2015 (Anterior),PRESIDENTE TANCREDO NEVES,197,161,1756366,COLÉGIO MUNICIPAL CECÍLIA MACHADO,POVOADO GENDIBA - ZONA RURAL,REGIÃO DA GENDIBA I,45416000,-13.4040361,-39.3286372,391,Com acessibilidade,2026-09-29 12:59:00,789227408653117684823048
UE2015 (Anterior),PRESIDENTE TANCREDO NEVES,197,162,1773183,ESCOLA MUNICIPAL DOM EDUARDO HERBOROLD,POVOADO GERVÁSIO - ZONA RURAL,REGIÃO DO GERVÁSIO,45416000,-13.3507234,-39.3996864,118,Com acessibilidade,2026-09-29 13:08:00,910540647566833938021415
UE2015 (Anterior),PRESIDENTE TANCREDO NEVES,197,163,1776935,ESCOLA MUNICIPAL AÉCIO NEVES,"RUA GRACIANO JOSÉ DE ANDRADE, S/N - ZONA URBANA",AÉCIO NEVES,45416000,-13.4533565,-39.4268545,321,Com acessibilidade,2026-09-29 13:17:00,496398337924434824810660
UE2015 (Anterior),PRESIDENTE TANCREDO NEVES,197,164,1764619,ESCOLA MUNICIPAL AÉCIO NEVES,"RUA GRACIANO JOSÉ DE ANDRADE, S/N - ZONA URBANA",AÉCIO NEVES,45416000,-13.4533565,-39.4268545,319,Com acessibilidade,2026-09-29 13:26:00,506499454425465613597114
UE2015 (Anterior),PRESIDENTE TANCREDO NEVES,197,165,1771209,ESCOLA MUNICIPAL AÉCIO NEVES,"RUA GRACIANO JOSÉ DE ANDRADE, S/N - ZONA URBANA",AÉCIO NEVES,45416000,-13.4533565,-39.4268545,321,Com acessibilidade,2026-09-29 08:28:00,940843003397521374703278
UE2015 (Anterior),PRESIDENTE TANCREDO NEVES,197,166,1808051,ESCOLA MUNICIPAL AÉCIO NEVES,"RUA GRACIANO JOSÉ DE ANDRADE, S/N - ZONA URBANA",AÉCIO NEVES,45416000,-13.4533565,-39.4268545,321,Com acessibilidade,2026-09-29 08:37:00,274176442830875081568134
UE2015 (Anterior),PRESIDENTE TANCREDO NEVES,197,167,1770024,ESCOLA MUNICIPAL AÉCIO NEVES,"RUA GRACIANO JOSÉ DE ANDRADE, S/N - ZONA URBANA",AÉCIO NEVES,45416000,-13.4533565,-39.4268545,319,Com acessibilidade,2026-09-29 08:47:00,839732117686529220290458
UE2015 (Anterior),PRESIDENTE TANCREDO NEVES,197,168,1764398,ESCOLA MUNICIPAL ANTÔNIO SOUZA AGUIAR,POVOADO TESOURAS II - ZONA RURAL,REGIÃO DA TESOURA II,45416000,-13.3338433,-39.4153467,320,Com acessibilidade,2026-09-29 08:57:00,789227173081566891263542
UE2015 (Anterior),PRESIDENTE TANCREDO NEVES,197,169,1793686,COLÉGIO MUNICIPAL JOÃO DE SOUZA BARRETO,POVOADO UMBAÚBA - ZONA RURAL,REGIÃO DA UMBAÚBA,45416000,-13.48644,-39.367785,339,Com acessibilidade,2026-09-29 09:06:00,799328294782162278147915
UE2015 (Anterior),PRESIDENTE TANCREDO NEVES,197,170,1768326,COLÉGIO MUNICIPAL JOÃO DE SOUZA BARRETO,POVOADO UMBAÚBA - ZONA RURAL,REGIÃO DA UMBAÚBA,45416000,-13.48644,-39.367785,341,Com acessibilidade,2026-09-29 09:16:00,799328377282254384727607
UE2015 (Anterior),PRESIDENTE TANCREDO NEVES,197,171,1765585,COLÉGIO MUNICIPAL JOÃO DE SOUZA BARRETO,POVOADO UMBAÚBA - ZONA RURAL,REGIÃO DA UMBAÚBA,45416000,-13.48644,-39.367785,340,Com acessibilidade,2026-09-29 09:26:00,203469895723750623909238
UE2015 (Anterior),PRESIDENTE TANCREDO NEVES,197,173,1795371,ESCOLA MUNICIPAL RURAL DE IPIRANGA,POVOADO IPIRANGA - ZONA RURAL,REGIÃO DO IPIRANGA,45416000,-13.4652483,-39.49028,152,Com acessibilidade,2026-09-29 09:35:00,496398405852069835647417
UE2015 (Anterior),PRESIDENTE TANCREDO NEVES,197,174,1775138,ESCOLA MUNICIPAL AÉCIO NEVES,"RUA GRACIANO JOSÉ DE ANDRADE, S/N - ZONA URBANA",AÉCIO NEVES,45416000,-13.4533565,-39.4268545,320,Com acessibilidade,2026-09-29 09:44:00,587207605061175848628526
UE2015 (Anterior),PRESIDENTE TANCREDO NEVES,197,175,1796356,ESCOLA ESTADUAL MARIA XAVIER DE ANDRADE,RUA DR. HEITOR GUEDES DE MELO - ZONA URBANA,GINÁSIO,45416000,-13.4582957,-39.4226175,398,Com acessibilidade,2026-09-29 09:53:00,243873376527851384985570
UE2015 (Anterior),PRESIDENTE TANCREDO NEVES,197,176,1763029,ESCOLA ESTADUAL MARIA XAVIER DE ANDRADE,RUA DR. HEITOR GUEDES DE MELO - ZONA URBANA,GINÁSIO,45416000,-13.4582957,-39.4226175,399,Com acessibilidade,2026-09-29 10:03:00,526601760655769379183553
UE2015 (Anterior),PRESIDENTE TANCREDO NEVES,197,177,1771067,ESCOLA ESTADUAL MARIA XAVIER DE ANDRADE,RUA DR. HEITOR GUEDES DE MELO - ZONA URBANA,GINÁSIO,45416000,-13.4582957,-39.4226175,400,Com acessibilidade,2026-09-29 10:12:00,92358448212351178203584
UE2015 (Anterior),PRESIDENTE TANCREDO NEVES,197,178,1772361,ESCOLA ESTADUAL MARIA XAVIER DE ANDRADE,RUA DR. HEITOR GUEDES DE MELO - ZONA URBANA,GINÁSIO,45416000,-13.4582957,-39.4226175,400,Com acessibilidade,2026-09-29 10:21:00,920641384195201666964514
UE2015 (Anterior),PRESIDENTE TANCREDO NEVES,197,179,1774093,ESCOLA ESTADUAL MARIA XAVIER DE ANDRADE,RUA DR. HEITOR GUEDES DE MELO - ZONA URBANA,GINÁSIO,45416000,-13.4582957,-39.4226175,399,Com acessibilidade,2026-09-29 10:30:00,466095034349765480498773
UE2015 (Anterior),PRESIDENTE TANCREDO NEVES,197,180,1778581,CENTRO EDUCACIONAL INFANTIL HELENITA MACHADO,"RUA ALTO DA COLINA, S/N - ZONA URBANA",GINÁSIO,45416000,-13.4591983,-39.4228633,298,Com acessibilidade,2026-09-29 10:39:00,82257734711012815086970
UE2015 (Anterior),PRESIDENTE TANCREDO NEVES,197,181,1825072,CENTRO EDUCACIONAL INFANTIL HELENITA MACHADO,"RUA ALTO DA COLINA, S/N - ZONA URBANA",GINÁSIO,45416000,-13.4591983,-39.4228633,297,Com acessibilidade,2026-09-29 10:48:00,839732591086787955877146
UE2015 (Anterior),PRESIDENTE TANCREDO NEVES,197,182,1757534,CENTRO EDUCACIONAL INFANTIL HELENITA MACHADO,"RUA ALTO DA COLINA, S/N - ZONA URBANA",GINÁSIO,45416000,-13.4591983,-39.4228633,296,Com acessibilidade,2026-09-29 10:57:00,758924625578724403074366
UE2015 (Anterior),PRESIDENTE TANCREDO NEVES,197,183,1778459,CENTRO EDUCACIONAL INFANTIL HELENITA MACHADO,"RUA ALTO DA COLINA, S/N - ZONA URBANA",GINÁSIO,45416000,-13.4591983,-39.4228633,294,Com acessibilidade,2026-09-29 11:07:00,203469189123830883035389
UE2015 (Anterior),PRESIDENTE TANCREDO NEVES,197,184,1781758,CENTRO EDUCACIONAL INFANTIL HELENITA MACHADO,"RUA ALTO DA COLINA, S/N - ZONA URBANA",GINÁSIO,45416000,-13.4591983,-39.4228633,304,Com acessibilidade,2026-09-29 11:17:00,163065254719880632148571
UE2015 (Anterior),PRESIDENTE TANCREDO NEVES,197,185,1767164,CENTRO EDUCACIONAL MUNDO INFANTIL - CEMI,"AV IPIRANGA, S/N - ZONA URBANA",CENTRO,45416000,-13.4497333,-39.4239417,384,Com acessibilidade,2026-09-29 11:25:00,354984553138028430085815
UE2015 (Anterior),PRESIDENTE TANCREDO NEVES,197,186,1765739,CENTRO EDUCACIONAL MUNDO INFANTIL - CEMI,"AV IPIRANGA, S/N - ZONA URBANA",CENTRO,45416000,-13.4497333,-39.4239417,384,Com acessibilidade,2026-09-29 11:35:00,102459414213867741132816
UE2015 (Anterior),PRESIDENTE TANCREDO NEVES,197,187,1765720,CENTRO EDUCACIONAL MUNDO INFANTIL - CEMI,"AV IPIRANGA, S/N - ZONA URBANA",CENTRO,45416000,-13.4497333,-39.4239417,383,Com acessibilidade,2026-09-29 11:43:00,163065585619874498147452
UE2015 (Anterior),PRESIDENTE TANCREDO NEVES,197,188,1824775,CENTRO EDUCACIONAL MUNDO INFANTIL - CEMI,"AV IPIRANGA, S/N - ZONA URBANA",CENTRO,45416000,-13.4497333,-39.4239417,383,Com acessibilidade,2026-09-29 11:52:00,597308125362328115121530
UE2015 (Anterior),PRESIDENTE TANCREDO NEVES,197,189,1804869,CENTRO EDUCACIONAL MUNDO INFANTIL - CEMI,"AV IPIRANGA, S/N - ZONA URBANA",CENTRO,45416000,-13.4497333,-39.4239417,383,Com acessibilidade,2026-09-29 12:02:00,516500155554900018895531
UE2015 (Anterior),PRESIDENTE TANCREDO NEVES,197,190,1766382,CENTRO EDUCACIONAL MUNDO INFANTIL - CEMI,"AV IPIRANGA, S/N - ZONA URBANA",CENTRO,45416000,-13.4497333,-39.4239417,383,Com acessibilidade,2026-09-29 12:11:00,647813366967051289744503
UE2015 (Anterior),PRESIDENTE TANCREDO NEVES,197,194,1809030,PRÉDIO ESCOLAR MONTEIRO LOBATO,POVOADO DE CORTE DE PEDRA - ZONA RURAL,DISTRITO DE CORTE DE PEDRA,45416000,-13.5128426,-39.4511139,360,Com acessibilidade,2026-09-29 12:20:00,304479460933733984925535
UE2015 (Anterior),PRESIDENTE TANCREDO NEVES,197,195,1778961,ESCOLA MUNICIPAL ANA NERY,"RUA EUGÊNIO VENCESLAU DOS SANTOS, S/N - ZONA URBANA",SERRARIA,45416000,-13.455395,-39.4181817,398,Com acessibilidade,2026-09-29 12:29:00,971146244200032134692354
UE2015 (Anterior),PRESIDENTE TANCREDO NEVES,197,196,1769509,ESCOLA MUNICIPAL AÉCIO NEVES,"RUA GRACIANO JOSÉ DE ANDRADE, S/N - ZONA URBANA",AÉCIO NEVES,45416000,-13.4533565,-39.4268545,357,Com acessibilidade,2026-09-29 12:38:00,900439281193980033521534
UE2015 (Anterior),PRESIDENTE TANCREDO NEVES,197,197,1789929,ESCOLA ESTADUAL MARIA XAVIER DE ANDRADE,RUA DR. HEITOR GUEDES DE MELO - ZONA URBANA,GINÁSIO,45416000,-13.4582957,-39.4226175,398,Com acessibilidade,2026-09-29 12:47:00,435792923646532240448120
UE2015 (Anterior),PRESIDENTE TANCREDO NEVES,197,198,1810372,ESCOLA MUNICIPAL PROFESSOR EDVALDO MACHADO BOAVENTURA,PRAÇA DA INDEPENDÊNCIA S/N - ZONA URBANA,CENTRO,45416000,-13.4562,-39.423095,387,Com acessibilidade,2026-09-29 12:56:00,385287983041507528561117
UE2015 (Anterior),PRESIDENTE TANCREDO NEVES,197,204,1791349,ESCOLA ESTADUAL MARIA XAVIER DE ANDRADE,RUA DR. HEITOR GUEDES DE MELO - ZONA URBANA,GINÁSIO,45416000,-13.4582957,-39.4226175,397,Com acessibilidade,2026-09-29 13:05:00,890338510192602302041815
UE2015 (Anterior),PRESIDENTE TANCREDO NEVES,197,206,1822339,ESCOLA MUNICIPAL PROFESSOR EDVALDO MACHADO BOAVENTURA,PRAÇA DA INDEPENDÊNCIA S/N - ZONA URBANA,CENTRO,45416000,-13.4562,-39.423095,386,Com acessibilidade,2026-09-29 13:14:00,920641763295650647189368
UE2015 (Anterior),PRESIDENTE TANCREDO NEVES,197,207,1781697,ESCOLA MUNICIPAL AÉCIO NEVES,"RUA GRACIANO JOSÉ DE ANDRADE, S/N - ZONA URBANA",AÉCIO NEVES,45416000,-13.4533565,-39.4268545,319,Com acessibilidade,2026-09-29 13:23:00,51954006408802180413061
UE2015 (Anterior),PRESIDENTE TANCREDO NEVES,197,210,1796023,ESCOLA ESTADUAL MARIA XAVIER DE ANDRADE,RUA DR. HEITOR GUEDES DE MELO - ZONA URBANA,GINÁSIO,45416000,-13.4582957,-39.4226175,399,Sem acessibilidade,2026-09-29 13:32:00,466095710649232554937031
UE2015 (Anterior),PRESIDENTE TANCREDO NEVES,197,216,1777502,PRÉDIO ESCOLAR MONTEIRO LOBATO,POVOADO DE CORTE DE PEDRA - ZONA RURAL,DISTRITO DE CORTE DE PEDRA,45416000,-13.5128426,-39.4511139,151,Sem acessibilidade,2026-09-29 13:41:00,264075177729052893340290
UE2015 (Anterior),RIACHO DE SANTANA,113,29,1794958,ESCOLA MUNICIPAL JOAQUIM NOGUEIRA,"RUA D. PEDRO I S/N, ZONA URBANA",CASTELO BRANCO,46470000,-13.6142116,-42.9356652,310,Com acessibilidade,2026-09-21 08:09:00,330582461610089528443391
UE2015 (Anterior),RIACHO DE SANTANA,113,30,1844106,COLEGIO MUNICIPAL MARIA AMARAL GUIMARAES GONDIM,RUA GERCINO COELHO S/N - ZONA URBANA,CENTRO,46470000,-13.6094985,-42.937435,352,Com acessibilidade,2026-09-21 09:32:00,795128008556435010862903
UE2015 (Anterior),RIACHO DE SANTANA,113,31,1775818,COLEGIO MUNICIPAL MARIA AMARAL GUIMARAES GONDIM,RUA GERCINO COELHO S/N - ZONA URBANA,CENTRO,46470000,-13.6094985,-42.937435,354,Com acessibilidade,2026-09-21 09:44:00,229471544199099039971351
UE2015 (Anterior),RIACHO DE SANTANA,113,32,1790057,COLEGIO MUNICIPAL MARIA AMARAL GUIMARAES GONDIM,RUA GERCINO COELHO S/N - ZONA URBANA,CENTRO,46470000,-13.6094985,-42.937435,354,Com acessibilidade,2026-09-21 09:56:00,936542366870032219267688
UE2015 (Anterior),RIACHO DE SANTANA,113,33,1773096,ESCOLA MUNICIPAL JOAQUIM NOGUEIRA,"RUA D. PEDRO I S/N, ZONA URBANA",CASTELO BRANCO,46470000,-13.6142116,-42.9356652,311,Com acessibilidade,2026-09-21 10:24:00,88057622385859655692791
UE2015 (Anterior),RIACHO DE SANTANA,113,34,1755798,ESCOLA MUNICIPAL JOAQUIM NOGUEIRA,"RUA D. PEDRO I S/N, ZONA URBANA",CASTELO BRANCO,46470000,-13.6142116,-42.9356652,309,Com acessibilidade,2026-09-21 10:43:00,916340566968793603579467
UE2015 (Anterior),RIACHO DE SANTANA,113,35,1795717,COLEGIO ESTADUAL SINESIO COSTA,RUA MANOEL GUIMARAES - ZONA URBANA,MATO VERDE,46470000,-13.6148589,-42.9363783,338,Com acessibilidade,2026-09-21 10:53:00,290178055406262214523240
UE2015 (Anterior),RIACHO DE SANTANA,113,36,1769617,COLEGIO ESTADUAL SINESIO COSTA,RUA MANOEL GUIMARAES - ZONA URBANA,MATO VERDE,46470000,-13.6148589,-42.9363783,339,Com acessibilidade,2026-09-21 11:03:00,209269074197830518122050
UE2015 (Anterior),RIACHO DE SANTANA,113,37,1769901,COLEGIO MUNICIPAL MARIA AMARAL GUIMARAES GONDIM,RUA GERCINO COELHO S/N - ZONA URBANA,CENTRO,46470000,-13.6094985,-42.937435,351,Com acessibilidade,2026-09-21 11:13:00,724421704949448134864510
UE2015 (Anterior),RIACHO DE SANTANA,113,38,1769805,COLEGIO MUNICIPAL MARIA AMARAL GUIMARAES GONDIM,RUA GERCINO COELHO S/N - ZONA URBANA,CENTRO,46470000,-13.6094985,-42.937435,352,Com acessibilidade,2026-09-21 11:23:00,320481413809137451782229
UE2015 (Anterior),RIACHO DE SANTANA,113,39,1764630,COLEGIO MUNICIPAL MARIA AMARAL GUIMARAES GONDIM,RUA GERCINO COELHO S/N - ZONA URBANA,CENTRO,46470000,-13.6094985,-42.937435,355,Com acessibilidade,2026-09-21 11:32:00,987047183375810574834123
UE2015 (Anterior),RIACHO DE SANTANA,113,40,1819575,COLEGIO ESTADUAL SINESIO COSTA,RUA MANOEL GUIMARAES - ZONA URBANA,MATO VERDE,46470000,-13.6148589,-42.9363783,352,Com acessibilidade,2026-09-21 11:42:00,724421008649648990404267
UE2015 (Anterior),RIACHO DE SANTANA,113,41,1682115,COLEGIO ESTADUAL SINESIO COSTA,RUA MANOEL GUIMARAES - ZONA URBANA,MATO VERDE,46470000,-13.6148589,-42.9363783,336,Com acessibilidade,2026-09-21 11:52:00,148663533491156915200567
UE2015 (Anterior),RIACHO DE SANTANA,113,42,1807736,COLEGIO ESTADUAL SINESIO COSTA,RUA MANOEL GUIMARAES - ZONA URBANA,MATO VERDE,46470000,-13.6148589,-42.9363783,339,Com acessibilidade,2026-09-21 12:01:00,835532334760432681282154
UE2015 (Anterior),RIACHO DE SANTANA,113,43,1764858,COLEGIO ESTADUAL SINESIO COSTA,RUA MANOEL GUIMARAES - ZONA URBANA,MATO VERDE,46470000,-13.6148589,-42.9363783,337,Com acessibilidade,2026-09-21 12:11:00,603209210337296488453682
UE2015 (Anterior),RIACHO DE SANTANA,113,44,1822668,COLEGIO ESTADUAL SINESIO COSTA,RUA MANOEL GUIMARAES - ZONA URBANA,MATO VERDE,46470000,-13.6148589,-42.9363783,340,Com acessibilidade,2026-09-21 12:21:00,189067900395968098553530
UE2015 (Anterior),RIACHO DE SANTANA,113,45,1774517,COLEGIO ESTADUAL SINESIO COSTA,RUA MANOEL GUIMARAES - ZONA URBANA,MATO VERDE,46470000,-13.6148589,-42.9363783,337,Com acessibilidade,2026-09-21 12:32:00,229471050299160963175250
UE2015 (Anterior),RIACHO DE SANTANA,113,46,1771108,COLEGIO ESTADUAL SINESIO COSTA,RUA MANOEL GUIMARAES - ZONA URBANA,MATO VERDE,46470000,-13.6148589,-42.9363783,336,Com acessibilidade,2026-09-21 12:43:00,583007528135689974159062
UE2015 (Anterior),RIACHO DE SANTANA,113,47,1816281,ESCOLA MUNICIPAL ARNALDO CARDOSO,RUA DUQUE DE CAXIAS S/N - ZONA URBANA,CENTRO,46470000,-13.6094149,-42.9389111,288,Com acessibilidade,2026-09-21 12:53:00,421491478319612669131738
UE2015 (Anterior),RIACHO DE SANTANA,113,48,1811142,ESCOLA MUNICIPAL ARNALDO CARDOSO,RUA DUQUE DE CAXIAS S/N - ZONA URBANA,CENTRO,46470000,-13.6094149,-42.9389111,286,Com acessibilidade,2026-09-21 13:05:00,77956236184067569939417
UE2015 (Anterior),RIACHO DE SANTANA,113,49,1761570,ESCOLA MUNICIPAL ARNALDO CARDOSO,RUA DUQUE DE CAXIAS S/N - ZONA URBANA,CENTRO,46470000,-13.6094149,-42.9389111,285,Com acessibilidade,2026-09-21 13:15:00,714320981648799749266086
UE2015 (Anterior),RIACHO DE SANTANA,113,50,1837672,CENTRO DE EDUCAÇÃO INFANTIL OLGA ROCHA GOMES,RUA DOM PEDRO I - S/N - ZONA URBANA,MATO VERDE,46470000,-13.6172875,-42.936451,200,Com acessibilidade,2026-09-21 13:24:00,896138248766996093637635
UE2015 (Anterior),RIACHO DE SANTANA,113,52,1773014,COLEGIO MUNICIPAL DE CAMPINAS,POVOADO CAMPINAS - ZONA RURAL,POVOADO CAMPINAS,46470000,-13.9473899,-43.1200354,186,Com acessibilidade,2026-09-21 13:34:00,522401096129717124813668
UE2015 (Anterior),RIACHO DE SANTANA,113,54,1759697,COLEGIO MUNICIPAL DE VESPERINA,POVOADO VESPERINA - ZONA RURAL,POVOADO VESPERINA,46470000,-13.9688751,-43.3604068,258,Com acessibilidade,2026-09-21 13:44:00,835532628160118778048815
UE2015 (Anterior),RIACHO DE SANTANA,113,55,1848142,COLEGIO MUNICIPAL DE VESPERINA,POVOADO VESPERINA - ZONA RURAL,POVOADO VESPERINA,46470000,-13.9688751,-43.3604068,261,Com acessibilidade,2026-10-03 12:24:00,542603440431578743538910
UE2015 (Anterior),RIACHO DE SANTANA,113,56,1806481,COLEGIO MUNICIPAL DE AGRESTE,POVOADO AGRESTE - ZONA RURAL,POVOADO AGRESTE,46470000,-13.8737864,-43.2109873,281,Com acessibilidade,2026-09-21 14:04:00,209269216497236509498967
UE2015 (Anterior),RIACHO DE SANTANA,113,57,1777291,COLEGIO MUNICIPAL DE SANTA RITA,POVOADO SANTA RITA - ZONA RURAL,POVOADO SANTA RITA,46470000,-13.4423021,-43.0174117,357,Com acessibilidade,2026-09-21 14:14:00,178966293794299464687102
UE2015 (Anterior),RIACHO DE SANTANA,113,58,1751823,COLEGIO MUNICIPAL DE SANTA RITA,POVOADO SANTA RITA - ZONA RURAL,POVOADO SANTA RITA,46470000,-13.4423021,-43.0174117,359,Com acessibilidade,2026-09-21 14:26:00,825431050959171347293218
UE2015 (Anterior),RIACHO DE SANTANA,113,59,1842716,COLEGIO MUNICIPAL DE SANTA RITA,POVOADO SANTA RITA - ZONA RURAL,POVOADO SANTA RITA,46470000,-13.4423021,-43.0174117,359,Com acessibilidade,2026-09-21 14:37:00,67855404783575368802007
UE2015 (Anterior),RIACHO DE SANTANA,113,60,1838802,COLEGIO MUNICIPAL DE SANTA RITA,POVOADO SANTA RITA - ZONA RURAL,POVOADO SANTA RITA,46470000,-13.4423021,-43.0174117,358,Com acessibilidade,2026-09-21 14:47:00,997148414376595772636368
UE2015 (Anterior),RIACHO DE SANTANA,113,61,1793842,COLEGIO MUNICIPAL DE LAGUNA,POVOADO LAGUNA - ZONA RURAL,POVOADO LAGUNA,46470000,-13.6416252,-43.1792779,267,Com acessibilidade,2026-09-21 14:57:00,88057611085775230117879
UE2015 (Anterior),RIACHO DE SANTANA,113,62,1758519,COLEGIO MUNICIPAL DE LAGUNA,POVOADO LAGUNA - ZONA RURAL,POVOADO LAGUNA,46470000,-13.6416252,-43.1792779,267,Com acessibilidade,2026-09-21 15:06:00,663815307843944856466765
UE2015 (Anterior),RIACHO DE SANTANA,113,63,1824928,COLEGIO MUNICIPAL DE LAGUNA,POVOADO LAGUNA - ZONA RURAL,POVOADO LAGUNA,46470000,-13.6416252,-43.1792779,267,Com acessibilidade,2026-09-21 15:17:00,552704303532994448643153
UE2015 (Anterior),RIACHO DE SANTANA,113,64,1781493,COLEGIO MUNICIPAL DA MATA,POVOADO MATA - ZONA RURAL,POVOADO MATA,46470000,-13.4870309,-42.9333529,167,Com acessibilidade,2026-09-21 15:27:00,926441780169456306755551
UE2015 (Anterior),RIACHO DE SANTANA,113,65,1769789,CENTRO DE EDUCAÇÃO INFANTIL OLGA ROCHA GOMES,RUA DOM PEDRO I - S/N - ZONA URBANA,MATO VERDE,46470000,-13.6172875,-42.936451,185,Com acessibilidade,2026-09-21 15:37:00,280077255105904251764457
UE2015 (Anterior),RIACHO DE SANTANA,113,79,1812576,COLEGIO MUNICIPAL DE BOTUQUARA,DISTRITO BOTUQUARA - ZONA RURAL,DISTRITO BOTUQUARA,46470000,-13.6679397,-42.8572263,123,Com acessibilidade,2026-09-21 15:46:00,17350496178659919494198
UE2015 (Anterior),RIACHO DE SANTANA,113,82,1757427,COLEGIO MUNICIPAL DE BOTUQUARA,DISTRITO BOTUQUARA - ZONA RURAL,DISTRITO BOTUQUARA,46470000,-13.6679397,-42.8572263,126,Com acessibilidade,2026-09-21 15:57:00,613310395038413720586733
UE2015 (Anterior),RIACHO DE SANTANA,113,83,1836410,CRECHE CASULO MENINO DEUS,DISTRITO BOTUQUARA - ZONA RURAL,DISTRITO BOTUQUARA,46470000,-13.6698841,-42.8554697,104,Com acessibilidade,2026-09-21 16:08:00,987047878975513368328818
UE2015 (Anterior),RIACHO DE SANTANA,113,86,1750826,COLEGIO MUNICIPAL DO GADO BRAVO,POVOADO GADO BRAVO - ZONA RURAL,POVOADO GADO BRAVO,46470000,-13.5263874,-42.7129655,243,Com acessibilidade,2026-09-21 16:16:00,946643163971426185516392
UE2015 (Anterior),RIACHO DE SANTANA,113,87,1833787,POSTO DE SAUDE DE TANQUE DO PAUL,POVOADO TANQUE DO PAUL - ZONA RURAL,POVOADO TANQUE DO PAUL,46470000,-13.6477408,-42.7677416,119,Com acessibilidade,2026-09-21 16:28:00,976946302274683631131147
UE2015 (Anterior),RIACHO DE SANTANA,113,88,1780939,ASSOCIAÇÃO DOS PEQUENOS PRODUTORES RURAIS DE CAJAZEIRAS,RODOVIA BR 430 - ZONA RURAL,POVOADO CAJAZEIRAS,46470000,-13.7186454,-42.8166248,215,Com acessibilidade,2026-09-21 16:57:00,785027220155692507846623
UE2015 (Anterior),RIACHO DE SANTANA,113,89,1836051,ASSOCIAÇÃO DOS PEQUENOS PRODUTORES RURAIS DE CAJAZEIRAS,RODOVIA BR 430 - ZONA RURAL,POVOADO CAJAZEIRAS,46470000,-13.7186454,-42.8166248,214,Com acessibilidade,2026-09-21 17:07:00,734522288950305205949148
UE2015 (Anterior),RIACHO DE SANTANA,113,90,1779127,COLEGIO MUNICIPAL DE LAGUNA,POVOADO LAGUNA - ZONA RURAL,POVOADO LAGUNA,46470000,-13.6416252,-43.1792779,268,Com acessibilidade,2026-09-21 17:21:00,461895095423790884135655
UE2015 (Anterior),RIACHO DE SANTANA,113,91,1811134,COLEGIO MUNICIPAL DE SANTANA,POVOADO SANTANA - ZONA RURAL,POVOADO SANTANA,46470000,-13.6051568,-42.8737313,268,Com acessibilidade,2026-09-21 17:32:00,926441665369419990034737
UE2015 (Anterior),RIACHO DE SANTANA,113,94,1656667,ESCOLA MUNICIPAL JOAQUIM NOGUEIRA,"RUA D. PEDRO I S/N, ZONA URBANA",CASTELO BRANCO,46470000,-13.6142116,-42.9356652,314,Com acessibilidade,2026-09-21 17:41:00,673916749844189678975487
UE2015 (Anterior),RIACHO DE SANTANA,113,95,1760828,COLEGIO ESTADUAL SINESIO COSTA,RUA MANOEL GUIMARAES - ZONA URBANA,MATO VERDE,46470000,-13.6148589,-42.9363783,337,Com acessibilidade,2026-09-21 17:52:00,886037066265551166071844
UE2015 (Anterior),RIACHO DE SANTANA,113,96,1770758,CENTRO DE EDUCAÇÃO INFANTIL OLGA ROCHA GOMES,RUA DOM PEDRO I - S/N - ZONA URBANA,MATO VERDE,46470000,-13.6172875,-42.936451,204,Com acessibilidade,2026-09-21 18:05:00,209269493197749784404463
UE2015 (Anterior),RIACHO DE SANTANA,113,97,1824415,COLEGIO MUNICIPAL DE SANTANA,POVOADO SANTANA - ZONA RURAL,POVOADO SANTANA,46470000,-13.6051568,-42.8737313,315,Com acessibilidade,2026-09-21 18:17:00,280077683505057497375159
UE2015 (Anterior),RIACHO DE SANTANA,113,98,1774174,COLEGIO ESTADUAL SINESIO COSTA,RUA MANOEL GUIMARAES - ZONA URBANA,MATO VERDE,46470000,-13.6148589,-42.9363783,355,Com acessibilidade,2026-09-21 08:09:00,381087892952130051959729
UE2015 (Anterior),RIACHO DE SANTANA,113,99,1782657,ESCOLA MUNICIPAL JOAQUIM NOGUEIRA,"RUA D. PEDRO I S/N, ZONA URBANA",CASTELO BRANCO,46470000,-13.6142116,-42.9356652,312,Com acessibilidade,2026-09-21 09:33:00,754724379989460663965628
UE2015 (Anterior),RIACHO DE SANTANA,113,107,1764600,COLEGIO ESTADUAL SINESIO COSTA,RUA MANOEL GUIMARAES - ZONA URBANA,MATO VERDE,46470000,-13.6148589,-42.9363783,339,Com acessibilidade,2026-09-21 09:42:00,451794314759182906148162
UE2015 (Anterior),RIACHO DE SANTANA,113,108,1802956,ESCOLA MUNICIPAL ARNALDO CARDOSO,RUA DUQUE DE CAXIAS S/N - ZONA URBANA,CENTRO,46470000,-13.6094149,-42.9389111,285,Com acessibilidade,2026-09-21 09:50:00,441693419958123634384184
UE2015 (Anterior),RIACHO DE SANTANA,113,115,1775881,COLEGIO ESTADUAL SINESIO COSTA,RUA MANOEL GUIMARAES - ZONA URBANA,MATO VERDE,46470000,-13.6148589,-42.9363783,338,Com acessibilidade,2026-09-21 09:59:00,694118400283001926444654
UE2015 (Anterior),RIACHO DE SANTANA,113,122,1822145,COLEGIO MUNICIPAL DE SANTA RITA,POVOADO SANTA RITA - ZONA RURAL,POVOADO SANTA RITA,46470000,-13.4423021,-43.0174117,357,Com acessibilidade,2026-09-21 10:08:00,88057530922952236280015
UE2015 (Anterior),RIACHO DE SANTANA,113,123,1772577,COLEGIO MUNICIPAL DO CEDRO,POVOADO CEDRO - ZONA RURAL,POVOADO CEDRO,46470000,-13.5606327,-43.0891835,290,Com acessibilidade,2026-09-21 10:17:00,522401088066410692200923
UE2015 (Anterior),RIACHO DE SANTANA,113,124,1837264,ESCOLA MUNICIPAL DE BOQUEIRÃO DAS POMBAS,POVOADO BOQUEIRAO DAS POMBAS - ZONA RURAL,POVOADO BOQUEIRAO DAS POMBAS,46470000,-13.4129248,-43.1140688,244,Com acessibilidade,2026-09-21 10:27:00,875936546401856669049497
UE2015 (Anterior),RIACHO DE SANTANA,113,126,1819511,COLEGIO MUNICIPAL DE BREJO DE SAO JOSE,POVOADO BREJO DE SAO JOSE - ZONA RURAL,POVOADO BREJO DE SAO JOSE,46470000,-13.3103588,-42.9420561,302,Com acessibilidade,2026-09-21 10:35:00,795128689193722502222403
UE2015 (Anterior),RIACHO DE SANTANA,113,127,1791146,COLEGIO ESTADUAL SINESIO COSTA,RUA MANOEL GUIMARAES - ZONA URBANA,MATO VERDE,46470000,-13.6148589,-42.9363783,354,Com acessibilidade,2026-09-21 10:44:00,108259108124058462393492
UE2015 (Anterior),RIACHO DE SANTANA,113,128,1792253,COLEGIO MUNICIPAL DE VESPERINA,POVOADO VESPERINA - ZONA RURAL,POVOADO VESPERINA,46470000,-13.9688751,-43.3604068,263,Com acessibilidade,2026-09-21 11:04:00,875936985801575416972457
UE2015 (Anterior),RIACHO DE SANTANA,113,129,1842224,COLEGIO MUNICIPAL DE AGRESTE,POVOADO AGRESTE - ZONA RURAL,POVOADO AGRESTE,46470000,-13.8737864,-43.2109873,282,Com acessibilidade,2026-09-21 14:17:00,249673462338572405196548
UE2015 (Anterior),RIACHO DE SANTANA,113,133,1810745,CENTRO DE EDUCAÇÃO INFANTIL DE SAO JOAO,POVOADO SAO JOAO - ZONA RURAL,POVOADO SÃO JOÃO,46470000,-13.7239249,-42.9641984,335,Com acessibilidade,2026-09-21 11:21:00,653714287979321756414675
UE2015 (Anterior),RIACHO DE SANTANA,113,134,1778379,ESCOLA MUNICIPAL JOAQUIM NOGUEIRA,"RUA D. PEDRO I S/N, ZONA URBANA",CASTELO BRANCO,46470000,-13.6142116,-42.9356652,313,Com acessibilidade,2026-09-21 11:30:00,259774991139946439678770
UE2015 (Anterior),RIACHO DE SANTANA,113,135,1777674,COLEGIO MUNICIPAL DE LAGUNA,POVOADO LAGUNA - ZONA RURAL,POVOADO LAGUNA,46470000,-13.6416252,-43.1792779,269,Com acessibilidade,2026-09-21 11:39:00,431592289657750903185107
UE2015 (Anterior),RIACHO DE SANTANA,113,136,1769657,COLEGIO ESTADUAL SINESIO COSTA,RUA MANOEL GUIMARAES - ZONA URBANA,MATO VERDE,46470000,-13.6148589,-42.9363783,340,Com acessibilidade,2026-09-21 11:48:00,774926734291115998751900
UE2015 (Anterior),RIACHO DE SANTANA,113,138,1752655,ESCOLA MUNICIPAL ARNALDO CARDOSO,RUA DUQUE DE CAXIAS S/N - ZONA URBANA,CENTRO,46470000,-13.6094149,-42.9389111,286,Com acessibilidade,2026-09-21 12:05:00,805229985394689859329895
UE2015 (Anterior),RIACHO DE SANTANA,113,142,1765662,COLEGIO ESTADUAL SINESIO COSTA,RUA MANOEL GUIMARAES - ZONA URBANA,MATO VERDE,46470000,-13.6148589,-42.9363783,340,Com acessibilidade,2026-09-21 12:14:00,825431417796721717048594
UE2015 (Anterior),RIACHO DE SANTANA,113,143,1754834,COLEGIO MUNICIPAL DO GADO BRAVO,POVOADO GADO BRAVO - ZONA RURAL,POVOADO GADO BRAVO,46470000,-13.5263874,-42.7129655,244,Com acessibilidade,2026-09-21 12:22:00,764825465090615518271677
UE2015 (Anterior),RIACHO DE SANTANA,113,146,1805831,COLEGIO ESTADUAL SINESIO COSTA,RUA MANOEL GUIMARAES - ZONA URBANA,MATO VERDE,46470000,-13.6148589,-42.9363783,340,Com acessibilidade,2026-09-21 12:33:00,795128828793803236412371
UE2015 (Anterior),RIACHO DE SANTANA,113,147,1752782,COLEGIO MUNICIPAL DE LAGUNA,POVOADO LAGUNA - ZONA RURAL,POVOADO LAGUNA,46470000,-13.6416252,-43.1792779,265,Com acessibilidade,2026-09-21 12:43:00,795128936593891129908729
UE2015 (Anterior),RIACHO DE SANTANA,113,149,1796311,ESCOLA MUNICIPAL ARNALDO CARDOSO,RUA DUQUE DE CAXIAS S/N - ZONA URBANA,CENTRO,46470000,-13.6094149,-42.9389111,282,Com acessibilidade,2026-09-21 12:51:00,27451385416074223176363
UE2015 (Anterior),RIACHO DE SANTANA,113,152,1654314,ESCOLA MUNICIPAL JOAQUIM NOGUEIRA,"RUA D. PEDRO I S/N, ZONA URBANA",CASTELO BRANCO,46470000,-13.6142116,-42.9356652,318,Com acessibilidade,2026-09-21 13:00:00,805229469094443531843146
UE2015 (Anterior),RIACHO DE SANTANA,113,153,1781650,COLEGIO ESTADUAL SINESIO COSTA,RUA MANOEL GUIMARAES - ZONA URBANA,MATO VERDE,46470000,-13.6148589,-42.9363783,353,Com acessibilidade,2026-09-21 13:09:00,572906340971842125736851
UE2015 (Anterior),RIACHO DE SANTANA,113,155,1775309,COLEGIO MUNICIPAL DO CEDRO,POVOADO CEDRO - ZONA RURAL,POVOADO CEDRO,46470000,-13.5606327,-43.0891835,289,Com acessibilidade,2026-09-21 13:17:00,714320705385932609361956
UE2015 (Anterior),RIACHO DE SANTANA,113,159,1774474,ESCOLA MUNICIPAL DE BOQUEIRÃO DAS POMBAS,POVOADO BOQUEIRAO DAS POMBAS - ZONA RURAL,POVOADO BOQUEIRAO DAS POMBAS,46470000,-13.4129248,-43.1140688,232,Com acessibilidade,2026-09-21 13:26:00,108259532224341293358895
UE2015 (Anterior),RIACHO DE SANTANA,113,161,1764403,COLEGIO MUNICIPAL DO GADO BRAVO,POVOADO GADO BRAVO - ZONA RURAL,POVOADO GADO BRAVO,46470000,-13.5263874,-42.7129655,246,Com acessibilidade,2026-09-21 13:37:00,512300136665911909021890
UE2015 (Anterior),RIACHO DE SANTANA,113,162,1763607,COLEGIO MUNICIPAL DE SANTANA,POVOADO SANTANA - ZONA RURAL,POVOADO SANTANA,46470000,-13.6051568,-42.8737313,242,Com acessibilidade,2026-09-21 13:52:00,108259836624336599320668
UE2015 (Anterior),RIACHO DE SANTANA,113,165,1757064,COLEGIO MUNICIPAL DE SAMBAIBA,POVOADO SAMBAIBA - ZONA RURAL,POVOADO SAMBAIBA,46470000,-13.5991128,-42.7258429,241,Com acessibilidade,2026-09-21 14:00:00,502299562864251813434795
UE2015 (Anterior),RIACHO DE SANTANA,113,166,1769706,CENTRO DE EDUCAÇÃO INFANTIL DE AGRESTINHO,POVOADO AGRESTINHO - ZONA RURAL,ZONA RURAL,46470000,-13.9806629,-43.2113909,119,Com acessibilidade,2026-09-21 14:09:00,502299675864882779204349
UE2015 (Anterior),RODELAS,158,92,1763496,ESCOLA MUNICIPAL PROFESSORA JOANA LIMA REZENDE,"AVENIDA DOMINGOS JOSE DE ALMEIDA, ZONA URBANA",CENTRO,48630000,-8.8457033,-38.765295,343,Com acessibilidade,2026-09-23 10:14:00,835815681527690892192226
UE2015 (Anterior),RODELAS,158,93,1765856,ESCOLA MUNICIPAL PROFESSORA JOANA LIMA REZENDE,"AVENIDA DOMINGOS JOSE DE ALMEIDA, ZONA URBANA",CENTRO,48630000,-8.8457033,-38.765295,354,Sem acessibilidade,2026-09-23 10:22:00,633895599707448913849344
UE2015 (Anterior),RODELAS,158,94,1807303,ESCOLA MUNICIPAL PROFESSORA MARIA DE OLIVEIRA MENEZES,"RUA L, 15, CENTRO, RODELAS-BA",CENTRO,48630000,-8.8471083,-38.7643117,334,Com acessibilidade,2026-09-23 10:31:00,856017926129681192966743
UE2015 (Anterior),RODELAS,158,95,1796040,ESCOLA MUNICIPAL PROFESSORA MARIA DE OLIVEIRA MENEZES,"RUA L, 15, CENTRO, RODELAS-BA",CENTRO,48630000,-8.8471083,-38.7643117,336,Com acessibilidade,2026-09-23 10:40:00,290461478473145818971533
UE2015 (Anterior),RODELAS,158,96,1762214,CENTRO DE EDUCAÇÃO MUNICIPAL JOÃO JUSTINIANO DA FONSECA,"RODOVIA BA 210, CENTRO, RODELAS-BA",CENTRO,48630000,-8.8516051,-38.764074,382,Com acessibilidade,2026-09-23 10:49:00,603592896304082232571192
UE2015 (Anterior),RODELAS,158,97,1824289,CENTRO DE EDUCAÇÃO MUNICIPAL JOÃO JUSTINIANO DA FONSECA,"RODOVIA BA 210, CENTRO, RODELAS-BA",CENTRO,48630000,-8.8516051,-38.764074,386,Com acessibilidade,2026-09-23 10:58:00,987330380442484538191694
UE2015 (Anterior),RODELAS,158,98,1837708,CENTRO DE EDUCAÇÃO MUNICIPAL JOÃO JUSTINIANO DA FONSECA,"RODOVIA BA 210, CENTRO, RODELAS-BA",CENTRO,48630000,-8.8516051,-38.764074,382,Sem acessibilidade,2026-09-23 11:07:00,108542619254192288316794
UE2015 (Anterior),RODELAS,158,99,1770851,COLÉGIO ESTADUAL DULCINA  CRUZ LIMA,RUA JOSÉ ROSA DE ALMEIDA - ZONA URBANA,CENTRO,48630000,-8.84538,-38.7703683,370,Com acessibilidade,2026-09-23 11:16:00,654097272009762920116535
UE2015 (Anterior),RODELAS,158,100,1795989,COLÉGIO ESTADUAL DULCINA  CRUZ LIMA,RUA JOSÉ ROSA DE ALMEIDA - ZONA URBANA,CENTRO,48630000,-8.84538,-38.7703683,358,Sem acessibilidade,2026-09-23 11:24:00,805512891424864901903971
UE2015 (Anterior),RODELAS,158,101,1785773,CENTRO DE EDUCAÇÃO MUNICIPAL JOÃO JUSTINIANO DA FONSECA,"RODOVIA BA 210, CENTRO, RODELAS-BA",CENTRO,48630000,-8.8516051,-38.764074,387,Com acessibilidade,2026-09-23 11:33:00,593491790303675537173717
UE2015 (Anterior),RODELAS,158,102,1758852,ESCOLINHA MUNICIPAL RECANTO DA ALEGRIA,"PROJETO ITACOATIARA, AGROVILA AR II - ZONA RURAL, RODELAS-BA",POVOADO AGROVILA AR II,48630000,-8.9722204,-38.5633369,294,Com acessibilidade,2026-09-23 11:59:00,179249483161859111321234
UE2015 (Anterior),RODELAS,158,103,1811469,ESCOLA MUNICIPAL AFRO ANTONIO DOS SANTOS,"PROJETO ARATIKUM, AGROVILA VIII - ZONA RURAL, RODELAS-BA",POVOADO AGROVILA AR VIII,48630000,-8.8088483,-38.8443167,292,Sem acessibilidade,2026-09-23 12:09:00,815613234125157418325725
UE2015 (Anterior),RODELAS,158,104,1764476,COLÉGIO ESTADUAL DULCINA  CRUZ LIMA,RUA JOSÉ ROSA DE ALMEIDA - ZONA URBANA,CENTRO,48630000,-8.84538,-38.7703683,367,Sem acessibilidade,2026-09-23 12:22:00,320764855176359892887451
UE2015 (Anterior),RODELAS,158,105,1810861,ESCOLA MUNICIPAL PROFESSORA MARIA DE OLIVEIRA MENEZES,"RUA L, 15, CENTRO, RODELAS-BA",CENTRO,48630000,-8.8471083,-38.7643117,330,Com acessibilidade,2026-09-23 12:30:00,371269014481356766812490
UE2015 (Anterior),RODELAS,158,141,1788376,CENTRO DE EDUCAÇÃO MUNICIPAL JOÃO JUSTINIANO DA FONSECA,"RODOVIA BA 210, CENTRO, RODELAS-BA",CENTRO,48630000,-8.8516051,-38.764074,387,Com acessibilidade,2026-09-23 12:40:00,249956729468317226489175
UE2015 (Anterior),RODELAS,158,147,1795835,ESCOLA MUNICIPAL AFRO ANTONIO DOS SANTOS,"PROJETO ARATIKUM, AGROVILA VIII - ZONA RURAL, RODELAS-BA",POVOADO AGROVILA AR VIII,48630000,-8.8088483,-38.8443167,292,Com acessibilidade,2026-09-23 12:49:00,250057396169952413128957
UE2015 (Anterior),RODELAS,158,149,1774415,ESCOLINHA MUNICIPAL RECANTO DA ALEGRIA,"PROJETO ITACOATIARA, AGROVILA AR II - ZONA RURAL, RODELAS-BA",POVOADO AGROVILA AR II,48630000,-8.9722204,-38.5633369,292,Com acessibilidade,2026-09-23 12:58:00,512683870695232322416432
UE2015 (Anterior),RODELAS,158,157,1766424,COLÉGIO ESTADUAL DULCINA  CRUZ LIMA,RUA JOSÉ ROSA DE ALMEIDA - ZONA URBANA,CENTRO,48630000,-8.84538,-38.7703683,370,Sem acessibilidade,2026-09-23 13:08:00,148946357858520967195563
UE2015 (Anterior),RODELAS,158,160,1841054,COLÉGIO ESTADUAL DULCINA  CRUZ LIMA,RUA JOSÉ ROSA DE ALMEIDA - ZONA URBANA,CENTRO,48630000,-8.84538,-38.7703683,367,Sem acessibilidade,2026-09-23 13:17:00,159047662459556685347517
UE2015 (Anterior),RODELAS,158,161,1768666,ESCOLA MUNICIPAL PROFESSORA MARIA DE OLIVEIRA MENEZES,"RUA L, 15, CENTRO, RODELAS-BA",CENTRO,48630000,-8.8471083,-38.7643117,338,Com acessibilidade,2026-09-23 13:28:00,239855858167792363901859
UE2015 (Anterior),RODELAS,158,165,1764113,CENTRO DE EDUCAÇÃO MUNICIPAL JOÃO JUSTINIANO DA FONSECA,"RODOVIA BA 210, CENTRO, RODELAS-BA",CENTRO,48630000,-8.8516051,-38.764074,386,Com acessibilidade,2026-09-23 13:38:00,936825999837587952731389
UE2015 (Anterior),RODELAS,158,176,1757315,COLÉGIO ESTADUAL INDÍGENA CAPITÃO FRANCISCO RODELAS,"R. RUA L 18, 855, ZONA URBANA",aldeia tuxá,48630000,-8.843585,-38.7698567,300,Sem acessibilidade,2026-09-23 13:48:00,280360528172022543031629
UE2015 (Anterior),SALINAS DA MARGARIDA,30,137,1843942,ESCOLA VALDEMAR ALVES MENEZES,RUA BOA VISTA - ZONA URBANA,CENTRO,44450000,-12.8737671,-38.7591372,316,Com acessibilidade,2026-09-25 13:17:00,55126126685630860688839
UE2015 (Anterior),SALINAS DA MARGARIDA,30,138,1791570,ESCOLA VALDEMAR ALVES MENEZES,RUA BOA VISTA - ZONA URBANA,CENTRO,44450000,-12.8737671,-38.7591372,314,Com acessibilidade,2026-09-25 13:31:00,45025228284386537208656
UE2015 (Anterior),SALINAS DA MARGARIDA,30,139,1756181,COLÉGIO ESTADUAL DE TEMPO INTEGRAL DE SALINAS DA MARGARIDA,RUA SAO CRISTOVAO - ZONA URBANA,CENTRO,44450000,-12.8834763,-38.755496,394,Com acessibilidade,2026-09-25 13:40:00,438964721423796180356735
UE2015 (Anterior),SALINAS DA MARGARIDA,30,140,1788309,ESCOLA MODELO WILSON RIBEIRO PEDREIRA,RUA NOVA - ZONA RURAL,DISTRITO CONCEIÇÃO DE SALINAS,44450000,-12.8796808,-38.7803494,382,Com acessibilidade,2026-09-25 13:49:00,731994109353729971348395
UE2015 (Anterior),SALINAS DA MARGARIDA,30,141,1766313,ESCOLA MODELO WILSON RIBEIRO PEDREIRA,RUA NOVA - ZONA RURAL,DISTRITO CONCEIÇÃO DE SALINAS,44450000,-12.8796808,-38.7803494,381,Com acessibilidade,2026-09-25 14:12:00,843005322164187844632535
UE2015 (Anterior),SALINAS DA MARGARIDA,30,142,1754127,ESCOLA MODELO DE ENCARNAÇÃO,"AVENIDA CESAR BORGES, S/N - ZONA URBANA",DISTRITO ENCARNAÇÃO,44450000,-12.9293873,-38.7717823,366,Com acessibilidade,2026-09-25 14:22:00,994520584079426867911414
UE2015 (Anterior),SALINAS DA MARGARIDA,30,143,1768454,ESCOLA MODELO DE ENCARNAÇÃO,"AVENIDA CESAR BORGES, S/N - ZONA URBANA",DISTRITO ENCARNAÇÃO,44450000,-12.9293873,-38.7717823,354,Com acessibilidade,2026-09-25 14:31:00,236944933803684271712949
UE2015 (Anterior),SALINAS DA MARGARIDA,30,144,1768271,ESCOLA MODELO DE ENCARNAÇÃO,"AVENIDA CESAR BORGES, S/N - ZONA URBANA",DISTRITO ENCARNAÇÃO,44450000,-12.9293873,-38.7717823,367,Com acessibilidade,2026-09-25 14:40:00,4621819680472984196522
UE2015 (Anterior),SALINAS DA MARGARIDA,30,145,1795955,ESCOLA MUNICIPAL SEMENTINHA DO SABER 1,RUA BOA VISTA - ZONA URBANA,CENTRO,44450000,-12.872783,-38.759827,343,Com acessibilidade,2026-09-25 14:51:00,903611825570532246937728
UE2015 (Anterior),SALINAS DA MARGARIDA,30,146,1757095,ESCOLA MUNICIPAL SEMENTINHA DO SABER 1,RUA BOA VISTA - ZONA URBANA,CENTRO,44450000,-12.872783,-38.759827,341,Com acessibilidade,2026-09-25 15:00:00,408661436020628457040373
UE2015 (Anterior),SALINAS DA MARGARIDA,30,147,1760312,CENTRO EDUCACIONAL PERMÍNIO SOUZA FERREIRA,"RUA PROF. GUILHARDO FALCAO DE CAMPOS, 141 - ZONA URBANA",CENTRO,44450000,-12.8748125,-38.7609933,377,Com acessibilidade,2026-09-25 15:21:00,893510036369364680423516
UE2015 (Anterior),SALINAS DA MARGARIDA,30,148,1795748,CENTRO EDUCACIONAL PERMÍNIO SOUZA FERREIRA,"RUA PROF. GUILHARDO FALCAO DE CAMPOS, 141 - ZONA URBANA",CENTRO,44450000,-12.8748125,-38.7609933,381,Com acessibilidade,2026-09-25 15:32:00,944015196174573616472301
UE2015 (Anterior),SALINAS DA MARGARIDA,30,149,1775425,CENTRO EDUCACIONAL PERMÍNIO SOUZA FERREIRA,"RUA PROF. GUILHARDO FALCAO DE CAMPOS, 141 - ZONA URBANA",CENTRO,44450000,-12.8748125,-38.7609933,378,Com acessibilidade,2026-09-25 15:42:00,388459741318101446680567
UE2015 (Anterior),SALINAS DA MARGARIDA,30,150,1790140,CENTRO EDUCACIONAL PERMÍNIO SOUZA FERREIRA,"RUA PROF. GUILHARDO FALCAO DE CAMPOS, 141 - ZONA URBANA",CENTRO,44450000,-12.8748125,-38.7609933,379,Com acessibilidade,2026-09-25 15:51:00,34924471183772498211175
UE2015 (Anterior),SALINAS DA MARGARIDA,30,151,1811174,CENTRO EDUCACIONAL PERMÍNIO SOUZA FERREIRA,"RUA PROF. GUILHARDO FALCAO DE CAMPOS, 141 - ZONA URBANA",CENTRO,44450000,-12.8748125,-38.7609933,378,Com acessibilidade,2026-09-25 16:01:00,115732661691511168884655
UE2015 (Anterior),SALINAS DA MARGARIDA,30,152,1824121,ESCOLA DR. JOSÉ  FIGUEIREDO,"RUA DO TAMARINEIRO, DENDE - ZONA URBANA",PORTO DA TELHA,44450000,-12.8853375,-38.7493274,352,Com acessibilidade,2026-09-25 16:11:00,368257029716851884170926
UE2015 (Anterior),SALINAS DA MARGARIDA,30,153,1837978,ESCOLA NOSSA SENHORA DA CONCEIÇÃO,PRACA JOAO JOAZEIRO - ZONA URBANA,DISTRITO CONCEIÇÃO DE SALINAS,44450000,-12.8809698,-38.7766817,333,Com acessibilidade,2026-09-25 16:21:00,459166221825032475426271
UE2015 (Anterior),SALINAS DA MARGARIDA,30,154,1772880,ESCOLA NOSSA SENHORA DA CONCEIÇÃO,PRACA JOAO JOAZEIRO - ZONA URBANA,DISTRITO CONCEIÇÃO DE SALINAS,44450000,-12.8809698,-38.7766817,342,Com acessibilidade,2026-09-25 16:31:00,893510778669560383367303
UE2015 (Anterior),SALINAS DA MARGARIDA,30,155,1826345,CRECHE CASA DE BELÉM,AVENIDA CESAR BORGES - ZONA RURAL,DISTRITO ENCARNAÇÃO,44450000,-12.9284058,-38.7656203,370,Com acessibilidade,2026-09-25 16:42:00,166237156796999574880163
UE2015 (Anterior),SALINAS DA MARGARIDA,30,156,1809318,COLEGIO CLODOALDO BRITO,RUA DO CRUZEIRO - ZONA RURAL,DISTRITO CAIRU,44450000,-12.8602094,-38.7918412,370,Com acessibilidade,2026-09-25 16:53:00,368257468616350213106679
UE2015 (Anterior),SALINAS DA MARGARIDA,30,157,1810665,COLEGIO CLODOALDO BRITO,RUA DO CRUZEIRO - ZONA RURAL,DISTRITO CAIRU,44450000,-12.8602094,-38.7918412,370,Com acessibilidade,2026-09-25 17:02:00,469267677526045237479748
UE2015 (Anterior),SALINAS DA MARGARIDA,30,158,1775810,ESCOLA MODELO DE ENCARNAÇÃO,"AVENIDA CESAR BORGES, S/N - ZONA URBANA",DISTRITO ENCARNAÇÃO,44450000,-12.9293873,-38.7717823,361,Com acessibilidade,2026-09-25 17:13:00,408661728720149681235791
UE2015 (Anterior),SALINAS DA MARGARIDA,30,168,1826028,CRECHE CASA DE BELÉM,AVENIDA CESAR BORGES - ZONA RURAL,DISTRITO ENCARNAÇÃO,44450000,-12.9284058,-38.7656203,359,Com acessibilidade,2026-09-25 17:24:00,479368868227370680864811
UE2015 (Anterior),SALINAS DA MARGARIDA,30,173,1809432,COLÉGIO ESTADUAL DE TEMPO INTEGRAL DE SALINAS DA MARGARIDA,RUA SAO CRISTOVAO - ZONA URBANA,CENTRO,44450000,-12.8834763,-38.755496,394,Com acessibilidade,2026-09-25 13:21:00,459166367020708809822469
UE2015 (Anterior),SALINAS DA MARGARIDA,30,180,1792210,COLÉGIO ESTADUAL DE TEMPO INTEGRAL DE SALINAS DA MARGARIDA,RUA SAO CRISTOVAO - ZONA URBANA,CENTRO,44450000,-12.8834763,-38.755496,396,Com acessibilidade,2026-09-25 13:30:00,257146902500526979479240
UE2015 (Anterior),SALINAS DA MARGARIDA,30,185,1761068,ESCOLA MODELO DE ENCARNAÇÃO,"AVENIDA CESAR BORGES, S/N - ZONA URBANA",DISTRITO ENCARNAÇÃO,44450000,-12.9293873,-38.7717823,362,Com acessibilidade,2026-09-25 13:38:00,24823227377852377738341
UE2015 (Anterior),SALINAS DA MARGARIDA,30,186,1770883,ESCOLA MODELO WILSON RIBEIRO PEDREIRA,RUA NOVA - ZONA RURAL,DISTRITO CONCEIÇÃO DE SALINAS,44450000,-12.8796808,-38.7803494,380,Com acessibilidade,2026-09-25 13:48:00,24823330877946292216066
UE2015 (Anterior),SALINAS DA MARGARIDA,30,191,1762472,COLÉGIO ESTADUAL DE TEMPO INTEGRAL DE SALINAS DA MARGARIDA,RUA SAO CRISTOVAO - ZONA URBANA,CENTRO,44450000,-12.8834763,-38.755496,397,Com acessibilidade,2026-09-25 14:00:00,540075371929652087393370
UE2015 (Anterior),SALINAS DA MARGARIDA,30,193,1813811,ESCOLA MUNICIPAL SEMENTINHA DO SABER 1,RUA BOA VISTA - ZONA URBANA,CENTRO,44450000,-12.872783,-38.759827,344,Com acessibilidade,2026-09-25 14:15:00,762297815551317947477164
UE2015 (Anterior),SALINAS DA MARGARIDA,30,194,1824809,ESCOLA DR. JOSÉ  FIGUEIREDO,"RUA DO TAMARINEIRO, DENDE - ZONA URBANA",PORTO DA TELHA,44450000,-12.8853375,-38.7493274,352,Com acessibilidade,2026-09-25 14:25:00,348055509409989548401301
UE2015 (Anterior),SALINAS DA MARGARIDA,30,197,1824218,ESCOLA VALDEMAR ALVES MENEZES,RUA BOA VISTA - ZONA URBANA,CENTRO,44450000,-12.8737671,-38.7591372,315,Com acessibilidade,2026-09-25 14:35:00,257146744500986249213080
UE2015 (Anterior),SALINAS DA MARGARIDA,30,208,1766735,ESCOLA MODELO DE ENCARNAÇÃO,"AVENIDA CESAR BORGES, S/N - ZONA URBANA",DISTRITO ENCARNAÇÃO,44450000,-12.9293873,-38.7717823,368,Com acessibilidade,2026-09-25 14:44:00,206641262595954120861889
UE2015 (Anterior),SALINAS DA MARGARIDA,30,209,1760855,CRECHE CASA DE BELÉM,AVENIDA CESAR BORGES - ZONA RURAL,DISTRITO ENCARNAÇÃO,44450000,-12.9284058,-38.7656203,357,Com acessibilidade,2026-09-25 14:53:00,893510066964666594782130
UE2015 (Anterior),SALINAS DA MARGARIDA,30,212,1809596,COLEGIO CLODOALDO BRITO,RUA DO CRUZEIRO - ZONA RURAL,DISTRITO CAIRU,44450000,-12.8602094,-38.7918412,371,Com acessibilidade,2026-09-25 15:02:00,782499251253140379881446
UE2015 (Anterior),SALINAS DA MARGARIDA,30,215,1842639,ESCOLA MODELO WILSON RIBEIRO PEDREIRA,RUA NOVA - ZONA RURAL,DISTRITO CONCEIÇÃO DE SALINAS,44450000,-12.8796808,-38.7803494,381,Com acessibilidade,2026-09-25 15:11:00,641085444739029181207572
UE2015 (Anterior),SALINAS DA MARGARIDA,30,218,1770631,COLÉGIO ESTADUAL DE TEMPO INTEGRAL DE SALINAS DA MARGARIDA,RUA SAO CRISTOVAO - ZONA URBANA,CENTRO,44450000,-12.8834763,-38.755496,393,Com acessibilidade,2026-09-25 15:20:00,539974667228939824671686
UE2015 (Anterior),SALINAS DA MARGARIDA,30,221,1788199,CENTRO EDUCACIONAL PERMÍNIO SOUZA FERREIRA,"RUA PROF. GUILHARDO FALCAO DE CAMPOS, 141 - ZONA URBANA",CENTRO,44450000,-12.8748125,-38.7609933,378,Com acessibilidade,2026-09-25 15:29:00,671388107242704826222693
UE2015 (Anterior),SALINAS DA MARGARIDA,30,222,1758694,ESCOLA MODELO DE ENCARNAÇÃO,"AVENIDA CESAR BORGES, S/N - ZONA URBANA",DISTRITO ENCARNAÇÃO,44450000,-12.9293873,-38.7717823,367,Com acessibilidade,2026-09-25 15:41:00,580479122033239320858960
UE2015 (Anterior),SALINAS DA MARGARIDA,30,223,1750648,ESCOLA DR. JOSÉ  FIGUEIREDO,"RUA DO TAMARINEIRO, DENDE - ZONA URBANA",PORTO DA TELHA,44450000,-12.8853375,-38.7493274,350,Com acessibilidade,2026-09-25 15:49:00,681489333943896688895026
UE2015 (Anterior),SALINAS DA MARGARIDA,30,229,1764755,ESCOLA MODELO WILSON RIBEIRO PEDREIRA,RUA NOVA - ZONA RURAL,DISTRITO CONCEIÇÃO DE SALINAS,44450000,-12.8796808,-38.7803494,378,Com acessibilidade,2026-09-25 15:57:00,24823331177181634216903
UE2015 (Anterior),SALINAS DA MARGARIDA,30,231,1767479,CRECHE CASA DE BELÉM,AVENIDA CESAR BORGES - ZONA RURAL,DISTRITO ENCARNAÇÃO,44450000,-12.9284058,-38.7656203,316,Sem acessibilidade,2026-09-25 16:19:00,469267961921511232807213
UE2015 (Anterior),SALINAS DA MARGARIDA,30,236,1756513,ESCOLA NOSSA SENHORA DA CONCEIÇÃO,PRACA JOAO JOAZEIRO - ZONA URBANA,DISTRITO CONCEIÇÃO DE SALINAS,44450000,-12.8809698,-38.7766817,196,Sem acessibilidade,2026-09-25 16:28:00,317752367106389961312062
UE2015 (Anterior),SALINAS DA MARGARIDA,30,237,1772267,CENTRO EDUCACIONAL PERMÍNIO SOUZA FERREIRA,"RUA PROF. GUILHARDO FALCAO DE CAMPOS, 141 - ZONA URBANA",CENTRO,44450000,-12.8748125,-38.7609933,376,Sem acessibilidade,2026-09-25 16:37:00,297550452504384851061867
UE2015 (Anterior),SALINAS DA MARGARIDA,30,242,1784962,COLEGIO CLODOALDO BRITO,RUA DO CRUZEIRO - ZONA RURAL,DISTRITO CAIRU,44450000,-12.8602094,-38.7918412,248,Sem acessibilidade,2026-09-25 16:46:00,570378258632689553703070
UE2015 (Anterior),SALINAS DA MARGARIDA,30,243,1807268,ESCOLA MODELO DE ENCARNAÇÃO,"AVENIDA CESAR BORGES, S/N - ZONA URBANA",DISTRITO ENCARNAÇÃO,44450000,-12.9293873,-38.7717823,331,Sem acessibilidade,2026-09-25 16:55:00,449065232419577869124563
UE2015 (Anterior),SANTA BRÍGIDA,181,133,1766952,COLÉGIO MUNICIPAL PEDRO BATISTA,AVENIDA RUI BARBOSA 355- ZONA URBANA,CENTRO,48570970,-9.73469,-38.1231933,341,Sem acessibilidade,2026-09-30 08:21:00,823658459603217642540042
UE2015 (Anterior),SANTA BRÍGIDA,181,134,1775532,COLÉGIO MUNICIPAL PEDRO BATISTA,AVENIDA RUI BARBOSA 355- ZONA URBANA,CENTRO,48570970,-9.73469,-38.1231933,339,Sem acessibilidade,2026-09-30 08:31:00,318507059752793368054357
UE2015 (Anterior),SANTA BRÍGIDA,181,135,1842417,COLÉGIO MUNICIPAL PEDRO BATISTA,AVENIDA RUI BARBOSA 355- ZONA URBANA,CENTRO,48570970,-9.73469,-38.1231933,343,Sem acessibilidade,2026-09-30 08:41:00,257901105446829781286088
UE2015 (Anterior),SANTA BRÍGIDA,181,136,1835582,COLÉGIO MUNICIPAL PEDRO BATISTA,AVENIDA RUI BARBOSA 355- ZONA URBANA,CENTRO,48570970,-9.73469,-38.1231933,340,Sem acessibilidade,2026-09-30 08:51:00,268002221047920130267520
UE2015 (Anterior),SANTA BRÍGIDA,181,137,1785868,COLÉGIO MUNICIPAL PEDRO BATISTA,AVENIDA RUI BARBOSA 355- ZONA URBANA,CENTRO,48570970,-9.73469,-38.1231933,338,Sem acessibilidade,2026-09-30 09:00:00,611537684682864926063906
UE2015 (Anterior),SANTA BRÍGIDA,181,138,1752927,COLÉGIO MUNICIPAL PEDRO BATISTA,AVENIDA RUI BARBOSA 355- ZONA URBANA,CENTRO,48570970,-9.73469,-38.1231933,341,Sem acessibilidade,2026-09-30 09:09:00,894365076810778984547710
UE2015 (Anterior),SANTA BRÍGIDA,181,139,1778700,COLÉGIO MUNICIPAL PEDRO BATISTA,AVENIDA RUI BARBOSA 355- ZONA URBANA,CENTRO,48570970,-9.73469,-38.1231933,339,Sem acessibilidade,2026-09-30 09:18:00,35779325924939971319138
UE2015 (Anterior),SANTA BRÍGIDA,181,140,1824654,COLÉGIO MUNICIPAL PEDRO BATISTA,AVENIDA RUI BARBOSA 355- ZONA URBANA,CENTRO,48570970,-9.73469,-38.1231933,341,Sem acessibilidade,2026-09-30 09:27:00,944870315015862377524115
UE2015 (Anterior),SANTA BRÍGIDA,181,141,1763193,COLÉGIO MUNICIPAL PEDRO BATISTA,AVENIDA RUI BARBOSA 355- ZONA URBANA,CENTRO,48570970,-9.73469,-38.1231933,341,Sem acessibilidade,2026-09-30 09:37:00,702446185491716209195265
UE2015 (Anterior),SANTA BRÍGIDA,181,142,1773914,COLÉGIO MUNICIPAL PEDRO BATISTA,AVENIDA RUI BARBOSA 355- ZONA URBANA,CENTRO,48570970,-9.73469,-38.1231933,340,Sem acessibilidade,2026-09-30 09:45:00,702446294291660274959999
UE2015 (Anterior),SANTA BRÍGIDA,181,143,1764359,COLÉGIO MUNICIPAL PEDRO BATISTA,AVENIDA RUI BARBOSA 355- ZONA URBANA,CENTRO,48570970,-9.73469,-38.1231933,337,Sem acessibilidade,2026-09-30 09:54:00,459921156266431724032712
UE2015 (Anterior),SANTA BRÍGIDA,181,144,1765946,COLÉGIO MUNICIPAL PEDRO BATISTA,AVENIDA RUI BARBOSA 355- ZONA URBANA,CENTRO,48570970,-9.73469,-38.1231933,339,Sem acessibilidade,2026-09-30 10:04:00,308406116051915481102324
UE2015 (Anterior),SANTA BRÍGIDA,181,145,1767171,COLÉGIO MUNICIPAL PEDRO BATISTA,AVENIDA RUI BARBOSA 355- ZONA URBANA,CENTRO,48570970,-9.73469,-38.1231933,337,Sem acessibilidade,2026-09-30 10:13:00,510527433172144642473474
UE2015 (Anterior),SANTA BRÍGIDA,181,146,1783298,ESCOLA MUNICIPAL JOSÉ ALVES PORTELA,"AVENIDA RUI BARBOSA, 373 - ZONA URBANA",CENTRO,48570000,-9.7353033,-38.1256483,288,Com acessibilidade,2026-09-30 10:22:00,783254813699433518821594
UE2015 (Anterior),SANTA BRÍGIDA,181,147,1769792,ESCOLA MUNICIPAL JOSÉ ALVES PORTELA,"AVENIDA RUI BARBOSA, 373 - ZONA URBANA",CENTRO,48570000,-9.7353033,-38.1256483,290,Com acessibilidade,2026-09-30 10:31:00,25678167323692581310318
UE2015 (Anterior),SANTA BRÍGIDA,181,148,1765356,ESCOLA MUNICIPAL JOSÉ ALVES PORTELA,"AVENIDA RUI BARBOSA, 373 - ZONA URBANA",CENTRO,48570000,-9.7353033,-38.1256483,290,Com acessibilidade,2026-09-30 10:40:00,257901502446948328268260
UE2015 (Anterior),SANTA BRÍGIDA,181,149,1841289,CENTRO EDUCACIONAL ZENOR PEREIRA TEIXEIRA,POVOADO COLÔNIA - ZONA RURAL,POVOADO COLÔNIA,48570970,-9.7518725,-38.2606871,248,Sem acessibilidade,2026-09-30 10:50:00,894365259010675069631850
UE2015 (Anterior),SANTA BRÍGIDA,181,151,1765960,CENTRO EDUCACIONAL ZENOR PEREIRA TEIXEIRA,POVOADO COLÔNIA - ZONA RURAL,POVOADO COLÔNIA,48570970,-9.7518725,-38.2606871,248,Sem acessibilidade,2026-09-30 10:59:00,55981600326464626101011
UE2015 (Anterior),SANTA BRÍGIDA,181,153,1793281,CENTRO EDUCACIONAL ALFRA BARBOSA VALADÃO,POVOADO MARANCÓ - ZONA RURAL,POVOADO MARANCÓ,48570970,-9.8688967,-38.1605283,207,Sem acessibilidade,2026-09-30 11:09:00,611537385682681248662758
UE2015 (Anterior),SANTA BRÍGIDA,181,154,1792204,CENTRO EDUCACIONAL ALFRA BARBOSA VALADÃO,POVOADO MARANCÓ - ZONA RURAL,POVOADO MARANCÓ,48570970,-9.8688967,-38.1605283,208,Sem acessibilidade,2026-09-30 11:19:00,106486983531269652106211
UE2015 (Anterior),SANTA BRÍGIDA,181,155,1791101,CENTRO EDUCACIONAL ALFRA BARBOSA VALADÃO,POVOADO MARANCÓ - ZONA RURAL,POVOADO MARANCÓ,48570970,-9.8688967,-38.1605283,209,Sem acessibilidade,2026-09-30 11:29:00,540830533675793060383096
UE2015 (Anterior),SANTA BRÍGIDA,181,156,1751446,CENTRO EDUCACIONAL ALFRA BARBOSA VALADÃO,POVOADO MARANCÓ - ZONA RURAL,POVOADO MARANCÓ,48570970,-9.8688967,-38.1605283,207,Sem acessibilidade,2026-09-30 11:39:00,177193276538513996068993
UE2015 (Anterior),SANTA BRÍGIDA,181,157,1772751,CENTRO EDUCACIONAL ANTONIO DA SILVA FEITOSA,POVOADO MINUIM - ZONA RURAL,POVOADO MINUIM,48570970,-9.8362483,-38.077755,127,Sem acessibilidade,2026-09-30 11:48:00,631739842984993402356996
UE2015 (Anterior),SANTA BRÍGIDA,181,159,1793495,CENTRO EDUCACIONAL ANTONIO DA SILVA FEITOSA,POVOADO MINUIM - ZONA RURAL,POVOADO MINUIM,48570970,-9.8362483,-38.077755,129,Sem acessibilidade,2026-09-30 11:57:00,5476435621381348888979
UE2015 (Anterior),SANTA BRÍGIDA,181,161,1757450,CENTRO EDUCACIONAL ANTONIO DA SILVA FEITOSA,POVOADO MINUIM - ZONA RURAL,POVOADO MINUIM,48570970,-9.8362483,-38.077755,128,Sem acessibilidade,2026-09-30 13:17:00,348810969355581427936045
UE2015 (Anterior),SANTA BRÍGIDA,181,162,1825898,ESCOLA MUNICIPAL KM 40,POVOADO KM 40 - ZONA RURAL,POVOADO KM 40,48570970,-9.7467633,-38.24413,394,Sem acessibilidade,2026-09-30 13:31:00,298305028850297403640587
UE2015 (Anterior),SANTA BRÍGIDA,181,163,1794751,ESCOLA MUNICIPAL KM 40,POVOADO KM 40 - ZONA RURAL,POVOADO KM 40,48570970,-9.7467633,-38.24413,395,Sem acessibilidade,2026-09-30 13:42:00,510527355772675324755175
UE2015 (Anterior),SANTA BRÍGIDA,181,164,1814213,ESCOLA MUNICIPAL JOSÉ VIGÁRIO DA SILVA,POVOADO BANDEIRA - ZONA RURAL,POVOADO BANDEIRA,48570970,-9.6858044,-38.3280108,284,Sem acessibilidade,2026-09-30 13:51:00,96385047330274331066752
UE2015 (Anterior),SANTA BRÍGIDA,181,165,1765992,ESCOLA MUNICIPAL SÃO JOSÉ,POVOADO INGAZEIRA - ZONA RURAL,POVOADO INGAZEIRA,48570970,-9.6832817,-38.10809,267,Sem acessibilidade,2026-09-30 14:00:00,15577075022785206226441
UE2015 (Anterior),SANTA BRÍGIDA,181,166,1753489,ESCOLA MUNICIPAL SIMIÃO ALVES DE MATOS,POVOADO ARAÚJO - ZONA RURAL,POVOADO ARAÚJO I,48570970,-9.8667534,-38.1185226,326,Sem acessibilidade,2026-09-30 14:10:00,167092335337025991355654
UE2015 (Anterior),SANTA BRÍGIDA,181,167,1773085,ESCOLA MUNICIPAL BENÍCIO TEIXEIRA LIMA,POVOADO CARAIBEIRA - ZONA RURAL,POVOADO CARAIBEIRAS I,48570970,-9.680675,-38.1554567,344,Sem acessibilidade,2026-09-30 14:20:00,884264168309831353475066
UE2015 (Anterior),SANTA BRÍGIDA,181,168,1766828,ESCOLA MUNICIPAL JOSÉ DE OLIVEIRA MATOS,POVOADO BURI - ZONA RURAL,POVOADO BURI,48570970,-9.7575967,-38.2976833,273,Sem acessibilidade,2026-09-30 14:28:00,237799625144742468712411
UE2015 (Anterior),SANTA BRÍGIDA,181,169,1764998,ESCOLA MUNICIPAL KM 42,POVADO KM 42 - ZONA RURAL,POVOADO KM 42,48570970,-9.7212383,-38.2369783,361,Sem acessibilidade,2026-09-30 14:38:00,25678529623623809077800
UE2015 (Anterior),SANTA BRÍGIDA,181,170,1837377,ESCOLA MUNICIPAL PROFESSORA MARIA FERNANDES,POVOADO SANTA CRUZ - ZONA RURAL,POVOADO SANTA CRUZ,48570970,-9.7234063,-38.2760232,182,Sem acessibilidade,2026-09-30 14:48:00,934769511514628098863012
UE2015 (Anterior),SANTA BRÍGIDA,181,171,1809008,ESCOLA MUNICIPAL CANA BRAVA,POVOADO CANA BRAVA - ZONA RURAL,POVOADO CANA BRAVA,48570970,-9.7747217,-38.3174933,274,Sem acessibilidade,2026-09-30 14:57:00,439719126164144986062221
UE2015 (Anterior),SANTA BRÍGIDA,181,172,1780074,ESCOLA MUNICIPAL JOÃO SANTANA DA SILVA,POVOADO POÇO DA CARTEIRA - ZONA RURAL,POVOADO POÇO DA CARTEIRA,48570970,-9.82057,-38.2013533,161,Sem acessibilidade,2026-09-30 15:07:00,995375795820360762841611
UE2015 (Anterior),SANTA BRÍGIDA,181,175,1780197,ESCOLA MUNICIPAL DR JOSÉ ALVES PORTELA,POVOADO BARRIGUDA - ZONA RURAL,POVOADO BARRIGUDA,48570970,-9.7018674,-38.2290495,239,Sem acessibilidade,2026-09-30 15:16:00,126688252733517702388813
UE2015 (Anterior),SANTA BRÍGIDA,181,176,1782135,ESCOLA MUNICIPAL DR JOSÉ ALVES PORTELA,POVOADO BARRIGUDA - ZONA RURAL,POVOADO BARRIGUDA,48570970,-9.7018674,-38.2290495,238,Sem acessibilidade,2026-09-30 15:26:00,490325739870970536032286
UE2015 (Anterior),SANTA BRÍGIDA,181,177,1795141,ESCOLA MUNICIPAL IZAURA PEREIRA DE QUEIROZ,POVOADO MULUNGU - ZONA RURAL,POVOADO MULUNGU,48570970,-9.761935,-38.18844,190,Sem acessibilidade,2026-09-30 15:36:00,187294538039758826693882
UE2015 (Anterior),SANTA BRÍGIDA,181,179,1770219,ESCOLA MUNICIPAL JOSÉ PEREIRA CHAVES,POVOADO RIACHO FUNDO - ZONA RURAL,POVOADO RIACHO FUNDO,48570970,-9.8274251,-38.1603258,302,Sem acessibilidade,2026-09-30 15:45:00,308406877151891440075169
UE2015 (Anterior),SANTA BRÍGIDA,181,181,1775201,ESCOLA MUNICIPAL JOSÉ ALVES PORTELA,"AVENIDA RUI BARBOSA, 373 - ZONA URBANA",CENTRO,48570000,-9.7353033,-38.1256483,289,Com acessibilidade,2026-09-30 15:55:00,520628285573200808597853
UE2015 (Anterior),SANTA BRÍGIDA,181,182,1769227,ESCOLA MUNICIPAL SANTA BRIGIDA - ARATICUM,POVOADO ARATICUM - ZONA RURAL,POVOADO ARATICUM,48570000,-9.8153333,-38.2892117,171,Sem acessibilidade,2026-09-30 16:06:00,5476870421419351051644
UE2015 (Anterior),SANTA BÁRBARA,160,16,1761179,COLÉGIO ESTADUAL DE TEMPO INTEGRAL SÃO JOSÉ,"RUA SAO VICENTE DE PAULA, N° 198 - ZONA URBANA",CENTRO,44150000,-11.96212272,-38.97177036,315,Sem acessibilidade,2026-09-21 10:26:00,905941638862810497527465
UE2015 (Anterior),SANTA BÁRBARA,160,18,1808880,COLÉGIO ESTADUAL DE TEMPO INTEGRAL SÃO JOSÉ,"RUA SAO VICENTE DE PAULA, N° 198 - ZONA URBANA",CENTRO,44150000,-11.96212272,-38.97177036,315,Sem acessibilidade,2026-09-21 10:35:00,491800443021429942916185
UE2015 (Anterior),SANTA BÁRBARA,160,19,1765928,COLÉGIO ESTADUAL PROF. CARLOS VALADARES,AV. PATRICIO SAO PAULO - ZONA URBANA,CENTRO,44150000,-11.95744382,-38.97311624,378,Com acessibilidade,2026-09-21 09:02:00,107961163658473274359768
UE2015 (Anterior),SANTA BÁRBARA,160,20,1676270,COLÉGIO ESTADUAL PROF. CARLOS VALADARES,AV. PATRICIO SAO PAULO - ZONA URBANA,CENTRO,44150000,-11.95744382,-38.97311624,377,Sem acessibilidade,2026-10-03 13:38:00,996850137247506717328430
UE2015 (Anterior),SANTA BÁRBARA,160,21,1755137,COLÉGIO ESTADUAL DE TEMPO INTEGRAL SÃO JOSÉ,"RUA SAO VICENTE DE PAULA, N° 198 - ZONA URBANA",CENTRO,44150000,-11.96212272,-38.97177036,314,Sem acessibilidade,2026-09-21 10:44:00,6951256172951221881014
UE2015 (Anterior),SANTA BÁRBARA,160,22,1838034,COLÉGIO ESTADUAL DE TEMPO INTEGRAL SÃO JOSÉ,"RUA SAO VICENTE DE PAULA, N° 198 - ZONA URBANA",CENTRO,44150000,-11.96212272,-38.97177036,319,Sem acessibilidade,2026-09-21 10:54:00,875638232659917668026241
UE2015 (Anterior),SANTA BÁRBARA,160,23,1767960,COLÉGIO ESTADUAL DE TEMPO INTEGRAL SÃO JOSÉ,"RUA SAO VICENTE DE PAULA, N° 198 - ZONA URBANA",CENTRO,44150000,-11.96212272,-38.97177036,313,Sem acessibilidade,2026-09-21 11:05:00,693820168541467545304836
UE2015 (Anterior),SANTA BÁRBARA,160,24,1766341,ESCOLA MUNICIPAL D. PEDRO II,"RUA SAO VICENTE DE PAULA, S/N - ZONA URBANA",CENTRO,44150000,-11.96140434,-38.9719532,134,Sem acessibilidade,2026-09-21 14:50:00,703921282242903182946633
UE2015 (Anterior),SANTA BÁRBARA,160,25,1766967,COLÉGIO ESTADUAL DE TEMPO INTEGRAL SÃO JOSÉ,"RUA SAO VICENTE DE PAULA, N° 198 - ZONA URBANA",CENTRO,44150000,-11.96212272,-38.97177036,315,Sem acessibilidade,2026-09-21 11:15:00,269577959698124708514050
UE2015 (Anterior),SANTA BÁRBARA,160,26,1794824,COLÉGIO ESTADUAL DE TEMPO INTEGRAL SÃO JOSÉ,"RUA SAO VICENTE DE PAULA, N° 198 - ZONA URBANA",CENTRO,44150000,-11.96212272,-38.97177036,315,Sem acessibilidade,2026-09-21 11:57:00,592810396631958676715729
UE2015 (Anterior),SANTA BÁRBARA,160,27,1769321,COLÉGIO ESTADUAL DE TEMPO INTEGRAL SÃO JOSÉ,"RUA SAO VICENTE DE PAULA, N° 198 - ZONA URBANA",CENTRO,44150000,-11.96212272,-38.97177036,318,Sem acessibilidade,2026-09-21 12:05:00,118062026883994686715536
UE2015 (Anterior),SANTA BÁRBARA,160,28,1795883,COLÉGIO ESTADUAL DE TEMPO INTEGRAL SÃO JOSÉ,"RUA SAO VICENTE DE PAULA, N° 198 - ZONA URBANA",CENTRO,44150000,-11.96212272,-38.97177036,311,Sem acessibilidade,2026-09-21 12:14:00,774628795049670324380107
UE2015 (Anterior),SANTA BÁRBARA,160,29,1809239,COLÉGIO ESTADUAL DE TEMPO INTEGRAL SÃO JOSÉ,"RUA SAO VICENTE DE PAULA, N° 198 - ZONA URBANA",CENTRO,44150000,-11.96212272,-38.97177036,319,Sem acessibilidade,2026-09-21 12:24:00,653416783937643835048624
UE2015 (Anterior),SANTA BÁRBARA,160,30,1810620,COLÉGIO ESTADUAL DE TEMPO INTEGRAL SÃO JOSÉ,"RUA SAO VICENTE DE PAULA, N° 198 - ZONA URBANA",CENTRO,44150000,-11.96212272,-38.97177036,317,Sem acessibilidade,2026-09-21 12:33:00,905941113062914208451175
UE2015 (Anterior),SANTA BÁRBARA,160,31,1790060,COLÉGIO ESTADUAL DE TEMPO INTEGRAL SÃO JOSÉ,"RUA SAO VICENTE DE PAULA, N° 198 - ZONA URBANA",CENTRO,44150000,-11.96212272,-38.97177036,312,Sem acessibilidade,2026-09-21 12:42:00,501901827322534754573981
UE2015 (Anterior),SANTA BÁRBARA,160,32,1752452,ESCOLA MUNICIPAL D. PEDRO II,"RUA SAO VICENTE DE PAULA, S/N - ZONA URBANA",CENTRO,44150000,-11.96140434,-38.9719532,136,Sem acessibilidade,2026-09-21 15:00:00,229173655494088916161208
UE2015 (Anterior),SANTA BÁRBARA,160,34,1753033,COLÉGIO ESTADUAL DE TEMPO INTEGRAL SÃO JOSÉ,"RUA SAO VICENTE DE PAULA, N° 198 - ZONA URBANA",CENTRO,44150000,-11.96212272,-38.97177036,313,Sem acessibilidade,2026-09-21 13:29:00,208971852092655265716863
UE2015 (Anterior),SANTA BÁRBARA,160,35,1765577,COLÉGIO ESTADUAL DE TEMPO INTEGRAL SÃO JOSÉ,"RUA SAO VICENTE DE PAULA, N° 198 - ZONA URBANA",CENTRO,44150000,-11.96212272,-38.97177036,316,Sem acessibilidade,2026-09-21 13:48:00,27153784674589196455233
UE2015 (Anterior),SANTA BÁRBARA,160,39,1766843,COLÉGIO ESTADUAL DE TEMPO INTEGRAL SÃO JOSÉ,"RUA SAO VICENTE DE PAULA, N° 198 - ZONA URBANA",CENTRO,44150000,-11.96212272,-38.97177036,315,Sem acessibilidade,2026-09-21 13:58:00,512002715623164484547030
UE2015 (Anterior),SANTA BÁRBARA,160,43,1767093,COLÉGIO ESTADUAL PROF. CARLOS VALADARES,AV. PATRICIO SAO PAULO - ZONA URBANA,CENTRO,44150000,-11.95744382,-38.97311624,377,Com acessibilidade,2026-09-21 09:15:00,37254641651703336423541
UE2015 (Anterior),SANTA BÁRBARA,160,44,1780068,COLÉGIO ESTADUAL PROF. CARLOS VALADARES,AV. PATRICIO SAO PAULO - ZONA URBANA,CENTRO,44150000,-11.95744382,-38.97311624,380,Com acessibilidade,2026-09-21 09:25:00,936244657741690315324782
UE2015 (Anterior),SANTA BÁRBARA,160,45,1824685,ESCOLA MUNICIPAL IRMÃ MARIA JOSÉ DO NASCIMENTO BRANDÃO,"AV. PATRÍCIO SÃO PAULO, S/N - ZONA URBANA",CENTRO,44150000,-11.95147268,-38.97508398,185,Sem acessibilidade,2026-09-21 09:33:00,219072041969923785981538
UE2015 (Anterior),SANTA BÁRBARA,160,47,1768635,ESCOLA JOSE ALVINO PEREIRA,"PRACA DA MATRIZ, POVOADO SÃO NICOLAU, S/N - ZONA RURAL",POVOADO SÃO NICOLAU,44150000,-11.83610618,-39.06383452,353,Com acessibilidade,2026-09-21 09:44:00,67557112254936546802859
UE2015 (Anterior),SANTA BÁRBARA,160,48,1766454,ESCOLA JOSE ALVINO PEREIRA,"PRACA DA MATRIZ, POVOADO SÃO NICOLAU, S/N - ZONA RURAL",POVOADO SÃO NICOLAU,44150000,-11.83610618,-39.06383452,353,Com acessibilidade,2026-09-21 09:53:00,97860250657986815456804
UE2015 (Anterior),SANTA BÁRBARA,160,49,1760175,ESCOLA CLERISTON ANDRADE,POVOADO SITIO DAS FLORES - ZONA RURAL,POVOADO SÍTIO DAS FLORES,44150000,-11.84222685,-38.93918856,350,Com acessibilidade,2026-09-21 10:03:00,683719952116200256856377
UE2015 (Anterior),SANTA BÁRBARA,160,50,1770084,ESCOLA MUNICIPAL IRMÃ MARIA JOSÉ DO NASCIMENTO BRANDÃO,"AV. PATRÍCIO SÃO PAULO, S/N - ZONA URBANA",CENTRO,44150000,-11.95147268,-38.97508398,189,Sem acessibilidade,2026-09-21 10:34:00,552406901403412925935794
UE2015 (Anterior),SANTA BÁRBARA,160,51,1835170,COLÉGIO ESTADUAL DE TEMPO INTEGRAL SÃO JOSÉ,"RUA SAO VICENTE DE PAULA, N° 198 - ZONA URBANA",CENTRO,44150000,-11.96212272,-38.97177036,316,Sem acessibilidade,2026-09-21 14:13:00,118062573883169569764728
UE2015 (Anterior),SANTA BÁRBARA,160,53,1765757,ESCOLA MUNICIPAL IRMÃ MARIA JOSÉ DO NASCIMENTO BRANDÃO,"AV. PATRÍCIO SÃO PAULO, S/N - ZONA URBANA",CENTRO,44150000,-11.95147268,-38.97508398,187,Sem acessibilidade,2026-09-21 10:43:00,613012299709493150973878
UE2015 (Anterior),SANTA BÁRBARA,160,56,1767168,ESCOLA MUNICIPAL IRMÃ MARIA JOSÉ DO NASCIMENTO BRANDÃO,"AV. PATRÍCIO SÃO PAULO, S/N - ZONA URBANA",CENTRO,44150000,-11.95147268,-38.97508398,189,Sem acessibilidade,2026-09-21 10:52:00,330284346581230337856893
UE2015 (Anterior),SANTA BÁRBARA,160,66,1766022,COLÉGIO ESTADUAL DE TEMPO INTEGRAL SÃO JOSÉ,"RUA SAO VICENTE DE PAULA, N° 198 - ZONA URBANA",CENTRO,44150000,-11.96212272,-38.97177036,314,Sem acessibilidade,2026-09-21 14:21:00,360587445408369473628701
UE2015 (Anterior),SANTA BÁRBARA,160,69,1796147,COLÉGIO ESTADUAL DE TEMPO INTEGRAL SÃO JOSÉ,"RUA SAO VICENTE DE PAULA, N° 198 - ZONA URBANA",CENTRO,44150000,-11.96212272,-38.97177036,318,Sem acessibilidade,2026-09-21 14:31:00,431294846815528440355289
UE2015 (Anterior),SANTA BÁRBARA,160,71,1750859,COLÉGIO ESTADUAL PROF. CARLOS VALADARES,AV. PATRICIO SAO PAULO - ZONA URBANA,CENTRO,44150000,-11.95744382,-38.97311624,380,Com acessibilidade,2026-09-21 11:03:00,663517267114294183502439
UE2015 (Anterior),SANTA BÁRBARA,160,72,1825184,ESCOLA CLERISTON ANDRADE,POVOADO SITIO DAS FLORES - ZONA RURAL,POVOADO SÍTIO DAS FLORES,44150000,-11.84222685,-38.93918856,348,Com acessibilidade,2026-09-21 11:11:00,542305251702129143586209
UE2015 (Anterior),SANTA BÁRBARA,160,74,1752794,COLÉGIO ESTADUAL PROF. CARLOS VALADARES,AV. PATRICIO SAO PAULO - ZONA URBANA,CENTRO,44150000,-11.95744382,-38.97311624,380,Com acessibilidade,2026-09-21 11:20:00,239274163871838020740138
UE2015 (Anterior),SANTA BÁRBARA,160,76,1767605,COLÉGIO ESTADUAL DE TEMPO INTEGRAL SÃO JOSÉ,"RUA SAO VICENTE DE PAULA, N° 198 - ZONA URBANA",CENTRO,44150000,-11.96212272,-38.97177036,314,Sem acessibilidade,2026-09-21 14:40:00,219072369593325021464780
UE2015 (Anterior),SANTA BÁRBARA,160,77,1751972,COLÉGIO ESTADUAL PROF. CARLOS VALADARES,AV. PATRICIO SAO PAULO - ZONA URBANA,CENTRO,44150000,-11.95744382,-38.97311624,377,Com acessibilidade,2026-09-21 11:29:00,693820954917926653138701
UE2015 (Anterior),SANTA BÁRBARA,160,80,1766314,ESCOLA DANIEL RIBEIRO DE OLIVEIRA,POVOADO VARINHAS - ZONA RURAL,POVOADO VARINHAS,44150000,-11.89723156,-38.9500555,249,Sem acessibilidade,2026-09-21 11:38:00,754426312123000546642221
UE2015 (Anterior),SANTA BÁRBARA,160,81,1832889,ESCOLA MARIO CUNHA DE OLIVEIRA,POVOADO MUCAMBO I - ZONA RURAL,POVOADO MUCAMBO I,44150000,-11.87866133,-38.95017371,333,Sem acessibilidade,2026-09-21 11:47:00,724123391320990156397928
UE2015 (Anterior),SANTA BÁRBARA,160,82,1791328,ESCOLA SENADOR RUI SANTOS,POVOADO CANDEAL PEQUENO - ZONA RURAL,POVOADO CANDEAL PEQUENO,44150000,-11.84040781,-38.99581569,232,Sem acessibilidade,2026-09-21 11:57:00,6951788148368502233544
UE2015 (Anterior),SANTA BÁRBARA,160,83,1792689,CENTRO DE EDUCAÇÃO E CULTURA JOÃO VENERÁVEL DE OLIVEIRA,POVOADO BOA VISTA - ZONA RURAL,POVOADO BOA VISTA,44150000,-11.9368188,-39.03524291,342,Com acessibilidade,2026-09-21 12:05:00,208971090668080537771602
UE2015 (Anterior),SANTA BÁRBARA,160,84,1766797,PSF TEREZINHA COSTA OLIVEIRA,POVOADO SUCUPIRA - ZONA RURAL,POVOADO SUCUPIRA,44150000,-12.00194095,-38.99307322,283,Com acessibilidade,2026-09-21 12:18:00,269577261574443063769868
UE2015 (Anterior),SANTA BÁRBARA,160,85,1764466,ESCOLA MUNICIPAL ARMINDO CORDEIRO DA SILVA,POVOADO SACO DO CAPITAO - ZONA RURAL,POVOADO SACO DO CAPITÃO,44150000,-12.04741839,-39.00423721,374,Sem acessibilidade,2026-09-21 08:45:00,309981413828130122105871
UE2015 (Anterior),SANTA BÁRBARA,160,86,1811821,ESCOLA MUNICIPAL JOSÉ SALES DE LIMA,POVOADO CRUZEIRO - ZONA RURAL,POVOADO CRUZEIRO,44150000,-12.01926224,-38.97078532,398,Sem acessibilidade,2026-09-21 08:53:00,158466378713931108827156
UE2015 (Anterior),SANTA BÁRBARA,160,90,1766374,ESCOLA MUNICIPAL MONSENHOR LUIZ RAMOS MACHADO,RUA LEONIDIO MANOEL DE ALMEIDA - ZONA URBANA,CENTRO,44150000,-11.95867291,-38.97781118,370,Com acessibilidade,2026-09-21 09:02:00,734224368571109516356042
UE2015 (Anterior),SANTA BÁRBARA,160,92,1837737,ESCOLA MUNICIPAL MONSENHOR LUIZ RAMOS MACHADO,RUA LEONIDIO MANOEL DE ALMEIDA - ZONA URBANA,CENTRO,44150000,-11.95867291,-38.97781118,373,Com acessibilidade,2026-09-21 09:11:00,229173072820615772719443
UE2015 (Anterior),SANTA BÁRBARA,160,93,1756944,ESCOLA MUNICIPAL IRMÃ IRAÍDES DE ARAÚJO CRUZ,"RUA EDNA LIMA PIRES, S/N, BAIRRO TERRA SANTA, - ZONA URBANA",TERRA SANTA,44150000,-11.9467495,-38.97629304,379,Com acessibilidade,2026-09-21 09:21:00,158466112513632905716878
UE2015 (Anterior),SANTA BÁRBARA,160,95,1757119,ESCOLA MUNICIPAL LUIZ PEREIRA DE SOUZA E NOSSA SENHORA APARECIDA,POVOADO GRAVATA (AS ESCOLAS FICAM NO MESMO TERRENO) - ZONA RURAL,POVOADO GRAVATÁ,44150000,-11.9839979,-38.99314815,373,Sem acessibilidade,2026-09-21 09:30:00,714022894669216029641499
UE2015 (Anterior),SANTA BÁRBARA,160,96,1766937,ESCOLA CLERISTON ANDRADE,POVOADO SITIO DAS FLORES - ZONA RURAL,POVOADO SÍTIO DAS FLORES,44150000,-11.84222685,-38.93918856,348,Com acessibilidade,2026-09-21 09:52:00,653416940263472299707962
UE2015 (Anterior),SANTA BÁRBARA,160,99,1764868,ESCOLA MUNICIPAL MONSENHOR LUIZ RAMOS MACHADO,RUA LEONIDIO MANOEL DE ALMEIDA - ZONA URBANA,CENTRO,44150000,-11.95867291,-38.97781118,372,Com acessibilidade,2026-09-21 10:01:00,562507181054949406132675
UE2015 (Anterior),SANTA BÁRBARA,160,100,1767013,ESCOLA MUNICIPAL ARMINDO CORDEIRO DA SILVA,POVOADO SACO DO CAPITAO - ZONA RURAL,POVOADO SACO DO CAPITÃO,44150000,-12.04741839,-39.00423721,382,Sem acessibilidade,2026-09-21 10:10:00,37254122801433887455234
UE2015 (Anterior),SANTA BÁRBARA,160,101,1768763,ESCOLA MUNICIPAL JOSÉ SALES DE LIMA,POVOADO CRUZEIRO - ZONA RURAL,POVOADO CRUZEIRO,44150000,-12.01926224,-38.97078532,398,Sem acessibilidade,2026-09-21 10:20:00,219072415919705922965453
UE2015 (Anterior),SANTA BÁRBARA,160,102,1810193,ESCOLA MUNICIPAL IRMÃ IRAÍDES DE ARAÚJO CRUZ,"RUA EDNA LIMA PIRES, S/N, BAIRRO TERRA SANTA, - ZONA URBANA",TERRA SANTA,44150000,-11.9467495,-38.97629304,379,Com acessibilidade,2026-09-21 10:28:00,87759391706135635605860
UE2015 (Anterior),SANTA BÁRBARA,160,105,1794827,ESCOLA MUNICIPAL MONSENHOR LUIZ RAMOS MACHADO,RUA LEONIDIO MANOEL DE ALMEIDA - ZONA URBANA,CENTRO,44150000,-11.95867291,-38.97781118,376,Com acessibilidade,2026-09-21 10:38:00,188769825216321496559707
UE2015 (Anterior),SANTA BÁRBARA,160,106,1768540,ESCOLA SENADOR RUI SANTOS,POVOADO CANDEAL PEQUENO - ZONA RURAL,POVOADO CANDEAL PEQUENO,44150000,-11.84040781,-38.99581569,234,Sem acessibilidade,2026-09-21 11:10:00,97860848407606146713983
UE2015 (Anterior),SANTA BÁRBARA,160,107,1763103,ESCOLA MUNICIPAL LUIZ PEREIRA DE SOUZA E NOSSA SENHORA APARECIDA,POVOADO GRAVATA (AS ESCOLAS FICAM NO MESMO TERRENO) - ZONA RURAL,POVOADO GRAVATÁ,44150000,-11.9839979,-38.99314815,375,Sem acessibilidade,2026-09-21 11:19:00,441395302942583426273922
UE2015 (Anterior),SANTA BÁRBARA,160,139,1767410,ESCOLA DANIEL RIBEIRO DE OLIVEIRA,POVOADO VARINHAS - ZONA RURAL,POVOADO VARINHAS,44150000,-11.89723156,-38.9500555,243,Sem acessibilidade,2026-09-21 11:28:00,582709878456741265930976
UE2015 (Anterior),SANTA BÁRBARA,160,145,1837621,ESCOLA MUNICIPAL IRMÃ IRAÍDES DE ARAÚJO CRUZ,"RUA EDNA LIMA PIRES, S/N, BAIRRO TERRA SANTA, - ZONA URBANA",TERRA SANTA,44150000,-11.9467495,-38.97629304,380,Com acessibilidade,2026-09-21 11:37:00,67557984004241641832565
UE2015 (Anterior),SANTA BÁRBARA,160,146,1766297,PSF TEREZINHA COSTA OLIVEIRA,POVOADO SUCUPIRA - ZONA RURAL,POVOADO SUCUPIRA,44150000,-12.00194095,-38.99307322,260,Com acessibilidade,2026-09-21 11:47:00,633214661761905763219244
UE2015 (Anterior),SANTA BÁRBARA,160,147,1767419,ESCOLA MUNICIPAL MONSENHOR LUIZ RAMOS MACHADO,RUA LEONIDIO MANOEL DE ALMEIDA - ZONA URBANA,CENTRO,44150000,-11.95867291,-38.97781118,375,Com acessibilidade,2026-09-21 11:57:00,804931948778167616871156
UE2015 (Anterior),SANTA BÁRBARA,160,148,1768218,ESCOLA MUNICIPAL MONSENHOR LUIZ RAMOS MACHADO,RUA LEONIDIO MANOEL DE ALMEIDA - ZONA URBANA,CENTRO,44150000,-11.95867291,-38.97781118,230,Sem acessibilidade,2026-09-21 12:14:00,794830047277698370072990
UE2015 (Anterior),SANTA BÁRBARA,160,150,1762573,ESCOLA MUNICIPAL ARMINDO CORDEIRO DA SILVA,POVOADO SACO DO CAPITAO - ZONA RURAL,POVOADO SACO DO CAPITÃO,44150000,-12.04741839,-39.00423721,66,Sem acessibilidade,2026-09-21 12:24:00,269577700724253140946295
UE2015 (Anterior),SANTA MARIA DA VITÓRIA,72,31,1753434,COLÉGIO ESTADUAL ROLANDO LARANJEIRA BARBOSA,RUA GONCALVES LEDO SN - CENTRO,CENTRO,47640000,-13.39175731,-44.19625259,369,Com acessibilidade,2026-09-28 08:09:00,488219808521868695343842
UE2015 (Anterior),SANTA MARIA DA VITÓRIA,72,32,1755038,COLÉGIO ESTADUAL ROLANDO LARANJEIRA BARBOSA,RUA GONCALVES LEDO SN - CENTRO,CENTRO,47640000,-13.39175731,-44.19625259,368,Com acessibilidade,2026-09-28 08:18:00,690340123242096349697348
UE2015 (Anterior),SANTA MARIA DA VITÓRIA,72,33,1764805,COLÉGIO ESTADUAL ROLANDO LARANJEIRA BARBOSA,RUA GONCALVES LEDO SN - CENTRO,CENTRO,47640000,-13.39175731,-44.19625259,369,Com acessibilidade,2026-09-28 08:27:00,639734172436052796082457
UE2015 (Anterior),SANTA MARIA DA VITÓRIA,72,34,1763982,COLÉGIO ESTADUAL ROLANDO LARANJEIRA BARBOSA,RUA GONCALVES LEDO SN - CENTRO,CENTRO,47640000,-13.39175731,-44.19625259,369,Com acessibilidade,2026-09-28 08:57:00,841855490457533097220811
UE2015 (Anterior),SANTA MARIA DA VITÓRIA,72,35,1764501,COLÉGIO ESTADUAL ROLANDO LARANJEIRA BARBOSA,RUA GONCALVES LEDO SN - CENTRO,CENTRO,47640000,-13.39175731,-44.19625259,367,Com acessibilidade,2026-09-28 09:11:00,417512174514436058542438
UE2015 (Anterior),SANTA MARIA DA VITÓRIA,72,36,1762799,COLÉGIO ESTADUAL ROLANDO LARANJEIRA BARBOSA,RUA GONCALVES LEDO SN - CENTRO,CENTRO,47640000,-13.39175731,-44.19625259,368,Com acessibilidade,2026-09-28 09:20:00,447815311517482412012889
UE2015 (Anterior),SANTA MARIA DA VITÓRIA,72,37,1767266,COLÉGIO ESTADUAL ROLANDO LARANJEIRA BARBOSA,RUA GONCALVES LEDO SN - CENTRO,CENTRO,47640000,-13.39175731,-44.19625259,369,Com acessibilidade,2026-09-28 09:53:00,963067941769489004037342
UE2015 (Anterior),SANTA MARIA DA VITÓRIA,72,38,1769448,CENTRO EDUCACIONAL DE INHAÚMAS,DISTRITO DE INHAUMAS - ZONA RURAL,DISTRITO INHAÚMAS,47640000,-13.03819825,-44.61912698,224,Com acessibilidade,2026-09-28 10:03:00,154986246488306430250237
UE2015 (Anterior),SANTA MARIA DA VITÓRIA,72,39,1772257,ESCOLA MUNICIPAL JEREMIAS RODRIGUES DA SILVA,POVOADO MOCAMBO - ZONA RURAL,POVOADO MOCAMBO,47640000,-13.28002965,-44.56285296,217,Com acessibilidade,2026-09-28 10:14:00,286299481301599737243651
UE2015 (Anterior),SANTA MARIA DA VITÓRIA,72,40,1767305,ESCOLA MUNICIPAL JEREMIAS RODRIGUES DA SILVA,POVOADO MOCAMBO - ZONA RURAL,POVOADO MOCAMBO,47640000,-13.28002965,-44.56285296,219,Com acessibilidade,2026-09-28 10:30:00,185289467191394489541497
UE2015 (Anterior),SANTA MARIA DA VITÓRIA,72,41,1771353,DOMINGO MANOEL CARDOSO,MARGENS DA RODOVIA BA 582 DISTRITO ACUDINA - ZONA RURAL,DISTRITO AÇUDINA,47640000,-13.2047136,-44.1485134,205,Com acessibilidade,2026-09-28 10:41:00,508421899723876135056752
UE2015 (Anterior),SANTA MARIA DA VITÓRIA,72,42,1772291,DOMINGO MANOEL CARDOSO,MARGENS DA RODOVIA BA 582 DISTRITO ACUDINA - ZONA RURAL,DISTRITO AÇUDINA,47640000,-13.2047136,-44.1485134,205,Com acessibilidade,2026-09-28 10:50:00,33774537876421215745534
UE2015 (Anterior),SANTA MARIA DA VITÓRIA,72,43,1672505,CENTRO ESTADUAL DE EDUCAÇÃO SANTA-MARIENSE,RUA CORONEL CLEMENTE DE ARAUJO 218 - ZONA URBANA,CENTRO,47640000,-13.39874382,-44.19874643,182,Com acessibilidade,2026-09-28 11:09:00,912562521764592537188541
UE2015 (Anterior),SANTA MARIA DA VITÓRIA,72,44,1673587,CENTRO ESTADUAL DE EDUCAÇÃO SANTA-MARIENSE,RUA CORONEL CLEMENTE DE ARAUJO 218 - ZONA URBANA,CENTRO,47640000,-13.39874382,-44.19874643,182,Com acessibilidade,2026-09-28 11:17:00,791350512052420651599198
UE2015 (Anterior),SANTA MARIA DA VITÓRIA,72,45,1656318,CENTRO ESTADUAL DE EDUCAÇÃO SANTA-MARIENSE,RUA CORONEL CLEMENTE DE ARAUJO 218 - ZONA URBANA,CENTRO,47640000,-13.39874382,-44.19874643,181,Com acessibilidade,2026-09-28 11:29:00,670138503140537569696871
UE2015 (Anterior),SANTA MARIA DA VITÓRIA,72,46,1820174,ESCOLA MUNICIPAL MOISÉS MARQUES DA SILVA,POVOADO PORTEIRA GRANDE - ZONA RURAL,POVOADO ÁGUA QUENTE,47640000,-13.21224958,-44.29397685,202,Com acessibilidade,2026-09-28 11:38:00,983269920571869855691944
UE2015 (Anterior),SANTA MARIA DA VITÓRIA,72,47,1781943,ESCOLA MUNICIPAL MOISÉS MARQUES DA SILVA,POVOADO PORTEIRA GRANDE - ZONA RURAL,POVOADO ÁGUA QUENTE,47640000,-13.21224958,-44.29397685,202,Com acessibilidade,2026-09-28 11:47:00,862057917559760439964705
UE2015 (Anterior),SANTA MARIA DA VITÓRIA,72,48,1788126,CENTRO ESTADUAL DE EDUCAÇÃO SANTA-MARIENSE,RUA CORONEL CLEMENTE DE ARAUJO 218 - ZONA URBANA,CENTRO,47640000,-13.39874382,-44.19874643,325,Com acessibilidade,2026-09-28 11:59:00,548825705527670185793637
UE2015 (Anterior),SANTA MARIA DA VITÓRIA,72,50,1772551,POPULAR OLIVEIRA MAGALHÃES,"RUA JOSÉ LEOPOLDO LIMA, S/N - ALTO DA IGREJINHA - ZONA URBANA",CENTRO,47640000,-13.39306326,-44.19817493,200,Com acessibilidade,2026-09-28 12:18:00,447815799617254473505645
UE2015 (Anterior),SANTA MARIA DA VITÓRIA,72,51,1655998,POPULAR OLIVEIRA MAGALHÃES,"RUA JOSÉ LEOPOLDO LIMA, S/N - ALTO DA IGREJINHA - ZONA URBANA",CENTRO,47640000,-13.39306326,-44.19817493,175,Com acessibilidade,2026-09-28 12:27:00,952966418068786870478898
UE2015 (Anterior),SANTA MARIA DA VITÓRIA,72,52,1810022,CENTRO EDUCACIONAL DE INHAÚMAS,DISTRITO DE INHAUMAS - ZONA RURAL,DISTRITO INHAÚMAS,47640000,-13.03819825,-44.61912698,223,Com acessibilidade,2026-09-28 12:38:00,710542288744708205083878
UE2015 (Anterior),SANTA MARIA DA VITÓRIA,72,53,1780101,CENTRO EDUCACIONAL DE INHAÚMAS,DISTRITO DE INHAUMAS - ZONA RURAL,DISTRITO INHAÚMAS,47640000,-13.03819825,-44.61912698,225,Com acessibilidade,2026-09-28 12:47:00,286299969001293776421086
UE2015 (Anterior),SANTA MARIA DA VITÓRIA,72,54,1780909,"FACITE - FACULDADE DE CIÊNCIAS, TECNOLOGIA E EDUCAÇÃO","RUA EMÍLIO MARQUES, N. 298 - ZONA URBANA",PARQUE DE EXPOSIÇÃO,47640000,-13.38194718,-44.20176211,326,Com acessibilidade,2026-09-28 12:55:00,437714223316390060630795
UE2015 (Anterior),SANTA MARIA DA VITÓRIA,72,55,1753560,"FACITE - FACULDADE DE CIÊNCIAS, TECNOLOGIA E EDUCAÇÃO","RUA EMÍLIO MARQUES, N. 298 - ZONA URBANA",PARQUE DE EXPOSIÇÃO,47640000,-13.38194718,-44.20176211,325,Com acessibilidade,2026-09-28 08:09:00,316502217242693035308853
UE2015 (Anterior),SANTA MARIA DA VITÓRIA,72,56,1756429,"FACITE - FACULDADE DE CIÊNCIAS, TECNOLOGIA E EDUCAÇÃO","RUA EMÍLIO MARQUES, N. 298 - ZONA URBANA",PARQUE DE EXPOSIÇÃO,47640000,-13.38194718,-44.20176211,326,Com acessibilidade,2026-09-28 08:18:00,195390201730593612174589
UE2015 (Anterior),SANTA MARIA DA VITÓRIA,72,57,1757876,"FACITE - FACULDADE DE CIÊNCIAS, TECNOLOGIA E EDUCAÇÃO","RUA EMÍLIO MARQUES, N. 298 - ZONA URBANA",PARQUE DE EXPOSIÇÃO,47640000,-13.38194718,-44.20176211,323,Com acessibilidade,2026-09-28 08:26:00,649835762775995247255465
UE2015 (Anterior),SANTA MARIA DA VITÓRIA,72,58,1761485,DOMINGO MANOEL CARDOSO,MARGENS DA RODOVIA BA 582 DISTRITO ACUDINA - ZONA RURAL,DISTRITO AÇUDINA,47640000,-13.2047136,-44.1485134,204,Com acessibilidade,2026-09-28 08:57:00,791350027390489010148336
UE2015 (Anterior),SANTA MARIA DA VITÓRIA,72,59,1762293,CENTRO EDUCACIONAL DE INHAÚMAS,DISTRITO DE INHAUMAS - ZONA RURAL,DISTRITO INHAÚMAS,47640000,-13.03819825,-44.61912698,223,Com acessibilidade,2026-09-28 09:06:00,64077408817346411659753
UE2015 (Anterior),SANTA MARIA DA VITÓRIA,72,63,1762344,CENTRO ESTADUAL DE EDUCAÇÃO SANTA-MARIENSE,RUA CORONEL CLEMENTE DE ARAUJO 218 - ZONA URBANA,CENTRO,47640000,-13.39874382,-44.19874643,179,Com acessibilidade,2026-09-28 09:14:00,124683875523350002445452
UE2015 (Anterior),SANTA MARIA DA VITÓRIA,72,64,1763535,CENTRO TERRITORIAL DA BACIA DO RIO CORRENTE,AVENIDA ROBERTO SANTOS SN - ZONA URBANA,SAMBAIBA,47640000,-13.3874314,-44.1902403,273,Com acessibilidade,2026-09-28 09:37:00,750946613986371719590564
UE2015 (Anterior),SANTA MARIA DA VITÓRIA,72,65,1764782,CENTRO TERRITORIAL DA BACIA DO RIO CORRENTE,AVENIDA ROBERTO SANTOS SN - ZONA URBANA,SAMBAIBA,47640000,-13.3874314,-44.1902403,273,Com acessibilidade,2026-09-28 09:47:00,407411375551116192375070
UE2015 (Anterior),SANTA MARIA DA VITÓRIA,72,66,1769691,CENTRO TERRITORIAL DA BACIA DO RIO CORRENTE,AVENIDA ROBERTO SANTOS SN - ZONA URBANA,SAMBAIBA,47640000,-13.3874314,-44.1902403,272,Com acessibilidade,2026-09-28 09:56:00,952966035006681521374578
UE2015 (Anterior),SANTA MARIA DA VITÓRIA,72,67,1770895,ESCOLA MUNICIPAL JEREMIAS RODRIGUES DA SILVA,POVOADO MOCAMBO - ZONA RURAL,POVOADO MOCAMBO,47640000,-13.28002965,-44.56285296,218,Com acessibilidade,2026-09-28 10:12:00,94380284420265065718491
UE2015 (Anterior),SANTA MARIA DA VITÓRIA,72,68,1770496,ESCOLA MUNICIPAL JEREMIAS RODRIGUES DA SILVA,POVOADO MOCAMBO - ZONA RURAL,POVOADO MOCAMBO,47640000,-13.28002965,-44.56285296,218,Com acessibilidade,2026-09-28 10:20:00,771148079388899158825764
UE2015 (Anterior),SANTA MARIA DA VITÓRIA,72,69,1773681,DOMINGO MANOEL CARDOSO,MARGENS DA RODOVIA BA 582 DISTRITO ACUDINA - ZONA RURAL,DISTRITO AÇUDINA,47640000,-13.2047136,-44.1485134,205,Com acessibilidade,2026-09-28 10:29:00,488219894959234360379260
UE2015 (Anterior),SANTA MARIA DA VITÓRIA,72,70,1775085,CENTRO ESTADUAL DE EDUCAÇÃO SANTA-MARIENSE,RUA CORONEL CLEMENTE DE ARAUJO 218 - ZONA URBANA,CENTRO,47640000,-13.39874382,-44.19874643,182,Com acessibilidade,2026-09-28 10:40:00,225693713533523672868353
UE2015 (Anterior),SANTA MARIA DA VITÓRIA,72,74,1775371,ESCOLA MUNICIPAL ROBERTO BORGES,"RUA GONÇALVES LEDO, S/N - ZONA URBANA",CENTRO,47640000,-13.3918934,-44.1963382,281,Com acessibilidade,2026-09-28 10:49:00,64077999317991128246802
UE2015 (Anterior),SANTA MARIA DA VITÓRIA,72,75,1752777,ESCOLA MUNICIPAL ROBERTO BORGES,"RUA GONÇALVES LEDO, S/N - ZONA URBANA",CENTRO,47640000,-13.3918934,-44.1963382,279,Com acessibilidade,2026-09-28 10:57:00,579128617768455163320728
UE2015 (Anterior),SANTA MARIA DA VITÓRIA,72,76,1792735,ESCOLA MUNICIPAL ROBERTO BORGES,"RUA GONÇALVES LEDO, S/N - ZONA URBANA",CENTRO,47640000,-13.3918934,-44.1963382,280,Com acessibilidade,2026-09-28 11:08:00,922663079403533722718939
UE2015 (Anterior),SANTA MARIA DA VITÓRIA,72,78,1677613,CENTRO ESTADUAL DE EDUCAÇÃO SANTA-MARIENSE,RUA CORONEL CLEMENTE DE ARAUJO 218 - ZONA URBANA,CENTRO,47640000,-13.39874382,-44.19874643,181,Com acessibilidade,2026-09-28 11:17:00,548825912565176321289096
UE2015 (Anterior),SANTA MARIA DA VITÓRIA,72,79,1824027,CENTRO ESTADUAL DE EDUCAÇÃO SANTA-MARIENSE,RUA CORONEL CLEMENTE DE ARAUJO 218 - ZONA URBANA,CENTRO,47640000,-13.39874382,-44.19874643,182,Com acessibilidade,2026-09-28 11:25:00,538724016164118543626212
UE2015 (Anterior),SANTA MARIA DA VITÓRIA,72,80,1778838,CORNÉLIO FERREIRA DO NASCIMENTO,POVOADO NOVA FRANCA - ZONA RURAL,POVOADO NOVA FRANCA,47640000,-13.35813039,-44.51487049,200,Com acessibilidade,2026-09-28 11:35:00,387209940649058892713394
UE2015 (Anterior),SANTA MARIA DA VITÓRIA,72,81,1839858,CORNÉLIO FERREIRA DO NASCIMENTO,POVOADO NOVA FRANCA - ZONA RURAL,POVOADO NOVA FRANCA,47640000,-13.35813039,-44.51487049,198,Com acessibilidade,2026-09-28 11:44:00,23673696413712865120919
UE2015 (Anterior),SANTA MARIA DA VITÓRIA,72,82,1795416,ESCOLA MUNICIPAL MOISÉS MARQUES DA SILVA,POVOADO PORTEIRA GRANDE - ZONA RURAL,POVOADO ÁGUA QUENTE,47640000,-13.21224958,-44.29397685,204,Com acessibilidade,2026-09-28 11:54:00,377108153248156383709837
UE2015 (Anterior),SANTA MARIA DA VITÓRIA,72,83,1793768,ESCOLA MUNICIPAL MOISÉS MARQUES DA SILVA,POVOADO PORTEIRA GRANDE - ZONA RURAL,POVOADO ÁGUA QUENTE,47640000,-13.21224958,-44.29397685,205,Com acessibilidade,2026-09-28 12:02:00,629633513373923268604381
UE2015 (Anterior),SANTA MARIA DA VITÓRIA,72,84,1795468,CENTRO EDUCACIONAL DE INHAÚMAS,DISTRITO DE INHAUMAS - ZONA RURAL,DISTRITO INHAÚMAS,47640000,-13.03819825,-44.61912698,227,Com acessibilidade,2026-09-28 12:11:00,629633623073943764231971
UE2015 (Anterior),SANTA MARIA DA VITÓRIA,72,85,1751521,CENTRO EDUCACIONAL DE INHAÚMAS,DISTRITO DE INHAUMAS - ZONA RURAL,DISTRITO INHAÚMAS,47640000,-13.03819825,-44.61912698,223,Com acessibilidade,2026-09-28 08:10:00,468017573457305404879742
UE2015 (Anterior),SANTA MARIA DA VITÓRIA,72,86,1750374,ESCOLA MUNICIPAL JEREMIAS RODRIGUES DA SILVA,POVOADO MOCAMBO - ZONA RURAL,POVOADO MOCAMBO,47640000,-13.28002965,-44.56285296,221,Com acessibilidade,2026-09-28 08:18:00,993370214610394562346219
UE2015 (Anterior),SANTA MARIA DA VITÓRIA,72,87,1759236,CENTRO TERRITORIAL DA BACIA DO RIO CORRENTE,AVENIDA ROBERTO SANTOS SN - ZONA URBANA,SAMBAIBA,47640000,-13.3874314,-44.1902403,270,Com acessibilidade,2026-09-28 08:26:00,205491531531558508220270
UE2015 (Anterior),SANTA MARIA DA VITÓRIA,72,88,1762839,CENTRO TERRITORIAL DA BACIA DO RIO CORRENTE,AVENIDA ROBERTO SANTOS SN - ZONA URBANA,SAMBAIBA,47640000,-13.3874314,-44.1902403,273,Com acessibilidade,2026-09-28 09:02:00,912562350302915069260050
UE2015 (Anterior),SANTA MARIA DA VITÓRIA,72,91,1765366,UFOB - UNIVERSIDADE FEDERAL DO OESTE DA BAHIA,"PRAÇA ARGEMIRO FILARDI, S/N - ZONA URBANA",CENTRO,47640000,-13.3905692,-44.1939725,261,Com acessibilidade,2026-09-28 09:10:00,548825286465497752506244
UE2015 (Anterior),SANTA MARIA DA VITÓRIA,72,92,1761417,ESCOLA MUNICIPAL MARILENE DE JESUS CARDOSO MATOS,"RUA RIO CORRENTE, N. 121 - ZONA URBANA",SETOR DO CARRANCA,47640000,-13.39456933,-44.20474988,281,Com acessibilidade,2026-09-28 09:18:00,750946601086264068410173
UE2015 (Anterior),SANTA MARIA DA VITÓRIA,72,93,1764079,ESCOLA MUNICIPAL MARILENE DE JESUS CARDOSO MATOS,"RUA RIO CORRENTE, N. 121 - ZONA URBANA",SETOR DO CARRANCA,47640000,-13.39456933,-44.20474988,279,Com acessibilidade,2026-09-28 09:43:00,750946719386185045682769
UE2015 (Anterior),SANTA MARIA DA VITÓRIA,72,94,1769473,PREDIO ESCOLAR ANTONIO RODRIGUES DA MATA,POVOADO CURRAIS - ZONA RURAL,POVOADO CURRAIS,47640000,-13.33067319,-44.40938883,177,Com acessibilidade,2026-09-28 09:51:00,508421578761884122279929
UE2015 (Anterior),SANTA MARIA DA VITÓRIA,72,95,1765497,PREDIO ESCOLAR ANTONIO RODRIGUES DA MATA,POVOADO CURRAIS - ZONA RURAL,POVOADO CURRAIS,47640000,-13.33067319,-44.40938883,176,Com acessibilidade,2026-09-28 10:00:00,488219660759426979255504
UE2015 (Anterior),SANTA MARIA DA VITÓRIA,72,96,1795770,ESCOLA MUNICIPAL OLIMPIO FERNANDES LEAO,POVOADO CUSCUZEIRO - ZONA RURAL,POVOADO CUSCUZEIRO,47640000,-13.3204732,-44.1383576,400,Com acessibilidade,2026-09-28 10:30:00,13572302912228945755662
UE2015 (Anterior),SANTA MARIA DA VITÓRIA,72,97,1773015,ESCOLA MUNICIPAL OLIMPIO FERNANDES LEAO,POVOADO CUSCUZEIRO - ZONA RURAL,POVOADO CUSCUZEIRO,47640000,-13.3204732,-44.1383576,395,Com acessibilidade,2026-09-28 10:39:00,902461300801741577953529
UE2015 (Anterior),SANTA MARIA DA VITÓRIA,72,98,1776317,ESCOLA MUNICIPAL CELSO BARBOSA,POVOADO BREJAO - ZONA RURAL  ,POVOADO BREJÃO,47640000,-13.33942538,-44.2788292,373,Com acessibilidade,2026-09-28 10:47:00,286299791239074883132457
UE2015 (Anterior),SANTA MARIA DA VITÓRIA,72,99,1843984,ESCOLA MUNICIPAL TOME HIPOLITO CARDOSO,POVOADO CANIVETA - ZONA RURAL,POVOADO CANIVETA,47640000,-13.22236487,-44.52386762,339,Com acessibilidade,2026-09-28 11:16:00,569027187967124081355880
UE2015 (Anterior),SANTA MARIA DA VITÓRIA,72,102,1767737,PREDIO ESCOLAR ANTONIO RODRIGUES DA MATA,POVOADO CURRAIS - ZONA RURAL,POVOADO CURRAIS,47640000,-13.33067319,-44.40938883,176,Com acessibilidade,2026-09-28 11:24:00,144885454625659113766929
UE2015 (Anterior),SANTA MARIA DA VITÓRIA,72,103,1770918,CORNÉLIO FERREIRA DO NASCIMENTO,POVOADO NOVA FRANCA - ZONA RURAL,POVOADO NOVA FRANCA,47640000,-13.35813039,-44.51487049,198,Com acessibilidade,2026-09-28 11:32:00,336704751444793534676037
UE2015 (Anterior),SANTA MARIA DA VITÓRIA,72,106,1791405,CENTRO TERRITORIAL DA BACIA DO RIO CORRENTE,AVENIDA ROBERTO SANTOS SN - ZONA URBANA,SAMBAIBA,47640000,-13.3874314,-44.1902403,274,Com acessibilidade,2026-09-28 11:49:00,720643471183760531822569
UE2015 (Anterior),SANTA MARIA DA VITÓRIA,72,107,1796304,UFOB - UNIVERSIDADE FEDERAL DO OESTE DA BAHIA,"PRAÇA ARGEMIRO FILARDI, S/N - ZONA URBANA",CENTRO,47640000,-13.3905692,-44.1939725,260,Com acessibilidade,2026-09-28 11:58:00,175188038528235926719226
UE2015 (Anterior),SANTA MARIA DA VITÓRIA,72,111,1793579,"FACITE - FACULDADE DE CIÊNCIAS, TECNOLOGIA E EDUCAÇÃO","RUA EMÍLIO MARQUES, N. 298 - ZONA URBANA",PARQUE DE EXPOSIÇÃO,47640000,-13.38194718,-44.20176211,326,Com acessibilidade,2026-09-28 12:09:00,579128843468360166972919
UE2015 (Anterior),SANTA MARIA DA VITÓRIA,72,127,1795293,ESCOLA MUNICIPAL NOVA ESPERANCA,POVOADO JITIRANA - ZONA RURAL,POVOADO JITIRANA,47640000,-13.24631599,-44.21291606,272,Com acessibilidade,2026-09-28 12:25:00,447815448655130638509986
UE2015 (Anterior),SANTA MARIA DA VITÓRIA,72,128,1780009,ESCOLA MUNICIPAL JERONIMO MOREIRA DOS SANTOS,POVOADO CAFUNDO DOS CRIOULOS - ZONA RURAL,POVOADO CAFUNDÓ DOS CRIOULOS,47640000,-13.27661534,-44.39073291,259,Com acessibilidade,2026-09-28 12:33:00,266097375337907283647381
UE2015 (Anterior),SANTA MARIA DA VITÓRIA,72,130,1764880,ESCOLA MUNICIPAL CASSIMIRO MOREIRA,POVOADO PAJEU - ZONA RURAL,POVOADO PAJEU,47640000,-13.18636723,-44.51469204,235,Com acessibilidade,2026-09-28 12:41:00,286299583239873608711196
UE2015 (Anterior),SANTA MARIA DA VITÓRIA,72,131,1779974,ESCOLA MUNICIPAL ISIDORIO AFONSO DE OLIVEIRA,POVOADO BREJO DO ESPIRITO SANTO - ZONA RURAL,POVOADO BREJO DO ESPÍRITO SANTO,47640000,-13.3060029,-44.27232059,295,Com acessibilidade,2026-09-28 12:51:00,730744146584412861575729
UE2015 (Anterior),SANTA MARIA DA VITÓRIA,72,132,1781216,ESCOLA MUNICIPAL BENTO MANOEL DA SILVA,POVOADO CARAIBAS - ZONA RURAL,POVOADO CARAIBAS,47640000,-13.36510957,-44.44634111,263,Com acessibilidade,2026-09-28 13:01:00,831754351794175590573838
UE2015 (Anterior),SANTA MARIA DA VITÓRIA,72,167,1751954,POPULAR OLIVEIRA MAGALHÃES,"RUA JOSÉ LEOPOLDO LIMA, S/N - ALTO DA IGREJINHA - ZONA URBANA",CENTRO,47640000,-13.39306326,-44.19817493,198,Com acessibilidade,2026-09-28 08:09:00,983269267486360579846232
UE2015 (Anterior),SANTA MARIA DA VITÓRIA,72,173,1788644,ODORICO MARQUES,POVOADO BARREIRO CANABRAVA - ZONA RURAL,POVOADO BARREIRO DA CANABRAVA,47640000,-13.3120538,-44.0066351,128,Com acessibilidade,2026-09-28 08:17:00,639734540351960782242609
UE2015 (Anterior),SANTA MARIA DA VITÓRIA,72,174,1763012,ESCOLA MUNICIPAL SAO JOAO,POVOADO SAO JOAO - ZONA RURAL,POVOADO SAO JOAO,47640000,-13.30441892,-44.32583994,210,Com acessibilidade,2026-09-28 08:25:00,316502331119599029618711
UE2015 (Anterior),SANTA MARIA DA VITÓRIA,72,177,1765295,POPULAR OLIVEIRA MAGALHÃES,"RUA JOSÉ LEOPOLDO LIMA, S/N - ALTO DA IGREJINHA - ZONA URBANA",CENTRO,47640000,-13.39306326,-44.19817493,298,Com acessibilidade,2026-09-28 08:48:00,266097615314938550788165
UE2015 (Anterior),SANTA MARIA DA VITÓRIA,72,178,1764942,CENTRO EDUCACIONAL DE INHAÚMAS,DISTRITO DE INHAUMAS - ZONA RURAL,DISTRITO INHAÚMAS,47640000,-13.03819825,-44.61912698,225,Com acessibilidade,2026-09-28 08:57:00,488219943336176412491850
UE2015 (Anterior),SANTA MARIA DA VITÓRIA,72,179,1769334,DOMINGO MANOEL CARDOSO,MARGENS DA RODOVIA BA 582 DISTRITO ACUDINA - ZONA RURAL,DISTRITO AÇUDINA,47640000,-13.2047136,-44.1485134,204,Com acessibilidade,2026-09-28 09:05:00,64077630194275632591059
UE2015 (Anterior),SANTA MARIA DA VITÓRIA,72,180,1767222,CENTRO TERRITORIAL DA BACIA DO RIO CORRENTE,AVENIDA ROBERTO SANTOS SN - ZONA URBANA,SAMBAIBA,47640000,-13.3874314,-44.1902403,272,Com acessibilidade,2026-09-28 09:34:00,175188825805582049460390
UE2015 (Anterior),SANTA MARIA DA VITÓRIA,72,181,1769142,ESCOLA MUNICIPAL ROBERTO BORGES,"RUA GONÇALVES LEDO, S/N - ZONA URBANA",CENTRO,47640000,-13.3918934,-44.1963382,278,Com acessibilidade,2026-09-28 09:42:00,791350555367153608144963
UE2015 (Anterior),SANTA MARIA DA VITÓRIA,72,182,1777387,ESCOLA MUNICIPAL MARILENE DE JESUS CARDOSO MATOS,"RUA RIO CORRENTE, N. 121 - ZONA URBANA",SETOR DO CARRANCA,47640000,-13.39456933,-44.20474988,279,Com acessibilidade,2026-09-28 09:51:00,33774907391418864195970
UE2015 (Anterior),SANTA MARIA DA VITÓRIA,72,183,1778705,ESCOLA MUNICIPAL BOA ESPERANCA,POVOADO DE PONTE VELHA - ZONA RURAL,DISTRITO INHAÚMAS,47640000,-13.18345491,-44.62177736,238,Com acessibilidade,2026-09-28 10:12:00,569027545744739402545452
UE2015 (Anterior),SANTA MARIA DA VITÓRIA,72,184,1771408,ESCOLA MUNICIPAL SANTO ANTONIO,POVOADO MONTEVIDINHA - ZONA RURAL,POVOADO MONTEVIDINHA,47640000,-13.31474138,-44.42192135,275,Com acessibilidade,2026-09-28 10:20:00,609431690448723681096729
UE2015 (Anterior),SANTA MARIA DA VITÓRIA,72,185,1771424,PREDIO ESCOLAR ANTONIO RODRIGUES DA MATA,POVOADO CURRAIS - ZONA RURAL,POVOADO CURRAIS,47640000,-13.33067319,-44.40938883,176,Com acessibilidade,2026-09-28 10:28:00,185289384806863826539628
UE2015 (Anterior),SANTA MARIA DA VITÓRIA,72,187,1773642,"FACITE - FACULDADE DE CIÊNCIAS, TECNOLOGIA E EDUCAÇÃO","RUA EMÍLIO MARQUES, N. 298 - ZONA URBANA",PARQUE DE EXPOSIÇÃO,47640000,-13.38194718,-44.20176211,326,Com acessibilidade,2026-09-28 10:55:00,538724951941272560223817
UE2015 (Anterior),SANTA MARIA DA VITÓRIA,72,191,1776602,"FACITE - FACULDADE DE CIÊNCIAS, TECNOLOGIA E EDUCAÇÃO","RUA EMÍLIO MARQUES, N. 298 - ZONA URBANA",PARQUE DE EXPOSIÇÃO,47640000,-13.38194718,-44.20176211,326,Com acessibilidade,2026-09-28 11:03:00,124683956100380817598266
UE2015 (Anterior),SANTA MARIA DA VITÓRIA,72,192,1793563,CENTRO TERRITORIAL DA BACIA DO RIO CORRENTE,AVENIDA ROBERTO SANTOS SN - ZONA URBANA,SAMBAIBA,47640000,-13.3874314,-44.1902403,273,Com acessibilidade,2026-09-28 11:11:00,589229527046794177121507
UE2015 (Anterior),SANTA MARIA DA VITÓRIA,72,193,1824030,ESCOLA MUNICIPAL HERCULANO MARQUES,POVOADO CAFUNDO DOS GERAIS - ZONA RURAL,POVOADO CAFUNDO DOS GERAIS,47640000,-13.16506394,-44.26058261,206,Sem acessibilidade,2026-09-28 11:35:00,437714489931105535695923
UE2015 (Anterior),SANTA MARIA DA VITÓRIA,72,195,1782121,UFOB - UNIVERSIDADE FEDERAL DO OESTE DA BAHIA,"PRAÇA ARGEMIRO FILARDI, S/N - ZONA URBANA",CENTRO,47640000,-13.3905692,-44.1939725,261,Com acessibilidade,2026-09-28 11:44:00,124683391400810165906526
UE2015 (Anterior),SANTA MARIA DA VITÓRIA,72,196,1795233,CENTRO ESTADUAL DE EDUCAÇÃO SANTA-MARIENSE,RUA CORONEL CLEMENTE DE ARAUJO 218 - ZONA URBANA,CENTRO,47640000,-13.39874382,-44.19874643,340,Com acessibilidade,2026-09-28 11:53:00,963067347284676173359461
UE2015 (Anterior),SANTA MARIA DA VITÓRIA,72,197,1776636,DOMINGO MANOEL CARDOSO,MARGENS DA RODOVIA BA 582 DISTRITO ACUDINA - ZONA RURAL,DISTRITO AÇUDINA,47640000,-13.2047136,-44.1485134,204,Com acessibilidade,2026-09-28 12:18:00,750946249363564643565287
UE2015 (Anterior),SANTA MARIA DA VITÓRIA,72,198,1810516,ESCOLA MUNICIPAL MOISÉS MARQUES DA SILVA,POVOADO PORTEIRA GRANDE - ZONA RURAL,POVOADO ÁGUA QUENTE,47640000,-13.21224958,-44.29397685,201,Com acessibilidade,2026-09-28 12:26:00,700441304658460804264426
UE2015 (Anterior),SANTA MARIA DA VITÓRIA,72,201,1780066,CENTRO EDUCACIONAL DE INHAÚMAS,DISTRITO DE INHAUMAS - ZONA RURAL,DISTRITO INHAÚMAS,47640000,-13.03819825,-44.61912698,224,Com acessibilidade,2026-09-28 12:34:00,306401599618010587145260
UE2015 (Anterior),SANTA MARIA DA VITÓRIA,72,202,1780175,DOMINGO MANOEL CARDOSO,MARGENS DA RODOVIA BA 582 DISTRITO ACUDINA - ZONA RURAL,DISTRITO AÇUDINA,47640000,-13.2047136,-44.1485134,204,Com acessibilidade,2026-09-28 12:50:00,942865346982554396019918
UE2015 (Anterior),SANTA MARIA DA VITÓRIA,72,204,1754455,CENTRO EDUCACIONAL DE INHAÚMAS,DISTRITO DE INHAUMAS - ZONA RURAL,DISTRITO INHAÚMAS,47640000,-13.03819825,-44.61912698,223,Com acessibilidade,2026-09-28 08:09:00,175188799440554225486045
UE2015 (Anterior),SANTA MARIA DA VITÓRIA,72,207,1760886,ESCOLA MUNICIPAL OLIMPIO FERNANDES LEAO,POVOADO CUSCUZEIRO - ZONA RURAL,POVOADO CUSCUZEIRO,47640000,-13.3204732,-44.1383576,398,Com acessibilidade,2026-09-28 08:17:00,680239639091017418566855
UE2015 (Anterior),SANTA MARIA DA VITÓRIA,72,208,1759742,ESCOLA MUNICIPAL JOSE FRANCISCO DE OLIVEIRA,POVOADO CORAGINA - ZONA RURAL,POVOADO CORAGINA,47640000,-13.37797396,-44.47359625,237,Com acessibilidade,2026-09-28 08:26:00,579128636280922134210404
UE2015 (Anterior),SANTA MARIA DA VITÓRIA,72,211,1763229,ESCOLA MUNICIPAL BOA ESPERANCA,POVOADO DE PONTE VELHA - ZONA RURAL,DISTRITO INHAÚMAS,47640000,-13.18345491,-44.62177736,238,Com acessibilidade,2026-09-28 09:00:00,528623882075385125481113
UE2015 (Anterior),SANTA MARIA DA VITÓRIA,72,212,1768688,ESCOLA MUNICIPAL BENTO MANOEL DA SILVA,POVOADO CARAIBAS - ZONA RURAL,POVOADO CARAIBAS,47640000,-13.36510957,-44.44634111,260,Com acessibilidade,2026-09-28 09:08:00,700441176893122085691946
UE2015 (Anterior),SANTA MARIA DA VITÓRIA,72,213,1767503,ESCOLA MUNICIPAL CASSIMIRO MOREIRA,POVOADO PAJEU - ZONA RURAL,POVOADO PAJEU,47640000,-13.18636723,-44.51469204,236,Com acessibilidade,2026-09-28 09:17:00,942865524317382577915178
UE2015 (Anterior),SANTA MARIA DA VITÓRIA,72,214,1778546,ESCOLA MUNICIPAL MARILENE DE JESUS CARDOSO MATOS,"RUA RIO CORRENTE, N. 121 - ZONA URBANA",SETOR DO CARRANCA,47640000,-13.39456933,-44.20474988,279,Com acessibilidade,2026-09-28 09:37:00,23673714225648026593834
UE2015 (Anterior),SANTA MARIA DA VITÓRIA,72,216,1772020,ESCOLA MUNICIPAL JOSÉ TEIXEIRA CHAVES,ESTRADA DE INHAÚMAS - POVOADO DE SÃO FRANCISCO - ZONA RURAL ,POVOADO DE SÃO FRANCISCO,47640000,-13.32030816,-44.54889143,147,Com acessibilidade,2026-09-28 09:46:00,377108281260014762657848
UE2015 (Anterior),SANTA MARIA DA VITÓRIA,72,217,1765884,ESCOLA MUNICIPAL NOVA ESPERANCA,POVOADO JITIRANA - ZONA RURAL,POVOADO JITIRANA,47640000,-13.24631599,-44.21291606,268,Com acessibilidade,2026-09-28 09:55:00,134784156236798527803737
UE2015 (Anterior),SANTA MARIA DA VITÓRIA,72,219,1772633,UFOB - UNIVERSIDADE FEDERAL DO OESTE DA BAHIA,"PRAÇA ARGEMIRO FILARDI, S/N - ZONA URBANA",CENTRO,47640000,-13.3905692,-44.1939725,262,Com acessibilidade,2026-09-28 10:15:00,952966195018336991819661
UE2015 (Anterior),SANTA MARIA DA VITÓRIA,72,220,1773420,ESCOLA MUNICIPAL SANTO ANTONIO,POVOADO MONTEVIDINHA - ZONA RURAL,POVOADO MONTEVIDINHA,47640000,-13.31474138,-44.42192135,275,Com acessibilidade,2026-09-28 10:24:00,801451129203206969597853
UE2015 (Anterior),SANTA MARIA DA VITÓRIA,72,223,1775917,"FACITE - FACULDADE DE CIÊNCIAS, TECNOLOGIA E EDUCAÇÃO","RUA EMÍLIO MARQUES, N. 298 - ZONA URBANA",PARQUE DE EXPOSIÇÃO,47640000,-13.38194718,-44.20176211,327,Com acessibilidade,2026-09-28 10:32:00,286299934551631812363022
UE2015 (Anterior),SANTA MARIA DA VITÓRIA,72,224,1776504,ESCOLA MUNICIPAL MARILENE DE JESUS CARDOSO MATOS,"RUA RIO CORRENTE, N. 121 - ZONA URBANA",SETOR DO CARRANCA,47640000,-13.39456933,-44.20474988,279,Com acessibilidade,2026-09-28 10:54:00,326603089255999190183706
UE2015 (Anterior),SANTA MARIA DA VITÓRIA,72,227,1788412,ESCOLA MUNICIPAL OLIMPIO FERNANDES LEAO,POVOADO CUSCUZEIRO - ZONA RURAL,POVOADO CUSCUZEIRO,47640000,-13.3204732,-44.1383576,396,Com acessibilidade,2026-09-28 11:03:00,740845834997008828548167
UE2015 (Anterior),SANTA MARIA DA VITÓRIA,72,228,1794825,ESCOLA MUNICIPAL JOSÉ ALVARES BRANDÃO,POVOADO DE MACACO DOS GERAIS - ZONA RURAL,POVOADO DE MACACO DOS GERAIS,47640000,-13.14842778,-44.51521452,344,Com acessibilidade,2026-09-28 11:12:00,53976252128339321339858
UE2015 (Anterior),SANTA MARIA DA VITÓRIA,72,229,1808272,ESCOLA MUNICIPAL DOM PEDRO II,POVOADO TIRIRICA - ZONA RURAL,POVOADO TIRIRICA,47640000,-13.38851592,-44.33420401,299,Com acessibilidade,2026-09-28 11:28:00,306401617653096793967765
UE2015 (Anterior),SANTA MARIA DA VITÓRIA,72,231,1824254,ESCOLA MUNICIPAL SENADOR JOSAPHAT MARINHO,"RUA A, 100 - ZONA URBANA",SETOR PLANALTO,47640000,-13.3885048,-44.2078715,347,Com acessibilidade,2026-09-28 11:40:00,276198775550680557388497
UE2015 (Anterior),SANTA MARIA DA VITÓRIA,72,232,1788661,ESCOLA EVANGÉLICA ROSA MAGALHÃES,"RUA TENENTE FAÇANHA, S/N  - ZONA URBANA",VILA NOVA,47640000,-13.39595944,-44.21024835,400,Com acessibilidade,2026-09-28 11:48:00,175188785240143311809621
UE2015 (Anterior),SANTA MARIA DA VITÓRIA,72,235,1815230,ESCOLA MUNICIPAL ROBERTO BORGES,"RUA GONÇALVES LEDO, S/N - ZONA URBANA",CENTRO,47640000,-13.3918934,-44.1963382,281,Com acessibilidade,2026-09-28 12:09:00,134784078136927678490241
UE2015 (Anterior),SANTA MARIA DA VITÓRIA,72,237,1812902,ESCOLA MUNICIPAL JOSÉ ALVARES BRANDÃO,POVOADO DE MACACO DOS GERAIS - ZONA RURAL,POVOADO DE MACACO DOS GERAIS,47640000,-13.14842778,-44.51521452,284,Com acessibilidade,2026-09-28 12:18:00,659936814088468699261396
UE2015 (Anterior),SANTA MARIA DA VITÓRIA,72,238,1836079,ESCOLA EVANGÉLICA ROSA MAGALHÃES,"RUA TENENTE FAÇANHA, S/N  - ZONA URBANA",VILA NOVA,47640000,-13.39595944,-44.21024835,398,Com acessibilidade,2026-09-28 12:28:00,700441978093601622558586
UE2015 (Anterior),SANTA MARIA DA VITÓRIA,72,240,1795616,ESCOLA MUNICIPAL SENADOR JOSAPHAT MARINHO,"RUA A, 100 - ZONA URBANA",SETOR PLANALTO,47640000,-13.3885048,-44.2078715,347,Sem acessibilidade,2026-09-28 12:40:00,922663380115440553794100
UE2015 (Anterior),SANTANA,99,42,1795724,EDUCANDÁRIO DIOCESANO SANT'ANA,"RUA PADRE AURÉLIO, S/N - ZONA URBANA",CENTRO,47700000,-12.9811892,-44.0493401,185,Com acessibilidade,2026-09-29 08:55:00,870749379670510418700838
UE2015 (Anterior),SANTANA,99,44,1787817,PREDIO ESCOLAR BARAO DO RIO BRANCO,"AVENIDA MANOEL NOVAIS, S/N - ZONA URBANA",CENTRO,47700000,-12.9819483,-44.0497167,296,Com acessibilidade,2026-09-29 09:08:00,284890006711799763780804
UE2015 (Anterior),SANTANA,99,45,1766311,PREDIO ESCOLAR BARAO DO RIO BRANCO,"AVENIDA MANOEL NOVAIS, S/N - ZONA URBANA",CENTRO,47700000,-12.9819483,-44.0497167,291,Com acessibilidade,2026-09-29 09:30:00,345496175317569891309098
UE2015 (Anterior),SANTANA,99,46,1809113,SECRETARIA MUNICIPAL DE EDUCAÇÃO,"RUA JOSÉ BONIFÁCIO, S/N - ZONA URBANA",CENTRO,47700000,-12.9825966,-44.0481069,276,Com acessibilidade,2026-09-29 09:43:00,830345777466357433395454
UE2015 (Anterior),SANTANA,99,47,1771304,EDUCANDÁRIO DIOCESANO SANT'ANA,"RUA PADRE AURÉLIO, S/N - ZONA URBANA",CENTRO,47700000,-12.9811892,-44.0493401,188,Com acessibilidade,2026-09-29 09:53:00,365698413719974004776715
UE2015 (Anterior),SANTANA,99,49,1810513,SECRETARIA MUNICIPAL DE EDUCAÇÃO,"RUA JOSÉ BONIFÁCIO, S/N - ZONA URBANA",CENTRO,47700000,-12.9825966,-44.0481069,276,Com acessibilidade,2026-09-29 10:05:00,345496618317726232288508
UE2015 (Anterior),SANTANA,99,50,1755349,SECRETARIA MUNICIPAL DE EDUCAÇÃO,"RUA JOSÉ BONIFÁCIO, S/N - ZONA URBANA",CENTRO,47700000,-12.9825966,-44.0481069,276,Com acessibilidade,2026-09-29 10:15:00,355597703918825564503457
UE2015 (Anterior),SANTANA,99,51,1765386,SECRETARIA MUNICIPAL DE EDUCAÇÃO,"RUA JOSÉ BONIFÁCIO, S/N - ZONA URBANA",CENTRO,47700000,-12.9825966,-44.0481069,275,Com acessibilidade,2026-09-29 10:31:00,507012968233873414130001
UE2015 (Anterior),SANTANA,99,52,1773239,INSTITUIÇÃO ESPÍRITA JESUS CHRISTO,"RUA UBALDINA REGIS, S/N - ZONA URBANA",SÃO JOSÉ,47700000,-12.9841708,-44.0464334,344,Com acessibilidade,2026-09-29 10:42:00,204082771003733182951546
UE2015 (Anterior),SANTANA,99,53,1774864,INSTITUIÇÃO ESPÍRITA JESUS CHRISTO,"RUA UBALDINA REGIS, S/N - ZONA URBANA",SÃO JOSÉ,47700000,-12.9841708,-44.0464334,344,Com acessibilidade,2026-09-29 10:54:00,385800066721148406410765
UE2015 (Anterior),SANTANA,99,54,1776122,ESCOLA MUNICIPAL ALEGRIA DO SABER,"RUA SAO VICENTE DE PAULA, S/N - ZONA URBANA",SÃO JOÃO,47700000,-12.9794591,-44.052499,388,Com acessibilidade,2026-09-29 11:05:00,173779965300668110990369
UE2015 (Anterior),SANTANA,99,55,1809593,SINDICATO DOS TRABALHADORES RURAIS,"PRACA TIRADENTES, S/N - ZONA URBANA",CENTRO,47700000,-12.9848516,-44.0524568,177,Sem acessibilidade,2026-09-29 11:26:00,638325537046379673867148
UE2015 (Anterior),SANTANA,99,56,1816301,PREDIO ESCOLAR BARAO DO RIO BRANCO,"AVENIDA MANOEL NOVAIS, S/N - ZONA URBANA",CENTRO,47700000,-12.9819483,-44.0497167,296,Com acessibilidade,2026-09-29 11:37:00,810143824164712089881184
UE2015 (Anterior),SANTANA,99,58,1761427,ESCOLA MUNICIPAL CLEBESON ANDRADE DE JESUS,RUA SETE DE SETEMBRO - ALTO SANTA RITA - ZONA URBANA,ALTO SANTA RITA,47700000,-12.979739,-44.0549433,371,Com acessibilidade,2026-09-29 11:47:00,325294557815315877831638
UE2015 (Anterior),SANTANA,99,59,1768192,EDUCANDÁRIO DIOCESANO SANT'ANA,"RUA PADRE AURÉLIO, S/N - ZONA URBANA",CENTRO,47700000,-12.9811892,-44.0493401,184,Com acessibilidade,2026-09-29 11:57:00,648426988447725538053566
UE2015 (Anterior),SANTANA,99,60,1768375,PREDIO ESCOLAR BARAO DO RIO BRANCO,"AVENIDA MANOEL NOVAIS, S/N - ZONA URBANA",CENTRO,47700000,-12.9819483,-44.0497167,297,Com acessibilidade,2026-09-29 12:08:00,12163434084825723612255
UE2015 (Anterior),SANTANA,99,61,1781188,ESCOLA MUNICIPAL ALEGRIA DO SABER,"RUA SAO VICENTE DE PAULA, S/N - ZONA URBANA",SÃO JOÃO,47700000,-12.9794591,-44.052499,390,Com acessibilidade,2026-09-29 12:52:00,365698895819202546470397
UE2015 (Anterior),SANTANA,99,62,1761854,ESCOLA MUNICIPAL ALEGRIA DO SABER,"RUA SAO VICENTE DE PAULA, S/N - ZONA URBANA",SÃO JOÃO,47700000,-12.9794591,-44.052499,388,Com acessibilidade,2026-09-29 13:05:00,92971738992804927384534
UE2015 (Anterior),SANTANA,99,63,1756961,ESCOLA MUNICIPAL CLEBESON ANDRADE DE JESUS,RUA SETE DE SETEMBRO - ALTO SANTA RITA - ZONA URBANA,ALTO SANTA RITA,47700000,-12.979739,-44.0549433,371,Com acessibilidade,2026-09-29 13:17:00,294991043412235215866863
UE2015 (Anterior),SANTANA,99,64,1774059,ESCOLA MUNICIPAL CLEBESON ANDRADE DE JESUS,RUA SETE DE SETEMBRO - ALTO SANTA RITA - ZONA URBANA,ALTO SANTA RITA,47700000,-12.979739,-44.0549433,369,Com acessibilidade,2026-09-29 13:29:00,789840648561955545698392
UE2015 (Anterior),SANTANA,99,65,1765941,ESCOLA MUNICIPAL CLEBESON ANDRADE DE JESUS,RUA SETE DE SETEMBRO - ALTO SANTA RITA - ZONA URBANA,ALTO SANTA RITA,47700000,-12.979739,-44.0549433,367,Com acessibilidade,2026-09-29 13:41:00,941456917977735270271575
UE2015 (Anterior),SANTANA,99,66,1752757,INSTITUIÇÃO ESPÍRITA JESUS CHRISTO,"RUA UBALDINA REGIS, S/N - ZONA URBANA",SÃO JOSÉ,47700000,-12.9841708,-44.0464334,344,Com acessibilidade,2026-09-29 13:52:00,365698443419313985383929
UE2015 (Anterior),SANTANA,99,67,1781330,INSTITUIÇÃO ESPÍRITA JESUS CHRISTO,"RUA UBALDINA REGIS, S/N - ZONA URBANA",SÃO JOSÉ,47700000,-12.9841708,-44.0464334,345,Com acessibilidade,2026-09-29 14:03:00,971759160680656137794601
UE2015 (Anterior),SANTANA,99,68,1809026,INSTITUIÇÃO ESPÍRITA JESUS CHRISTO,"RUA UBALDINA REGIS, S/N - ZONA URBANA",SÃO JOSÉ,47700000,-12.9841708,-44.0464334,344,Com acessibilidade,2026-09-29 09:02:00,466608766880553483994840
UE2015 (Anterior),SANTANA,99,69,1771080,INSTITUIÇÃO ESPÍRITA JESUS CHRISTO,"RUA UBALDINA REGIS, S/N - ZONA URBANA",SÃO JOSÉ,47700000,-12.9841708,-44.0464334,347,Com acessibilidade,2026-09-26 09:14:00,911153322325966739704892
UE2015 (Anterior),SANTANA,99,70,1823914,CRECHE MUNICIPAL JESUS BOM PASTOR,"RUA CLAUDELINO JOSE BRANDAO, S/N - ZONA URBANA",D. BOSCO,47700000,-12.9880895,-44.0373305,368,Com acessibilidade,2026-09-26 09:27:00,173779664151526137851794
UE2015 (Anterior),SANTANA,99,71,1841264,SECRETARIA MUNICIPAL DE EDUCAÇÃO,"RUA JOSÉ BONIFÁCIO, S/N - ZONA URBANA",CENTRO,47700000,-12.9825966,-44.0481069,273,Com acessibilidade,2026-09-29 09:38:00,890951492323673145835112
UE2015 (Anterior),SANTANA,99,72,1844099,PREDIO ESCOLAR BARAO DO RIO BRANCO,"AVENIDA MANOEL NOVAIS, S/N - ZONA URBANA",CENTRO,47700000,-12.9819483,-44.0497167,291,Com acessibilidade,2026-09-29 09:47:00,537315247887334172916634
UE2015 (Anterior),SANTANA,99,73,1808024,ESCOLA MUNICIPAL ALEGRIA DO SABER,"RUA SAO VICENTE DE PAULA, S/N - ZONA URBANA",SÃO JOÃO,47700000,-12.9794591,-44.052499,391,Com acessibilidade,2026-09-29 09:58:00,800042627514764028569330
UE2015 (Anterior),SANTANA,99,74,1792241,INSTITUIÇÃO ESPÍRITA JESUS CHRISTO,"RUA UBALDINA REGIS, S/N - ZONA URBANA",SÃO JOSÉ,47700000,-12.9841708,-44.0464334,345,Com acessibilidade,2026-09-29 10:07:00,799941722113310485306237
UE2015 (Anterior),SANTANA,99,75,1793449,INSTITUIÇÃO ESPÍRITA JESUS CHRISTO,"RUA UBALDINA REGIS, S/N - ZONA URBANA",SÃO JOSÉ,47700000,-12.9841708,-44.0464334,345,Com acessibilidade,2026-09-29 10:17:00,668628700300270014524771
UE2015 (Anterior),SANTANA,99,76,1809264,CENTRO EDUCATIVO MUNICIPAL MOISÉS DE OLIVEIRA,"PRACA DA MATRIZ, S/N - ZONA RURAL",DISTRITO PORTO NOVO,47710000,-13.2906969,-43.90759,225,Sem acessibilidade,2026-09-29 10:27:00,830345984517534900057245
UE2015 (Anterior),SANTANA,99,77,1771285,CENTRO EDUCATIVO MUNICIPAL MOISÉS DE OLIVEIRA,"PRACA DA MATRIZ, S/N - ZONA RURAL",DISTRITO PORTO NOVO,47710000,-13.2906969,-43.90759,225,Sem acessibilidade,2026-09-29 10:38:00,779739036811630778875589
UE2015 (Anterior),SANTANA,99,78,1769348,CENTRO EDUCATIVO MUNICIPAL MOISÉS DE OLIVEIRA,"PRACA DA MATRIZ, S/N - ZONA RURAL",DISTRITO PORTO NOVO,47710000,-13.2906969,-43.90759,225,Sem acessibilidade,2026-09-29 10:47:00,678729040901550799764833
UE2015 (Anterior),SANTANA,99,79,1820770,PREDIO ESCOLAR FRANCELINO TAVARES DA COSTA,POVOADO CANABRAVA - ZONA RURAL,POVOADO CANABRAVA,47700000,-13.0704588,-44.087583,216,Sem acessibilidade,2026-09-29 11:10:00,335395814667561168929652
UE2015 (Anterior),SANTANA,99,80,1765921,PREDIO ESCOLAR IRMA GENELISE DOMINGUES,POVOADO CEDRO - ZONA RURAL,POVOADO CEDRO,47700000,-12.9677594,-44.0013954,298,Sem acessibilidade,2026-09-29 11:21:00,466608020980855551455287
UE2015 (Anterior),SANTANA,99,81,1814486,CENTRO EDUCATIVO VITAL FERREIRA DE ARAUJO,POVOADO CACHOEIRA - ZONA RURAL,POVOADO CACHOEIRA,47700000,-12.9642414,-44.1511306,306,Sem acessibilidade,2026-09-29 11:35:00,769638435810521165995264
UE2015 (Anterior),SANTANA,99,82,1783550,CENTRO EDUCATIVO VITAL FERREIRA DE ARAUJO,POVOADO CACHOEIRA - ZONA RURAL,POVOADO CACHOEIRA,47700000,-12.9642414,-44.1511306,306,Sem acessibilidade,2026-09-29 11:48:00,597921372293650697844877
UE2015 (Anterior),SANTANA,99,83,1774512,CENTRO EDUCATIVO VITAL FERREIRA DE ARAUJO,POVOADO CACHOEIRA - ZONA RURAL,POVOADO CACHOEIRA,47700000,-12.9642414,-44.1511306,303,Sem acessibilidade,2026-09-29 11:58:00,981860873332133607244152
UE2015 (Anterior),SANTANA,99,84,1767872,PREDIO ESCOLAR AVELINO JOSE DE SOUZA,POVOADO UMBURANA - ZONA RURAL,POVOADO UMBURANA,47700000,-12.8866185,-44.0791907,295,Sem acessibilidade,2026-09-29 12:08:00,204082205854016437497996
UE2015 (Anterior),SANTANA,99,85,1817952,PREDIO ESCOLAR AVELINO JOSE DE SOUZA,POVOADO UMBURANA - ZONA RURAL,POVOADO UMBURANA,47700000,-12.8866185,-44.0791907,298,Sem acessibilidade,2026-09-29 12:17:00,224284339756055027095170
UE2015 (Anterior),SANTANA,99,86,1843687,PREDIO ESCOLAR SEBASTIAO JOSE PEREIRA,POVOADO BAIXA FUNDA - ZONA RURAL,POVOADO BAIXA FUNDA,47700000,-13.009498,-43.8126027,249,Sem acessibilidade,2026-09-29 12:26:00,577719798691428209690052
UE2015 (Anterior),SANTANA,99,87,1765894,CENTRO EDUCACIONAL JULIAO PEREIRA DE OLIVEIRA,POVOADO CARAIBAS - ZONA RURAL,POVOADO CARAIBAS,47700000,-13.1705415,-44.0255826,287,Sem acessibilidade,2026-09-29 12:37:00,52567386539065657564256
UE2015 (Anterior),SANTANA,99,88,1826002,CENTRO EDUCACIONAL JULIAO PEREIRA DE OLIVEIRA,POVOADO CARAIBAS - ZONA RURAL,POVOADO CARAIBAS,47700000,-13.1705415,-44.0255826,286,Sem acessibilidade,2026-09-29 12:46:00,779739213611804108151292
UE2015 (Anterior),SANTANA,99,89,1839603,CENTRO EDUCACIONAL JULIAO PEREIRA DE OLIVEIRA,POVOADO CARAIBAS - ZONA RURAL,POVOADO CARAIBAS,47700000,-13.1705415,-44.0255826,287,Sem acessibilidade,2026-09-29 12:57:00,426204979076610912930133
UE2015 (Anterior),SANTANA,99,151,1768456,PREDIO ESCOLAR BARAO DO RIO BRANCO,"AVENIDA MANOEL NOVAIS, S/N - ZONA URBANA",CENTRO,47700000,-12.9819483,-44.0497167,294,Com acessibilidade,2026-09-29 13:06:00,62668613940848312457865
UE2015 (Anterior),SANTANA,99,152,1759623,SECRETARIA MUNICIPAL DE EDUCAÇÃO,"RUA JOSÉ BONIFÁCIO, S/N - ZONA URBANA",CENTRO,47700000,-12.9825966,-44.0481069,276,Com acessibilidade,2026-09-29 13:21:00,113173779608725146599249
UE2015 (Anterior),SANTANA,99,153,1795629,CENTRO EDUCATIVO MUNICIPAL MOISÉS DE OLIVEIRA,"PRACA DA MATRIZ, S/N - ZONA RURAL",DISTRITO PORTO NOVO,47710000,-13.2906969,-43.90759,225,Sem acessibilidade,2026-09-29 14:29:00,103072875707385277343122
UE2015 (Anterior),SANTANA,99,157,1766422,SECRETARIA MUNICIPAL DE EDUCAÇÃO,"RUA JOSÉ BONIFÁCIO, S/N - ZONA URBANA",CENTRO,47700000,-12.9825966,-44.0481069,275,Com acessibilidade,2026-09-29 14:39:00,234385446920607671867325
UE2015 (Anterior),SANTANA,99,162,1824311,CRECHE MUNICIPAL JESUS BOM PASTOR,"RUA CLAUDELINO JOSE BRANDAO, S/N - ZONA URBANA",D. BOSCO,47700000,-12.9880895,-44.0373305,364,Com acessibilidade,2026-09-29 14:50:00,658527382962570970095694
UE2015 (Anterior),SANTANA,99,170,1825493,EDUCANDÁRIO DIOCESANO SANT'ANA,"RUA PADRE AURÉLIO, S/N - ZONA URBANA",CENTRO,47700000,-12.9811892,-44.0493401,187,Com acessibilidade,2026-09-29 15:05:00,143476720011070527971985
UE2015 (Anterior),SANTANA,99,172,1786757,CENTRO EDUCATIVO VITAL FERREIRA DE ARAUJO,POVOADO CACHOEIRA - ZONA RURAL,POVOADO CACHOEIRA,47700000,-12.9642414,-44.1511306,300,Sem acessibilidade,2026-09-29 15:13:00,466608261343341851214337
UE2015 (Anterior),SANTANA,99,173,1795282,PREDIO ESCOLAR RICARDO DOMINGUES DE FIGUEREDO,POVOADO TAMBORIL - ZONA RURAL,POVOADO TAMBORIL,47700000,-12.9938347,-44.0904041,267,Sem acessibilidade,2026-09-29 15:25:00,123274033409235245519768
UE2015 (Anterior),SANTANA,99,175,1815431,PREDIO ESCOLAR AVELINO JOSE DE SOUZA,POVOADO UMBURANA - ZONA RURAL,POVOADO UMBURANA,47700000,-12.8866185,-44.0791907,297,Sem acessibilidade,2026-09-29 15:35:00,961658098793169392185186
UE2015 (Anterior),SANTANA,99,177,1779397,ASSOCIAÇÃO DE AGRICULTORES FAMILIARES DO BAIXÃO DO CEDRO,PROVOADO DE BAIXÃO DO CEDRO,POVOADO BAIXAO DO CEDRO,47700000,-12.9550976,-44.1116322,391,Sem acessibilidade,2026-09-29 15:55:00,880850238785268991414178
UE2015 (Anterior),SANTANA,99,178,1810601,PREDIO ESCOLAR FRANCELINO TAVARES DA COSTA,POVOADO CANABRAVA - ZONA RURAL,POVOADO CANABRAVA,47700000,-13.0704588,-44.087583,219,Sem acessibilidade,2026-09-29 16:04:00,496911957646462780221183
UE2015 (Anterior),SANTANA,99,179,1824514,PREDIO ESCOLAR IRMA GENELISE DOMINGUES,POVOADO CEDRO - ZONA RURAL,POVOADO CEDRO,47700000,-12.9677594,-44.0013954,299,Sem acessibilidade,2026-09-29 16:15:00,517113085648643275940562
UE2015 (Anterior),SANTANA,99,185,1825744,PREDIO ESCOLAR RICARDO DOMINGUES DE FIGUEREDO,POVOADO TAMBORIL - ZONA RURAL,POVOADO TAMBORIL,47700000,-12.9938347,-44.0904041,266,Sem acessibilidade,2026-09-29 16:24:00,32365236400182194858717
UE2015 (Anterior),SANTANA,99,190,1762686,PREDIO ESCOLAR FRANCELINO TAVARES DA COSTA,POVOADO CANABRAVA - ZONA RURAL,POVOADO CANABRAVA,47700000,-13.0704588,-44.087583,218,Sem acessibilidade,2026-09-29 16:34:00,385800106435620475916158
UE2015 (Anterior),SANTANA,99,191,1788473,CENTRO EDUCATIVO VITAL FERREIRA DE ARAUJO,POVOADO CACHOEIRA - ZONA RURAL,POVOADO CACHOEIRA,47700000,-12.9642414,-44.1511306,303,Sem acessibilidade,2026-09-29 16:44:00,173779006714504375996225
UE2015 (Anterior),SANTANA,99,192,1781614,PREDIO ESCOLAR MUNICIPAL SANT'ANA,POVOADO ASSENTAMENTO JACARANDA - ZONA RURAL,POVOADO ASSENTAMENTO JACARANDÁ,47700000,-13.2162665,-43.7821603,321,Sem acessibilidade,2026-09-29 16:53:00,315193257528665051641980
UE2015 (Anterior),SANTANA,99,193,1768715,ESCOLA MUNICIPAL PEDRO ARAÚJO BARRETO,POVOADO CIPÓ,POVOADO CIPÓ,47700000,-12.966575,-44.13025,368,Sem acessibilidade,2026-09-29 17:02:00,698931747066639966283283
UE2015 (Anterior),SANTANA,99,194,1826081,PREDIO ESCOLAR RICARDO DOMINGUES DE FIGUEREDO,POVOADO TAMBORIL - ZONA RURAL,POVOADO TAMBORIL,47700000,-12.9938347,-44.0904041,266,Sem acessibilidade,2026-09-29 17:12:00,981860143695017234955273
UE2015 (Anterior),SANTANA,99,199,1775840,ESCOLA MUNICIPAL ALEGRIA DO SABER,"RUA SAO VICENTE DE PAULA, S/N - ZONA URBANA",SÃO JOÃO,47700000,-12.9794591,-44.052499,386,Com acessibilidade,2026-09-29 17:21:00,800042516077853065494856
UE2015 (Anterior),SANTANA,99,200,1795465,PREDIO ESCOLAR SEBASTIAO JOSE PEREIRA,POVOADO BAIXA FUNDA - ZONA RURAL,POVOADO BAIXA FUNDA,47700000,-13.009498,-43.8126027,176,Sem acessibilidade,2026-09-29 17:39:00,345496527531044619183227
UE2015 (Anterior),SANTANA,99,201,1782669,ESCOLA MUNICIPAL ALEGRIA DO SABER,"RUA SAO VICENTE DE PAULA, S/N - ZONA URBANA",SÃO JOÃO,47700000,-12.9794591,-44.052499,389,Com acessibilidade,2026-09-29 17:40:00,385800679135545592682034
UE2015 (Anterior),SANTANA,99,202,1775196,PREDIO ESCOLAR AVELINO JOSE DE SOUZA,POVOADO UMBURANA - ZONA RURAL,POVOADO UMBURANA,47700000,-12.8866185,-44.0791907,296,Sem acessibilidade,2026-09-29 17:49:00,729234121269514727532823
UE2015 (Anterior),SANTANA,99,203,1764876,CENTRO EDUCACIONAL MUNICIPAL HENRIQUE FERREIRA SILVA,POVOADO BREJINHO - ZONA RURAL,POVOADO BREJINHO,47700000,-12.9736247,-44.1038386,267,Sem acessibilidade,2026-09-29 18:03:00,2062514797128232784910
UE2015 (Anterior),SANTANÓPOLIS,74,79,1757857,ESCOLA MUNICIPAL MONTEIRO LOBATO,PRACA JOÃO NERY - ZONA URBANA,CENTRO,44260000,-12.02523634,-38.8657509,360,Sem acessibilidade,2026-09-22 13:06:00,939886414380083877914130
UE2015 (Anterior),SANTANÓPOLIS,74,80,1809939,ESCOLA MUNICIPAL MONTEIRO LOBATO,PRACA JOÃO NERY - ZONA URBANA,CENTRO,44260000,-12.02523634,-38.8657509,364,Sem acessibilidade,2026-09-22 13:16:00,192412754206433276947272
UE2015 (Anterior),SANTANÓPOLIS,74,81,1807812,ESCOLA MUNICIPAL MONTEIRO LOBATO,PRACA JOÃO NERY - ZONA URBANA,CENTRO,44260000,-12.02523634,-38.8657509,363,Sem acessibilidade,2026-09-22 13:26:00,141907812701479854800487
UE2015 (Anterior),SANTANÓPOLIS,74,82,1754182,ESCOLA MUNICIPAL PROFESSORA MARIA ELISABETE OLIVEIRA ESTRELA,"RUA HERCÍLIA CAMPOS , S/N - ZONA URBANA",CENTRO,44260000,-12.02498937,-38.86390908,191,Com acessibilidade,2026-09-22 17:01:00,556048331742799308085135
UE2015 (Anterior),SANTANÓPOLIS,74,86,1767895,ESCOLA MUNICIPAL PROFESSORA MARIA ELISABETE OLIVEIRA ESTRELA,"RUA HERCÍLIA CAMPOS , S/N - ZONA URBANA",CENTRO,44260000,-12.02498937,-38.86390908,193,Com acessibilidade,2026-09-22 17:12:00,354028572222758799044420
UE2015 (Anterior),SANTANÓPOLIS,74,88,1786266,COLÉGIO ESTADUAL DO CAMPO DE TEMPO INTEGRAL JOSE ANTONIO DE ALMEIDA,AVENIDA MANOEL DAMASIO S/N - ZONA URBANA,CENTRO,44260000,-12.02356206,-38.86610536,201,Com acessibilidade,2026-09-22 14:59:00,808573241467723225725046
UE2015 (Anterior),SANTANÓPOLIS,74,93,1840685,ESCOLA MUNICIPAL PROFESSORA MARIA ELISABETE OLIVEIRA ESTRELA,"RUA HERCÍLIA CAMPOS , S/N - ZONA URBANA",CENTRO,44260000,-12.02498937,-38.86390908,193,Com acessibilidade,2026-09-22 17:21:00,212614170508636133445545
UE2015 (Anterior),SANTANÓPOLIS,74,95,1756377,ESCOLA MUNICIPAL RUI BARBOSA,POVOADO BOA ESPERA - ZONA RURAL,POVOADO BOA ESPERA,44260000,-11.91338168,-38.90051091,344,Sem acessibilidade,2026-09-22 09:56:00,737866910160924504546582
UE2015 (Anterior),SANTANÓPOLIS,74,119,1774727,COLÉGIO ESTADUAL DO CAMPO DE TEMPO INTEGRAL JOSE ANTONIO DE ALMEIDA,AVENIDA MANOEL DAMASIO S/N - ZONA URBANA,CENTRO,44260000,-12.02356206,-38.86610536,200,Com acessibilidade,2026-09-22 15:09:00,737866887860318647753925
UE2015 (Anterior),SANTANÓPOLIS,74,121,1791705,ESCOLA MUNICIPAL MONTEIRO LOBATO,PRACA JOÃO NERY - ZONA URBANA,CENTRO,44260000,-12.02523634,-38.8657509,361,Sem acessibilidade,2026-09-22 14:46:00,333826679320953154315123
UE2015 (Anterior),SANTANÓPOLIS,74,123,1795990,ESCOLA MUNICIPAL RUI BARBOSA,POVOADO BOA ESPERA - ZONA RURAL,POVOADO BOA ESPERA,44260000,-11.91338168,-38.90051091,336,Sem acessibilidade,2026-09-22 10:06:00,838876394770657077643189
UE2015 (Anterior),SANTANÓPOLIS,74,124,1796347,COLÉGIO ESTADUAL DO CAMPO DE TEMPO INTEGRAL JOSE ANTONIO DE ALMEIDA,AVENIDA MANOEL DAMASIO S/N - ZONA URBANA,CENTRO,44260000,-12.02356206,-38.86610536,202,Com acessibilidade,2026-09-22 15:20:00,30896704290164962332996
UE2015 (Anterior),SANTANÓPOLIS,74,149,1767341,ESCOLA MUNICIPAL EDGAR PEREIRA,FAZENDA LAGOA GRANDE - ZONA RURAL,POVOADO ALTO ALEGRE,44260000,-11.9669333,-38.83642639,396,Sem acessibilidade,2026-09-22 10:30:00,909583265177571133671930
UE2015 (Anterior),SANTANÓPOLIS,74,181,1765478,COLÉGIO ESTADUAL DO CAMPO DE TEMPO INTEGRAL JOSE ANTONIO DE ALMEIDA,AVENIDA MANOEL DAMASIO S/N - ZONA URBANA,CENTRO,44260000,-12.02356206,-38.86610536,292,Sem acessibilidade,2026-09-22 15:56:00,222715986809046281215744
UE2015 (Anterior),SANTANÓPOLIS,74,188,1795515,CRECHE MUNICIPAL JOSÉ TAVARES FILHO,LOTEAMENTO ISAURA FERNANDES S/N - ZONA URBANA,CENTRO,44260000,-12.02357573,-38.86576956,311,Sem acessibilidade,2026-09-22 17:31:00,121705650599633221431627
UE2015 (Anterior),SANTANÓPOLIS,74,189,1765383,ESCOLA MUNICIPAL JOSÉ DE LIMA VALVERDE,POVOADO RODEADOR - ZONA RURAL,POVOADO RODEADOR,44260000,-12.05886984,-38.85073784,306,Sem acessibilidade,2026-09-22 10:52:00,869179509173856754164386
UE2015 (Anterior),SANTANÓPOLIS,74,191,1765595,PREDIO ESCOLAR LAURO DE FREITAS,POVOADO QUILOMBO - ZONA RURAL,POVOADO QUILOMBO,44255000,-11.97812039,-38.88079655,311,Sem acessibilidade,2026-09-22 11:15:00,798472622766745970704565
UE2015 (Anterior),SANTANÓPOLIS,74,192,1837404,ESCOLA MUNICIPAL JARBAS MASCARENHAS DE SOUZA,FAZENDA QUEIMADA GRANDE - ZONA RURAL,POVOADO QUEIMADA GRANDE,44260000,-11.98438083,-38.85767634,300,Sem acessibilidade,2026-09-22 12:46:00,81301023395485990733481
UE2015 (Anterior),SANTANÓPOLIS,74,215,1809972,COLÉGIO ESTADUAL DO CAMPO DE TEMPO INTEGRAL JOSE ANTONIO DE ALMEIDA,AVENIDA MANOEL DAMASIO S/N - ZONA URBANA,CENTRO,44260000,-12.02356206,-38.86610536,201,Com acessibilidade,2026-09-22 15:32:00,939886739780293023251077
UE2015 (Anterior),SANTANÓPOLIS,74,258,1769520,ESCOLA MUNICIPAL PROFESSORA MARIA ELISABETE OLIVEIRA ESTRELA,"RUA HERCÍLIA CAMPOS , S/N - ZONA URBANA",CENTRO,44260000,-12.02498937,-38.86390908,191,Com acessibilidade,2026-09-22 17:40:00,707563113257230981235042
UE2015 (Anterior),SANTANÓPOLIS,74,274,1779999,COLÉGIO ESTADUAL DO CAMPO DE TEMPO INTEGRAL JOSE ANTONIO DE ALMEIDA,AVENIDA MANOEL DAMASIO S/N - ZONA URBANA,CENTRO,44260000,-12.02356206,-38.86610536,202,Com acessibilidade,2026-09-22 15:43:00,364129479523881782490470
UE2015 (Anterior),SANTANÓPOLIS,74,279,1765441,CRECHE MUNICIPAL JOSÉ TAVARES FILHO,LOTEAMENTO ISAURA FERNANDES S/N - ZONA URBANA,CENTRO,44260000,-12.02357573,-38.86576956,282,Com acessibilidade,2026-09-22 17:57:00,192412856906309026760056
UE2015 (Anterior),SANTANÓPOLIS,74,292,1769476,ESCOLA MUNICIPAL EDGAR PEREIRA,FAZENDA LAGOA GRANDE - ZONA RURAL,POVOADO ALTO ALEGRE,44260000,-11.9669333,-38.83642639,397,Sem acessibilidade,2026-09-22 10:41:00,495442521336329753698869
UE2015 (Anterior),SANTANÓPOLIS,74,302,1768948,ESCOLA MUNICIPAL JOSÉ DE LIMA VALVERDE,POVOADO RODEADOR - ZONA RURAL,POVOADO RODEADOR,44260000,-12.05886984,-38.85073784,304,Sem acessibilidade,2026-09-22 11:05:00,505543992537362971266616
UE2015 (Anterior),SANTANÓPOLIS,74,307,1765364,ESCOLA MUNICIPAL JARBAS MASCARENHAS DE SOUZA,FAZENDA QUEIMADA GRANDE - ZONA RURAL,POVOADO QUEIMADA GRANDE,44260000,-11.98438083,-38.85767634,297,Sem acessibilidade,2026-09-22 12:55:00,61199109893481316833366
UE2015 (Anterior),SANTANÓPOLIS,74,311,1824683,ESCOLA MUNICIPAL JOSE TAVARES FILHO,POVOADO RUMO - ZONA RURAL,POVOADO RUMO,44260000,-12.02799797,-38.84740856,376,Sem acessibilidade,2026-09-22 12:35:00,475240922734716353771704
UE2015 (Anterior),SANTANÓPOLIS,74,321,1791999,COLÉGIO ESTADUAL DO CAMPO DE TEMPO INTEGRAL JOSE ANTONIO DE ALMEIDA,AVENIDA MANOEL DAMASIO S/N - ZONA URBANA,CENTRO,44260000,-12.02356206,-38.86610536,220,Sem acessibilidade,2026-09-22 16:51:00,303523823917886139658175
UE2015 (Anterior),SANTANÓPOLIS,74,322,1768396,PREDIO ESCOLAR LAURO DE FREITAS,POVOADO QUILOMBO - ZONA RURAL,POVOADO QUILOMBO,44255000,-11.97812039,-38.88079655,135,Sem acessibilidade,2026-09-22 12:25:00,364129990623510862979456
UE2015 (Anterior),SANTANÓPOLIS,74,328,1775650,ESCOLA MUNICIPAL RUI BARBOSA,POVOADO BOA ESPERA - ZONA RURAL,POVOADO BOA ESPERA,44260000,-11.91338168,-38.90051091,148,Sem acessibilidade,2026-09-22 10:17:00,616654903848590700777947
UE2015 (Anterior),SANTO AMARO,178,1,1675798,CENTRO EDUCACIONAL MUNICIPAL PROFESSORA STELA MUTTI,"PRAÇA DA PURIFICAÇÃO, S/N - ZONA URBANA",CENTRO,44200000,-12.5466231,-38.7112681,186,Sem acessibilidade,2026-09-24 08:12:00,457391563897070673436828
UE2015 (Anterior),SANTO AMARO,178,3,1655986,CENTRO EDUCACIONAL MUNICIPAL PROFESSORA STELA MUTTI,"PRAÇA DA PURIFICAÇÃO, S/N - ZONA URBANA",CENTRO,44200000,-12.5466231,-38.7112681,185,Sem acessibilidade,2026-09-24 08:22:00,699715022521405403922880
UE2015 (Anterior),SANTO AMARO,178,5,1680359,PRÉDIO DO ANTIGO CENTRO EDUCACIONAL TEODORO SAMPAIO,"AV. FERREIRA BANDEIRA, S/N - ZONA URBANA",CENTRO,44200000,-12.5484215,-38.7107797,254,Sem acessibilidade,2026-09-24 08:34:00,295775842581234020082835
UE2015 (Anterior),SANTO AMARO,178,6,1656260,PRÉDIO DO ANTIGO CENTRO EDUCACIONAL TEODORO SAMPAIO,"AV. FERREIRA BANDEIRA, S/N - ZONA URBANA",CENTRO,44200000,-12.5484215,-38.7107797,253,Sem acessibilidade,2026-09-24 08:44:00,942240603446974729367884
UE2015 (Anterior),SANTO AMARO,178,7,1652511,PRÉDIO DO ANTIGO CENTRO EDUCACIONAL TEODORO SAMPAIO,"AV. FERREIRA BANDEIRA, S/N - ZONA URBANA",CENTRO,44200000,-12.5484215,-38.7107797,255,Sem acessibilidade,2026-09-24 08:54:00,558301323407676653623530
UE2015 (Anterior),SANTO AMARO,178,8,1675577,PRÉDIO DO ANTIGO CENTRO EDUCACIONAL TEODORO SAMPAIO,"AV. FERREIRA BANDEIRA, S/N - ZONA URBANA",CENTRO,44200000,-12.5484215,-38.7107797,254,Sem acessibilidade,2026-09-24 09:06:00,497795379701412004319428
UE2015 (Anterior),SANTO AMARO,178,9,1680528,PRÉDIO DO ANTIGO CENTRO EDUCACIONAL TEODORO SAMPAIO,"AV. FERREIRA BANDEIRA, S/N - ZONA URBANA",CENTRO,44200000,-12.5484215,-38.7107797,254,Sem acessibilidade,2026-09-24 09:15:00,790725784731738523774411
UE2015 (Anterior),SANTO AMARO,178,10,1653176,PRÉDIO DO ANTIGO CENTRO EDUCACIONAL TEODORO SAMPAIO,"AV. FERREIRA BANDEIRA, S/N - ZONA URBANA",CENTRO,44200000,-12.5484215,-38.7107797,255,Sem acessibilidade,2026-09-24 09:24:00,669412733718626293374533
UE2015 (Anterior),SANTO AMARO,178,11,1667053,PRÉDIO DO ANTIGO CENTRO EDUCACIONAL TEODORO SAMPAIO,"AV. FERREIRA BANDEIRA, S/N - ZONA URBANA",CENTRO,44200000,-12.5484215,-38.7107797,254,Sem acessibilidade,2026-09-24 09:35:00,255371438777374028076444
UE2015 (Anterior),SANTO AMARO,178,12,1666529,PRÉDIO DO ANTIGO CENTRO EDUCACIONAL TEODORO SAMPAIO,"AV. FERREIRA BANDEIRA, S/N - ZONA URBANA",CENTRO,44200000,-12.5484215,-38.7107797,254,Sem acessibilidade,2026-09-24 09:46:00,730119028225012402827134
UE2015 (Anterior),SANTO AMARO,178,13,1666401,PRÉDIO DO ANTIGO CENTRO EDUCACIONAL TEODORO SAMPAIO,"AV. FERREIRA BANDEIRA, S/N - ZONA URBANA",CENTRO,44200000,-12.5484215,-38.7107797,256,Sem acessibilidade,2026-09-24 10:01:00,608806006812255141848360
UE2015 (Anterior),SANTO AMARO,178,14,1680619,PRÉDIO DO ANTIGO CENTRO EDUCACIONAL TEODORO SAMPAIO,"AV. FERREIRA BANDEIRA, S/N - ZONA URBANA",CENTRO,44200000,-12.5484215,-38.7107797,252,Sem acessibilidade,2026-09-24 10:09:00,326078830584539211633656
UE2015 (Anterior),SANTO AMARO,178,15,1655686,PRÉDIO DO ANTIGO CENTRO EDUCACIONAL TEODORO SAMPAIO,"AV. FERREIRA BANDEIRA, S/N - ZONA URBANA",CENTRO,44200000,-12.5484215,-38.7107797,255,Sem acessibilidade,2026-09-24 10:19:00,578503199209878686293813
UE2015 (Anterior),SANTO AMARO,178,16,1670490,PRÉDIO DO ANTIGO CENTRO EDUCACIONAL TEODORO SAMPAIO,"AV. FERREIRA BANDEIRA, S/N - ZONA URBANA",CENTRO,44200000,-12.5484215,-38.7107797,253,Sem acessibilidade,2026-09-24 10:32:00,427088159794418919801738
UE2015 (Anterior),SANTO AMARO,178,17,1674315,PRÉDIO DO ANTIGO CENTRO EDUCACIONAL TEODORO SAMPAIO,"AV. FERREIRA BANDEIRA, S/N - ZONA URBANA",CENTRO,44200000,-12.5484215,-38.7107797,254,Sem acessibilidade,2026-09-24 10:35:00,689614520920882847844218
UE2015 (Anterior),SANTO AMARO,178,18,1699798,PRÉDIO DO ANTIGO CENTRO EDUCACIONAL TEODORO SAMPAIO,"AV. FERREIRA BANDEIRA, S/N - ZONA URBANA",CENTRO,44200000,-12.5484215,-38.7107797,253,Sem acessibilidade,2026-09-24 10:57:00,578503520809090287721204
UE2015 (Anterior),SANTO AMARO,178,19,1669708,PRÉDIO DO ANTIGO CENTRO EDUCACIONAL TEODORO SAMPAIO,"AV. FERREIRA BANDEIRA, S/N - ZONA URBANA",CENTRO,44200000,-12.5484215,-38.7107797,255,Sem acessibilidade,2026-09-24 11:08:00,901836960942151496710157
UE2015 (Anterior),SANTO AMARO,178,20,1674652,PRÉDIO DO ANTIGO CENTRO EDUCACIONAL TEODORO SAMPAIO,"AV. FERREIRA BANDEIRA, S/N - ZONA URBANA",CENTRO,44200000,-12.5484215,-38.7107797,255,Sem acessibilidade,2026-09-24 11:26:00,558301693407849829791314
UE2015 (Anterior),SANTO AMARO,178,21,1666633,CENTRO EDUCACIONAL SENADOR PEDRO LAGO (UFRB-CECULT),"PRAÇA DOS EX-COMBATENTES, S/N - ZONA URBANA",SACRAMENTO,44200000,-12.545395,-38.7099771,316,Sem acessibilidade,2026-09-24 11:56:00,679513924019239285410660
UE2015 (Anterior),SANTO AMARO,178,22,1657838,CENTRO EDUCACIONAL SENADOR PEDRO LAGO (UFRB-CECULT),"PRAÇA DOS EX-COMBATENTES, S/N - ZONA URBANA",SACRAMENTO,44200000,-12.545395,-38.7099771,315,Sem acessibilidade,2026-09-24 12:03:00,851331211537860487339369
UE2015 (Anterior),SANTO AMARO,178,23,1665409,CENTRO EDUCACIONAL SENADOR PEDRO LAGO (UFRB-CECULT),"PRAÇA DOS EX-COMBATENTES, S/N - ZONA URBANA",SACRAMENTO,44200000,-12.545395,-38.7099771,317,Sem acessibilidade,2026-09-24 12:15:00,2846477152247566364439
UE2015 (Anterior),SANTO AMARO,178,24,1676533,CENTRO EDUCACIONAL SENADOR PEDRO LAGO (UFRB-CECULT),"PRAÇA DOS EX-COMBATENTES, S/N - ZONA URBANA",SACRAMENTO,44200000,-12.545395,-38.7099771,315,Sem acessibilidade,2026-09-24 12:34:00,275573850479625292568576
UE2015 (Anterior),SANTO AMARO,178,25,1668848,CENTRO EDUCACIONAL SENADOR PEDRO LAGO (UFRB-CECULT),"PRAÇA DOS EX-COMBATENTES, S/N - ZONA URBANA",SACRAMENTO,44200000,-12.545395,-38.7099771,312,Sem acessibilidade,2026-09-24 12:46:00,245270938576824603275453
UE2015 (Anterior),SANTO AMARO,178,26,1674818,CENTRO EDUCACIONAL SENADOR PEDRO LAGO (UFRB-CECULT),"PRAÇA DOS EX-COMBATENTES, S/N - ZONA URBANA",SACRAMENTO,44200000,-12.545395,-38.7099771,315,Sem acessibilidade,2026-09-24 12:59:00,831129638635711944877879
UE2015 (Anterior),SANTO AMARO,178,27,1674837,CENTRO EDUCACIONAL SENADOR PEDRO LAGO (UFRB-CECULT),"PRAÇA DOS EX-COMBATENTES, S/N - ZONA URBANA",SACRAMENTO,44200000,-12.545395,-38.7099771,317,Sem acessibilidade,2026-09-24 13:11:00,962442871248037996792613
UE2015 (Anterior),SANTO AMARO,178,28,1657157,CENTRO EDUCACIONAL SENADOR PEDRO LAGO (UFRB-CECULT),"PRAÇA DOS EX-COMBATENTES, S/N - ZONA URBANA",SACRAMENTO,44200000,-12.545395,-38.7099771,315,Sem acessibilidade,2026-09-24 13:26:00,416987433593929137180711
UE2015 (Anterior),SANTO AMARO,178,29,1657878,CENTRO EDUCACIONAL SENADOR PEDRO LAGO (UFRB-CECULT),"PRAÇA DOS EX-COMBATENTES, S/N - ZONA URBANA",SACRAMENTO,44200000,-12.545395,-38.7099771,317,Sem acessibilidade,2026-09-24 13:33:00,336179460785726990518384
UE2015 (Anterior),SANTO AMARO,178,30,1662880,CENTRO EDUCACIONAL SENADOR PEDRO LAGO (UFRB-CECULT),"PRAÇA DOS EX-COMBATENTES, S/N - ZONA URBANA",SACRAMENTO,44200000,-12.545395,-38.7099771,316,Sem acessibilidade,2026-09-24 13:42:00,881634096740298179653874
UE2015 (Anterior),SANTO AMARO,178,31,1675986,CENTRO EDUCACIONAL SENADOR PEDRO LAGO (UFRB-CECULT),"PRAÇA DOS EX-COMBATENTES, S/N - ZONA URBANA",SACRAMENTO,44200000,-12.545395,-38.7099771,315,Sem acessibilidade,2026-09-24 13:55:00,23048348054732877432672
UE2015 (Anterior),SANTO AMARO,178,32,1653658,CENTRO EDUCACIONAL SENADOR PEDRO LAGO (UFRB-CECULT),"PRAÇA DOS EX-COMBATENTES, S/N - ZONA URBANA",SACRAMENTO,44200000,-12.545395,-38.7099771,316,Sem acessibilidade,2026-09-24 14:09:00,467492894898119063466049
UE2015 (Anterior),SANTO AMARO,178,33,1655165,CENTRO EDUCACIONAL SENADOR PEDRO LAGO (UFRB-CECULT),"PRAÇA DOS EX-COMBATENTES, S/N - ZONA URBANA",SACRAMENTO,44200000,-12.545395,-38.7099771,316,Sem acessibilidade,2026-09-24 14:16:00,649210183316172054235361
UE2015 (Anterior),SANTO AMARO,178,34,1672567,APAE - SANTO AMARO,"AV. FERREIRA BANDEIRA, S/N - ZONA URBANA",CENTRO,44200000,-12.5494822,-38.7099917,175,Sem acessibilidade,2026-09-24 14:30:00,225068873274516943119495
UE2015 (Anterior),SANTO AMARO,178,36,1668178,APAE - SANTO AMARO,"AV. FERREIRA BANDEIRA, S/N - ZONA URBANA",CENTRO,44200000,-12.5494822,-38.7099917,173,Sem acessibilidade,2026-09-24 14:45:00,821028692734559889837826
UE2015 (Anterior),SANTO AMARO,178,38,1658339,APAE - SANTO AMARO,"AV. FERREIRA BANDEIRA, S/N - ZONA URBANA",CENTRO,44200000,-12.5494822,-38.7099917,173,Sem acessibilidade,2026-09-24 14:55:00,760422858928588027310703
UE2015 (Anterior),SANTO AMARO,178,39,1651847,ESCOLA MUNICIPAL EDVALDO MACHADO BOAVENTURA,"AV. PRESIDENTE VARGAS, N 150 - ZONA URBANA",CENTRO,44200000,-12.5503598,-38.7063356,319,Sem acessibilidade,2026-09-24 15:01:00,800826005832000983004535
UE2015 (Anterior),SANTO AMARO,178,40,1656131,ESCOLA MUNICIPAL EDVALDO MACHADO BOAVENTURA,"AV. PRESIDENTE VARGAS, N 150 - ZONA URBANA",CENTRO,44200000,-12.5503598,-38.7063356,320,Sem acessibilidade,2026-09-24 15:15:00,669412947518232327754733
UE2015 (Anterior),SANTO AMARO,178,41,1664104,ESCOLA MUNICIPAL EDVALDO MACHADO BOAVENTURA,"AV. PRESIDENTE VARGAS, N 150 - ZONA URBANA",CENTRO,44200000,-12.5503598,-38.7063356,320,Sem acessibilidade,2026-09-24 15:21:00,73553460359453108957739
UE2015 (Anterior),SANTO AMARO,178,42,1656212,ESCOLA MUNICIPAL EDVALDO MACHADO BOAVENTURA,"AV. PRESIDENTE VARGAS, N 150 - ZONA URBANA",CENTRO,44200000,-12.5503598,-38.7063356,319,Sem acessibilidade,2026-09-24 15:31:00,972543470049449000949396
UE2015 (Anterior),SANTO AMARO,178,43,1657762,ESCOLA MUNICIPAL EDVALDO MACHADO BOAVENTURA,"AV. PRESIDENTE VARGAS, N 150 - ZONA URBANA",CENTRO,44200000,-12.5503598,-38.7063356,320,Sem acessibilidade,2026-09-24 15:50:00,629008236414200565430092
UE2015 (Anterior),SANTO AMARO,178,44,1655141,ESCOLA MUNICIPAL EDVALDO MACHADO BOAVENTURA,"AV. PRESIDENTE VARGAS, N 150 - ZONA URBANA",CENTRO,44200000,-12.5503598,-38.7063356,319,Sem acessibilidade,2026-09-24 15:55:00,43250761556975431482271
UE2015 (Anterior),SANTO AMARO,178,45,1674543,ESCOLA MUNICIPAL EDVALDO MACHADO BOAVENTURA,"AV. PRESIDENTE VARGAS, N 150 - ZONA URBANA",CENTRO,44200000,-12.5503598,-38.7063356,317,Sem acessibilidade,2026-09-24 16:08:00,204866039072006903500920
UE2015 (Anterior),SANTO AMARO,178,46,1682066,ESCOLA MUNICIPAL EDVALDO MACHADO BOAVENTURA,"AV. PRESIDENTE VARGAS, N 150 - ZONA URBANA",CENTRO,44200000,-12.5503598,-38.7063356,318,Sem acessibilidade,2026-09-24 16:20:00,911937856843332085913987
UE2015 (Anterior),SANTO AMARO,178,47,1667117,ESCOLA MUNICIPAL EDVALDO MACHADO BOAVENTURA,"AV. PRESIDENTE VARGAS, N 150 - ZONA URBANA",CENTRO,44200000,-12.5503598,-38.7063356,317,Sem acessibilidade,2026-09-24 16:26:00,134159187465979499889658
UE2015 (Anterior),SANTO AMARO,178,48,1654769,ESCOLA MUNICIPAL EDVALDO MACHADO BOAVENTURA,"AV. PRESIDENTE VARGAS, N 150 - ZONA URBANA",CENTRO,44200000,-12.5503598,-38.7063356,318,Sem acessibilidade,2026-09-24 16:43:00,588604749610398365423708
UE2015 (Anterior),SANTO AMARO,178,49,1656062,ESCOLA MUNICIPAL EDVALDO MACHADO BOAVENTURA,"AV. PRESIDENTE VARGAS, N 150 - ZONA URBANA",CENTRO,44200000,-12.5503598,-38.7063356,321,Sem acessibilidade,2026-09-24 17:04:00,699715961321328794512144
UE2015 (Anterior),SANTO AMARO,178,50,1673340,ESCOLA MUNICIPAL EDVALDO MACHADO BOAVENTURA,"AV. PRESIDENTE VARGAS, N 150 - ZONA URBANA",CENTRO,44200000,-12.5503598,-38.7063356,317,Sem acessibilidade,2026-09-24 17:12:00,770523129729354559518029
UE2015 (Anterior),SANTO AMARO,178,51,1657431,ESCOLA GOVERNADOR  LUIZ VIANA FILHO,"RUA SANTA LUZIA, S/N - ZONA URBANA",TRAPICHE DE BAIXO,44200000,-12.5561737,-38.7005628,323,Sem acessibilidade,2026-09-24 17:24:00,962442423548775422416265
UE2015 (Anterior),SANTO AMARO,178,52,1680885,ESCOLA GOVERNADOR  LUIZ VIANA FILHO,"RUA SANTA LUZIA, S/N - ZONA URBANA",TRAPICHE DE BAIXO,44200000,-12.5561737,-38.7005628,323,Sem acessibilidade,2026-09-24 17:32:00,558301128307316633040253
UE2015 (Anterior),SANTO AMARO,178,53,1673143,ESCOLA GOVERNADOR  LUIZ VIANA FILHO,"RUA SANTA LUZIA, S/N - ZONA URBANA",TRAPICHE DE BAIXO,44200000,-12.5561737,-38.7005628,323,Sem acessibilidade,2026-09-24 17:42:00,598705279211446835267596
UE2015 (Anterior),SANTO AMARO,178,54,1656305,ESCOLA GOVERNADOR  LUIZ VIANA FILHO,"RUA SANTA LUZIA, S/N - ZONA URBANA",TRAPICHE DE BAIXO,44200000,-12.5561737,-38.7005628,319,Sem acessibilidade,2026-09-24 17:54:00,43250833056125842938148
UE2015 (Anterior),SANTO AMARO,178,55,1669430,ESCOLA GOVERNADOR  LUIZ VIANA FILHO,"RUA SANTA LUZIA, S/N - ZONA URBANA",TRAPICHE DE BAIXO,44200000,-12.5561737,-38.7005628,321,Sem acessibilidade,2026-09-24 18:03:00,548200441306214140960421
UE2015 (Anterior),SANTO AMARO,178,56,1656158,ESCOLA GOVERNADOR  LUIZ VIANA FILHO,"RUA SANTA LUZIA, S/N - ZONA URBANA",TRAPICHE DE BAIXO,44200000,-12.5561737,-38.7005628,322,Sem acessibilidade,2026-09-24 15:21:00,730119746706119114484462
UE2015 (Anterior),SANTO AMARO,178,57,1655404,ESCOLA GOVERNADOR  LUIZ VIANA FILHO,"RUA SANTA LUZIA, S/N - ZONA URBANA",TRAPICHE DE BAIXO,44200000,-12.5561737,-38.7005628,322,Sem acessibilidade,2026-09-24 16:46:00,922038040725948577435871
UE2015 (Anterior),SANTO AMARO,178,58,1655031,ESCOLA GOVERNADOR  LUIZ VIANA FILHO,"RUA SANTA LUZIA, S/N - ZONA URBANA",TRAPICHE DE BAIXO,44200000,-12.5561737,-38.7005628,320,Sem acessibilidade,2026-09-24 17:00:00,618907845494962774377136
UE2015 (Anterior),SANTO AMARO,178,59,1674412,ESCOLA GOVERNADOR  LUIZ VIANA FILHO,"RUA SANTA LUZIA, S/N - ZONA URBANA",TRAPICHE DE BAIXO,44200000,-12.5561737,-38.7005628,321,Sem acessibilidade,2026-09-24 17:12:00,124058463345704754491955
UE2015 (Anterior),SANTO AMARO,178,60,1652907,ESCOLA GOVERNADOR  LUIZ VIANA FILHO,"RUA SANTA LUZIA, S/N - ZONA URBANA",TRAPICHE DE BAIXO,44200000,-12.5561737,-38.7005628,321,Sem acessibilidade,2026-09-24 17:46:00,214967637154346101749500
UE2015 (Anterior),SANTO AMARO,178,61,1656291,ESCOLA GOVERNADOR  LUIZ VIANA FILHO,"RUA SANTA LUZIA, S/N - ZONA URBANA",TRAPICHE DE BAIXO,44200000,-12.5561737,-38.7005628,322,Sem acessibilidade,2026-09-24 17:35:00,386684912071352000012566
UE2015 (Anterior),SANTO AMARO,178,62,1653648,ESCOLA GOVERNADOR  LUIZ VIANA FILHO,"RUA SANTA LUZIA, S/N - ZONA URBANA",TRAPICHE DE BAIXO,44200000,-12.5561737,-38.7005628,320,Sem acessibilidade,2026-09-24 17:56:00,225068861355441311976719
UE2015 (Anterior),SANTO AMARO,178,63,1655946,ESCOLA PRADO VALADARES,"RUA GENERAL OSÓRIO, S/N - ZONA URBANA",TRAPICHE DE BAIXO,44200000,-12.5576865,-38.6998652,338,Sem acessibilidade,2026-09-24 18:07:00,851331609718808063302545
UE2015 (Anterior),SANTO AMARO,178,64,1658317,ESCOLA PRADO VALADARES,"RUA GENERAL OSÓRIO, S/N - ZONA URBANA",TRAPICHE DE BAIXO,44200000,-12.5576865,-38.6998652,335,Sem acessibilidade,2026-09-24 18:18:00,507896362383616241008238
UE2015 (Anterior),SANTO AMARO,178,65,1652271,ESCOLA MUNICIPAL DR. ARAÚJO PINHO,"RUA DO IMPERADOR, SN - ZONA URBANA",CENTRO,44200000,-12.5539529,-38.7035685,297,Sem acessibilidade,2026-09-24 18:29:00,336179305766609775881047
UE2015 (Anterior),SANTO AMARO,178,66,1654994,ESCOLA MUNICIPAL DR. ARAÚJO PINHO,"RUA DO IMPERADOR, SN - ZONA URBANA",CENTRO,44200000,-12.5539529,-38.7035685,296,Sem acessibilidade,2026-09-24 18:43:00,689614760801713493520995
UE2015 (Anterior),SANTO AMARO,178,67,1667793,ESCOLA MUNICIPAL DR. ARAÚJO PINHO,"RUA DO IMPERADOR, SN - ZONA URBANA",CENTRO,44200000,-12.5539529,-38.7035685,294,Sem acessibilidade,2026-09-24 19:00:00,992745185432568933977362
UE2015 (Anterior),SANTO AMARO,178,68,1674982,ESCOLA MUNICIPAL ELPÍDIO PARANHOS,"RUA DO SINIMBU, S/N - ZONA URBANA",SINIMBU,44200000,-12.5531228,-38.7005854,394,Sem acessibilidade,2026-09-24 19:09:00,457391757878655904004036
UE2015 (Anterior),SANTO AMARO,178,69,1674999,ESCOLA MUNICIPAL ELPÍDIO PARANHOS,"RUA DO SINIMBU, S/N - ZONA URBANA",SINIMBU,44200000,-12.5531228,-38.7005854,392,Sem acessibilidade,2026-09-24 19:24:00,740220158107777626284507
UE2015 (Anterior),SANTO AMARO,178,70,1667918,ESCOLA MUNICIPAL PROFA ISABEL COELHO,POVOADO DA NOVA CONQUISTA - ZONA RURAL,DISTRITO OLIVEIRA DOS CAMPINHOS,44200000,-12.4875133,-38.7663816,309,Sem acessibilidade,2026-09-24 19:36:00,901836391623166114279759
UE2015 (Anterior),SANTO AMARO,178,71,1652608,ESCOLA MUNICIPAL VISCONDE DE SÃO LOURENCO,POVOADO TANQUE DE SENZALA - ZONA RURAL,DISTRITO OLIVEIRA DOS CAMPINHOS,44200000,-12.3839005,-38.8150829,310,Sem acessibilidade,2026-09-24 19:47:00,134159735146550296120419
UE2015 (Anterior),SANTO AMARO,178,72,1654380,CENTRO EDUCACIONAL MUNICIPAL ARMANDO SAMPAIO TAVARES (CEMOC),"PRAÇA HEITOR DIAS PEREIRA,SN - ZONA RURAL",DISTRITO OLIVEIRA DOS CAMPINHOS,44200000,-12.4252495,-38.7945593,234,Sem acessibilidade,2026-09-24 20:12:00,497795200082377116870361
UE2015 (Anterior),SANTO AMARO,178,73,1658341,CENTRO EDUCACIONAL MUNICIPAL ARMANDO SAMPAIO TAVARES (CEMOC),"PRAÇA HEITOR DIAS PEREIRA,SN - ZONA RURAL",DISTRITO OLIVEIRA DOS CAMPINHOS,44200000,-12.4252495,-38.7945593,234,Sem acessibilidade,2026-09-24 20:23:00,457391279778492505668231
UE2015 (Anterior),SANTO AMARO,178,74,1679250,CENTRO EDUCACIONAL MUNICIPAL ARMANDO SAMPAIO TAVARES (CEMOC),"PRAÇA HEITOR DIAS PEREIRA,SN - ZONA RURAL",DISTRITO OLIVEIRA DOS CAMPINHOS,44200000,-12.4252495,-38.7945593,233,Sem acessibilidade,2026-09-25 08:05:00,750321685308589353849647
UE2015 (Anterior),SANTO AMARO,178,75,1672653,CENTRO EDUCACIONAL MUNICIPAL ARMANDO SAMPAIO TAVARES (CEMOC),"PRAÇA HEITOR DIAS PEREIRA,SN - ZONA RURAL",DISTRITO OLIVEIRA DOS CAMPINHOS,44200000,-12.4252495,-38.7945593,233,Sem acessibilidade,2026-09-25 08:14:00,255371299558100165337572
UE2015 (Anterior),SANTO AMARO,178,76,1670201,CENTRO EDUCACIONAL MUNICIPAL ARMANDO SAMPAIO TAVARES (CEMOC),"PRAÇA HEITOR DIAS PEREIRA,SN - ZONA RURAL",DISTRITO OLIVEIRA DOS CAMPINHOS,44200000,-12.4252495,-38.7945593,236,Sem acessibilidade,2026-09-25 08:24:00,992745145032936187588931
UE2015 (Anterior),SANTO AMARO,178,77,1658334,CENTRO EDUCACIONAL MUNICIPAL ARMANDO SAMPAIO TAVARES (CEMOC),"PRAÇA HEITOR DIAS PEREIRA,SN - ZONA RURAL",DISTRITO OLIVEIRA DOS CAMPINHOS,44200000,-12.4252495,-38.7945593,231,Sem acessibilidade,2026-09-25 08:33:00,295775559762259255881381
UE2015 (Anterior),SANTO AMARO,178,78,1678679,CENTRO EDUCACIONAL MUNICIPAL ARMANDO SAMPAIO TAVARES (CEMOC),"PRAÇA HEITOR DIAS PEREIRA,SN - ZONA RURAL",DISTRITO OLIVEIRA DOS CAMPINHOS,44200000,-12.4252495,-38.7945593,234,Sem acessibilidade,2026-09-25 10:07:00,164462531649324790439393
UE2015 (Anterior),SANTO AMARO,178,79,1676149,CENTRO EDUCACIONAL MUNICIPAL ARMANDO SAMPAIO TAVARES (CEMOC),"PRAÇA HEITOR DIAS PEREIRA,SN - ZONA RURAL",DISTRITO OLIVEIRA DOS CAMPINHOS,44200000,-12.4252495,-38.7945593,234,Sem acessibilidade,2026-09-25 08:55:00,841230329817124121380126
UE2015 (Anterior),SANTO AMARO,178,80,1658293,CENTRO EDUCACIONAL MUNICIPAL ARMANDO SAMPAIO TAVARES (CEMOC),"PRAÇA HEITOR DIAS PEREIRA,SN - ZONA RURAL",DISTRITO OLIVEIRA DOS CAMPINHOS,44200000,-12.4252495,-38.7945593,234,Sem acessibilidade,2026-09-25 09:04:00,225068784055098753892243
UE2015 (Anterior),SANTO AMARO,178,81,1667200,ESCOLA MUNICIPAL JOSÉ DE OLIVEIRA TEIXEIRA,POVOADO CEPEL - ZONA RURAL,POVOADO CEPEL,44200000,-12.5433463,-38.8530077,347,Sem acessibilidade,2026-09-25 09:14:00,548200214887505042187853
UE2015 (Anterior),SANTO AMARO,178,82,1667165,COLÉGIO ESTADUAL CASTRO ALVES,AV. EDVAL CARLOS BARRETO - ZONA RURAL,DISTRITO ACUPE,44200000,-12.6611156,-38.7509196,399,Sem acessibilidade,2026-09-25 11:39:00,548200325287220072313950
UE2015 (Anterior),SANTO AMARO,178,83,1650196,COLÉGIO ESTADUAL CASTRO ALVES,AV. EDVAL CARLOS BARRETO - ZONA RURAL,DISTRITO ACUPE,44200000,-12.6611156,-38.7509196,399,Sem acessibilidade,2026-09-25 09:33:00,235169128956306521430131
UE2015 (Anterior),SANTO AMARO,178,84,1657635,CENTRO EDUCACIONAL MUNICIPAL DE ACUPE (CEMAC),"RUA EDVAL CARLOS BARRETO, S/N - ZONA RURAL",DISTRITO ACUPE,44200000,-12.6610139,-38.7519314,373,Sem acessibilidade,2026-09-25 09:43:00,447290443377605606794491
UE2015 (Anterior),SANTO AMARO,178,85,1676201,CENTRO EDUCACIONAL MUNICIPAL DE ACUPE (CEMAC),"RUA EDVAL CARLOS BARRETO, S/N - ZONA RURAL",DISTRITO ACUPE,44200000,-12.6610139,-38.7519314,371,Sem acessibilidade,2026-09-25 09:53:00,53351161038309178405364
UE2015 (Anterior),SANTO AMARO,178,86,1676687,CENTRO EDUCACIONAL MUNICIPAL DE ACUPE (CEMAC),"RUA EDVAL CARLOS BARRETO, S/N - ZONA RURAL",DISTRITO ACUPE,44200000,-12.6610139,-38.7519314,372,Sem acessibilidade,2026-09-25 10:19:00,23048247735414487462658
UE2015 (Anterior),SANTO AMARO,178,87,1679239,CENTRO EDUCACIONAL MUNICIPAL DE ACUPE (CEMAC),"RUA EDVAL CARLOS BARRETO, S/N - ZONA RURAL",DISTRITO ACUPE,44200000,-12.6610139,-38.7519314,371,Sem acessibilidade,2026-09-25 10:28:00,891735222622300692449562
UE2015 (Anterior),SANTO AMARO,178,88,1668184,CENTRO EDUCACIONAL MUNICIPAL DE ACUPE (CEMAC),"RUA EDVAL CARLOS BARRETO, S/N - ZONA RURAL",DISTRITO ACUPE,44200000,-12.6610139,-38.7519314,372,Sem acessibilidade,2026-09-25 10:49:00,497795936982151593522111
UE2015 (Anterior),SANTO AMARO,178,89,1665024,CENTRO EDUCACIONAL MUNICIPAL DE ACUPE (CEMAC),"RUA EDVAL CARLOS BARRETO, S/N - ZONA RURAL",DISTRITO ACUPE,44200000,-12.6610139,-38.7519314,372,Sem acessibilidade,2026-09-25 10:58:00,709816259003384545020731
UE2015 (Anterior),SANTO AMARO,178,90,1653879,CENTRO EDUCACIONAL MUNICIPAL DE ACUPE (CEMAC),"RUA EDVAL CARLOS BARRETO, S/N - ZONA RURAL",DISTRITO ACUPE,44200000,-12.6610139,-38.7519314,369,Sem acessibilidade,2026-09-25 11:09:00,709816331703112373647559
UE2015 (Anterior),SANTO AMARO,178,91,1656712,ASSOCIAÇÃO DOS MORADORES DE ITAPEMA,DISTRITO DE ITAPEMA - ZONA RURAL,DISTRITO ITAPEMA,44200000,-12.70496064,-38.75475555,235,Sem acessibilidade,2026-09-25 11:19:00,659311390398155997455095
UE2015 (Anterior),SANTO AMARO,178,92,1655608,CENTRO EDUCACIONAL PROFESSOR NESTOR DA COSTA OLIVEIRA,"RUA DO ASFALTO,SN - ZONA RURAL",DISTRITO PEDRAS,44200000,-12.5498314,-38.770732,367,Sem acessibilidade,2026-09-25 11:29:00,245270098957837991239605
UE2015 (Anterior),SANTO AMARO,178,93,1655152,CENTRO EDUCACIONAL PROFESSOR NESTOR DA COSTA OLIVEIRA,"RUA DO ASFALTO,SN - ZONA RURAL",DISTRITO PEDRAS,44200000,-12.5498314,-38.770732,368,Sem acessibilidade,2026-09-25 11:51:00,326078286365627179451119
UE2015 (Anterior),SANTO AMARO,178,94,1656146,ESCOLA MUNICIPAL FAZENDA CANOA,POVOADO CANOA - ZONA RURAL,DISTRITO OLIVEIRA DOS CAMPINHOS,44200000,-12.4528463,-38.7652068,205,Sem acessibilidade,2026-09-25 12:02:00,881634955321918608080939
UE2015 (Anterior),SANTO AMARO,178,95,1650319,CÍRCULO OPERÁRIO CATÓLICO DE SANTO AMARO,"PRAÇA JOVINIANO BARRETO, 23/25 - ZONA URBANA",CENTRO,44200000,-12.5520099,-38.7108386,94,Sem acessibilidade,2026-09-25 12:12:00,538199717286652594957828
UE2015 (Anterior),SANTO AMARO,178,97,1672723,CÍRCULO OPERÁRIO CATÓLICO DE SANTO AMARO,"PRAÇA JOVINIANO BARRETO, 23/25 - ZONA URBANA",CENTRO,44200000,-12.5520099,-38.7108386,99,Sem acessibilidade,2026-09-25 12:24:00,336179737766682757545598
UE2015 (Anterior),SANTO AMARO,178,101,1651499,CÍRCULO OPERÁRIO CATÓLICO DE SANTO AMARO,"PRAÇA JOVINIANO BARRETO, 23/25 - ZONA URBANA",CENTRO,44200000,-12.5520099,-38.7108386,93,Sem acessibilidade,2026-09-25 12:34:00,719917919404154244551242
UE2015 (Anterior),SANTO AMARO,178,105,1681154,CÍRCULO OPERÁRIO CATÓLICO DE SANTO AMARO,"PRAÇA JOVINIANO BARRETO, 23/25 - ZONA URBANA",CENTRO,44200000,-12.5520099,-38.7108386,93,Sem acessibilidade,2026-09-25 12:50:00,982644624431328178368858
UE2015 (Anterior),SANTO AMARO,178,112,1656974,CENTRO EDUCACIONAL MUNICIPAL JOÃO CÂNCIO,SÍTIO CAMAÇARI - ZONA RURAL,POVOADO SÍTIO CAMACARI,44200000,-12.5781325,-38.7896165,309,Sem acessibilidade,2026-09-25 13:00:00,477593858380474010590911
UE2015 (Anterior),SANTO AMARO,178,113,1665649,CENTRO EDUCACIONAL MUNICIPAL ANA JUDITE DE ARAÚJO MELO,"RUA NOVA, S/N  - ZONA RURAL",DISTRITO SÃO BRAZ,44200000,-12.6059683,-38.7283057,334,Sem acessibilidade,2026-09-25 13:14:00,780624270711153081945869
UE2015 (Anterior),SANTO AMARO,178,114,1678147,CENTRO EDUCACIONAL MUNICIPAL ANA JUDITE DE ARAÚJO MELO,"RUA NOVA, S/N  - ZONA RURAL",DISTRITO SÃO BRAZ,44200000,-12.6059683,-38.7283057,336,Sem acessibilidade,2026-09-25 13:25:00,477593076180005785882624
UE2015 (Anterior),SANTO AMARO,178,115,1654880,CENTRO EDUCACIONAL MUNICIPAL ANA JUDITE DE ARAÚJO MELO,"RUA NOVA, S/N  - ZONA RURAL",DISTRITO SÃO BRAZ,44200000,-12.6059683,-38.7283057,333,Sem acessibilidade,2026-09-25 13:37:00,134159849946894921482072
UE2015 (Anterior),SANTO AMARO,178,116,1676848,CENTRO EDUCACIONAL PROFESSOR NESTOR DA COSTA OLIVEIRA,"RUA DO ASFALTO,SN - ZONA RURAL",DISTRITO PEDRAS,44200000,-12.5498314,-38.770732,370,Sem acessibilidade,2026-09-25 13:47:00,356381178968208287731584
UE2015 (Anterior),SANTO AMARO,178,117,1656052,CENTRO EDUCACIONAL PROFESSOR NESTOR DA COSTA OLIVEIRA,"RUA DO ASFALTO,SN - ZONA RURAL",DISTRITO PEDRAS,44200000,-12.5498314,-38.770732,366,Sem acessibilidade,2026-09-25 13:58:00,63452993939075775664997
UE2015 (Anterior),SANTO AMARO,178,118,1656201,CENTRO EDUCACIONAL PROFESSOR NESTOR DA COSTA OLIVEIRA,"RUA DO ASFALTO,SN - ZONA RURAL",DISTRITO PEDRAS,44200000,-12.5498314,-38.770732,370,Sem acessibilidade,2026-09-25 14:10:00,598705634292797069669248
UE2015 (Anterior),SANTO AMARO,178,119,1651271,COLÉGIO ESTADUAL CASTRO ALVES,AV. EDVAL CARLOS BARRETO - ZONA RURAL,DISTRITO ACUPE,44200000,-12.6611156,-38.7509196,400,Sem acessibilidade,2026-09-25 14:24:00,487694636381055817324511
UE2015 (Anterior),SANTO AMARO,178,120,1675517,COLÉGIO ESTADUAL CASTRO ALVES,AV. EDVAL CARLOS BARRETO - ZONA RURAL,DISTRITO ACUPE,44200000,-12.6611156,-38.7509196,399,Sem acessibilidade,2026-09-24 15:32:00,416987642316950316254996
UE2015 (Anterior),SANTO AMARO,178,121,1680149,COLÉGIO ESTADUAL CASTRO ALVES,AV. EDVAL CARLOS BARRETO - ZONA RURAL,DISTRITO ACUPE,44200000,-12.6611156,-38.7509196,396,Sem acessibilidade,2026-09-24 18:18:00,922038266367034093563220
UE2015 (Anterior),SANTO AMARO,178,148,1656190,ESCOLA MUNICIPAL ELPÍDIO PARANHOS,"RUA DO SINIMBU, S/N - ZONA URBANA",SINIMBU,44200000,-12.5531228,-38.7005854,393,Sem acessibilidade,2026-09-24 18:28:00,730119983948931002847092
UE2015 (Anterior),SANTO AMARO,178,149,1656222,CENTRO EDUCACIONAL MUNICIPAL DE ACUPE (CEMAC),"RUA EDVAL CARLOS BARRETO, S/N - ZONA RURAL",DISTRITO ACUPE,44200000,-12.6610139,-38.7519314,369,Sem acessibilidade,2026-09-24 18:40:00,265472624001086286211734
UE2015 (Anterior),SANTO AMARO,178,150,1656437,ESCOLA PRADO VALADARES,"RUA GENERAL OSÓRIO, S/N - ZONA URBANA",TRAPICHE DE BAIXO,44200000,-12.5576865,-38.6998652,337,Sem acessibilidade,2026-09-24 19:12:00,83654529283889501978894
UE2015 (Anterior),SANTO AMARO,178,153,1655584,COMPLEXO EDUC MUNIC Mª LUZIA COSTA DOS SANTOS(COMPLEXO MALU),ENTRADA DA PEDRA - ZONA RURAL,POVOADO JERICÓ,44200000,-12.5304043,-38.7336974,347,Sem acessibilidade,2026-09-24 19:20:00,608806377035355402335992
UE2015 (Anterior),SANTO AMARO,178,154,1666635,ESCOLA MUNICIPAL CORONEL FRANCISCO PINTO,"AVENIDA SANTOS, S/N - ZONA URBANA",IDEAL,44200000,-12.5453726,-38.7146556,270,Sem acessibilidade,2026-09-24 19:32:00,699715576044677410713240
UE2015 (Anterior),SANTO AMARO,178,156,1655333,ESCOLA MUNICIPAL JOSÉ DE OLIVEIRA TEIXEIRA,POVOADO CEPEL - ZONA RURAL,POVOADO CEPEL,44200000,-12.5433463,-38.8530077,360,Sem acessibilidade,2026-09-24 19:40:00,790725891154721194186038
UE2015 (Anterior),SANTO AMARO,178,157,1675018,CENTRO EDUCACIONAL MUNICIPAL JOÃO CÂNCIO,SÍTIO CAMAÇARI - ZONA RURAL,POVOADO SÍTIO CAMACARI,44200000,-12.5781325,-38.7896165,307,Sem acessibilidade,2026-09-24 19:53:00,679513882342909929255539
UE2015 (Anterior),SANTO AMARO,178,161,1681685,ESCOLA MUNICIPAL ELPÍDIO PARANHOS,"RUA DO SINIMBU, S/N - ZONA URBANA",SINIMBU,44200000,-12.5531228,-38.7005854,392,Sem acessibilidade,2026-09-24 20:03:00,406886026315263556012221
UE2015 (Anterior),SANTO AMARO,178,162,1678461,ESCOLA MUNICIPAL CORONEL FRANCISCO PINTO,"AVENIDA SANTOS, S/N - ZONA URBANA",IDEAL,44200000,-12.5453726,-38.7146556,269,Com acessibilidade,2026-09-24 20:11:00,709816437345518870232007
UE2015 (Anterior),SANTO AMARO,178,164,1656581,ESCOLA MUNICIPAL ANANIAS DE MOURA REQUIÃO,RODOVIA BA - SANTO AMARO / CACHOEIRA - ZONA RURAL,POVOADO BÂNGALA,44200000,-12.6171131,-38.7482447,232,Sem acessibilidade,2026-09-24 20:40:00,33149989578046027828809
UE2015 (Anterior),SANTO AMARO,178,165,1673164,ESCOLA MUNICIPAL ELPÍDIO PARANHOS,"RUA DO SINIMBU, S/N - ZONA URBANA",SINIMBU,44200000,-12.5531228,-38.7005854,391,Sem acessibilidade,2026-09-25 08:13:00,326078389607103685248002
UE2015 (Anterior),SANTO AMARO,178,166,1674028,ESCOLA MUNICIPAL CORONEL FRANCISCO PINTO,"AVENIDA SANTOS, S/N - ZONA URBANA",IDEAL,44200000,-12.5453726,-38.7146556,268,Sem acessibilidade,2026-09-25 08:26:00,63452236481142355129505
UE2015 (Anterior),SANTO AMARO,178,167,1656391,ESCOLA MUNICIPAL PROFA ISABEL COELHO,POVOADO DA NOVA CONQUISTA - ZONA RURAL,DISTRITO OLIVEIRA DOS CAMPINHOS,44200000,-12.4875133,-38.7663816,307,Sem acessibilidade,2026-09-25 08:34:00,831129117258869872020301
UE2015 (Anterior),SANTO AMARO,178,169,1680647,COLÉGIO ESTADUAL CASTRO ALVES,AV. EDVAL CARLOS BARRETO - ZONA RURAL,DISTRITO ACUPE,44200000,-12.6611156,-38.7509196,398,Sem acessibilidade,2026-09-25 08:41:00,750321256350666843509224
UE2015 (Anterior),SANTO AMARO,178,170,1674931,ESCOLA MUNICIPAL PROFESSORA MARIA ALELUIA DE OLIVEIRA,POVOADO FAZENDA PITINGA - ZONA RURAL,POVOADO PITINGA,44200000,-12.5692051,-38.7128644,251,Sem acessibilidade,2026-09-25 08:53:00,457391031420591469288926
UE2015 (Anterior),SANTO AMARO,178,171,1664457,CENTRO EDUCACIONAL SENADOR PEDRO LAGO (UFRB-CECULT),"PRAÇA DOS EX-COMBATENTES, S/N - ZONA URBANA",SACRAMENTO,44200000,-12.545395,-38.7099771,316,Sem acessibilidade,2026-09-25 10:59:00,376583063612123671261782
UE2015 (Anterior),SANTO AMARO,178,172,1699560,ESCOLA MUNICIPAL VISCONDE DE SÃO LOURENCO,POVOADO TANQUE DE SENZALA - ZONA RURAL,DISTRITO OLIVEIRA DOS CAMPINHOS,44200000,-12.3839005,-38.8150829,309,Sem acessibilidade,2026-09-25 09:30:00,719917510346574274520435
UE2015 (Anterior),SANTO AMARO,178,173,1657683,COMPLEXO EDUC MUNIC Mª LUZIA COSTA DOS SANTOS(COMPLEXO MALU),ENTRADA DA PEDRA - ZONA RURAL,POVOADO JERICÓ,44200000,-12.5304043,-38.7336974,359,Sem acessibilidade,2026-09-25 09:40:00,366482276211311509562194
UE2015 (Anterior),SANTO AMARO,178,174,1699544,CENTRO EDUCACIONAL MUNICIPAL JOÃO CÂNCIO,SÍTIO CAMAÇARI - ZONA RURAL,POVOADO SÍTIO CAMACARI,44200000,-12.5781325,-38.7896165,308,Sem acessibilidade,2026-09-25 09:53:00,831129852958084460957624
UE2015 (Anterior),SANTO AMARO,178,175,1651459,CENTRO EDUCACIONAL MUNICIPAL LUÍS EDUARDO MAGALHÃES,"RUA DA RODAGEM, S/N - ZONA URBANA",DERBA,44200000,-12.5517754,-38.6904604,378,Sem acessibilidade,2026-09-25 10:12:00,184664319793085261842718
UE2015 (Anterior),SANTO AMARO,178,180,1670672,ESCOLA MUNICIPAL CORONEL JOSÉ ANTÔNIO TORRES,"PRAÇA 2 DE JULHO, S/N - ZONA RURAL",DISTRITO ACUPE,44200000,-12.6599808,-38.7466721,360,Sem acessibilidade,2026-09-25 10:22:00,315977969606302060373176
UE2015 (Anterior),SANTO AMARO,178,182,1650251,ESCOLA MUNICIPAL LUIS SIMÕES REIS,"RUA ALTO DO SÃO FRANCISCO, S/N - ZONA URBANA",ALTO DO SÃO FRANCISCO,44200000,-12.5504547,-38.7138607,197,Sem acessibilidade,2026-09-25 10:40:00,709816575445730800406664
UE2015 (Anterior),SANTO AMARO,178,184,1651849,ESCOLA MARIA QUITÉRIA,POVOADO MURINGUE  - ZONA RURAL,POVOADO MURINGUE,44200000,-12.4580355,-38.8372079,311,Sem acessibilidade,2026-09-25 10:49:00,669412756241323800688703
UE2015 (Anterior),SANTO AMARO,178,185,1680412,ESCOLA MUNICIPAL ISIDORO PARANHOS,POVOADO BARRO VERMELHO - ZONA RURAL,POVOADO BARRO VERMELHO,44200000,-12.4309881,-38.8225664,232,Sem acessibilidade,2026-09-25 11:11:00,12947219776957270262637
UE2015 (Anterior),SANTO AMARO,178,190,1658788,ESCOLA PRADO VALADARES,"RUA GENERAL OSÓRIO, S/N - ZONA URBANA",TRAPICHE DE BAIXO,44200000,-12.5576865,-38.6998652,336,Sem acessibilidade,2026-09-25 11:26:00,174563890492556540487106
UE2015 (Anterior),SANTO AMARO,178,191,1673545,ESCOLA MUNICIPAL CORONEL FRANCISCO PINTO,"AVENIDA SANTOS, S/N - ZONA URBANA",IDEAL,44200000,-12.5453726,-38.7146556,294,Sem acessibilidade,2026-09-25 11:38:00,174563009692784567934702
UE2015 (Anterior),SANTO AMARO,178,194,1654467,CENTRO EDUCACIONAL SENADOR PEDRO LAGO (UFRB-CECULT),"PRAÇA DOS EX-COMBATENTES, S/N - ZONA URBANA",SACRAMENTO,44200000,-12.545395,-38.7099771,313,Sem acessibilidade,2026-09-25 11:48:00,760422927551468387405147
UE2015 (Anterior),SANTO AMARO,178,195,1657795,CENTRO EDUCACIONAL MUNICIPAL JOÃO CÂNCIO,SÍTIO CAMAÇARI - ZONA RURAL,POVOADO SÍTIO CAMACARI,44200000,-12.5781325,-38.7896165,308,Sem acessibilidade,2026-09-25 11:58:00,699715963144485026583841
UE2015 (Anterior),SANTO AMARO,178,196,1656714,CENTRO EDUCACIONAL MUNICIPAL LUÍS EDUARDO MAGALHÃES,"RUA DA RODAGEM, S/N - ZONA URBANA",DERBA,44200000,-12.5517754,-38.6904604,378,Sem acessibilidade,2026-09-25 12:08:00,83654466483539792219985
UE2015 (Anterior),SANTO AMARO,178,197,1656118,ESCOLA MUNICIPAL PROFA ISABEL COELHO,POVOADO DA NOVA CONQUISTA - ZONA RURAL,DISTRITO OLIVEIRA DOS CAMPINHOS,44200000,-12.4875133,-38.7663816,304,Sem acessibilidade,2026-09-25 12:28:00,709816192045332976224372
