MUNICIPIO,LOCAL_ESCOLA,ENDERECO,BAIRRO,CEP,LATITUDE,LONGITUDE,QTD_URNAS_UE2015,TOTAL_ELEITORES_UE2015,SECOES_UE2015,ZONAS
ABARÉ,COLEGIO ESTADUAL PROFA. JOSEFINA GOMES ARAUJO,DISTRITO IBO - ZONA RURAL ,DISTRITO IBO,48680000,-8.6294733,-39.2477667,6,2225.0,"119, 120, 121, 122, 163, 171","158, 158, 158, 158, 158, 158"
ABARÉ,ESCOLA MUNICIPAL AGROVILANO DEMOCRÁTICO AGROVILA 16,"DISTRITO DE PEDRA BRANCA, AGROVILA 16, ZONA RURAL, ABARÉ-BA",POVOADO PROJETO PEDRA BRANCA AGROVILA 16,48680000,-8.6903902,-39.3991046,2,778.0,"145, 155","158, 158"
ABARÉ,ESCOLA MUNICIPAL JOSÉ DE ANCHIETA AGROVILA 18,"DISTRITO DE PEDRA BRANCA, AGROVILA 18, ZONA RURAL, ABARÉ-BA",POVOADO PROJETO PEDRA BRANCA AGROVILA 18,48680000,-8.7015159,-39.4017552,4,1194.0,"135, 136, 137, 143","158, 158, 158, 158"
ABARÉ,ESCOLA MUNICIPAL PROF. WALTER AUGUSTO JONES,"RUA CONEGO PASCOAL, CENTRO, ABARÉ-BA",CENTRO,48680000,-8.7222252,-39.1148923,8,3075.0,"112, 113, 114, 115, 116, 117, 118, 166","158, 158, 158, 158, 158, 158, 158, 158"
ABARÉ,ESCOLA MUNICIPAL SANTO ANTONIO DO PAMBÚ,"POVOADO PAMBÚ, ZONA RURAL, ABARÉ-BA",POVOADO PAMBU,48680000,-8.5504927,-39.3566081,2,738.0,"129, 150","158, 158"
ABARÉ,GRUPO ESCOLAR EDESIO TOLENTINO,AV EDESIO TOLENTINO - ZONA URBANA,CENTRO,48680000,-8.7219687,-39.113923,6,1617.0,"106, 107, 108, 109, 110, 111","158, 158, 158, 158, 158, 158"
ABARÉ,GRUPO ESCOLAR ISABEL DA SILVA REZENDE,"DISTTRITO DE IBÓ, ZONA RURAL, ABARÉ-BA",DISTRITO IBO,48680000,-8.6317267,-39.2471683,4,1326.0,"123, 124, 125, 164","158, 158, 158, 158"
ABARÉ,GRUPO ESCOLAR JOAO BERNARDES,DISTRITO  IBO - ZONA RURAL,DISTRITO IBO,48680000,-8.633586,-39.2499703,4,1424.0,"126, 127, 128, 153","158, 158, 158, 158"
ABARÉ,GRUPO ESCOLAR JOSINO SOARES,"DISTRITO DE ICOZEIRA, ZONA RURAL, ABARÉ-BA",POVOADO ICOZEIRA,48680000,-8.9407624,-39.3270673,5,1064.0,"130, 131, 132, 133, 134","158, 158, 158, 158, 158"
ABARÉ,GRUPO ESCOLAR SÃO FRANCISCO DE ASSIS,"AVENIDA EDÉSIO TOLENTINO, CENTRO, ABARÉ-BA",CENTRO,48680000,-8.725315,-39.1150167,4,1322.0,"144, 146, 151, 162","158, 158, 158, 158"
AMÉLIA RODRIGUES,COLÉGIO DOUTOR ALOISIO DE CASTRO,"AVENIDA JOÃO BAHIA, S/N",CENTRO,44230000,-12.399945,-38.75563,11,3836.0,"165, 166, 167, 168, 169, 170, 171, 172, 173, 174, 199","192, 192, 192, 192, 192, 192, 192, 192, 192, 192, 192"
AMÉLIA RODRIGUES,COLÉGIO ESTADUAL DE TEMPO INTEGRAL AMÉLIA RODRIGUES,"AV. MARIA DA PAZ, S/N, ITAPICURU",ITAPICURU,44230000,-12.39223,-38.75728,13,2970.0,"146, 147, 148, 149, 150, 151, 152, 153, 154, 155, 156, 187, 205","192, 192, 192, 192, 192, 192, 192, 192, 192, 192, 192, 192, 192"
AMÉLIA RODRIGUES,COLÉGIO LUIZ VIANA FILHO,"RUA MARIA DA PURIFICAÇÃO AZEVEDO, 62",CENTRO,43230000,-12.4034711,-38.7536966,7,2461.0,"188, 189, 190, 192, 195, 198, 210","192, 192, 192, 192, 192, 192, 192"
AMÉLIA RODRIGUES,COLÉGIO MUNICIPAL ANTENOR DEUSDET WEST,"PRAÇA DA MATRIZ, S/N - ZONA RURAL",DISTRITO SÃO BENTO DO INHATÁ,44230000,-12.401125,-38.6991783,4,1081.0,"179, 180, 181, 182","192, 192, 192, 192"
AMÉLIA RODRIGUES,CRECHE ESCOLA MUNICIPAL DULCE CHAVES DA SILVA,"RUA DOUTOR ALOÍSIO DE CASTRO, 360",PATRONATO,44230000,-12.3996233,-38.7601217,9,2673.0,"137, 138, 139, 140, 141, 142, 143, 144, 145","192, 192, 192, 192, 192, 192, 192, 192, 192"
AMÉLIA RODRIGUES,ESCOLA JAIME VILLAS BOAS,"RUA DA RODAGEM, S/N - USINA ALIANÇA - ZONA RURAL",DISTRITO MATA DA ALIANÇA,44230000,-12.45812,-38.67603,3,672.0,"175, 176, 177","192, 192, 192"
AMÉLIA RODRIGUES,ESCOLA MUNICIPAL ANTONIO DOS SANTOS PAIM,"RUA FAZENDA QUATRO ESTRADAS, S/N - ZONA RURAL",QUATRO ESTRADAS,44230000,-12.3931966,-38.792211,1,370.0,200,192
AMÉLIA RODRIGUES,ESCOLA MUNICIPAL CLEUSA DA CONCEIÇÃO ARÃO,"TRAVESSA POSSIDÔNIO AZEVEDO, S/N - ZONA RURAL",DISTRITO SÃO BENTO DO INHATÁ,44230000,-12.40119,-38.7000783,5,1653.0,"178, 183, 184, 185, 186","192, 192, 192, 192, 192"
AMÉLIA RODRIGUES,GRUPO ESCOLAR ARLETE MAGALHAES,RUA MARIA DA PAZ S/N - ZONA URBANA,ITAPICURU,44230000,-12.3929032,-38.7575129,5,1758.0,"157, 158, 159, 160, 194","192, 192, 192, 192, 192"
AMÉLIA RODRIGUES,GRUPO ESCOLAR DEPUTADO WILSON FALCÃO,"AVENIDA LUIS EDUARDO MAGALHÃES, S/N - ZONA URBANA",AREAL,44230000,-12.4185417,-38.7498317,2,553.0,"201, 213","192, 192"
AMÉLIA RODRIGUES,GRUPO ESCOLAR JOSÉ LÁZARO PEREIRA,"RUA SANTOS DUMONT,122 - SERRA",SERRA,44230000,-12.4116233,-38.7444733,4,1547.0,"161, 162, 163, 164","192, 192, 192, 192"
ANGUERA,COLÉGIO ESTADUAL PROFESSOR AUREO DE OLIVEIRA FILHO,"RUA FELIPE PEDREIRA BRANDÃO, S/N - ZONA URBANA",CENTRO,44670000,-12.1529943,-39.2451155,6,1437.0,"801, 802, 803, 804, 805, 806","157, 157, 157, 157, 157, 157"
ANGUERA,CRECHE-ESCOLA MARIA VITÓRIA CORREIA,"CONJUNTO FILADELFO NEVES, S/N - ZONA URBANA",CENTRO,44670000,-12.1566851,-39.2406879,3,581.0,"824, 826, 828","157, 157, 157"
ANGUERA,ESCOLA ARTHUR VIEIRA DE OLIVEIRA,"RUA VINTE DE NOVEMBRO, S/N - ZONA URBANA",CENTRO,44670000,-12.150684,-39.2434847,9,1840.0,"807, 808, 809, 810, 811, 812, 813, 814, 829","157, 157, 157, 157, 157, 157, 157, 157, 157"
ANGUERA,ESCOLA MUNICIPAL JOSÉ BISPO DE ALMEIDA,"POVOADO PARAÍSO, S/N - ZONA RURAL",POVOADO PARAÍSO,44670000,-12.19867765,-39.1648375,1,390.0,838,157
ANGUERA,ESCOLA MUNICIPAL MARIA RITA ALVES DE JESUS,"LOTEAMENTO NOVO PARAÍSO, S/N - ZONA RURAL",POVOADO AREIA,44670000,-12.20744557,-39.13406839,3,1032.0,"834, 835, 849","157, 157, 157"
ANGUERA,ESCOLA MUNICIPAL VITOR BEZERRA LOLA,"RUA DO CONSELHO, S/N - ZONA URBANA",CENTRO,44670000,-12.1508849,-39.2472997,3,935.0,"839, 840, 841","157, 157, 157"
ANGUERA,ESCOLA MUNICIPAL ÉRICO SOFIA BRANDÃO,"RUA TREZE DE MAIO, S/N - ZONA URBANA",CENTRO,44670000,-12.1548543,-39.2441323,5,814.0,"815, 817, 819, 821, 823","157, 157, 157, 157, 157"
ANGUERA,GRUPO ESCOLAR CEZÁRIO BOA VENTURA,POVOADO CONTORNO DE BONFIM - ZONA RURAL,POVOADO CONTORNO DE BONFIM DE FEIRA,44670000,-12.22603667,-39.11881694,2,790.0,"836, 837","157, 157"
ANGUERA,GRUPO ESCOLAR LEÔNCIO HORÁCIO,"POVOADO GUARIBAS, S/N - ZONA RURAL",POVOADO GUARIBAS,44670000,-12.20030303,-39.23728567,3,1089.0,"830, 831, 832","157, 157, 157"
ANGUERA,GRUPO ESCOLAR SÃO JOSÉ,"POVOADO CAJÁ, S/N - ZONA RURAL",POVOADO CAJÁ,44670000,-12.21533053,-39.19964772,1,369.0,833,157
ANTÔNIO CARDOSO,CENTRO EDUCACIONAL PROF. FERNANDO BARREIRO DANTAS,AV. SANTO ESTÊVÃO VELHO - ZONA RURAL,DISTRITO SANTO ESTEVÃO VELHO,44180000,-12.3954789,-39.1441369,9,3227.0,"6, 7, 8, 9, 13, 118, 153, 170, 229","143, 143, 143, 143, 143, 143, 143, 143, 143"
ANTÔNIO CARDOSO,COLÉGIO EST. DO CAMPO DE TEMPO INTEGRAL GENIVALDO DE ALMEIDA BRANDÃO,"RUA EVERALDO SOUZA PEREIRA, S/N - ZONA URBANA",CENTRO,44180000,-12.4307537,-39.1221935,7,2171.0,"1, 2, 3, 4, 5, 136, 157","143, 143, 143, 143, 143, 143, 143"
ANTÔNIO CARDOSO,ESCOLA MUNICIPAL ADOLFO CURVELO,POVOADO QUEIMADA - ZONA RURAL,POVOADO QUEIMADA,44180000,-12.477005,-39.1288667,1,364.0,131,143
ANTÔNIO CARDOSO,ESCOLA MUNICIPAL CELESTINO VIEIRA ALVES,POVOADO TRAVESSÃO - ZONA RURAL,POVOADO TRAVESSÃO,44180000,-12.3807348,-39.1500733,1,382.0,191,143
ANTÔNIO CARDOSO,ESCOLA MUNICIPAL DO MOCÓ,NÚCLEO DO MOCÓ ANTÔNIO CARDOSO - ZONA RURAL,POVOADO MOCÓ,44180000,-12.3875567,-39.2187833,1,364.0,152,143
ANTÔNIO CARDOSO,ESCOLA MUNICIPAL GREGÓRIO DE SOUZA ESTRELA,DISTRITO POÇO - ZONA RURAL,DISTRITO POÇO,44180000,-12.2995033,-39.1968883,4,1361.0,"15, 16, 133, 215","143, 143, 143, 143"
ANTÔNIO CARDOSO,ESCOLA MUNICIPAL JAIME PINHEIRO DE MEDEIROS,RUA CEL. LUIZ MIGUEL - ZONA URBANA,CENTRO,44180000,-12.4379352,-39.1196547,2,426.0,"10, 11","143, 143"
ANTÔNIO CARDOSO,ESCOLA MUNICIPAL JOÃO TELES DE CARVALHO,DISTRITO POÇO - ZONA RURAL,DISTRITO POÇO,44180000,-12.2983779,-39.1975745,1,180.0,14,143
ANTÔNIO CARDOSO,ESCOLA MUNICIPAL OLAVO LOBO,"DISTRITO SANTO ESTEVAO VELHO, ZONA RURAL",DISTRITO SANTO ESTEVÃO VELHO,44180000,-12.3981383,-39.1453883,1,265.0,202,143
ANTÔNIO CARDOSO,ESCOLA MUNICIPAL PROFESSORA DELZA SILVA BASTOS,POVOADO OLEIRO - ZONA RURAL,POVOADO OLEIRO,44180000,-12.3657294,-39.2368107,3,985.0,"12, 17, 112","143, 143, 143"
ANTÔNIO CARDOSO,ESCOLA MUNICIPAL RIO BRANCO,POVOADO SALGADO  - ZONA RURAL,POVOADO SALGADO,44180000,-12.3445792,-39.1910516,2,463.0,"132, 218","143, 143"
ANTÔNIO CARDOSO,ESCOLA MUNICIPAL TEREZINHA NEUMAM,POVOADO TOCOS - ZONA RURAL,POVOADO TOCOS,44180000,-12.3265817,-39.1779783,2,551.0,"130, 167","143, 143"
ANTÔNIO CARDOSO,ESCOLA MUNICIPAL VALDIR MAMONA DA SILVA,POVOADO BANANEIRA - ZONA RURAL,POVOADO BANANEIRA,44180000,-12.360808,-39.1579734,2,556.0,"156, 197","143, 143"
ANTÔNIO CARDOSO,ESCOLA MUNICIPAL ÁGUA VIVA,NÚCLEO HAB. IÊDA BARRADAS CARNEIRO - ZONA RURAL,POVOADO CABORONGA,44180000,-12.3655283,-39.0833917,2,572.0,"135, 183","143, 143"
ARACI, ESCOLAR MUNICIPAL ERASMO DE OLIVEIRA CARVALHO,"RUA JOÃO PAULO II, S/N -  ZONA URBANA",COQUEIRO,48760000,-11.3306906,-38.9608617,6,1900.0,"125, 126, 127, 128, 159, 206","123, 123, 123, 123, 123, 123"
ARACI,ASSOCIAÇÃO COMUNITÁRIA DOS PEQUENOS AGRICULTORES DO RIACHO FUNDO,POVOADO TERRA DURA - ZONA RURAL,POVOADO TERRA DURA,48760000,-11.3303629,-38.9655893,1,189.0,168,123
ARACI,ASSOCIAÇÃO PEQUENOS AGRICULTORES DA DUAS ESTRADAS ,POVOADO DUAS ESTRADAS - ZONA RURAL,POVOADO DUAS ESTRADAS,48760000,-11.2285383,-39.0895217,1,192.0,170,123
ARACI,CENTRO DE EDUCAÇÃO MUNICIPAL OLIVEIRA BRITO,"RUA SETE DE SETEMBRO, S/N -  ZONA URBANA",CENTRO,48760000,-11.3426989,-38.9629461,12,4338.0,"105, 106, 107, 108, 109, 110, 123, 124, 131, 132, 149, 189","123, 123, 123, 123, 123, 123, 123, 123, 123, 123, 123, 123"
ARACI,CENTRO TERRITORIAL DE EDUCAÇÃO PROFISSIONAL SISAL II,"PRAÇA JULIO DE CARVALHO, S/N",CENTRO,48760000,-11.3422328,-38.9609228,6,2376.0,"65, 66, 67, 141, 165, 184","123, 123, 123, 123, 123, 123"
ARACI,COMPLEXO MUNICIPAL DE EDUCAÇÃO DO CAMPO AGOSTINHO DOS SANTOS,POVOADO BARREIRA,POVOADO BARREIRA,48760000,-11.0666717,-39.0473867,7,1961.0,"73, 74, 75, 76, 77, 142, 195","123, 123, 123, 123, 123, 123, 123"
ARACI,COMPLEXO MUNICIPAL DE EDUCAÇÃO DO CAMPO DANIEL DE ALMEIDA RAMOS ,POVOADO DE PEDRA ALTA ,POVOADO PEDRA ALTA,48760000,-11.1388267,-39.1641283,6,2026.0,"83, 84, 85, 86, 87, 183","123, 123, 123, 123, 123, 123"
ARACI,COMPLEXO MUNICIPAL DE EDUCAÇÃO DO CAMPO ERALDO TINOCO,POVOADO LAGOA DO BOI -  ZONA RURAL,POVOADO LAGOA DO BOI,48760000,-11.0988967,-38.9949667,2,701.0,"117, 118","123, 123"
ARACI,COMPLEXO MUNICIPAL DE EDUCAÇÃO DO CAMPO JOAO PEREIRA DE PINHO,POVOADO  TAPUIO ,POVOADO TAPUIO,48760000,-11.2290617,-39.1725933,8,2816.0,"88, 89, 90, 91, 92, 147, 171, 175","123, 123, 123, 123, 123, 123, 123, 123"
ARACI,COMPLEXO MUNICIPAL DE EDUCAÇÃO DO CAMPO OTAVIO BARRETO DE ANDRADE ,POVOADO DE JOÃO VIEIRA ,POVOADO JOÃO VIEIRA,48760000,-11.15002,-38.9835317,6,1539.0,"78, 79, 80, 81, 82, 179","123, 123, 123, 123, 123, 123"
ARACI,COMPLEXO MUNICIPAL EDUCAÇÃO DO CAMPO  MARIA BARRETO DE  JESUS ,POVOADO POÇO GRANDE ,POVOADO POÇO GRANDE,48760000,-11.252869,-39.1061608,2,782.0,"113, 146","123, 123"
ARACI,COMPLEXO MUNICIPAL EDUCAÇÃO DO CAMPO ACILINO PEREIRA DE SANTANA ,POVOADO DE VÁRZEA DA PEDRA ,POVOADO VÁRZEA DA PEDRA,48760000,-11.2123983,-39.237455,1,259.0,93,123
ARACI,ESCOLA COMUNITÁRIA DO FUBÁ TERESA MARIA DE JESUS,POVOADO FUBÁ - ZONA RURAL,POVOADO FUBÁ,48760000,-11.37048,-38.8825033,1,307.0,174,123
ARACI,ESCOLA MARTIN PEREIRA DA SILVA,POVOADO BELA VISTA -  ZONA RURAL,POVOADO BELA VISTA,48760000,-11.234225,-39.04315,2,576.0,"115, 166","123, 123"
ARACI,ESCOLA MUNICIPAL CARLOS OLIVEIRA COSTA,POVOADO QUEIMADA GRANDE -  ZONA RURAL ,POVOADO QUEIMADA GRANDE,48760000,-11.3249517,-38.894235,1,217.0,140,123
ARACI,ESCOLA MUNICIPAL CASTRO ALVES,POVOADO CAMPO DO ELOI  -  ZONA RURAL,POVOADO CAMPO DO ELOI,48760000,-11.16396,-39.1368883,1,248.0,134,123
ARACI,ESCOLA MUNICIPAL CATARINO NUNES DA SILVA,POVOADO BARBOSA -  ZONA RURAL,POVOADO BARBOSA,48760000,-11.1305533,-39.0702867,4,1335.0,"94, 95, 156, 194","123, 123, 123, 123"
ARACI,ESCOLA MUNICIPAL COSME DE FARIAS,POVOADO GUERRA -  ZONA RURAL,POVOADO GUERRA,48760000,-11.0684667,-38.9557383,2,519.0,"111, 155","123, 123"
ARACI,ESCOLA MUNICIPAL DUQUE DE CAXIAS,POVOADO LAGOA DA JUREMA - ZONA RURAL,POVOADO LAGOA DA JUREMA,48760000,-11.1085633,-38.9922717,1,327.0,176,123
ARACI,ESCOLA MUNICIPAL EZEQUIEL DIAS BARRETO,POVOADO DO BALAIO - ZONA RURAL,POVOADO DO BALAIO,48760000,-11.35854,-39.0675683,1,235.0,191,123
ARACI,ESCOLA MUNICIPAL FAUSTINA LISBOA PINHEIRO,"RUA LOMANTO JÚNIOR, SN",BOMBINHA,48760000,-11.3386652,-38.9546248,2,685.0,"199, 207","123, 123"
ARACI,ESCOLA MUNICIPAL FRANCISCO FERREIRA FIRMO,POVOADO LAGOA DO CURRAL  -  ZONA RURAL,POVOADO LAGOA DO CURRAL,48760000,-11.259831,-38.9696674,1,131.0,112,123
ARACI,ESCOLA MUNICIPAL GUILHERMINO BISPO DE LIMA ,POVOADO CAMPO GRANDE -  ZONA RURAL,POVOADO CAMPO GRANDE,48760000,-10.9944183,-39.258045,1,76.0,116,123
ARACI,ESCOLA MUNICIPAL GUSTAVO FERREIRA DA SILVA,POVOADO QUEIMADA DO BORGES  -  ZONA RURAL,POVOADO QUEIMADA DO BORGES,48760000,-11.2619983,-39.04565,1,212.0,133,123
ARACI,ESCOLA MUNICIPAL IMACULADA CONCEIÇÃO,"RUA ANTONIO OLIVEIRA MOTA, S/N -  ZONA URBANA",CENTRO,48760000,-11.3341509,-38.9633586,10,3131.0,"58, 59, 60, 61, 62, 121, 122, 153, 187, 201","123, 123, 123, 123, 123, 123, 123, 123, 123, 123"
ARACI,ESCOLA MUNICIPAL JARBAS PASSARINHO,POVOADO LAGOA DO LAGE  -  ZONA RURAL,POVOADO LAGOA DA LAJE,48760000,-11.05204,-39.1820233,1,335.0,135,123
ARACI,ESCOLA MUNICIPAL JORGE AMADO,POVOADO LAJINHA  -  ZONA RURAL,POVOADO LAJINHA,48760000,-11.126795,-39.2463583,1,213.0,130,123
ARACI,ESCOLA MUNICIPAL JOSE NILTON DA SILVA SANTIAGO,RUA INTENDENT JOSÉ TOMAZ BARRETO,CASCALHEIRA,48760000,-11.3401617,-38.966685,1,278.0,198,123
ARACI,ESCOLA MUNICIPAL JOSÉ ANASTÁCIO BARRETO,POVOADO SERRA BRANCA -  ZONA RURAL,POVOADO SERRA BRANCA,48760000,-11.34594,-38.8775867,2,503.0,"120, 203","123, 123"
ARACI,ESCOLA MUNICIPAL JOSÉ BONIFÁCIO,POVOADO  CALDEIRÃO  - ZONA RURAL,POVOADO CALDEIRÃO,48760000,-11.2954867,-39.0068783,2,681.0,"98, 162","123, 123"
ARACI,ESCOLA MUNICIPAL JOSÉ DE ANCHIETA,POVOADO JACU -  ZONA RURAL,POVOADO JACU,48760000,-11.3144139,-38.9235451,2,492.0,"99, 167","123, 123"
ARACI,ESCOLA MUNICIPAL JOSÉ FRANCISCO DE SOUSA,POVOADO ROÇA DE DENTRO -  ZONA RURAL,POVOADO ROÇA DE DENTRO,48760000,-11.126455,-39.233235,1,141.0,103,123
ARACI,ESCOLA MUNICIPAL JOÃO BERTOLDO,POVOADO BENTO -  ZONA RURAL,POVOADO BENTO,48760000,-11.1201933,-39.1987217,1,119.0,97,123
ARACI,ESCOLA MUNICIPAL JÚLIO BARRETO,POVOADO DO BARREIRO PRETO -  ZONA RURAL,POVOADO BARREIRO PRETO,48760000,-11.177375,-38.9452817,1,352.0,96,123
ARACI,ESCOLA MUNICIPAL MARIA DE LOURDES MOTA CARVALHO BARRETO ,RUA JOSÉ PINHEIRO ,CENTRO,48760000,-11.3386667,-38.95957,5,1857.0,"68, 69, 143, 163, 190","123, 123, 123, 123, 123"
ARACI,ESCOLA MUNICIPAL MARIA LÍDIA,"PRAÇA NICOLAU DE CARVALHO, S/N -  ZONA URBANA",CENTRO,48760000,-11.3378906,-38.9658727,5,1753.0,"70, 71, 72, 152, 197","123, 123, 123, 123, 123"
ARACI,ESCOLA MUNICIPAL MARIA MADALENA SANTOS SILVA,POVOADO QUEIMADA REDONDA - ZONA RURAL,POVOADO QUEIMADA REDONDA,48760000,-11.3818117,-39.060175,1,155.0,211,123
ARACI,ESCOLA MUNICIPAL MELQUIDES VENTURA,POVOADO RUA DA PALHA DO MINADOR - ZONA RURAL,POVOADO RUA DA PALHA DO MINADOR,48760000,-11.2225433,-38.9830883,1,236.0,173,123
ARACI,ESCOLA MUNICIPAL OITO DE DEZEMBRO,POVOADO SERRA DOS BOIS -  ZONA RURAL,POVOADO SERRA DOS BOIS,48760000,-11.0958917,-39.1636333,1,122.0,137,123
ARACI,ESCOLA MUNICIPAL OLAVO BILAC,POVOADO CALDEIRÃO NOVO  -  ZONA RURAL,POVOADO CALDEIRÃO NOVO,48760000,-11.169735,-39.1966883,2,462.0,"136, 204","123, 123"
ARACI,ESCOLA MUNICIPAL OLAVO PINTO,POVOADO QUEIMADINHA -  ZONA RURAL,POVOADO QUEIMADINHA,48760000,-11.39625,-39.057915,1,156.0,114,123
ARACI,ESCOLA MUNICIPAL OSVALDO CRUZ,POVOADO DO TANQUE CAVADO -  ZONA RURAL,POVOADO TANQUE CAVADO,48760000,-11.0890383,-39.023255,1,272.0,158,123
ARACI,ESCOLA MUNICIPAL PERPÉTUA PEREIRA DOS SANTOS,POVOADO DE PERPÉTUA - ZONA RURAL,POVOADO DE PERPÉTUA,48760000,-11.143705,-39.0016267,1,232.0,193,123
ARACI,ESCOLA MUNICIPAL PRODUÇÃO COMUNITÁRIA,POVOADO RIBEIRA -  ZONA RURAL,POVOADO RIBEIRA,48760000,-11.18116,-39.02002,4,1271.0,"101, 102, 164, 202","123, 123, 123, 123"
ARACI,ESCOLA MUNICIPAL SÃO JORGE,POVOADO RETIRADA  -  ZONA RURAL,POVOADO RETIRADA,48760000,-11.3470933,-39.0215167,2,433.0,"100, 182","123, 123"
ARACI,ESCOLA MUNICIPAL SÃO JOSÉ,POVOADO RUFINO -  ZONA RURAL,POVOADO RUFINO,48760000,-11.3213183,-39.0292733,3,851.0,"119, 154, 196","123, 123, 123"
ARACI,ESCOLA MUNICIPAL VALDEMIRO FERREIRA PINHEIRO,POVOADO UMBURANINHA  -  ZONA RURAL,POVOADO UMBURANINHA,48760000,-11.115585,-39.1452917,1,186.0,138,123
ARACI,ESCOLA MUNICIPAL VINICIUS DE MORAES,POVOADO PALMEIRA  -  ZONA RURAL,POVOADO PALMEIRA,48760000,-11.183185,-39.0841183,1,178.0,139,123
ARACI,GRUPO ESCOLAR ANA OLIVEIRA,"AVENIDA ARACAJU, S/N",CENTRO,48760000,-11.3391584,-38.9626598,4,1376.0,"63, 64, 145, 181","123, 123, 123, 123"
ARATUÍPE,COLÉGIO ESTADUAL PROFESSOR ROCHA PITA,"RUA BARÃO DO RIO BRANCO, N. 02 - ZONA URBANA",CENTRO,44490000,-13.0802086,-39.001993,6,2014.0,"64, 65, 66, 67, 70, 226","30, 30, 30, 30, 30, 30"
ARATUÍPE,COLÉGIO MUNICIPAL EDVALDO MACHADO BOAVENTURA,RUA ANTONIO ALMEIDA - ZONA RURAL,DISTRITO MARAGOGIPINHO,44490000,-13.0544848,-38.964427,3,810.0,"74, 75, 233","30, 30, 30"
ARATUÍPE,CRECHE MUNICIPAL SENHORA DE SANTANA,RUA BARÃO DO RIO BRANCO,CENTRO,44490000,-13.0797044,-39.0010096,4,1235.0,"72, 73, 78, 79","30, 30, 30, 30"
ARATUÍPE,ESCOLA MUNICIPAL JOANA ANGÉLICA,RUA JOSE ELIOTERIO - ZONA RURAL,DISTRITO MARAGOGIPINHO,44490000,-13.0536684,-38.9664399,3,900.0,"68, 69, 181","30, 30, 30"
ARATUÍPE,ESCOLA MUNICIPAL JOSÉ LEONE,POVOADO DO SAPÉ - ZONA RURAL,POVOADO SAPÉ,44490000,-13.1090013,-39.1069085,2,483.0,"196, 214","30, 30"
ARATUÍPE,ESCOLA MUNICIPAL NOSSA SENHORA DE SANTANA,RUA CONEGO SILVIO SILVINO - ZONA URBANA,CENTRO,44490000,-13.0768002,-39.0019283,3,940.0,"76, 77, 188","30, 30, 30"
ARATUÍPE,ESCOLA MUNICIPAL PROF. CLEONICE DA SILVA NUNES (ANTIGO EMA),"RUA EDMUNDO HONORATO BARRETO, S/N - ZONA URBANA",CIDADE DE PALHA,44490000,-13.0783295,-39.0007172,4,971.0,"71, 159, 166, 198","30, 30, 30, 30"
ARATUÍPE,ESCOLA MUNICIPAL PROF. LUCIANA GÓES,PRACA JOSE ALVES - ZONA URBANA,CENTRO,44490000,-13.0782541,-39.0005575,3,705.0,"161, 184, 225","30, 30, 30"
BARROCAS,ASSOCIAÇÃO COMUNITÁRIA DO CEDRO,POVOADO CEDRO - ZONA RURAL,POVOADO CEDRO,48705000,-11.5212286,-39.0615384,1,111.0,340,150
BARROCAS,CENTRO EDUCACIONAL DESEMBARGADOR JÚLIO VIRGÍNIO,"PRAÇA DA MATRIZ, 80 - ZONA URBANA",CENTRO,48705000,-11.5302582,-39.0782495,5,1421.0,"148, 152, 153, 154, 155","150, 150, 150, 150, 150"
BARROCAS,COLÉGIO ESTADUAL DE BARROCAS,"CONDOMÍNIO ALTO DO IPÊ, S/N - ZONA URBANA",CENTRO,48705000,-11.5338896,-39.0849966,2,594.0,"287, 330","150, 150"
BARROCAS,COLÉGIO MUNICIPAL DE BARROCAS (CEMETII PROF. VIVIANE CAMPOS LIMA),"AV. CELSO ANTONIO PINHEIRO DA MOTA, S/N - ZONA URBANA",CENTRO,48705000,-11.5322455,-39.0743734,10,3460.0,"136, 137, 138, 139, 140, 141, 142, 143, 144, 184","150, 150, 150, 150, 150, 150, 150, 150, 150, 150"
BARROCAS,ESCOLA MUNICIPAL ANA FAUSTINA DOS SANTOS,POVOADO BOM GOSTO - ZONA RURAL,POVOADO BOM GOSTO,48705000,-11.5919641,-39.1262006,1,182.0,149,150
BARROCAS,ESCOLA MUNICIPAL ANTÔNIO GABRIEL DE OLIVEIRA,POVOADO LAGOA DA CRUZ - ZONA RURAL,POVOADO LAGOA DA CRUZ,48705000,-11.507016,-39.0710947,3,799.0,"160, 161, 337","150, 150, 150"
BARROCAS,ESCOLA MUNICIPAL ANTÔNIO LUIZ DAMIÃO,POVOADO MINAÇÃO - ZONA RURAL,POVOADO MINAÇÃO,48705000,-11.5898036,-39.137966,3,834.0,"158, 159, 312","150, 150, 150"
BARROCAS,ESCOLA MUNICIPAL DANIEL GALDINO,POVOADO ALTO ALEGRE - ZONA RURAL,POVOADO ALTO ALEGRE,48705000,-11.5279014,-39.1113814,1,349.0,242,150
BARROCAS,ESCOLA MUNICIPAL DE 1ª GRAU ROQUE AVELINO DE QUEIROZ,POVOADO NOVA BRASÍLIA - ZONA RURAL,POVOADO NOVA BRASÍLIA,48705000,-11.5977136,-39.0949444,2,725.0,"156, 157","150, 150"
BARROCAS,ESCOLA MUNICIPAL DE 1º GRAU ANTÔNIO CÂNDIDO PEREIRA,POVOADO ROSÁRIO - ZONA RURAL,POVOADO ROSÁRIO,48705000,-11.5222423,-39.1196366,2,484.0,"167, 296","150, 150"
BARROCAS,ESCOLA MUNICIPAL DE 1º GRAU ROQUE AVELINO DE QUEIROZ FILHO,POVOADO SÃO MIGUEL DO OURICURI - ZONA RURAL,POVOADO SÃO MIGUEL DO OURICURI,48705000,-11.5612553,-39.1105416,4,964.0,"162, 163, 240, 241","150, 150, 150, 150"
BARROCAS,ESCOLA MUNICIPAL DE SANTA ROSA,POVOADO SANTA ROSA - ZONA RURAL,POVOADO SANTA ROSA,48705000,-11.5494082,-39.0741518,3,885.0,"183, 280, 334","150, 150, 150"
BARROCAS,ESCOLA MUNICIPAL DE VELHO DOMINGOS,POVOADO VELHO DOMINGOS - ZONA RURAL,POVOADO VELHO DOMINGOS,48705000,-11.5476694,-39.1437692,1,227.0,276,150
BARROCAS,ESCOLA MUNICIPAL DO ALAMBIQUE,POVOADO ALAMBIQUE - ZONA RURAL,POVOADO ALAMBIQUE,48705000,-11.5349967,-39.1007188,1,369.0,243,150
BARROCAS,ESCOLA MUNICIPAL DOM JACKSON BERENGUER PRADO,POVOADO TOCO PRETO - ZONA RURAL,POVOADO TOCO PRETO,48705000,-11.624075,-39.1320815,1,190.0,226,150
BARROCAS,ESCOLA MUNICIPAL FEBRÔNIO TELES DE OLIVEIRA,POVOADO CURRALINHO - ZONA RURAL,POVOADO CURRALINHO,48705000,-11.6061957,-39.1437961,1,371.0,150,150
BARROCAS,ESCOLA MUNICIPAL HORIOSVALDO SANTOS,POVOADO LADEIRA - ZONA RURAL,POVOADO LADEIRA,48705000,-11.6141028,-39.1192613,2,479.0,"173, 304","150, 150"
BARROCAS,ESCOLA MUNICIPAL JOSÉ QUINTINO ROCHA,POVOADO IPOEIRA - ZONA RURAL,POVOADO IPOEIRA,48705000,-11.5603134,-39.0266313,2,624.0,"181, 313","150, 150"
BARROCAS,ESCOLA MUNICIPAL JOÃO FRANCISCO PEREIRA,POVOADO BARREIRAS - ZONA RURAL,POVOADO BARREIRA,48705000,-11.4921858,-39.0903803,2,450.0,"166, 285","150, 150"
BARROCAS,ESCOLA MUNICIPAL MARIA QUITÉRIA,POVOADO BRASILEIRO - ZONA RURAL,POVOADO BRASILEIRO,48705000,-11.4714603,-39.0743487,1,250.0,151,150
BARROCAS,ESCOLA MUNICIPAL SÃO JOSÉ,POVOADO PIRIQUITO - ZONA RURAL,POVOADO PERIQUITO,48705000,-11.4889298,-39.1175281,1,177.0,180,150
BARROCAS,GRUPO ESCOLAR AGENOR DE FREITAS,"PRAÇA DA MATRIZ, 80 - ZONA URBANA",CENTRO,48705000,-11.530145,-39.0778997,3,975.0,"145, 146, 147","150, 150, 150"
BIRITINGA,COLÉGIO ESTADUAL DE BIRITINGA,"AV. ELÁDIO GOMES, 390 - ZONA URBANA",CENTRO,48780000,-11.6177304,-38.8071978,6,2038.0,"198, 199, 200, 201, 202, 295","150, 150, 150, 150, 150, 150"
BIRITINGA,COLÉGIO MUNICIPAL DE BIRITINGA,"RUA PRESIDENTE MEDICI, S/N - ZONA URBANA",CENTRO,48780000,-11.6223285,-38.809426,12,4136.0,"186, 187, 188, 189, 190, 191, 192, 193, 194, 195, 196, 197","150, 150, 150, 150, 150, 150, 150, 150, 150, 150, 150, 150"
BIRITINGA,ESCOLA MUNICIPAL ALVARO PEDREIRA,POVOADO BEBEDOURO - ZONA RURAL,POVOADO BEBEDOURO,48780000,-11.6549732,-38.7404042,2,450.0,"212, 301","150, 150"
BIRITINGA,ESCOLA MUNICIPAL ANA NERY,POVOADO CAMPO DA EMA - ZONA RURAL,POVOADO CAMPO DA EMA,48780000,-11.6844259,-38.8244486,2,738.0,"210, 228","150, 150"
BIRITINGA,ESCOLA MUNICIPAL CASTRO ALVES,POVOADO SERRA BRANCA - ZONA RURAL,POVOADO SERRA BRANCA,48780000,-11.7019242,-38.7985322,1,192.0,218,150
BIRITINGA,ESCOLA MUNICIPAL EUJÁCIO SIMÕES,"RUA ANTÔNIO PEDREIRA MARQUES, 95 - ZONA URBANA",CENTRO,48780000,-11.6210554,-38.803632,5,1271.0,"203, 208, 225, 227, 248","150, 150, 150, 150, 150"
BIRITINGA,ESCOLA MUNICIPAL JOANA ANGÉLICA,POVOADO MONTANHA - ZONA RURAL,POVOADO MONTANHA,48780000,-11.6664226,-38.8360145,1,217.0,268,150
BIRITINGA,ESCOLA MUNICIPAL MANOEL DE SOUZA,POVOADO VILA NOVA - ZONA RURAL,POVOADO VILA NOVA,48780000,-11.6753399,-38.6959809,2,644.0,"213, 272","150, 150"
BIRITINGA,ESCOLA MUNICIPAL MANOEL PEDREIRA GOMES,POVOADO GAMELEIRO - ZONA RURAL,POVOADO GAMELEIRO,48780000,-11.6955482,-38.7691669,1,340.0,215,150
BIRITINGA,ESCOLA MUNICIPAL MANOEL PEREIRA CARDOSO,POVOADO JENIPAPO - ZONA RURAL,POVOADO JENIPAPO,48780000,-11.6674625,-38.8677621,1,359.0,217,150
BIRITINGA,ESCOLA MUNICIPAL NOSSA SENHORA DA VITÓRIA,POVOADO PONTAL - ZONA RURAL,POVOADO PONTAL,48780000,-11.6582831,-39.0041349,2,430.0,"211, 315","150, 150"
BIRITINGA,ESCOLA MUNICIPAL OSVALDO CRUZ,POVOADO BURACO DO DINHEIRO - ZONA RURAL,POVOADO BURACO DO DINHEIRO,48780000,-11.6575939,-38.7916886,1,372.0,209,150
BIRITINGA,ESCOLA MUNICIPAL PROFESSORA MARIA JOSÉ BISPO SANTOS,POVOADO ARAÇÁS  I - ZONA RURAL,POVOADO ARAÇÁS I,48780000,-11.558208,-38.7786245,2,409.0,"214, 303","150, 150"
BIRITINGA,ESCOLA MUNICIPALIZADA CENTRO EDUCACIONAL DOM BOSCO,"PRAÇA DO IPIRANGA, 340 - ZONA URBANA",CENTRO,48780000,-11.6220494,-38.8083679,4,763.0,"204, 205, 206, 258","150, 150, 150, 150"
BIRITINGA,ESCOLA TEOTÔNIO SANSÃO,POVOADO VIRA MÃO - ZONA RURAL,POVOADO VIRA MÃO,48780000,-11.7195815,-38.8616191,1,364.0,216,150
BOM JESUS DA LAPA,CEI EUFROSINA BORGES DOURADO,AVENIDA ALMIRANTE BEIRUTE S/N - ZONA URBANA,CAVALHADA,47600000,-13.250581,-43.4186728,4,976.0,"1, 2, 3, 10","71, 71, 71, 71"
BOM JESUS DA LAPA,CEI PEQUENO POLEGAR,"RUA SÃO JOSÉ, S/N",JOÃO PAULO II,47600000,-13.2462631,-43.4048395,4,1385.0,"47, 48, 49, 324","71, 71, 71, 71"
BOM JESUS DA LAPA,CENTRO COMUNITÁRIO JUAZEIRO,POVOADO JUAZEIRO - ZONA RURAL,POVOADO JUAZEIRO,47600000,-13.1916106,-42.9468434,1,243.0,149,71
BOM JESUS DA LAPA,CENTRO DE EDUCAÇÃO INFANTIL KATIUSCIA,"RUA SANTA MARIA GORETE, S/N - ZONA URBANA",JOÃO PAULO II,47600000,-13.2446871,-43.4051782,4,1475.0,"139, 153, 247, 275","71, 71, 71, 71"
BOM JESUS DA LAPA,CENTRO EDUCACIONAL MUNICIPALIZADO SÃO JOSÉ,RUA MANOEL GOMES DE SOUZA,SÃO GOTARDO,47600000,-13.259384,-43.4182513,11,2582.0,"27, 28, 29, 30, 135, 136, 152, 177, 210, 224, 232","71, 71, 71, 71, 71, 71, 71, 71, 71, 71, 71"
BOM JESUS DA LAPA,CENTRO INTEGRADO DE ENSINO CONTINUADO - CIEC,TRAVESSA AVENIDA MANOEL NOVAIS,CENTRO,47600000,-13.2594813,-43.4162386,3,1008.0,"5, 6, 17","71, 71, 71"
BOM JESUS DA LAPA,ESCOLA BATISTA,RUA GUANABARA - ZONA URBANA,CENTRO,47600000,-13.2525367,-43.4170417,4,1251.0,"7, 8, 9, 134","71, 71, 71, 71"
BOM JESUS DA LAPA,ESCOLA CAMILO BALDUÍNO DA SILVA,POÇO DO URUBU,DISTRITO SEDE,47600000,-13.14598,-43.32261,1,146.0,334,71
BOM JESUS DA LAPA,ESCOLA DE 2º GRAU MONSENHOR TURÍBIO VILA NOVA,AVENIDA AGENOR MAGALHÃES - ZONA URBANA,AMARALINA,47600000,-13.2518606,-43.4068634,13,4360.0,"36, 37, 38, 39, 40, 137, 203, 219, 228, 239, 257, 282, 315","71, 71, 71, 71, 71, 71, 71, 71, 71, 71, 71, 71, 71"
BOM JESUS DA LAPA,ESCOLA EDIVALDO FLORES BOAVENTURA,RUA DOS ESCOTEIROS - ZONA URBANA,SÃO JOÃO,47600000,-13.25841,-43.4035683,5,1787.0,"33, 287, 297, 303, 310","71, 71, 71, 71, 71"
BOM JESUS DA LAPA,ESCOLA MUN. PROFª MARTINHA GONÇALVES,"RUA SÃO CRISTOVÃO, S/N - ZONA URBANA",JOÃO PAULO II,47600000,-13.2469264,-43.4046499,5,1505.0,"138, 211, 220, 293, 313","71, 71, 71, 71, 71"
BOM JESUS DA LAPA,ESCOLA MUNICIPAL ANTONIO CARDOSO DOS SANTOS,"VILA DO SETOR 04, S/N - ZONA RURAL",POVOADO PROJETO FORMOSO A,47600000,-13.2532667,-43.6321267,3,890.0,"259, 286, 321","71, 71, 71"
BOM JESUS DA LAPA,ESCOLA MUNICIPAL BALÃO MÁGICO,RUA 15 DE NOVEMBRO S/N - ZONA URBANA,SÃO JOÃO,47600000,-13.2602366,-43.406928,6,1861.0,"34, 35, 231, 250, 265, 320","71, 71, 71, 71, 71, 71"
BOM JESUS DA LAPA,ESCOLA MUNICIPAL ELGINO NUNES DE SOUZA,POVOADO RIO DAS RÃS - ZONA RURAL,POVOADO RIO DAS RÃS,47600000,-13.7465234,-43.5004719,2,748.0,"212, 267","71, 71"
BOM JESUS DA LAPA,ESCOLA MUNICIPAL FORMOSO A,PROJETO DE IRRIGAÇÃO FORMOSO A - ZONA RURAL,SETOR 33,47600000,-13.2443869,-43.6539249,6,2091.0,"208, 222, 233, 245, 256, 264","71, 71, 71, 71, 71, 71"
BOM JESUS DA LAPA,ESCOLA MUNICIPAL FRANCISCO JOSÉ DA COSTA,POVOADO TANQUE NOVO - ZONA RURAL,POVOADO TANQUE NOVO,47600000,-13.3269717,-43.0560133,1,199.0,147,71
BOM JESUS DA LAPA,ESCOLA MUNICIPAL ISMAEL ALVES,"POVOADO LAGOA DO ISMAEL,SN  - ZONA RURAL",DISTRITO SEDE,47600000,-12.961585,-43.21234,2,341.0,"70, 217","71, 71"
BOM JESUS DA LAPA,ESCOLA MUNICIPAL IZIDÓRIO BATISTA DA SILVA,POVOADO MOSSORONGO - ZONA RURAL,POVOADO MOSSORONGO,47600000,-13.2702434,-43.1306479,1,343.0,213,71
BOM JESUS DA LAPA,ESCOLA MUNICIPAL JOSINA MARIA DA CONCEIÇÃO,COMUNIDADE QUILOMBOLA LAGOA DAS PIRANHAS - ZONA RURAL,DISTRITO SEDE,47600000,-13.180425,-43.4717217,1,217.0,266,71
BOM JESUS DA LAPA,ESCOLA MUNICIPAL JOSÉ BATISTA DE SOUZA,POVOADO CHAPADA GRANDE - ZONA RURAL,POVOADO CHAPADA GRANDE,47600000,-13.33583,-43.1356483,2,546.0,"148, 241","71, 71"
BOM JESUS DA LAPA,ESCOLA MUNICIPAL JOSÉ SANTANA,"MORRÃO, ZONA RURAL - BOM JESUS DA LAPA",DISTRITO SEDE,47600000,-13.1378507,-43.2247339,1,99.0,329,71
BOM JESUS DA LAPA,ESCOLA MUNICIPAL JOÃO RIBEIRO LOPES,POVOADO FORTALEZA - ZONA RURAL,POVOADO FORTALEZA,47600000,-12.8372033,-43.3377167,1,297.0,69,71
BOM JESUS DA LAPA,ESCOLA MUNICIPAL LEOBINO FAVELA,POVOADO SILVESTRE - ZONA RURAL,POVOADO SILVESTRE,47600000,-13.0619749,-43.0848819,2,726.0,"150, 223","71, 71"
BOM JESUS DA LAPA,ESCOLA MUNICIPAL LINO SOARES,POVOADO CURRAL DAS VÁRZEAS - ZONA RURAL,POVOADO CURRAL DAS VÁRZEAS,47600000,-13.5368433,-43.3258967,2,327.0,"207, 242","71, 71"
BOM JESUS DA LAPA,ESCOLA MUNICIPAL NOSSA SENHORA APARECIDA,"RUA DR. GILVENCIO XAVIER, S/N - ZONA URBANA",LAGOA GRANDE,47600000,-13.2733452,-43.4041054,6,2334.0,"260, 288, 299, 302, 312, 335","71, 71, 71, 71, 71, 71"
BOM JESUS DA LAPA,ESCOLA MUNICIPAL NOSSA SENHORA DA CONCEIÇÃO,POVOADO BANDEIRA - ZONA RURAL,POVOADO BANDEIRA,47600000,-12.9599683,-43.3981183,3,944.0,"68, 235, 307","71, 71, 71"
BOM JESUS DA LAPA,ESCOLA MUNICIPAL OTACÍLIO JOSÉ DAS NEVES,DISTRITO LAGOA DE PEDRA - ZONA RURAL,DISTRITO LAGOA DE PEDRA,47600000,-13.4518283,-43.17735,1,186.0,146,71
BOM JESUS DA LAPA,ESCOLA MUNICIPAL PAULO FREIRE,"AVENIDA AGENOR MAGALHÃES, S/N - ZONA URBANA",SÃO GOTARDO,47600000,-13.2514215,-43.413147,5,1369.0,"26, 31, 32, 214, 234","71, 71, 71, 71, 71"
BOM JESUS DA LAPA,ESCOLA MUNICIPAL PEQUENO PRÍNCIPE,RUA CHÁCARA S/N - ZONA URBANA,AMARALINA,47600000,-13.2503001,-43.4075499,6,1828.0,"236, 251, 277, 294, 300, 316","71, 71, 71, 71, 71, 71"
BOM JESUS DA LAPA,ESCOLA MUNICIPAL PROFESSOR JOSÉ SOARES SILVA,"POVOADO DO TANQUINHO, SN - ZONA RUAL",DISTRITO SEDE,47600000,-13.7399338,-43.4987597,2,358.0,"71, 218","71, 71"
BOM JESUS DA LAPA,ESCOLA MUNICIPAL PROFESSOR JOÃO CAMPOS DE ARAÚJO,POVOADO ILHA DA CANABRAVA - ZONA RURAL,POVOADO ILHA DE CANABRAVA,47600000,-13.1905971,-43.4366353,1,357.0,204,71
BOM JESUS DA LAPA,ESCOLA MUNICIPAL PROFESSORA ADILENE MARIA DOS SANTOS,"AVENIDA PRINCIPAL, S/N",primavera i,47600000,-13.2483583,-43.39355,1,397.0,326,71
BOM JESUS DA LAPA,ESCOLA MUNICIPAL PROFESSORA EGERIA VALE BELO,CAMINHO 03 - ZONA URBANA,MAGALHÃES NETO,47600000,-13.2474626,-43.4110862,4,1428.0,"163, 201, 221, 276","71, 71, 71, 71"
BOM JESUS DA LAPA,ESCOLA MUNICIPAL QUILOMBO EMILIANO JOAQUIM VILAÇA,POVOADO BRASILEIRA - ZONA RURAL,POVOADO BRASILEIRA,47600000,-13.7261382,-43.494405,3,730.0,"81, 82, 155","71, 71, 71"
BOM JESUS DA LAPA,ESCOLA MUNICIPAL SAGRADA FAMÍLIA,POVOADO FAVELÂNDIA - ZONA RURAL,POVOADO FAVELÂNDIA,47600000,-13.2895233,-42.9531417,3,395.0,"73, 76, 79","71, 71, 71"
BOM JESUS DA LAPA,ESCOLA MUNICIPAL SENHORINHO BARBOSA DOS SANTOS,POVOADO CARAÍBAS - ZONA RURAL,DISTRITO SEDE,47600000,-13.21801,-43.0497333,3,429.0,"151, 225, 261","71, 71, 71"
BOM JESUS DA LAPA,ESCOLA MUNICIPAL VITALINA MARIA DE JESUS,"RUA SANTA ZITA, 577",JOÃO PAULO II,47600000,-13.242885,-43.4036767,1,370.0,330,71
BOM JESUS DA LAPA,ESCOLA MUNICIPALIZADA PADRE FRANCISCO DA SOLEDADE,"AV. MANOEL NOVAIS, S/N - ZONA URBANA",BEIRA RIO,47600000,-13.2518798,-43.4228279,6,1815.0,"14, 15, 16, 21, 22, 229","71, 71, 71, 71, 71, 71"
BOM JESUS DA LAPA,ESCOLA PROFESSORA LUCIA MARILAQUE SILVA,"RUA FERNANDO PRESIDIO, 434",SÃO JOÃO,47600000,-13.25766,-43.4038867,2,573.0,"325, 340","71, 71"
BOM JESUS DA LAPA,ESCOLA WILSON LINS,RUA SANTA LUZIA S/N - ZONA URBANA,SANTA LUZIA,47600000,-13.249673,-43.4139397,7,2011.0,"41, 42, 43, 44, 45, 46, 206","71, 71, 71, 71, 71, 71, 71"
BOM JESUS DA LAPA,NÚCLEO EDUCACIONAL BATALHA,ASSENTAMENTO FRUTICULTURA - ZONA RURAL,DISTRITO SEDE,47600000,-13.6183017,-43.427515,3,918.0,"262, 283, 306","71, 71, 71"
BOM JESUS DA LAPA,SECRETARIA MUNICIPAL DE ASSISTÊNCIA SOCIAL,"AV ALMIRANTE BEIRUTE, S/N - ZONA URBANA",CAVALHADA,47600000,-13.2487375,-43.4180488,4,1084.0,"11, 12, 13, 252","71, 71, 71, 71"
BOM JESUS DA LAPA,UNEB - UNIVERSIDADE DO ESTADO DA BAHIA,"AVENIDA AGENOR MAGALHÃES, S/N",AMARALINA,47600000,-13.251775,-43.4070833,5,1842.0,"50, 51, 52, 53, 338","71, 71, 71, 71, 71"
BOM JESUS DA LAPA,UNIDADE BÁSICA DE SAÚDE CABEÇA DO BOI,POVOADO CABEÇA DO BOI - ZONA RURAL,DISTRITO SEDE,47600000,-13.5836333,-43.2780517,1,285.0,263,71
BOM JESUS DA LAPA,UNIVERSIDADE FEDERAL DO OESTE DA BAHIA-UFOB,AVENIDA MANOEL NOVAES - ZONA URBANA,CENTRO,47600000,-13.2592631,-43.4147528,8,2168.0,"18, 19, 20, 23, 24, 25, 215, 226","71, 71, 71, 71, 71, 71, 71, 71"
BOTUPORÃ,COLÉGIO ESTADUAL DO CAMPO DE BOTUPORÃ,"RUA SANTOS DUMONT, 429 - ZONA URBANA",CENTRO,46580000,-13.3758461,-42.5186281,8,2388.0,"71, 72, 73, 79, 80, 103, 197, 207","168, 168, 168, 168, 168, 168, 168, 168"
BOTUPORÃ,ESCOLA  MARILENE  DA SILVA CALDEIRA,RUA 22 DE MARÇO ZONA URBANA,CENTRO,46570000,-13.4592612,-42.5514008,4,944.0,"74, 87, 88, 98","168, 168, 168, 168"
BOTUPORÃ,ESCOLA MUNICIPAL FRANCISCO AUGUSTO SANTANA,POVOADO DO POÇO - ZONA RURAL,POVOADO POÇO,46570000,-13.3350784,-42.6264177,2,477.0,"93, 97","168, 168"
BOTUPORÃ,ESCOLA MUNICIPAL JOSÉ BARBOSA,POVOADO VEREDA - ZONA RURAL,POVOADO VEREDA,46570000,-13.3213978,-42.6673997,1,133.0,94,168
BOTUPORÃ,ESCOLA MUNICIPAL JOSÉ CLEMENTE COSTA,POVOADO LAGOA D'ÁGUA DOS COSTAS - ZONA RURAL,POVOADO LAGOA D'ÁGUA DOS COSTA,46570000,-13.3397136,-42.5524731,1,317.0,104,168
BOTUPORÃ,ESCOLA MUNICIPAL JOÃO SALES,POVOADO LAGOA D'ÁGUA DO SÃO FRANCISCO - ZONA RURAL,POVOADO LAGOA D'ÁGUA DO SÃO FRANCISCO,46570000,-13.3758798,-42.4600792,2,378.0,"100, 102","168, 168"
BOTUPORÃ,ESCOLA MUNICIPAL MIGUEL LOURENÇO REIS,RUA PARAMIRIM,IRMÃ DULCE,46570000,-13.3720542,-42.5200498,10,2903.0,"75, 76, 77, 78, 81, 82, 83, 84, 85, 86","168, 168, 168, 168, 168, 168, 168, 168, 168, 168"
BOTUPORÃ,ESCOLA MUNICIPAL PEDRO LOIOLA,POVOADO SANTO ANTÔNIO - ZONA RURAL,POVOADO SANTO ANTÔNIO,46570000,-13.3598264,-42.6359002,1,147.0,89,168
BOTUPORÃ,ESCOLA MUNICIPAL ROBSON NEVES SOUZA,POVOADO BOA VISTA - ZONA RURAL,POVOADO BOA VISTA,46570000,-13.2312955,-42.5170236,6,1410.0,"90, 91, 92, 95, 96, 101","168, 168, 168, 168, 168, 168"
BREJOLÂNDIA,CENTRO EDUCACIONAL MUNICIPAL SANTA LUZIA,POVOADO SANTA LUZIA -  ZONA RURAL,DISTRITO SANTA LUZIA,47750000,-12.65042,-44.0376383,2,499.0,"9, 10","190, 190"
BREJOLÂNDIA,ESCOLA MUNICIPAL OTÁVIO BASTOS DELGADO,RUA ADELMO XAVIER -  ZONA URBANA,CENTRO,47750000,-12.48423,-43.96327,3,919.0,"5, 6, 7","190, 190, 190"
BREJOLÂNDIA,ESCOLA MUNICIPAL PRESIDENTE MEDICI,"RUA ADLEMO DE OLIVEIRA, S/N - ZONA URBANA",CENTRO,47750000,-12.4856167,-43.9626383,2,672.0,"1, 8","190, 190"
BREJOLÂNDIA,FLAVIANA PEREIRA DE SOUZA,POVOADO SERTAOZINHO - ZONA RURAL,VILA SERTÃOZINHO,47750000,-12.5652717,-43.9975567,1,315.0,128,190
BREJOLÂNDIA,PONTO DE APOIO TEBÚCIO PEREIRA SANTOS,POVOADO PERI PERI -  ZONA RURAL,POVOADO PERI PERI,47750000,-12.658285,-43.99295,1,251.0,28,190
BREJOLÂNDIA,PREDIO CONRADO ALVES DE ARAUJO,POVOADO MAMBACA -  ZONA RURAL,VILA MAMBAÇA,47750000,-12.5702983,-43.954845,4,1029.0,"17, 18, 19, 20","190, 190, 190, 190"
BREJOLÂNDIA,PREDIO ESCOLAR BENTO LEMOS DA SILVA,POVOADO LIMOEIRO -  ZONA RURAL,POVOADO LIMOEIRO,47750000,-12.4068167,-43.932205,2,396.0,"16, 22","190, 190"
BREJOLÂNDIA,PREDIO ESCOLAR JOAO LOPES GALVAO,POVOADO BREJINHO -  ZONA RURAL,POVOADO BREJINHO,47750000,-12.689845,-44.03446,1,208.0,12,190
BREJOLÂNDIA,PREDIO ESCOLAR JOAQUIM JOSE DOS SANTOS,POVOADO CAMPESTRE -  ZONA RURAL,POVOADO CAMPESTRE,47750000,-12.62377,-43.99953,2,601.0,"25, 26","190, 190"
BREJOLÂNDIA,PREDIO ESCOLAR MARCOS SOARES OLIVEIRA,POVOADO CEDRO -  ZONA RURAL,POVOADO CEDRO,47750000,-12.6805183,-43.9490717,1,250.0,21,190
BREJOLÂNDIA,PREDIO ESCOLAR POMPILIO TEIXEIRA,PRACA MARIA ARLINDA DE CASTRO -  ZONA URBANA,CENTRO,47750000,-12.4853483,-43.9590067,4,1009.0,"2, 3, 4, 149","190, 190, 190, 190"
BREJOLÂNDIA,PREDIO ESCOLAR SAO SEBASTIAO,POVOADO PONTA D'AGUA - ZONA RURAL,POVOADO PONTA D'AGUA,47750000,-12.4378933,-43.8971,1,338.0,129,190
BREJOLÂNDIA,PREDIO FRANCISCO COELHO SOBRINHO,POVOADO SANTA PAZ DA 25 -  ZONA RURAL,VILA SANTA PAZ DA 25,47750000,-12.4775483,-43.8760217,2,703.0,"23, 24","190, 190"
BREJOLÂNDIA,PREDIO SERAFIM NERI DO PRADO,POVOADO MONONAL -  ZONA RURAL,DISTRITO MAMONAL,47750000,-12.3670683,-43.7976283,5,1090.0,"13, 14, 15, 121, 139","190, 190, 190, 190, 190"
CAIRU,ASSOCIAÇÃO COMUNITARIA AQPEGA,"RUA NOVA , S/N - ZONA RURAL",POVOADO GARAPUA,45420000,-13.4740318,-38.9212222,2,714.0,"12, 258","31, 31"
CAIRU,COLÉGIO ESTADUAL CÂNDIDO MEIRELES,"PRAÇA DA BANDEIRA, N 81 - ZONA URBANA",CENTRO,45420000,-13.4865325,-39.0471412,5,1457.0,"1, 2, 122, 200, 276","31, 31, 31, 31, 31"
CAIRU,COLÉGIO MUNICIPAL DA GAMBOA HILDÉCIO ANTÔNIO MEIRELES - COLÉGIO MODELO,"RUA PRINCIPAL, SN, LOTEAMENTO NOVA GAMBOA - ZONA RURAL",DISTRITO GAMBOA,45420000,-13.3988308,-38.9385922,8,2851.0,"9, 10, 11, 162, 220, 281, 804, 814","31, 31, 31, 31, 31, 31, 31, 31"
CAIRU,COLÉGIO MUNICIPAL DE BOIPEBA HILDÉCIO ANTÔNIO MEIRELES-COLÉGIO MODELO,"PRAÇA SANTO ANTONIO, S/N - ZONA RURAL",DISTRITO BOIPEBA,45420000,-13.5870803,-38.927499,7,2521.0,"16, 17, 196, 247, 249, 803, 810","31, 31, 31, 31, 31, 31, 31"
CAIRU,COLÉGIO MUNICIPAL HILDÉCIO ANTONIO MEIRELES,"RUA ESTRADA NOVA DO ZIMBO, S/N - ZONA RURAL",DISTRITO MORRO DE SÃO PAULO,45420000,-13.4010536,-38.9152524,4,1405.0,"269, 288, 802, 812","31, 31, 31, 31"
CAIRU,ESCOLA ADVENTISTA DO SÉTIMO DIA,"RUA DA LAGOA, S/N - ZONA RURAL",DISTRITO MORRO DE SÃO PAULO,45420000,-13.3809182,-38.9177562,1,387.0,221,31
CAIRU,ESCOLA HUMBERTO CARLOS BARBOSA RIBEIRO,RUA DO GABIRU S/N - ZONA RURAL,DISTRITO GALEÃO,45400000,-13.4010592,-39.0338763,2,708.0,"8, 123","31, 31"
CAIRU,ESCOLA MUNICIPAL ANGELINA PACHECO,RUA DO CAMPO S/N - ZONA RURAL,POVOADO TORRINHA,45420000,-13.5692792,-39.0091512,2,649.0,"14, 217","31, 31"
CAIRU,ESCOLA MUNICIPAL ANTONIO CARLOS MAGALHAES,RUA BARAO HOMEM DE MELO,CENTRO,45420000,-13.4871316,-39.0438842,2,599.0,"3, 4","31, 31"
CAIRU,ESCOLA MUNICIPAL DE SÃO SEBASTIÃO ,RIA DO MAGALHÃES SN,POVOADO SÃO SEBASTIÃO,45000420,-13.661679,-38.9448485,2,707.0,"15, 195","31, 31"
CAIRU,ESCOLA MUNICIPAL LUIZ NAVARRO DE BRITO,RUA VISCONDE DE CAIRU S/N - ZONA URBANA,CENTRO,45420000,-13.4879265,-39.0433264,3,876.0,"5, 6, 193","31, 31, 31"
CAIRU,ESCOLA MUNICIPAL NOSSA SENHORA DA LUZ,RUA CAMINHO DA PRAIA S/N - ZONA RURAL,DISTRITO MORRO DE SÃO PAULO,45420000,-13.377799,-38.9153951,4,1257.0,"13, 192, 280, 813","31, 31, 31, 31"
CAIRU,ESCOLA MUNICIPAL RURAL DO GALEÃO,RUA DIRETA S/N - ZONA RURAL,DISTRITO GALEÃO,45410000,-13.3989301,-39.0352409,2,640.0,"7, 176","31, 31"
CAIRU,SALAS DE REUNIÕES DA IGREJA NOSSA SENHORA DA LUZ,"PRAÇA DA AMENDOEIRA, S/N - ZONA RURAL",DISTRITO MORRO DE SÃO PAULO,45420000,-13.3773396,-38.9168903,2,768.0,"238, 259","31, 31"
CAMAMU,ANEXO JOSÉ PEREIRA MALTA,"RUA DO CAMPO, S/N",DISTRITO DE BARCELOS DO SUL,45445000,-14.0462292,-39.0124674,2,747.0,"38, 80","78, 78"
CAMAMU,CENTRO EDUCACIONAL CENECISTA PROF. PIRAJÁ DA SILVA,"PRAÇA DR. PIRAJÁ DA SILVA, S/N - ZONA URBANA",CIDADE ALTA,45445000,-13.9426951,-39.1038228,12,3626.0,"1, 2, 3, 4, 5, 6, 7, 16, 88, 95, 128, 188","78, 78, 78, 78, 78, 78, 78, 78, 78, 78, 78, 78"
CAMAMU,COLEGIO ESTADUAL LUIZ ROGERIO DE SOUZA,PRACA DR. LUIZ ROGERIO DE SOUZA - ZONA URBANA,CENTRO,45445000,-13.9432401,-39.1032582,23,7489.0,"8, 9, 13, 41, 42, 43, 44, 45, 46, 57, 77, 82, 87, 96, 98, 104, 108, 110, 112, 114, 116, 185, 200","78, 78, 78, 78, 78, 78, 78, 78, 78, 78, 78, 78, 78, 78, 78, 78, 78, 78, 78, 78, 78, 78, 78"
CAMAMU,COLEGIO MUNICIPAL PAULO MAGALHÃES,"RUA CAMAMU, S/N -  ZONA RURAL",POVOADO DE TRAVESSAO,45445000,-14.1466741,-39.3280617,6,1171.0,"59, 78, 97, 101, 105, 131","78, 78, 78, 78, 78, 78"
CAMAMU,COLEGIO SAO JOSE,"PRACA DA BANDEIRA, 27 -  ZONA RURAL",POVOADO DE TRAVESSAO,45445000,-14.1498706,-39.3315055,3,803.0,"54, 58, 117","78, 78, 78"
CAMAMU,CRECHE OROJÓ,"RUA GUANABARA, S/N - ZONA RURAL",POVOADO DO OROJO,45445000,-14.0647854,-39.2205588,2,626.0,"129, 192","78, 78"
CAMAMU,ESCOLA DR ANTONIO CARLOS MAGALHÃES,"TRAVESSA NILO PEÇANHA, N31 - ZONA URBANA",CENTRO,45445000,-13.9458929,-39.102445,2,672.0,"11, 12","78, 78"
CAMAMU,ESCOLA MUNICIPAL DE CAJAÍBA,"RUA DE BAIXO, S/N - ZONA RURAL",POVOADO DA CAJAIBA,45445000,-13.9585808,-39.0331918,1,356.0,121,78
CAMAMU,ESCOLA MUNICIPAL DE TAPUIA,"RUA ANTONIO DANTAS, S/N",DISTRITO DE TAPUIA,45445000,-14.0856283,-39.0884715,1,329.0,36,78
CAMAMU,ESCOLA MUNICIPAL PROFESSORA ARABELA PIRAJÁ,"RUA DO CACAU, S/N - ZONA RURAL",POVOADO DO ACARAI,45445000,-13.9707235,-39.1338008,1,278.0,120,78
CAMAMU,ESCOLA PROFESSORA HILDEMAR MARIA SACRAMENTO OLIVEIRA,"RUA DA ENSEADA, S/N  - ZONA RURAL",POVOADO DA CAJAIBA,45445000,-13.9602748,-39.0277453,2,488.0,"33, 86","78, 78"
CAMAMU,ESCOLA VERA LÚCIA HORA DE SANTANA BISPO,PRAÇA DR. FRANCISCO XAVIER BORGES,CIDADE ALTA,45445000,-13.9440082,-39.1038282,3,975.0,"48, 53, 207","78, 78, 78"
CAMAMU,ESCOLINHA DA MONICA,"RUA CENTRAL, S/N  - ZONA RURAL",POVOADO DO OROJO,45445000,-14.0655684,-39.2205664,2,489.0,"109, 115","78, 78"
CAMAMU,ESCOLINHA INFANTIL MONTEIRO LOBATO,"RUA DR. PIRAJA DA SILVA, S/N - ZONA URBANA",CENTRO,45445000,-13.9420142,-39.1041751,3,780.0,"47, 52, 55","78, 78, 78"
CAMAMU,GINASIO MUNICIPAL PROFESSORA MARIA LUIZA,"PRACA SAO JOAO, S/N  - ZONA RURAL",POVOADO DA ILHA GRANDE,45445000,-13.9174799,-39.0067664,2,349.0,"35, 113","78, 78"
CAMAMU,GRUPO ESCOLAR ANTONIO NASCIMENTO,DISTRITO DE TAPUIA - ZONA RURAL,DISTRITO DE TAPUIA,45445000,-14.0873211,-39.0891078,1,331.0,68,78
CAMAMU,GRUPO ESCOLAR CARLOS GOMES,"RUA CENTRAL, S/N  - ZONA RURAL",POVOADO DO OROJO,45445000,-14.0653579,-39.2209533,2,450.0,"39, 40","78, 78"
CAMAMU,GRUPO ESCOLAR JOAQUIM MARCELINO BORGES,"RUA DUQUE DE CAXIAS, S/N - ZONA URBANA",CENTRO,45445000,-13.9435939,-39.1053849,4,1394.0,"10, 56, 119, 124","78, 78, 78, 78"
CAMAMU,GRUPO ESCOLAR PEDRO COUTINHO DE ALMEIDA,"RUA DIREITA, S/N  - ZONA RURAL",POVOADO DE PINARE,45445000,-13.8924763,-39.1394718,1,188.0,15,78
CAMAMU,GRUPO ESCOLAR RUI BARBOSA,RUA DR. XAVIER BORGES  - ZONA RURAL,DISTRITO DE BARCELOS DO SUL,45445000,-14.0422877,-39.0076484,2,464.0,"37, 122","78, 78"
CAMAMU,PREDIO ESCOLAR EMILIO GARRASTAZU MEDICE,"RUA DA PONTE, S/N  - ZONA RURAL",POVOADO DO ACARAI,45445000,-13.969936,-39.1349037,2,517.0,"17, 18","78, 78"
CAMAMU,PREDIO ESCOLAR JULIO CALAZANS,"RUA MANOEL BENICIO DIAS, S/N  - ZONA RURAL",POVOADO DE TRAVESSAO,45445000,-14.1492574,-39.3312274,1,151.0,19,78
CAMAMU,PREDIO ESCOLAR NILZA DE SOUZA COUTINHO,"RUA DA IGREJA, S/N  - ZONA RURAL",POVOADO DE TRAVESSAO,45445000,-14.1464285,-39.3314904,1,108.0,22,78
CAMAÇARI, ESCOLA MUNICIPAL PROFESSORA EVERALDINA VIEIRA DOS SANTOS,RUA COQUEIRO DE MONTE GORDO - ZONA RURAL,POVOADO MONTE GORDO,42820000,-12.6188467,-38.1114617,2,614.0,"92, 193","171, 171"
CAMAÇARI,CENTRO DE EDUCACAO MUNICIPAL DE CAMACARI,"RUA ARACY, S/N - ZONA URBANA",PHOC II,42805300,-12.7087661,-38.3324751,17,6814.0,"93, 94, 95, 96, 97, 98, 99, 100, 101, 102, 103, 104, 105, 106, 112, 116, 153","170, 170, 170, 170, 170, 170, 170, 170, 170, 170, 170, 170, 170, 170, 170, 170, 170"
CAMAÇARI,CENTRO EDUCACIONAL BARRA DO POJUCA,RUA ELISIO NETO S/N - ZONA RURAL,POVOADO BARRA DO POJUCA,42825000,-12.5892517,-38.0521423,17,6872.0,"52, 53, 54, 55, 183, 232, 268, 310, 329, 332, 387, 389, 394, 398, 414, 424, 438","171, 171, 171, 171, 171, 171, 171, 171, 171, 171, 171, 171, 171, 171, 171, 171, 171"
CAMAÇARI,CENTRO EDUCACIONAL DARCY RIBEIRO,"RUA DAS FLORES, S/N - ZONA URBANA",POVOADO BARRA DE JACUÍPE,42833000,-12.7012549,-38.1340608,12,4683.0,"51, 182, 221, 347, 359, 391, 399, 411, 432, 436, 455, 460","171, 171, 171, 171, 171, 171, 171, 171, 171, 171, 171, 171"
CAMAÇARI,CENTRO EDUCACIONAL MARCUS IVO BONNA,"EST DO COCO, KM 8, CD CONDOMÍNIO BUSCA VIDA, LT 27 - ZONA RURAL",POVOADO CATU DE ABRANTES,42840000,-12.8688803,-38.2665917,2,804.0,"404, 434","171, 171"
CAMAÇARI,CENTRO EDUCACIONAL MARQUÊS DE ABRANTES,RUA ALICE UZEDA S/N - ZONA URBANA ,VILA DE ABRANTES,42800000,-12.83107,-38.2625433,18,7434.0,"38, 39, 40, 41, 42, 43, 180, 215, 227, 243, 261, 264, 266, 288, 293, 304, 305, 319","171, 171, 171, 171, 171, 171, 171, 171, 171, 171, 171, 171, 171, 171, 171, 171, 171, 171"
CAMAÇARI,CENTRO EDUCACIONAL MIGUEL ALVES-CEMA,"AVENIDA JORGE AMADO, S/N° BAIRRO INDUSTRIAL - CAMAÇARI - BAHIA",PONTO CERTO,42801170,-12.70612187,-38.31394993,7,2940.0,"57, 59, 60, 61, 62, 63, 65","170, 170, 170, 170, 170, 170, 170"
CAMAÇARI,CENTRO EDUCACIONAL MONTEIRO LOBATO,"RUA SAO BENTO, 377 - ZONA URBANA",CAMAÇARI DE DENTRO,42800000,-12.7045936,-38.3316651,12,3179.0,"71, 72, 73, 74, 75, 76, 77, 187, 188, 278, 316, 386","171, 171, 171, 171, 171, 171, 171, 171, 171, 171, 171, 171"
CAMAÇARI,CENTRO EDUCACIONAL REITOR EDGAR SANTOS,RUA JOAO ARAUJO S/N - ZONA URBANA,GLEBA A,42707290,-12.692875,-38.3357467,4,1428.0,"318, 350, 362, 375","171, 171, 171, 171"
CAMAÇARI,CENTRO EDUCACIONAL TANCREDO NEVES,"RUA DO FLAMINGO, S/N - ZONA RURAL",POVOADO JAUÁ,42820000,-12.8228714,-38.2321625,12,4753.0,"144, 145, 203, 235, 275, 276, 328, 369, 419, 433, 439, 452","171, 171, 171, 171, 171, 171, 171, 171, 171, 171, 171, 171"
CAMAÇARI,CENTRO EDUCACIONAL YOLANDA PIRES,"RUA PRINCIPAL, S/N - ZONA URBANA",JARDIM LIMOEIRO,42800000,-12.703585,-38.3000067,16,6261.0,"199, 203, 204, 206, 209, 210, 215, 217, 219, 222, 233, 237, 241, 249, 255, 266","170, 170, 170, 170, 170, 170, 170, 170, 170, 170, 170, 170, 170, 170, 170, 170"
CAMAÇARI,CENTRO TERRITORIAL DE EDUCAÇÃO PROFISSIONAL DA REGIÃO METROPOLITANA,"RUA DA RODOVIÁRIA, 142, ZONA URBANA",CENTRO,42800400,-12.7000976,-38.3200178,8,2979.0,"125, 127, 181, 183, 243, 248, 250, 256","170, 170, 170, 170, 170, 170, 170, 170"
CAMAÇARI,CIEI DA GLEBA E,"RUA DAS FLORES, S/N, ZONA URBANA",GLEBA E,42808105,-12.7222767,-38.3291983,4,1519.0,"131, 136, 140, 245","170, 170, 170, 170"
CAMAÇARI,CIEI DA NOVA VITÓRIA,"RUA MARIA MEIRA, 3 TRAVESSA, QUADRA B, ZONA URBANA",NOVA VITORIA,42802529,-12.7223935,-38.3291264,1,231.0,242,170
CAMAÇARI,COLEGIO ESTADUAL POLIVALENTE DE CAMACARI,"RUA SANTA BERNADETE, N 16 - ZONA URBANA",CENTRO,42800030,-12.6982817,-38.3252033,10,3643.0,"19, 20, 21, 22, 141, 187, 196, 207, 225, 260","170, 170, 170, 170, 170, 170, 170, 170, 170, 170"
CAMAÇARI,COLEGIO MARIA QUITERIA,"RUA DO PONTO CERTO, S/N - ZONA URBANA",PONTO CERTO,42800000,-12.7087817,-38.319162,11,4376.0,"66, 67, 69, 70, 71, 72, 73, 74, 110, 118, 258","170, 170, 170, 170, 170, 170, 170, 170, 170, 170, 170"
CAMAÇARI,COLEGIO SAO THOMAZ DE CANTUARIA,"RUA PONCIANO DE OLIVEIRA, N 27 - ZONA URBANA",CENTRO,42800100,-12.7004774,-38.3220213,15,5464.0,"23, 24, 25, 26, 30, 31, 32, 33, 34, 35, 36, 37, 38, 117, 119","170, 170, 170, 170, 170, 170, 170, 170, 170, 170, 170, 170, 170, 170, 170"
CAMAÇARI,COLÉGIO ESTADUAL DE BARRA DE POJUCA,"TRAVESSA ELÍSIO NETO, S/N - ZONA RURAL",POVOADO BARRA DO POJUCA,42820000,-12.58873,-38.05091,3,898.0,"444, 457, 466","171, 171, 171"
CAMAÇARI,COLÉGIO ESTADUAL DE MONTE GORDO,"ESTRADA VELHA DE MONTE GORDO, S/N - ZONA URBANA",POVOADO MONTE GORDO,42800000,-12.6604483,-38.1077833,9,3746.0,"63, 185, 236, 252, 262, 395, 402, 413, 418","171, 171, 171, 171, 171, 171, 171, 171, 171"
CAMAÇARI,COLÉGIO ESTADUAL DE TEMPO INTEGRAL GONÇALO MUNIZ,"RUA IBICARAÍ, S/N° - GLEBA C CAMAÇARI",GLEBA C,42807111,-12.71452526,-38.32764105,8,3131.0,"3, 4, 5, 39, 40, 41, 43, 46","170, 170, 170, 170, 170, 170, 170, 170"
CAMAÇARI,COLÉGIO ESTADUAL DE VILA DE ABRANTES,"AVENIDA TIRADENTES, S/N - ZONA URBANA",VILA DE ABRANTES,42820000,-12.8299783,-38.262465,15,6063.0,"335, 340, 342, 354, 355, 356, 364, 372, 379, 383, 430, 442, 451, 454, 458","171, 171, 171, 171, 171, 171, 171, 171, 171, 171, 171, 171, 171, 171, 171"
CAMAÇARI,COLÉGIO ESTADUAL PROFESSORA NADIR ARAÚJO COPQUE,"ESTRADA DO COCO, KM 23, ZONA URBANA",POVOADO AREMBEPE,42835000,-12.7676833,-38.1889434,5,1869.0,"443, 449, 456, 459, 465","171, 171, 171, 171, 171"
CAMAÇARI,COLÉGIO MUNICIPAL HILDEBRANDO LIMA FILHO,"AV. RUI BARBOSA, SN",PARQUE DAS MANGABAS,42800000,-12.7326222,-38.2964028,10,3688.0,"198, 205, 213, 220, 224, 229, 231, 240, 251, 257","170, 170, 170, 170, 170, 170, 170, 170, 170, 170"
CAMAÇARI,COLÉGIO MUNICIPAL PROFESSORA LÍDIA COELHO PINTO,RUA GUILHERME MACHADO S/N - ZONA RURAL,POVOADO AREMBEPE,42800000,-12.7706197,-38.1761818,13,5379.0,"46, 47, 48, 49, 50, 181, 220, 267, 320, 321, 400, 421, 435","171, 171, 171, 171, 171, 171, 171, 171, 171, 171, 171, 171, 171"
CAMAÇARI,COLÉGIO VIRGÍNIA REIS TUDE,"RUA PETROLINA, S/N - ZONA URBANA",VERDES HORIZONTES,42800000,-12.7198096,-38.3194953,9,3211.0,"188, 192, 197, 234, 238, 239, 247, 253, 265","170, 170, 170, 170, 170, 170, 170, 170, 170"
CAMAÇARI,CRECHE MUNICIPAL DA GLEBA C,RUA ABARE S/N - ZONA URBANA,GLEBA C,42800000,-12.7136987,-38.3268084,6,2165.0,"1, 6, 8, 42, 47, 50","170, 170, 170, 170, 170, 170"
CAMAÇARI,ESCOLA ANGIOLINA TEIXEIRA DE SOUZA,"RUA EIXO E, 119 - ZONA URBANA",PIAÇAVEIRA,42802490,-12.712546,-38.3208764,11,4235.0,"58, 64, 68, 129, 133, 135, 138, 148, 149, 162, 263","170, 170, 170, 170, 170, 170, 170, 170, 170, 170, 170"
CAMAÇARI,ESCOLA ANÍSIO TEIXEIRA,"RUA DAS FLORES, Nº 55  - GLEBA E",GLEBA E,42804550,-12.7219174,-38.3291012,9,3780.0,"151, 157, 164, 170, 174, 179, 184, 190, 194","170, 170, 170, 170, 170, 170, 170, 170, 170"
CAMAÇARI,ESCOLA COSME DE FARIAS,"RUA DAS BEGONEAS, S/N - ZONA URBANA",PHOC I,42800000,-12.7145667,-38.334415,16,3748.0,"79, 80, 81, 82, 83, 84, 85, 86, 87, 88, 89, 90, 91, 92, 111, 114","170, 170, 170, 170, 170, 170, 170, 170, 170, 170, 170, 170, 170, 170, 170, 170"
CAMAÇARI,ESCOLA DO NATAL,"RUA DO NATAL, N 124 - ZONA URBANA",BOMBA,42809070,-12.6966384,-38.3201515,11,3830.0,"9, 10, 11, 12, 13, 14, 15, 16, 17, 18, 109","170, 170, 170, 170, 170, 170, 170, 170, 170, 170, 170"
CAMAÇARI,ESCOLA DOUTOR LUIZ ROGERIO,"RUA ABARE, S/N - ZONA URBANA",GLEBA C,42805530,-12.7137144,-38.3262527,11,4330.0,"44, 45, 48, 49, 51, 52, 53, 54, 55, 56, 120","170, 170, 170, 170, 170, 170, 170, 170, 170, 170, 170"
CAMAÇARI,ESCOLA ESPECIAL CAIC,"AVENIDA LUIZ GONZAGA, S/N° PHOC I CAMAÇARI",PHOC I,42807790,-12.71508381,-38.33767844,3,1173.0,"123, 132, 144","170, 170, 170"
CAMAÇARI,ESCOLA ESTADUAL JOSÉ DE FREITAS MASCARENHAS,"AVENIDA VEREADOR PEDRO RIBEIRO DE FREITAS, S/N - ZONA URBANA",GLEBA A,42800000,-12.6935183,-38.3333533,18,6798.0,"95, 96, 97, 98, 99, 100, 101, 125, 126, 195, 196, 272, 317, 365, 376, 380, 407, 408","171, 171, 171, 171, 171, 171, 171, 171, 171, 171, 171, 171, 171, 171, 171, 171, 171, 171"
CAMAÇARI,ESCOLA ILAY GARCIA ELLERY,"RUA PRAÇA DO COMÉRCIO, S/N - ZONA URBANA",NOVO HORIZONTE,42800000,-12.6973854,-38.3091338,7,2435.0,"128, 137, 201, 214, 227, 236, 259","170, 170, 170, 170, 170, 170, 170"
CAMAÇARI,ESCOLA LUIZ EDUARDO MAGALHAES,"RUA LUIZ EDUARDO MAGALHAES, S/N -ZONA URBANA",CENTRO,42800420,-12.7013692,-38.3201864,12,4718.0,"27, 28, 29, 121, 124, 139, 146, 169, 173, 177, 186, 232","170, 170, 170, 170, 170, 170, 170, 170, 170, 170, 170, 170"
CAMAÇARI,ESCOLA LUIZ PEREIRA COSTA,TRAVESSA NOSSA SENHORA DO CARMO S/N - ZONA URBANA,DOIS DE JULHO,42802010,-12.7075265,-38.320294,11,4258.0,"75, 76, 77, 78, 113, 115, 152, 160, 165, 171, 262","170, 170, 170, 170, 170, 170, 170, 170, 170, 170, 170"
CAMAÇARI,ESCOLA MARIA JOSE DE MATOS DA CONCEICAO,"RUA ALTO DA BOA VISTA, N 44 - ZONA URBANA",GLEBA B,42800000,-12.6957711,-38.3237514,5,1652.0,"130, 150, 161, 182, 261","170, 170, 170, 170, 170"
CAMAÇARI,ESCOLA MUNICIPAL ALBERTO FERREIRA BRANDÃO,"RUA FLOR DO CAMPO, S/N - ZONA URBANA",GLEBA H,42800000,-12.7120558,-38.344567,9,3730.0,"390, 397, 406, 410, 412, 416, 417, 420, 426","171, 171, 171, 171, 171, 171, 171, 171, 171"
CAMAÇARI,ESCOLA MUNICIPAL ALOISIO DE OLIVEIRA,RUA SACO SN - ZONA RURAL,POVOADO MONTE GORDO,42820000,-12.6701287,-38.1196202,3,923.0,"165, 206, 461","171, 171, 171"
CAMAÇARI,ESCOLA MUNICIPAL AMÉLIA RODRIGUES,RUA SAO BENTO S/N - ZONA RURAL,POVOADO MONTE GORDO,42801000,-12.654308,-38.1059551,12,4859.0,"64, 143, 166, 167, 213, 240, 269, 289, 290, 306, 314, 450","171, 171, 171, 171, 171, 171, 171, 171, 171, 171, 171, 171"
CAMAÇARI,ESCOLA MUNICIPAL CLEUSA MARIA DE CARVALHO MOREIRA,R. SÃO BENTO,CAMAÇARI DE DENTRO,42806085,-12.703958,-38.3318409,8,3196.0,"322, 337, 346, 363, 366, 371, 381, 393","171, 171, 171, 171, 171, 171, 171, 171"
CAMAÇARI,ESCOLA MUNICIPAL CONCEIÇÃO DE MARIA,"RUA MARECHAL FLORIANO PEIXOTO, LARGO DOIS DE JULHO S/N - ZONA RURAL",POVOADO PARAFUSO,42849990,-12.76723,-38.3312233,7,1533.0,"146, 147, 148, 149, 265, 330, 339","171, 171, 171, 171, 171, 171, 171"
CAMAÇARI,ESCOLA MUNICIPAL DENISE TAVARES,RUA RADIAL C S/N - ZONA URBANA,GLEBA B,42809580,-12.6935044,-38.326866,15,5555.0,"102, 103, 104, 105, 106, 107, 108, 109, 197, 228, 241, 260, 283, 299, 324","171, 171, 171, 171, 171, 171, 171, 171, 171, 171, 171, 171, 171, 171, 171"
CAMAÇARI,ESCOLA MUNICIPAL DO GRAVATÁ (CSTC),"AVENIDA VEREADOR PEDRO RIBEIRO DE FREITAS, S/N - ZONA URBANA",GRAVATÁ,42800000,-12.6871488,-38.3353248,4,637.0,"325, 351, 367, 378","171, 171, 171, 171"
CAMAÇARI,ESCOLA MUNICIPAL EDIVALDO MACHADO BOAVENTURA ,"RUA PONCIANO DE OLIVEIRA, S/N - ZONA URBANA",CENTRO,42800000,-12.7008405,-38.322666,3,1150.0,"202, 216, 226","170, 170, 170"
CAMAÇARI,ESCOLA MUNICIPAL ELIZA DIAS DE AZEVEDO,RUA ALICE UZEDA. S/N - ZONA URBANA,VILA DE ABRANTES,42820000,-12.8315667,-38.2628183,4,1577.0,"445, 453, 462, 467","171, 171, 171, 171"
CAMAÇARI,ESCOLA MUNICIPAL ENGº RUY BACELAR,"RUA 28 DE SETEMBRO, 128 - ZONA URBANA",TRIÂNGULO,42800002,-12.695536,-38.3379918,8,3231.0,"168, 169, 170, 171, 172, 207, 259, 297","171, 171, 171, 171, 171, 171, 171, 171"
CAMAÇARI,ESCOLA MUNICIPAL EUSTÁQUIO ALVES SANTANA,RUA ALTO DA BELA VISTA S/N - ZONA RURAL,POVOADO PARAFUSO,42800000,-12.7654288,-38.3260993,3,1217.0,"338, 343, 396","171, 171, 171"
CAMAÇARI,ESCOLA MUNICIPAL EXPERIMENTAL PROFESSORA MARINA TAVARES CARIDOSO ,"RUA DAS FLORES, S/N, ZONA URBANA",GLEBA E,42808169,-12.7235578,-38.33447,1,115.0,244,170
CAMAÇARI,ESCOLA MUNICIPAL FÉLIX JOAQUIM DE MORAES,RUA DO CANARIO S/N - ZONA URBANA,CAMAÇARI DE DENTRO,42800000,-12.698653,-38.3341655,9,2958.0,"233, 271, 312, 315, 344, 352, 357, 368, 377","171, 171, 171, 171, 171, 171, 171, 171, 171"
CAMAÇARI,ESCOLA MUNICIPAL GILTÔNIA PEREIRA DE SOUZA,RUA PARATI S/N - ZONA RURAL,POVOADO AREMBEPE,42835000,-12.7679267,-38.1835133,10,4128.0,"334, 353, 358, 382, 388, 392, 403, 415, 423, 428","171, 171, 171, 171, 171, 171, 171, 171, 171, 171"
CAMAÇARI,ESCOLA MUNICIPAL HELENA CELESTINO DE MAGALHÃES,"AVENIDA VEREADOR PEDRO RIBEIRO DE FREITAS, S/N - ZONA URBANA",GRAVATÁ,42800000,-12.6872529,-38.33427,19,6292.0,"122, 123, 124, 127, 128, 129, 130, 131, 132, 200, 201, 230, 242, 253, 257, 284, 294, 302, 313","171, 171, 171, 171, 171, 171, 171, 171, 171, 171, 171, 171, 171, 171, 171, 171, 171, 171, 171"
CAMAÇARI,ESCOLA MUNICIPAL JOANA ANGELICA,"RUA IRECÊ, S/N - ZONA URBANA",MANGUEIRAL,42800000,-12.6870068,-38.3314859,2,788.0,"405, 425","171, 171"
CAMAÇARI,ESCOLA MUNICIPAL JOSE ALAN,"RUA ABARE, S/N - ZONA URBANA",GLEBA C,42800000,-12.7150383,-38.3266567,6,2322.0,"2, 7, 107, 108, 134, 142","170, 170, 170, 170, 170, 170"
CAMAÇARI,ESCOLA MUNICIPAL MACLINA MARIA DA GLÓRIA,"RUA DAS ÁRVORES, S/N, - ZONA URBANA",VILA DE ABRANTES,42800005,-12.8276933,-38.2556817,10,4062.0,"65, 66, 323, 326, 327, 331, 333, 422, 427, 431","171, 171, 171, 171, 171, 171, 171, 171, 171, 171"
CAMAÇARI,ESCOLA MUNICIPAL NILZA LEMOS P. LACERDA / CATU DE ABRANTES,LOTEAMENTO CURVA DO RIO S/N - ZONA URBANA,POVOADO CATU DE ABRANTES,42800000,-12.8580813,-38.2874204,7,2840.0,"78, 79, 80, 189, 190, 256, 429","171, 171, 171, 171, 171, 171, 171"
CAMAÇARI,ESCOLA MUNICIPAL PARQUE VERDE,"CONDOMÍNIO RIO DA PRATA, S/N - ZONA URBANA",PARQUE VERDE,42800000,-12.7336449,-38.3295792,8,3158.0,"200, 208, 218, 223, 230, 235, 246, 254","170, 170, 170, 170, 170, 170, 170, 170"
CAMAÇARI,ESCOLA MUNICIPAL PROFESSORA LAURITA SOUZA RIBEIRO,AVENIDA RADIAL A 178 - ZONA URBANA,DERBA,42800005,-12.6973587,-38.3338989,8,3027.0,"67, 68, 69, 70, 93, 94, 186, 194","171, 171, 171, 171, 171, 171, 171, 171"
CAMAÇARI,ESCOLA MUNICIPAL PROFESSORA MARCELINA BISPO DA SILVA,"RUA DIRETA DO ITAIPI, S/N - ZONA RURAL",POVOADO MONTE GORDO,42820000,-12.62956,-38.0757083,1,205.0,446,171
CAMAÇARI,ESCOLA MUNICIPAL RURAL BOA UNIÃO,CONDOMINIO COLONIA BOA UNIAO - ZONA RURAL,POVOADO CATU DE ABRANTES,42800000,-12.8475817,-38.2876367,2,836.0,"345, 437","171, 171"
CAMAÇARI,ESCOLA MUNICIPAL SANTA MARIA,"RUA DAS CONCHINHAS, S/N - ZONA URBANA",SANTA MARIA,42800005,-12.7142046,-38.3469295,1,394.0,447,171
CAMAÇARI,ESCOLA MUNICIPAL SANTO ANTONIO DO MACHADINHO,FAZENDA MACHADINHO S/N - ZONA RURAL,MACHADINHO,42800000,-12.7602167,-38.2813133,5,1958.0,"154, 156, 167, 175, 189","170, 170, 170, 170, 170"
CAMAÇARI,ESCOLA MUNICIPAL SANTO ANTÔNIO DO JORDÃO,RUA SANTO ANTONIO S/N - ZONA RURAL,POVOADO JORDÃO,42800000,-12.5925467,-38.1301033,1,392.0,349,171
CAMAÇARI,ESCOLA MUNICIPAL SILVIO PEREIRA FRANCO,"RUA VILA SIMARA ELLERY, N 07 - ZONA RURAL",POVOADO CATU DE ABRANTES,41820000,-12.856867,-38.282775,1,297.0,448,171
CAMAÇARI,ESCOLA MUNICIPAL SONIA REGINA,RUA DA FLEXA S/N - ZONA URBANA,PHOC III,42804660,-12.7187852,-38.3352759,9,3567.0,"122, 126, 145, 159, 168, 180, 195, 212, 228","170, 170, 170, 170, 170, 170, 170, 170, 170"
CAMAÇARI,ESCOLA MUNICIPAL THOMAZ CAMILO,RUA DA MANGUEIRA S/N - ZONA RURAL,POVOADO AREIAS,42800000,-12.8077783,-38.2336417,6,2308.0,"44, 45, 255, 311, 401, 441","171, 171, 171, 171, 171, 171"
CAMAÇARI,ESCOLA NEUZA MENEZES BARRETO,AVENIDA RADIAL C S/N - ZONA URBANA,PARQUE SATÉLITE,42800000,-12.6871095,-38.3256251,6,1736.0,"336, 348, 361, 373, 374, 385","171, 171, 171, 171, 171, 171"
CAMAÇARI,ESCOLA PADRE PAULO TANNUCCI,"RUA PRACA DO COMERCIO, S/N - ZONA URBANA",NOVO HORIZONTE,42800000,-12.6981835,-38.3094974,10,3625.0,"147, 155, 158, 163, 166, 172, 176, 185, 193, 211","170, 170, 170, 170, 170, 170, 170, 170, 170, 170"
CAMAÇARI,ESCOLA PROFESSORA ILDA LEAL ULM DA SILVA - CAIC,"AVENIDA LUIS GONZAGA, S/N - ZONA URBANA",PHOC I,42805002,-12.714692,-38.3377825,5,1862.0,"143, 178, 191, 221, 252","170, 170, 170, 170, 170"
CAMAÇARI,INTERNAÇÃO - CASE - IRMÃ DULCE,"RODOVIA BA 512, KM 12, FAZENDA SÃO JOÃO, SN - ZONA URBANA",SANTO ANTÔNIO,42800000,-12.6879267,-38.3568033,1,0.0,409,171
CANDEIAS,CASA DOS ROMEIROS,RUA PIO XI - MATRIZ NOSSA SENHORA DAS CANDEIAS - ZONA URBANA,CENTRO,43800000,-12.6706468,-38.5396931,4,658.0,"3, 10, 61, 251","127, 127, 127, 127"
CANDEIAS,CENTRO EDUCACIONAL NOSSA SENHORA DAS CANDEIAS,"RUA DESEMBARGADOR TEIXEIRA DE FREITAS, N 32",PITANGA,43810271,-12.6708015,-38.539662,6,1344.0,"5, 6, 7, 69, 202, 297","127, 127, 127, 127, 127, 127"
CANDEIAS,CENTRO ESTADUAL DE EDUCAÇÃO PROFISSIONAL DE CANDEIAS ,"RUA JOSE XAVIER, S/N - ZONA URBANA",MALEMBA,43805580,-12.6766377,-38.5428498,13,4762.0,"43, 44, 45, 46, 47, 66, 211, 262, 315, 336, 346, 351, 366","127, 127, 127, 127, 127, 127, 127, 127, 127, 127, 127, 127, 127"
CANDEIAS,COLEGIO MUNICIPAL IEDA BARRADAS CARNEIRO,"RUA B, S/N  -   ZONA URBANA",URBIS I,43815000,-12.6575518,-38.5347356,10,3906.0,"71, 72, 73, 74, 217, 310, 321, 324, 325, 342","127, 127, 127, 127, 127, 127, 127, 127, 127, 127"
CANDEIAS,COLEGIO MUNICIPAL PROFESSOR DASIO JOSE DE SOUZA,"RUA ITAJUBARA, S/N  - ZONA URBANA",SAO FRANCISCO,43815450,-12.6654345,-38.5312348,14,5232.0,"76, 77, 78, 79, 80, 81, 82, 83, 218, 252, 335, 356, 361, 362","127, 127, 127, 127, 127, 127, 127, 127, 127, 127, 127, 127, 127, 127"
CANDEIAS,COLÉGIO DA POLÍCIA MILITAR FRANCISCO PEDRO DE OLIVEIRA,"RUA GUANABARA, S/N - ZONA URBANA",PITANGA,43810310,-12.6677274,-38.5401092,20,6977.0,"14, 15, 20, 21, 22, 23, 24, 39, 206, 209, 322, 333, 343, 345, 347, 349, 350, 352, 363, 368","127, 127, 127, 127, 127, 127, 127, 127, 127, 127, 127, 127, 127, 127, 127, 127, 127, 127, 127, 127"
CANDEIAS,ESCOLA ESTADUAL LUIZ VIANA FILHO,"RUA DESEMBARGADOR TEIXEIRA DE FREITAS, N 10 - ZONA URBANA",PITANGA,43810271,-12.6659228,-38.54349,4,1481.0,"18, 19, 261, 329","127, 127, 127, 127"
CANDEIAS,ESCOLA ESTADUAL OURO NEGRO,"RUA DOS MISSIONÁRIOS, S/N - ZONA URBANA",CENTRO,43800000,-12.6709222,-38.5457579,4,771.0,"16, 29, 75, 296","127, 127, 127, 127"
CANDEIAS,ESCOLA MUNICIPAL 14 DE AGOSTO,"RUA 14 DE AGOSTO, S/N - ZONA RURAL",DISTRITO CAROBA,43800000,-12.6983944,-38.4771988,8,2756.0,"102, 103, 222, 316, 323, 344, 355, 360","127, 127, 127, 127, 127, 127, 127, 127"
CANDEIAS,ESCOLA MUNICIPAL ALBERTINA DIAS COELHO,"RUA ROÇA GRANDE, S/N - ZONA RURAL",DISTRITO PASSE,43800991,-12.7195571,-38.5212058,5,1616.0,"84, 85, 219, 339, 367","127, 127, 127, 127, 127"
CANDEIAS,ESCOLA MUNICIPAL ALFREDO SILVA SERRA,"RUA TEOTONIO VILELA, S/N - ZONA URBANA",MALEMBA,43805100,-12.6794695,-38.5451262,4,1276.0,"68, 216, 332, 353","127, 127, 127, 127"
CANDEIAS,ESCOLA MUNICIPAL ALZIRA FERREIRA,RUA ARACAJU - ZONA URBANA,SANTO ANTONIO,43800000,-12.6728891,-38.5391121,6,2136.0,"25, 26, 27, 28, 207, 308","127, 127, 127, 127, 127, 127"
CANDEIAS,ESCOLA MUNICIPAL ANTONIO CARLOS MAGALHAES,PCA MILTON BULCAO  LEMOS - ZONA URBANA,MALEMBA,43800000,-12.6762513,-38.5436656,4,1332.0,"33, 34, 35, 318","127, 127, 127, 127"
CANDEIAS,ESCOLA MUNICIPAL ANTÔNIO CRISTINO,RUA DA GAMBOA - ZONA RURAL,DISTRITO PASSE,43800000,-12.7357459,-38.5171221,1,335.0,88,127
CANDEIAS,ESCOLA MUNICIPAL CASTRO ALVES,"RUA RIO DO CUNHA, S/N - ZONA RURAL",DISTRITO PASSE,43800991,-12.7309584,-38.5315092,3,970.0,"86, 87, 298","127, 127, 127"
CANDEIAS,ESCOLA MUNICIPAL CONSELHEIRO LUIS VIANA,"RUA 08 DE DEZEMBRO, S/N - ZONA RURAL",DISTRITO MENINO JESUS,43800000,-12.7126826,-38.4521658,5,1781.0,"89, 90, 312, 338, 357","127, 127, 127, 127, 127"
CANDEIAS,ESCOLA MUNICIPAL DR FRANCISCO GUALBERTO D. FONTES,"KM 40, BR 324 - ZONA RURAL",DISTRITO CANTA GALO,43800000,-12.6643702,-38.5421536,3,802.0,"294, 300, 365","127, 127, 127"
CANDEIAS,ESCOLA MUNICIPAL EDITH DIAS DOS SANTOS,"RUA SANTA ISABEL, N 01 - ZONA URBANA  ",MALEMBA,43825290,-12.6789124,-38.5448475,3,1056.0,"57, 58, 331","127, 127, 127"
CANDEIAS,ESCOLA MUNICIPAL JONAS BARBOSA DE LIMA,"RUA PRESIDENTE KENNEDY, S/N - ZONA URBANA",CENTRO,43805000,-12.669749,-38.5454783,5,1122.0,"13, 36, 37, 38, 204","127, 127, 127, 127, 127"
CANDEIAS,ESCOLA MUNICIPAL JULIETA VIANA,"RUA GETULIO VARGAS, S/N - ZONA URBANA",AREIA,43825141,-12.6763357,-38.5355992,14,5417.0,"49, 50, 51, 52, 53, 54, 55, 56, 212, 213, 302, 309, 327, 328","127, 127, 127, 127, 127, 127, 127, 127, 127, 127, 127, 127, 127, 127"
CANDEIAS,ESCOLA MUNICIPAL JUNQUEIRA FREIRE,"AV. PINDOBA, S/N - ZONA RURAL",DISTRITO PINDOBA,43800000,-12.6231432,-38.5292932,2,512.0,"295, 348","127, 127"
CANDEIAS,ESCOLA MUNICIPAL LAURENTINO NOLASCO DA CRUZ,RUA TOME DE SOUZA - ZONA URBANA,SARANDY,43800000,-12.6682622,-38.5330937,8,2794.0,"59, 60, 62, 63, 215, 305, 319, 364","127, 127, 127, 127, 127, 127, 127, 127"
CANDEIAS,ESCOLA MUNICIPAL MARGARIDA SOUZA,"PRACA TIRADENTES, N 12 - ZONA URBANA",CENTRO,43805220,-12.6707359,-38.5396853,5,1391.0,"1, 2, 12, 70, 201","127, 127, 127, 127, 127"
CANDEIAS,ESCOLA MUNICIPAL MILTON MATOS,DISTRITO CURUACU - ZONA RURAL,DISTRITO CURUACU,43800000,-12.6061508,-38.4941546,2,602.0,"100, 101","127, 127"
CANDEIAS,ESCOLA MUNICIPAL PADRE JOSE DE ANCHIETA,"RUA DO REINO, N 68 - ZONA RURAL",DISTRITO MADEIRA,43800000,-12.7366966,-38.4732103,2,656.0,"94, 299","127, 127"
CANDEIAS,ESCOLA MUNICIPAL PADRE MANOEL DA NOBREGA,"RUA DA ESCOLA, S/N - ZONA RURAL",DISTRITO PASSAGEM DOS TEIXEIRAs,43800994,-12.7382642,-38.4471429,3,1037.0,"96, 97, 98","127, 127, 127"
CANDEIAS,ESCOLA MUNICIPAL PAPA PAULO VI,"RUA DESEMBARGADOR TEIXEIRA DE FREITAS, S/N - ZONA URBANA",PITANGA,43800000,-12.6651335,-38.5440437,4,1450.0,"64, 65, 281, 330","127, 127, 127, 127"
CANDEIAS,ESCOLA MUNICIPAL PROFESSOR BENITO SARNO,"ESTRADA DO CEDRO, S/N - ZONA RURAL",POVOADO CEDRO,43800000,-12.657152,-38.4546641,1,271.0,314,127
CANDEIAS,ESCOLA MUNICIPAL SAO JOAO BATISTA,"RUA D, S/N  -  ZONA URBANA",NOVA BRASILIA,43800000,-12.6619549,-38.5475787,10,2488.0,"31, 32, 40, 41, 42, 48, 67, 208, 210, 320","127, 127, 127, 127, 127, 127, 127, 127, 127, 127"
CANDEIAS,ESCOLA MUNICIPAL TERCIA BORGES,JARDIM OURO NEGRO - ZONA URBANA,OURO NEGRO,43800000,-12.635061,-38.5354476,4,1276.0,"95, 221, 334, 358","127, 127, 127, 127"
CANDEIAS,ESCOLA MUNICIPAL THYERES NOVAIS CERQUEIRA LIMA,"RUA RUI BARBOSA, N 12 - ZONA RURAL",DISTRITO CABOTO,43800990,-12.7515553,-38.5015908,3,792.0,"91, 220, 340","127, 127, 127"
CANDEIAS,ESCOLA MUNICIPAL UBALDO DE CARVALHO FERREIRA,"KM 37, BR 324 - ZONA RURAL",DISTRITO BOCA DA MATA,43813300,-12.6757156,-38.4676147,2,580.0,"92, 317","127, 127"
CANDEIAS,ESCOLA MUNICIPALIZADA ADRIANO GORDILHO,"RUA CAMURUGIPE, S/N - ZONA URBANA",TRIANGULO,43815380,-12.6695443,-38.5383725,5,1869.0,"8, 9, 203, 326, 337","127, 127, 127, 127, 127"
CANDEIAS,ESCOLA MUNIICIPAL ARGENTINA CASTELO BRANCO,"NUCLEO RESIDENCIAL LANDULFO ALVES, BR 324, KM 40 - ZONA RURAL",DISTRITO COLONIA LANDULFO ALVES,43800000,-12.6534689,-38.4761183,1,278.0,93,127
CANDEIAS,GINASIO MUNICIPAL IVONICE COSTA SOTERO,"RUA DA ESCOLA, S/N - ZONA RURAL",DISTRITO PASSAGEM DOS TEIXEIRAs,43800000,-12.7369572,-38.4495954,4,1481.0,"99, 253, 313, 354","127, 127, 127, 127"
CANÁPOLIS,CENTRO EDUCACIONAL CANAPOLENSE,"RUA PATRÍCIO DE QUEIROZ, S/N, CENTRO, CANÁPOLIS/BA",CENTRO,47730000,-13.0690981,-44.1994248,4,1217.0,"29, 146, 198, 206","99, 99, 99, 99"
CANÁPOLIS,CENTRO EDUCATIVO RUY BARBOSA,"RUA PATRICIO DE QUEIROZ, S/N - ZONA URBANA",CENTRO,47730000,-13.0692047,-44.1994138,5,1385.0,"28, 30, 160, 197, 204","99, 99, 99, 99, 99"
CANÁPOLIS,ESCOLA MUNICIPAL WALDECK ORNELAS,"RUA DO CAMPO, S/N - ZONA RURAL",POVOADO SANTO ANTONIO,47730000,-13.191605,-44.1560717,2,714.0,"36, 37","99, 99"
CANÁPOLIS,PREDIO ESCOLAR ANTONIO PEREIRA MENDES,POVOADO REPRESA - ZONA RURAL,POVOADO REPRESA,47730000,-13.0727238,-44.1395843,2,560.0,"34, 35","99, 99"
CANÁPOLIS,PREDIO ESCOLAR D. BOSCO,"PRACA ODILIO DOMINGUES, SN - ZONA URBANA",CENTRO,47730000,-13.0696114,-44.1988784,2,619.0,"26, 27","99, 99"
CANÁPOLIS,PREDIO ESCOLAR DA VACA MORTA,POVOADO VACA MORTA - ZONA RURAL,POVOADO VACA MORTA,47730000,-13.0271317,-44.2462267,2,378.0,"164, 188","99, 99"
CANÁPOLIS,PREDIO ESCOLAR JOSE MIGUEL DOS SANTOS,POVOADO BREJINHO - ZONA RURAL,POVOADO BREJINHO,47730000,-13.003185,-44.20937,2,393.0,"40, 171","99, 99"
CANÁPOLIS,PREDIO ESCOLAR ODILIO DOMINGUES,"PRACA ODILIO DOMINGUES, SN - ZONA URBANA",CENTRO,47730000,-13.069847,-44.2038014,3,661.0,"24, 25, 195","99, 99, 99"
CANÁPOLIS,PREDIO ESCOLAR PADRE JOSE DE ANCHIETA,AV. FAUSTINO DE QUEIROZ S/N - ZONA URBANA,CENTRO,47730000,-13.074018,-44.2019851,3,859.0,"31, 32, 205","99, 99, 99"
CANÁPOLIS,PREDIO ESCOLAR SABINO LOURENCO DA SILVA,POVOADO BARREIRO - ZONA RURAL,POVOADO BARREIRO,47730000,-13.1643801,-44.2094499,5,1419.0,"38, 39, 180, 186, 187","99, 99, 99, 99, 99"
CANÁPOLIS,PREDIO ESCOLAR VITAL ALVES DE SOUZA,POVOADO CANABRAVA - ZONA RURAL,POVOADO CANABRAVA,47730000,-13.0713383,-44.1023228,1,268.0,41,99
CHORROCHÓ,CENTRO PAROQUIAL,RUA VEREADOR FRANCISCO PEREIRA - ZONA URBANA,CENTRO,48660000,-8.9793722,-39.0970474,1,324.0,84,158
CHORROCHÓ,COLÉGIO ESTADUAL SÃO JOSÉ,RUA DAS CASAS POPULARES - LOTEAMENTO SOL DO SERTÃO,CENTRO,48660000,-8.9748652,-39.1051646,4,916.0,"22, 23, 64, 69","158, 158, 158, 158"
CHORROCHÓ,COLÉGIO MUNICIPAL SENHOR DO BONFIM,"RUA MARECHAL CASTELO BRANCO, CENTRO, CHORROCHÓ-BA",CENTRO,48660000,-8.9781856,-39.1020191,3,935.0,"24, 25, 154","158, 158, 158"
CHORROCHÓ,ESCOLA ESTADUAL MARIA DE LOURDES LIMA PEREIRA,"RUA CASTRO ALVES, BARRA DO TARRACHIL, ZONA RURAL, CHORROCHÓ/BA",POVOADO BARRA DO TARRACHIL,48660000,-8.8251814,-38.9826759,5,1873.0,"32, 33, 72, 83, 156","158, 158, 158, 158, 158"
CHORROCHÓ,ESCOLA MUNICIPAL BENTO FREIRE DE SOUZA,"RUA OCEANICA, DISTRIDO DE BARRA DO TARRACHIL, ZONA RURAL, CHORROCHÓ-BA",POVOADO BARRA DO TARRACHIL,48660000,-8.82355,-38.9797417,4,703.0,"27, 29, 31, 71","158, 158, 158, 158"
CHORROCHÓ,ESCOLA MUNICIPAL DE VARZEA DA EMA,"POVOADO VARZEA DA EMA, ZONA RURAL, CHORROCHÓ-BA",POVOADO VARZEA DA EMA,48660000,-9.5000233,-38.9886183,2,204.0,"40, 78","158, 158"
CHORROCHÓ,ESCOLA MUNICIPAL FAVO DE MEL,"POVOADO DE SÃO JOSE, ZONA RURAL, CHORROCHÓ-BA",POVOADO SAO JOSE,48660000,-9.164985,-39.1746667,4,1046.0,"35, 68, 76, 85","158, 158, 158, 158"
CHORROCHÓ,ESCOLA MUNICIPAL MARIA ALVES DE SÁ,"POVOADO DE CARAIBAS, ZONA RURAL",POVOADO CARAIBAS,48660000,-9.3647839,-39.0855169,4,902.0,"36, 37, 38, 39","158, 158, 158, 158"
CHORROCHÓ,GRUPO ESCOLAR LAURO DE FREITAS,RUA VEREADOR FRANCISCO PEREIRA - ZONA URBANA,CENTRO,48660000,-8.9788561,-39.1011451,4,1294.0,"19, 20, 21, 26","158, 158, 158, 158"
COCOS,CENTRO EDUCACIONAL DO RIACHO DO MEIO,POVOADO RIACHO DO MEIO - ZONA RURAL,POVOADO RIACHO DO MEIO,47680000,-14.25827347,-44.67764825,2,579.0,"134, 138","61, 61"
COCOS,COLEGIO ESTADUAL DE COCOS,"PRACA DA CULTURA, S/N - ZONA URBANA",CENTRO,47680000,-14.17986073,-44.53935072,10,3397.0,"67, 68, 69, 70, 71, 72, 73, 74, 118, 124","61, 61, 61, 61, 61, 61, 61, 61, 61, 61"
COCOS,COLEGIO PROFESSORA DJANIRA ALVES GONCALVES,"RUA MOISES ALVES DE MOURA, S/N - ZONA URBANA",CENTRO,47680000,-14.17895694,-44.53666378,7,2196.0,"78, 90, 109, 112, 122, 129, 130","61, 61, 61, 61, 61, 61, 61"
COCOS,COLÉGIO RUI BARBOSA,"RUA CASTOR DE ABREU, S/N - ZONA URBANA",CENTRO,47680000,-14.18193776,-44.53436733,5,1464.0,"87, 88, 89, 120, 132","61, 61, 61, 61, 61"
COCOS,EDUCANDARIO SAO JOAO,"PRACA DA CULTURA, S/N - ZONA URBANA",CENTRO,47680000,-14.18115587,-44.54071353,2,444.0,"102, 103","61, 61"
COCOS,ESCOLA MUNICIPAL ANA FRANCISCA DO BOMFIM,POVOADO DE SANTO ANTÔNIO,pov santo antônio,47680000,-14.11449826,-44.65744177,1,124.0,143,61
COCOS,ESCOLA MUNICIPAL CAJUEIRO,POVOADO CAJUEIRO - ZONA RURAL,POVOADO CAJUEIRO,47680000,-14.8294129,-45.3087915,2,582.0,"99, 100","61, 61"
COCOS,ESCOLA MUNICIPAL DE AGUA DO CARMO,POVOADO AGUA DO CARMO - ZONA RURAL,POVOADO AGUA DO CARMO,47680000,-14.04115725,-44.44652244,3,848.0,"95, 96, 125","61, 61, 61"
COCOS,ESCOLA MUNICIPAL DE NOVACI,POVOADO NOVACI - ZONA RURAL,POVOADO NOVACI,47680000,-14.27354108,-44.51721992,2,605.0,"98, 104","61, 61"
COCOS,ESCOLA MUNICIPAL DURVAL BEZERRA,POVOADO BURITI - ZONA RURAL,POVOADO BURITI,47680000,-14.41010937,-44.70262928,1,314.0,136,61
COCOS,ESCOLA MUNICIPAL DURVAL ROCHA,POVOADO SAO JOAO DO PORTO ALEGRE - ZONA RURAL,POVOADO SAO JOAO DO PORTO ALEGRE,47680000,-14.26082034,-44.52558842,2,595.0,"97, 117","61, 61"
COCOS,ESCOLA MUNICIPAL JOSINO BRITO DE OLIVEIRA,POVOADO PORCOS - ZONA RURAL,POVOADO PORCOS,47680000,-14.3152988,-45.1805692,1,207.0,135,61
COCOS,ESCOLA MUNICIPAL MANOEL MESSIAS RODRIGUES,POVOADO SANTA LUZIA - ZONA RURAL,POVOADO SANTA LUZIA,47680000,-14.174692,-44.75401881,1,325.0,137,61
COCOS,ESCOLA RAIMUNDA JACINTO DULTRA DE BARROS,"RUA SETE DE SETEMBRO, S/N - ZONA URBANA",CENTRO,47680000,-14.18046321,-44.54126279,5,1583.0,"91, 92, 93, 94, 128","61, 61, 61, 61, 61"
COCOS,GRUPO ESCOLAR JOANA ANGELICA,"RUA CASTRO ALVES, S/N - ZONA URBANA",CENTRO,47680000,-14.181728,-44.53689065,3,1034.0,"75, 76, 77","61, 61, 61"
COCOS,GRUPO ESCOLAR SEBASTIAO AZEVEDO,"PRACA MANOEL NOVAIS, S/N - ZONA URBANA",CENTRO,47680000,-14.18075568,-44.53322352,2,356.0,"79, 81","61, 61"
COCOS,GRUPO ESCOLAR WALDEMAR BANDEIRA,"PRACA PRESIDENTE DUTRA, S/N - ZONA URBANA",CENTRO,47680000,-14.17739371,-44.5308442,4,1364.0,"83, 84, 85, 86","61, 61, 61, 61"
CONCEIÇÃO DA FEIRA,COLÉGIO ESTADUAL YEDA BARRADAS CARNEIRO,RUA DA LIBERDADE - ZONA URBANA,LOTEAMENTO ROCINHA,44320000,-12.4986612,-39.0055345,12,4053.0,"83, 84, 85, 86, 91, 92, 93, 94, 98, 124, 133, 139","108, 108, 108, 108, 108, 108, 108, 108, 108, 108, 108, 108"
CONCEIÇÃO DA FEIRA,ESCOLA AILTON JOSÉ DE BRITO,POVOADO DO PINHEIRO - ZONA RURAL,POVOADO DO PINHEIRO,44320000,-12.4862696,-38.9971522,2,795.0,"116, 126","108, 108"
CONCEIÇÃO DA FEIRA,ESCOLA CONSTANTINO FERREIRA DE MIRANDA,POVOADO ONZE MIL VIRGENS  - ZONA RURAL,POVOADO ONZE MIL VIRGENS,44320000,-12.502225,-38.9549733,2,526.0,"106, 107","108, 108"
CONCEIÇÃO DA FEIRA,ESCOLA CRECHE EFIGÊNIA BASTOS CORREIA,POVOADO MATO GROSSO - ZONA RURAL,POVOADO MATO GROSSO,44320000,-12.5164747,-39.029805,1,382.0,125,108
CONCEIÇÃO DA FEIRA,ESCOLA DR. CLEY ANDRADE,"RUA DR. CLEY ANDRADE, N 277  - ZONA URBANA",SANTA LUZIA,44320000,-12.4928371,-38.9983266,4,1478.0,"115, 117, 122, 129","108, 108, 108, 108"
CONCEIÇÃO DA FEIRA,ESCOLA FIRMINO DIAS,POVOADO CRUZEIRO - ZONA RURAL,POVOADO CRUZEIRO,44320000,-12.52587,-38.9597212,3,849.0,"113, 114, 153","108, 108, 108"
CONCEIÇÃO DA FEIRA,ESCOLA GÓES CALMON,RUA CASTRO ALVES N 364,CENTRO,44320000,-12.5076941,-38.999088,3,840.0,"141, 145, 151","108, 108, 108"
CONCEIÇÃO DA FEIRA,ESCOLA JUVENIANO MACHADO,POVOADO DE ESTRADA GRANDE  - ZONA RURAL,POVOADO ESTRADA GRANDE,44320000,-12.4682717,-39.0249117,1,353.0,118,108
CONCEIÇÃO DA FEIRA,ESCOLA MANOEL RIBEIRO BRANDÃO,POVOADO DE MANGABEIRA  - ZONA RURAL,POVOADO MANGABEIRA,44320000,-12.4740025,-38.976687,1,261.0,119,108
CONCEIÇÃO DA FEIRA,ESCOLA MARIA EUNICE XAVIER BORJA,POVOADO DA PINDOBEIRA - ZONA RURAL,POVOADO PINDOBEIRA,44320000,-12.5022383,-38.933745,2,618.0,"108, 109","108, 108"
CONCEIÇÃO DA FEIRA,ESCOLA MUNICIPAL DO DESTERRO,POVOADO DO DESTERRO - ZONA RURAL,POVOADO DESTERRO,44320000,-12.49687,-38.9094433,1,237.0,120,108
CONCEIÇÃO DA FEIRA,ESCOLA MUNICIPAL HERMILIO CARDOSO,RUA BARÃO DO RIO BRANCO N 202 - ZONA URBANA,CENTRO,44320000,-12.5004471,-39.0004489,2,720.0,"150, 156","108, 108"
CONCEIÇÃO DA FEIRA,ESCOLA MUNICIPAL MARCOS EVANGELISTA SERRA,POVOADO DO SERRA - ZONA RURAL,POVOADO DO SERRA,44320000,-12.5371715,-38.9842694,2,711.0,"110, 111","108, 108"
CONCEIÇÃO DA FEIRA,ESCOLA PROFESSORA MARIA DE LOURDES SOUZA PAPA,POVOADO DE CANDEAL - ZONA RURAL,POVOADO CANDEAL,44320000,-12.4843805,-39.0369206,2,785.0,"105, 112","108, 108"
CONCEIÇÃO DA FEIRA,ESCOLA REINALDO BITENCOURT,POVOADO TAPERA - ZONA RURAL,POVOADO TAPERA,44320000,-12.4911916,-39.0399998,1,247.0,128,108
CONCEIÇÃO DA FEIRA,ESCOLA TARCILA CHASTINET,POVOADO LIMOEIRO,POVOADO LIMOEIRO,44320000,-12.5250652,-38.989812,1,70.0,152,108
CONCEIÇÃO DA FEIRA,ESCOLA VIVALDO BITTENCOURT,"RUA CINCO PORTAS, S/N - ZONA URBANA",CENTRO,44320000,-12.5017533,-39.0021733,10,2603.0,"95, 96, 97, 99, 100, 101, 102, 103, 104, 121","108, 108, 108, 108, 108, 108, 108, 108, 108, 108"
CONCEIÇÃO DA FEIRA,GRUPO ESCOLAR HÉRLIO MASCARENHAS CARDOSO,RUA CINCO PORTAS - ZONA URBANA,CENTRO,44320000,-12.5019714,-39.0020354,7,1967.0,"80, 81, 82, 87, 88, 89, 90","108, 108, 108, 108, 108, 108, 108"
CONCEIÇÃO DO JACUÍPE,"ASSOCIAÇÃO DE APOIO AO MENOR, AO ADOLESCENTE E AO IDOSO-AMAI","LOTEAMENTO MARIA ASSUNÇÃO, N 22 - ZONA URBANA",CENTRO,44245000,-12.3263705,-38.7599556,4,1544.0,"14, 30, 49, 196","192, 192, 192, 192"
CONCEIÇÃO DO JACUÍPE,COLÉGIO ESTADUAL DE TEMPO INTEGRAL CONCEIÇÃO DO JACUÍPE,"RUA TEODORO SAMPAIO, SN",CENTRO,44245000,-12.3249215,-38.7685552,19,7333.0,"5, 6, 7, 8, 9, 10, 11, 12, 13, 15, 16, 37, 40, 44, 47, 48, 126, 191, 211","192, 192, 192, 192, 192, 192, 192, 192, 192, 192, 192, 192, 192, 192, 192, 192, 192, 192, 192"
CONCEIÇÃO DO JACUÍPE,ESCOLA MARIA ARQUIMÍNIA DIAS,"RUA JOÃO PIMENTEL RIBEIRO, 35 - ZONA URBANA",PARQUE OURO VERDE,44245000,-12.3360262,-38.7681536,7,2716.0,"1, 2, 3, 4, 24, 25, 26","192, 192, 192, 192, 192, 192, 192"
CONCEIÇÃO DO JACUÍPE,ESCOLA MUNICIPAL ANTÔNIO ANTUNES DOS SANTOS,"RUA TADEU CERQUEIRA, S/N - ZONA URBANA",CENTRO,44245000,-12.3401445,-38.7735516,5,1919.0,"131, 133, 135, 203, 209","192, 192, 192, 192, 192"
CONCEIÇÃO DO JACUÍPE,ESCOLA MUNICIPAL ARLINDO FERREIRA,"RUA SAO RAIMUNDO, S/N - ZONA URBANA",CENTRO,44245000,-12.3309982,-38.7710296,7,2647.0,"21, 22, 41, 46, 50, 114, 120","192, 192, 192, 192, 192, 192, 192"
CONCEIÇÃO DO JACUÍPE,ESCOLA MUNICIPAL DANIEL RIBEIRO COSTA,"RUA LOTEAMENTO ÁGUA BRANCA, S/N - ZONA URBANA",CENTRO,44245000,-12.3216945,-38.7683292,4,1055.0,"38, 43, 124, 193","192, 192, 192, 192"
CONCEIÇÃO DO JACUÍPE,ESCOLA MUNICIPAL JOAO PIMENTEL RIBEIRO,RODOVIA BR-324 - KM 87 - BESSA - ZONA RURAL,DISTRITO BESSA,44245000,-12.365172,-38.8148179,5,1754.0,"31, 32, 39, 51, 204","192, 192, 192, 192, 192"
CONCEIÇÃO DO JACUÍPE,ESCOLA MUNICIPAL NOSSA SENHORA DA CONCEIÇÃO,"PRAÇA DA MATRIZ, S/N - ZONA RURAL",DISTRITO PICADO,44245000,-12.3281287,-38.724027,1,196.0,132,192
CONCEIÇÃO DO JACUÍPE,ESCOLA MUNICIPAL PROFESSORA LAURA RIBEIRO LOPES,"RUA CASTRO ALVES, N 178 - ZONA URBANA",CENTRO,44245000,-12.3256242,-38.7670189,5,1901.0,"110, 127, 128, 129, 208","192, 192, 192, 192, 192"
CONCEIÇÃO DO JACUÍPE,ESCOLA MUNICIPAL VITALINA DE ARAÚJO CORREIA,POVOADO DO PICADO S/N - ZONA RURAL,DISTRITO PICADO,44245000,-12.3272906,-38.7257386,5,1716.0,"33, 34, 35, 36, 45","192, 192, 192, 192, 192"
CONCEIÇÃO DO JACUÍPE,GRUPO ESCOLAR BACILDES AZEVEDO MORAES,"RUA EMILIO AZEVEDO BARBOSA, S/N - ZONA RURAL",LAGE,44245000,-12.3218025,-38.7543433,3,1051.0,"130, 134, 206","192, 192, 192"
CONCEIÇÃO DO JACUÍPE,PREDIO ESCOLAR PRIMITIVA AZEVEDO MORAIS,"RUA ILICURITIBA, S/N - ZONA URBANA",LAGE,44245000,-12.3239056,-38.7577003,9,3307.0,"23, 27, 28, 29, 42, 109, 123, 197, 212","192, 192, 192, 192, 192, 192, 192, 192, 192"
CONCEIÇÃO DO JACUÍPE,PRÉDIO ESCOLAR SÉRGIO CARDOSO,RUA TEODORO SAMPAIO - ZONA URBANA,CENTRO,44245000,-12.329699,-38.7689001,6,2374.0,"17, 18, 19, 20, 125, 202","192, 192, 192, 192, 192, 192"
CORAÇÃO DE MARIA,CENTRO SOCIAL DE PEDRAS,FAZENDA PEDRA NOVA - ZONA RURAL,DISTRITO RETIRO,44250000,-12.14191071,-38.84650803,3,961.0,"93, 95, 169","130, 130, 130"
CORAÇÃO DE MARIA,COLÉGIO ESTADUAL JOSÉ WALDOMIRO SANTOS DA CONCEIÇÃO,"RUA CLETO ALVES DA CRUZ, S/Nº",DISTRITO RETIRO,44253000,-12.1277687,-38.81130942,9,2514.0,"57, 58, 59, 60, 63, 75, 81, 83, 86","130, 130, 130, 130, 130, 130, 130, 130, 130"
CORAÇÃO DE MARIA,COLÉGIO ESTADUAL MARIA LUZIA COSTA DOS SANTOS,RODOVIA BA 503- ZONA URBANA,CENTRO,44250000,-12.25139978,-38.74686446,8,2969.0,"35, 36, 37, 42, 47, 66, 73, 88","130, 130, 130, 130, 130, 130, 130, 130"
CORAÇÃO DE MARIA,COLÉGIO ESTADUAL MARIA LUZIA COSTA DOS SANTOS II,RODOVIA BA 503- ZONA URBANA,CENTRO,44250000,-12.25141356,-38.74740473,6,1947.0,"38, 39, 45, 46, 69, 78","130, 130, 130, 130, 130, 130"
CORAÇÃO DE MARIA,COLÉGIO MUNICIPAL MANOEL NOVAIS,"RUA PEDRO CERQUEIRA DALTRO, 210 - ZONA URBANA",CENTRO,44250000,-12.2483005,-38.74597922,11,4244.0,"50, 51, 52, 53, 70, 82, 84, 85, 89, 96, 178","130, 130, 130, 130, 130, 130, 130, 130, 130, 130, 130"
CORAÇÃO DE MARIA,COLÉGIO SÃO FRANCISCO,FAZENDA CAMPO GRANDE - ZONA RURAL,DISTRITO RETIRO,44250000,-12.13565017,-38.82684066,1,250.0,94,130
CORAÇÃO DE MARIA,ESCOLA INFANTIL MANOEL JOSÉ VIEIRA,RUA BERNARDINO SENA DE CARVLAHO - ZONA URBANA,CENTRO,44250000,-12.24619859,-38.74926003,5,1754.0,"48, 49, 67, 80, 171","130, 130, 130, 130, 130"
CORAÇÃO DE MARIA,ESCOLA MUNICIPAL NEUSA MARIA SOUSA DOS SANTOS,"RUA CECÍLIO BATISTA MARQUES, S/N - CENTRO",CENTRO,44250000,-12.24531052,-38.74717679,3,761.0,"170, 172, 175","130, 130, 130"
CORAÇÃO DE MARIA,ESCOLA VILA DE ITACAVA,RUA NOVA S/N  - ZONA RURAL,DISTRITO SÃO SIMÃO,44250000,-12.20333542,-38.84514229,2,793.0,"56, 71","130, 130"
CORAÇÃO DE MARIA,GRUPO ESCOLAR PEDRO CORREIA DAMASCENO,RUA DAS ALGAROBAS - ZONA URBANA,CENTRO,44250000,-12.24580263,-38.75035728,9,3014.0,"40, 41, 43, 44, 65, 74, 77, 87, 168","130, 130, 130, 130, 130, 130, 130, 130, 130"
CORAÇÃO DE MARIA,PRÉDIO ESCOLAR ANTONIO COSTA FERREIRA,"ESTRADA BA-084, KM 10  - ZONA RURAL",POVOADO CORDEIRO,44250000,-12.18569187,-38.73501444,3,952.0,"54, 55, 91","130, 130, 130"
CORAÇÃO DE MARIA,PRÉDIO ESCOLAR DAVID MENDES,PRAÇA DA MATRIZ - ZONA RURAL,DISTRITO RETIRO,44250000,-12.12824962,-38.81200689,7,2429.0,"61, 62, 68, 79, 90, 92, 176","130, 130, 130, 130, 130, 130, 130"
CORIBE,COLEGIO ESTADUAL RAULINO QUEIROZ,"RUA JUSCELINO KUBITSCHEK, S/N - ZONA URBANA",CENTRO,47690138,-13.8270613,-44.4567563,2,371.0,"10, 12","61, 61"
CORIBE,COLEGIO ESTADUAL SAO JOAO DOS GERAIS,"RUA JUSCELINO KUBITSCHECK, S/N - ZONA URBANA",CENTRO,47690138,-13.8301262,-44.4592028,8,2746.0,"1, 2, 3, 4, 5, 6, 127, 133","61, 61, 61, 61, 61, 61, 61, 61"
CORIBE,COLÉGIO JOÃO ROCHA MUNICIPALIZADO,"RUA LUIZ VIANA FILHO, S/N - ZONA URBANA",CENTRO,47690140,-13.8290187,-44.4568531,10,2592.0,"17, 18, 19, 30, 31, 32, 36, 37, 38, 131","61, 61, 61, 61, 61, 61, 61, 61, 61, 61"
CORIBE,ESCOLA CRISTÓVÃO COLOMBO,POVOADO POUSO ALTO - ZONA RURAL,POVOADO POUSO ALTO,47691899,-13.8840166,-44.1084705,1,126.0,116,61
CORIBE,ESCOLA DE 1 E 2 GRAUS CENTRO AGROPECUARIO DO FORMOSO,"RUA PRINCIPAL, S/N - ZONA RURAL",POVOADO COLONIA DO FORMOSO,47699000,-13.5630096,-44.3048052,4,1502.0,"20, 21, 22, 23","61, 61, 61, 61"
CORIBE,ESCOLA DE PRIMEIRO GRAU JOAO BATISTA DE OLIVEIRA SILVA,"RUA PRINCIPAL, S/N - ZONA RURAL",POVOADO RANCHINHO,47691899,-13.7454512,-44.4868912,3,1151.0,"39, 106, 126","61, 61, 61"
CORIBE,ESCOLA DE PRIMEIRO GRAU JOAO RIBEIRO DE LIMA,POVOADO VILA NOVA - ZONA RURAL,POVOADO VILA NOVA,47691899,-14.0073569,-44.4477887,3,1026.0,"107, 110, 121","61, 61, 61"
CORIBE,ESCOLA MUNICIPAL REUNIDA PROJETO PILOTO DO FORMOSO,POVOADO GERMANIA - ZONA RURAL,POVOADO GERMANIA,47691899,-13.6148721,-44.3674044,1,310.0,111,61
CORIBE,ESCOLA NECEVALDO DE ASSIS CRUZ,POVOADO PONTA D'ÁGUA - ZONA RURAL,POVOADO PONTA D'ÁGUA,47691899,-13.7061193,-44.3197991,1,206.0,113,61
CORIBE,ESCOLA SÃO JORGE,LAGOA DOS ÍNDIOS - ZONA RURAL,POVOADO PLÁCIDOS,47691899,-14.0327844,-44.281499,1,127.0,114,61
CORIBE,ESCOLA SÃO PEDRO,POVOADO MORRÃO - ZONA RURAL,POVOADO MORRÃO,47691899,-13.8685453,-44.2296322,1,161.0,115,61
CORIBE,GRUPO ESCOLAR ANGELO MAGALHAES,"RUA LUIZ VIANA FILHO, S/N - ZONA URBANA",CENTRO,47690140,-13.8295028,-44.456285,2,222.0,"13, 16","61, 61"
CORIBE,GRUPO ESCOLAR JOSE DE ALENCAR,"RUA MONSENHOR MONTALVAO, S/N - ZONA URBANA",CENTRO,47690120,-13.829374,-44.4547274,3,653.0,"27, 28, 29","61, 61, 61"
CORIBE,GRUPO ESCOLAR RAIMUNDO LULA TEIXEIRA,"RUA PRINCIPAL, S/N - ZONA RURAL",DISTRITO DESCOBERTO,47695000,-13.7621405,-44.2199595,5,1284.0,"7, 8, 9, 33, 35","61, 61, 61, 61, 61"
CORRENTINA,CMEI - CRECHE MUNICIPAL MARIA DE LARA,POVOADO DE BOM SUCESSO - ZONA RURAL,POVOADO BOM SUCESSO,47653899,-13.5418917,-44.7743717,1,209.0,147,124
CORRENTINA,COLÉGIO ESTADUAL DE TEMPO INTEGRAL DE CORRENTINA,"PRAÇA EUSTÓGIO PINTO RAMOS ARAUJO, N 123",SETOR FÉLIX ARAÚJO,47650000,-13.344244,-44.6308004,13,3783.0,"23, 24, 25, 26, 27, 35, 40, 41, 71, 80, 92, 94, 106","124, 124, 124, 124, 124, 124, 124, 124, 124, 124, 124, 124, 124"
CORRENTINA,COLÉGIO ESTADUAL DUQUE DE CAXIAS,AVENIDA DUQUE DE CAXIAS,JOÃO DE FRANÇA,47652002,-13.344915,-44.632125,4,1536.0,"16, 17, 104, 109","124, 124, 124, 124"
CORRENTINA,ESCOLA MUNICIPAL ANISIA SILVA MOREIRA,AVENIDA TANCREDO NEVES - ZONA URBANA,JOÃO DE FRANÇA,47650000,-13.3435586,-44.6323661,11,3532.0,"21, 22, 28, 29, 75, 88, 95, 107, 110, 120, 131","124, 124, 124, 124, 124, 124, 124, 124, 124, 124, 124"
CORRENTINA,ESCOLA MUNICIPAL ANTÔNIO NEIVA ARAÚJO,POVOADO BOA VISTA - ZONA RURAL,POVOADO BOA VISTA,47653899,-13.4295133,-44.6756533,2,460.0,"93, 135","124, 124"
CORRENTINA,ESCOLA MUNICIPAL AVARISTO DE SOUZA BARBOSA,POVOADO BREJO DOS AFLITOS - ZONA RURAL,POVOADO BREJO DOS AFLITOS,47653899,-13.2534083,-44.633255,1,248.0,89,124
CORRENTINA,ESCOLA MUNICIPAL CAETANO BERNARDINI,POVOADO DE NOVA ITÁLIA,POVOADO NOVA ITÁLIA,47653899,-13.6206741,-45.3724602,1,34.0,102,124
CORRENTINA,ESCOLA MUNICIPAL DE ARROJELÂNDIA,POVOADO ARROJELÂNDIA - ZONA RURAL,POVOADO ARROJELÂNDIA,47653899,-13.7305325,-45.4045503,2,583.0,"57, 134","124, 124"
CORRENTINA,ESCOLA MUNICIPAL DE CORRENTE,POVOADO CORRENTE - ZONA RURAL,POVOADO CORRENTE,47653899,-13.5407433,-45.6708117,1,141.0,103,124
CORRENTINA,ESCOLA MUNICIPAL DE PALMEIRAS,POVOADO DE CATOLÉS,POVOADO CATOLÉS,47653899,-13.5517967,-44.77625,4,982.0,"2, 96, 114, 118","124, 124, 124, 124"
CORRENTINA,ESCOLA MUNICIPAL DE SANTO ANTÔNIO,POVOADO DE SANTO ANTÔNIO - ZONA RURAL,POVOADO SANTO ANTÔNIO,47650000,-13.1761744,-44.6794407,4,1056.0,"58, 99, 100, 125","124, 124, 124, 124"
CORRENTINA,ESCOLA MUNICIPAL DE SÃO MANOEL,DISTRITO DE SÃO MANOEL,DISTRITO SÃO MANOEL,47654500,-13.4366943,-44.4972413,4,739.0,"18, 37, 47, 74","124, 124, 124, 124"
CORRENTINA,ESCOLA MUNICIPAL DIVINO ESPIRITO SANTO,POVOADO PRAIA -ZONA RURAL,POVOADO PRAIA,47650000,-13.5227693,-44.7279497,4,1358.0,"50, 54, 55, 68","124, 124, 124, 124"
CORRENTINA,ESCOLA MUNICIPAL DOM JOÃO MUNIZ,"RUA DA EXTREMA, S/N - ZONA URBANA",LOTEAMENTO SÃO JOSÉ,47650000,-13.3301583,-44.637185,10,2026.0,"20, 30, 31, 32, 33, 34, 36, 39, 48, 49","124, 124, 124, 124, 124, 124, 124, 124, 124, 124"
CORRENTINA,ESCOLA MUNICIPAL FÉLIX DE CASTRO E SILVA,POVOADO TATU DE HONORATO - ZONA RURAL,POVOADO TATU DE TÁCIO - TATU DE CIMA,47653899,-13.4376367,-44.6381533,2,516.0,"66, 98","124, 124"
CORRENTINA,ESCOLA MUNICIPAL JOÃO JOSÉ PEREIRA,POVOADO JENIPAPO - ZONA RURAL,POVOADO JENIPAPO,47653899,-13.3850533,-44.48545,1,340.0,133,124
CORRENTINA,ESCOLA MUNICIPAL MANOEL RODRIGUES DOS SANTOS,POVOADO APARECIDA DO OESTE - ZONA RURAL,POVOADO APARECIDA DO OESTE,47653899,-13.4952145,-44.6583175,5,986.0,"44, 45, 70, 81, 119","124, 124, 124, 124, 124"
CORRENTINA,ESCOLA MUNICIPAL MENINO JESUS,POVOADO MATÃO - ZONA RURAL,POVOADO MATÃO,47653899,-13.2766986,-44.6417173,1,154.0,97,124
CORRENTINA,ESCOLA MUNICIPAL NOSSA SENHORA APARECIDA,DISTRITO DO ROSÁRIO,POVOADO ROSÁRIO,47654500,-13.95185,-46.2016883,6,2204.0,"61, 122, 124, 127, 143, 145","124, 124, 124, 124, 124, 124"
CORRENTINA,ESCOLA MUNICIPAL NOSSA SENHORA DA GLÓRIA,POVOADO HARMÔNIO - ARROJADO DE OLIVO - ZONA RURAL,POVOADO HARMÔNIO - ARROJADO DE OLIVIO,47653899,-13.45077,-44.56983,2,395.0,"53, 67","124, 124"
CORRENTINA,ESCOLA MUNICIPAL SANTA HELENA,POVOADO CARUARU - ZONA RURAL,POVOADO CARUARU,47653899,-13.388315,-44.4095783,2,347.0,"42, 60","124, 124"
CORRENTINA,ESCOLA MUNICIPAL SANTA LUZIA,POVOADO DE PEDRA BRANCA,POVOADO PEDRA BRANCA,47653899,-13.2575067,-44.5787367,1,126.0,64,124
CORRENTINA,ESCOLA MUNICIPAL SANTA RITA,POVOADO DE PONTE VELHA -ZONA RURAL,POVOADO PONTE VELHA,47653899,-13.1858529,-44.6212348,1,355.0,59,124
CORRENTINA,ESCOLA MUNICIPAL SÃO RAFAEL,POVOADO SILVÂNIA - ZONA RURAL,POVOADO SILVÂNIA,47653899,-13.3550017,-44.5338767,3,492.0,"51, 69, 113","124, 124, 124"
CORRENTINA,ESCOLA MUNICIPAL SÃO SEBASTIÃO,POVOADO BARREIRO VERMELHO - ZONA RURAL,POVOADO BARREIRO VERMELHO,47653899,-13.3304883,-44.6741867,1,370.0,91,124
CORRENTINA,ESCOLA MUNICIPAL VERDE-AMARELO,POVOADO SALTO - ZONA RURAL,POVOADO SALTO,47653899,-13.3608717,-44.67631,1,313.0,132,124
CORRENTINA,ESCOLA MUNICIPAL VEREDINHA,POVOADO VEREDA GRANDE - ZONA RURAL,POVOADO VEREDA GRANDE,47650000,-13.5465317,-44.8056133,1,320.0,129,124
CORRENTINA,ESCOLA MUNICIPAL VILA NOVA,"RUA D, S/N - ZONA URBANA",LOTEAMENTO VILA NOVA,47650000,-13.3515206,-44.6441001,5,1304.0,"116, 123, 126, 141, 144","124, 124, 124, 124, 124"
DIAS D'ÁVILA,ANEXO DA ESCOLA ARACI SANTOS REIS (ESCOLA MARIA DORALICE BARBOSA),"ASSENTAMENTO NOVA PANEMA, S/N - ZONA RURAL",POVOADO NOVA PANEMA,42850000,-12.54361,-38.3821489,1,50.0,146,186
DIAS D'ÁVILA,APAE - ANTIGO FLORÊNCIO BORGES,"RUA BORGES DE BARROS, 344",IMBASSAY,42850000,-12.6123132,-38.3094886,4,1159.0,"19, 20, 159, 165","186, 186, 186, 186"
DIAS D'ÁVILA,CENTRO EDUCACIONAL NORMÉLIO MOURA DA COSTA,RUA JOAQUIM NABUCO SN - ZONA URBANA,GARCIA D'ÁVILA,42850000,-12.6122721,-38.2926858,5,1915.0,"11, 12, 38, 39, 40","186, 186, 186, 186, 186"
DIAS D'ÁVILA,CENTRO EDUCACIONAL PADRE CAMILO TORREND,"RUA TOCANTINS, N 108",CRISTO REI,42850000,-12.6033312,-38.3054039,9,2695.0,"26, 27, 28, 29, 30, 31, 32, 33, 34","186, 186, 186, 186, 186, 186, 186, 186, 186"
DIAS D'ÁVILA,CETEP - NOVA UNIDADE (CENTRO TERRITORIAL DE EDUCAÇÃO PROFISSIONAL),"RUA DA MANGUEIRA, N 499",PARQUE DIAS D'ÁVILA,42850000,-12.6154207,-38.3033896,13,3395.0,"35, 36, 37, 41, 42, 43, 87, 88, 89, 90, 139, 142, 160","186, 186, 186, 186, 186, 186, 186, 186, 186, 186, 186, 186, 186"
DIAS D'ÁVILA,COLÉGIO ESTADUAL PROFESSOR EDILSON SOUTO FREIRE,"RUA DA  HOLANDA, S/N - ZONA URBANA",URBIS,42850000,-12.6177241,-38.299445,9,2949.0,"66, 67, 68, 69, 70, 73, 83, 84, 144","186, 186, 186, 186, 186, 186, 186, 186, 186"
DIAS D'ÁVILA,COLÉGIO MUNICIPAL LAURA FOLLY,"AV.RAUL SEIXAS,S/N - ZONA URBANA",ENTRONCAMENTO,42850000,-12.5987603,-38.3275046,4,1371.0,"140, 155, 163, 185","186, 186, 186, 186"
DIAS D'ÁVILA,ESCOLA  MUNICIPAL FUTURAMA,DISTRITO DE JARDIM FUTURAMA - ZONA RURAL,DISTRITO DE JARDIM FUTURAMA,42850000,-12.6687723,-38.3717027,2,389.0,"112, 166","186, 186"
DIAS D'ÁVILA,ESCOLA MUNICIPAL ARACI DOS SANTOS REIS,RUA DA ASSEMBLÉIA - ZONA RURAL,DISTRITO DE LEANDRINHO,42850000,-12.6419829,-38.3750702,3,535.0,"103, 147, 181","186, 186, 186"
DIAS D'ÁVILA,ESCOLA MUNICIPAL AYRTON CARLOS NUNES,"RUA SÃO SALVADOR, S/N - ZONA URBANA",GARCIA D'ÁVILA,42850000,-12.6114827,-38.2896592,5,1074.0,"86, 95, 109, 119, 137","186, 186, 186, 186, 186"
DIAS D'ÁVILA,ESCOLA MUNICIPAL BIRIBEIRA,DISTRITO DE BIRIBEIRA - ZONA RURAL,DISTRITO DE BIRIBEIRA,42850000,-12.62747,-38.2077654,4,819.0,"104, 130, 183, 184","186, 186, 186, 186"
DIAS D'ÁVILA,ESCOLA MUNICIPAL BOA VISTA DE SANTA HELENA,DISTRITO DE SANTA HELENA - ZONA RURAL,DISTRITO DE SANTA HELENA,42850000,-12.5743673,-38.1737822,1,323.0,114,186
DIAS D'ÁVILA,ESCOLA MUNICIPAL CARLOS DRUMOND DE ANDRADE,"RUA DA HOLANDA, S/N - ZONA URBANA",URBIS,42850000,-12.6175013,-38.3001187,5,1837.0,"92, 96, 100, 105, 136","186, 186, 186, 186, 186"
DIAS D'ÁVILA,ESCOLA MUNICIPAL CLAUDIONOR SIMÕES DO CARMO,"RUA BETA, N 115 - ZONA URBANA",ENTRONCAMENTO,42850000,-12.5959366,-38.3282709,10,2802.0,"1, 2, 3, 4, 5, 75, 77, 82, 91, 134","186, 186, 186, 186, 186, 186, 186, 186, 186, 186"
DIAS D'ÁVILA,ESCOLA MUNICIPAL CRISTO REI,"RUA DA MÉXICO, N. 437 - ZONA URBANA",CRISTO REI,42850000,-12.6012876,-38.3085938,10,3063.0,"6, 7, 8, 9, 10, 62, 63, 64, 65, 162","186, 186, 186, 186, 186, 186, 186, 186, 186, 186"
DIAS D'ÁVILA,ESCOLA MUNICIPAL CÂNDIDA MARQUES COSTA,"RUA DOS INOCENTES, S/N - ZONA URBANA",SANTA HELENA,42850000,-12.6009519,-38.3203822,5,1495.0,"123, 129, 135, 161, 164","186, 186, 186, 186, 186"
DIAS D'ÁVILA,ESCOLA MUNICIPAL DO BOSQUE,"RUA ARCHIMEDES, S/N - ZONA URBANA",BOSQUE DIAS D'ÁVILA,42850000,-12.6235051,-38.2824806,8,3076.0,"110, 125, 128, 131, 141, 150, 154, 158","186, 186, 186, 186, 186, 186, 186, 186"
DIAS D'ÁVILA,ESCOLA MUNICIPAL EUTRÓDIA CARVALHO DOS SANTOS,"RUA RUI BARBOSA, 10 - ZONA URBANA",URBIS,42850000,-12.6187448,-38.3032785,6,2028.0,"102, 107, 116, 122, 127, 148","186, 186, 186, 186, 186, 186"
DIAS D'ÁVILA,ESCOLA MUNICIPAL FLORÊNCIO BORGES DE SANTANA,"RUA SANTA TEREZINHA, SN (R DA ÁGUA MINERAL DIAS D ÁVILA) - ZONA URBANA",IMBASSAY,42850000,-12.6136224,-38.31583,5,1925.0,"113, 117, 121, 126, 132","186, 186, 186, 186, 186"
DIAS D'ÁVILA,ESCOLA MUNICIPAL JOSÉ DA CONCEIÇÃO ALMEIDA,"RUA JOSÉ DA CONCEIÇÃO ALMEIDA, N 360 - ZONA URBANA",GENARO,42850000,-12.6173261,-38.2888915,4,1356.0,"55, 71, 79, 80","186, 186, 186, 186"
DIAS D'ÁVILA,ESCOLA MUNICIPAL MADRE DIAMANTINA,"RUA WALTER SEIXAS, N. 288 - ZONA URBANA",GENARO,42850000,-12.6150651,-38.2917784,11,2907.0,"44, 45, 46, 47, 48, 49, 50, 51, 52, 53, 54","186, 186, 186, 186, 186, 186, 186, 186, 186, 186, 186"
DIAS D'ÁVILA,ESCOLA MUNICIPAL MARIA SANTIAGO BACELAR DE SANTANA,"RUA PRIMEIRO DE JANEIRO, N 490 - ZONA URBANA",CONCÓRDIA,42850000,-12.6025552,-38.3265484,8,3047.0,"94, 97, 98, 99, 101, 106, 108, 118","186, 186, 186, 186, 186, 186, 186, 186"
DIAS D'ÁVILA,ESCOLA MUNICIPAL PROF. LUIZ SANDE,"RUA CAMPO ALEGRE, 543 - ZONA URBANA",LESSA RIBEIRO,42850000,-12.6086159,-38.3106436,6,2219.0,"13, 14, 15, 16, 17, 18","186, 186, 186, 186, 186, 186"
DIAS D'ÁVILA,ESCOLA MUNICIPAL PROFESSOR ANÍSIO TEIXEIRA,"AV. SAPEAÇU, S/N - ZONA URBANA",PARQUE PETRÓPOLIS,42850000,-12.6216003,-38.289298,7,2421.0,"138, 145, 151, 153, 156, 157, 186","186, 186, 186, 186, 186, 186, 186"
DIAS D'ÁVILA,ESCOLA MUNICIPAL PROFESSORA ANFRÍSIA SANTIAGO,"RUA CAJAYBA, N. 226 - ZONA URBANA",NOVA DIAS D'ÁVILA,42850000,-12.6347831,-38.2729926,8,2977.0,"56, 57, 58, 59, 60, 61, 72, 85","186, 186, 186, 186, 186, 186, 186, 186"
DIAS D'ÁVILA,ESCOLA MUNICIPAL SANTOS TITARA,"RUA CATHARINA PARAGUASSU, S/N - ZONA URBANA",JARDIM ALVORADA,42850000,-12.6171229,-38.2944724,4,1554.0,"111, 124, 133, 152","186, 186, 186, 186"
DIAS D'ÁVILA,ESCOLA MUNICIPAL SÃO JOSÉ,RUA PRINCIPAL - ZONA RURAL,DISTRITO DE EMBOACICA,42850000,-12.6040994,-38.1358264,1,223.0,115,186
DIAS D'ÁVILA,ESCOLA PROFESSORA ALTAIR DA COSTA LIMA,"RUA GETÚLIO VARGAS, S/N - ZONA URBANA",CENTRO,42850000,-12.6115507,-38.3033635,8,2252.0,"21, 22, 23, 24, 25, 74, 78, 81","186, 186, 186, 186, 186, 186, 186, 186"
DIAS D'ÁVILA,FACD'ÁVILA - FACULDADE DIAS D'ÁVILA,RUA 2 DE JULHO - ANTIGA BIBLIOTECA - NA PRAÇA DO IMBASSAY,IMBASSAY,42850000,-12.6163998,-38.3139761,3,842.0,"143, 149, 167","186, 186, 186"
FEIRA DE SANTANA,ANEXO DO COLÉGIO ESTADUAL DE TEMPO INTEGRAL PROFª ANA ANGÉLICA VERGNE,"AV. TRANSNORDESTINA, S/N, DERBA",CAMPO LIMPO,44021090,-12.2111595,-38.9662584,6,2368.0,"218, 219, 220, 221, 222, 223","156, 156, 156, 156, 156, 156"
FEIRA DE SANTANA,APAE FEIRA DE SANTANA,RUA DR. JOÃO EVANGELISTA S/N,TANQUE DA NAÇÃO,44008400,-12.2587623,-38.972252,3,795.0,"478, 481, 484","156, 156, 156"
FEIRA DE SANTANA,CASE ZILDA ARNS,"RUA JOSÉ DOMINGOS SERVO, S/N - ZONA URBANA",SIM,44085380,-12.2474882,-38.921875,1,0.0,800,155
FEIRA DE SANTANA,CEEP - CENTRO  ESTADUAL DE EDUCAÇÃO PROFISSIONAL ÁUREO DE O. FILHO,RUA BRUXELAS S/N - ZONA URBANA,SANTA MONICA,44077790,-12.263088,-38.9365527,12,4638.0,"78, 79, 80, 81, 82, 83, 84, 85, 86, 87, 88, 186","155, 155, 155, 155, 155, 155, 155, 155, 155, 155, 155, 155"
FEIRA DE SANTANA,CENTRO INTEGRADO ASSIS CHATEUBRIAND,"RUA ARIVALDO DE CARVALHO, S/N - ZONA URBANA",SOBRADINHO,44021225,-12.2357658,-38.9758122,39,13742.0,"29, 30, 31, 32, 33, 34, 35, 36, 37, 49, 50, 52, 54, 56, 58, 60, 62, 64, 66, 68, 70, 72, 74, 76, 78, 80, 82, 83, 84, 85, 193, 201, 215, 225, 235, 240, 244, 258, 270","154, 154, 154, 154, 154, 154, 154, 154, 154, 154, 154, 154, 154, 154, 154, 154, 154, 154, 154, 154, 154, 154, 154, 154, 154, 154, 154, 154, 154, 154, 154, 154, 154, 154, 154, 154, 154, 154, 154"
FEIRA DE SANTANA,CENTRO JUVENIL DE CIÊNCIA E CULTURA,"AVENIDA RIO DE JANEIRO, N 156 - ZONA URBANA",PEDRA DO DESCANSO,44007112,-12.2621498,-38.973061,6,2306.0,"308, 400, 413, 416, 420, 428","156, 156, 156, 156, 156, 156"
FEIRA DE SANTANA,CENTRO MUNICIPAL DE EDUCAÇÃO INFANTIL ANTONIO CARLOS MACHADO,"AV DOIS, SN, CONJUNTO FEIRA 07 - ZONA URBANA",TOMBA,44091480,-12.2979548,-38.9464389,10,3970.0,"372, 380, 384, 386, 388, 389, 393, 395, 396, 397","157, 157, 157, 157, 157, 157, 157, 157, 157, 157"
FEIRA DE SANTANA,CENTRO MUNICIPAL DE EDUCAÇÃO INFANTIL HUGO NAVARRO SILVA,"RUA CONDOR, S/N, FEIRA X - ZONA URBANA",MUCHILA,44005686,-12.2758557,-38.9727812,8,3138.0,"338, 339, 340, 448, 452, 457, 458, 460","156, 156, 156, 156, 156, 156, 156, 156"
FEIRA DE SANTANA,CENTRO MUNICIPAL DE EDUCAÇÃO INFANTIL PAULINO MARTINS DOS SANTOS,PRIMEIRA TRAVESSA ARTHUR DE FREITAS - ZONA RURAL,DISTRITO DE MARIA QUITÉRIA,44110000,-12.1498481,-38.991402,6,2091.0,"119, 128, 243, 272, 444, 446","156, 156, 156, 156, 156, 156"
FEIRA DE SANTANA,CENTRO UNIVERSITÁRIO DE CULTURA E ARTE - CUCA,"RUA CONSELHEIRO FRANCO, N 66 - ZONA URBANA",CENTRO,44002128,-12.25739882,-38.96840525,8,1877.0,"68, 69, 70, 71, 72, 179, 200, 231","157, 157, 157, 157, 157, 157, 157, 157"
FEIRA DE SANTANA,CIEM PROFESSOR JOSELITO FALCÃO DE AMORIM,"RUA CORONEL ÁLVARO SIMÕES, S/N - ZONA URBANA",CENTRO,44001104,-12.2494583,-38.9613754,26,8694.0,"1, 2, 3, 4, 5, 6, 7, 8, 9, 11, 13, 15, 17, 19, 21, 23, 25, 27, 236, 248, 255, 261, 267, 274, 330, 333","154, 154, 154, 154, 154, 154, 154, 154, 154, 154, 154, 154, 154, 154, 154, 154, 154, 154, 154, 154, 154, 154, 154, 154, 154, 154"
FEIRA DE SANTANA,COLEGIO ESTADUAL DE TEMPO INTEGRAL DE FEIRA DE SANTANA,"RUA OLNEY ALBERTO SÃO PAULO, N 3031 - ZONA URBANA",AVIÁRIO,44095400,-12.2967353,-38.9232255,12,4479.0,"116, 117, 118, 119, 120, 121, 122, 190, 210, 246, 848, 854","157, 157, 157, 157, 157, 157, 157, 157, 157, 157, 157, 157"
FEIRA DE SANTANA,COLEGIO ESTADUAL JUIZ JORGE FARIAS GOES,RUA MOGI DAS CRUZES S/N - ZONA URBANA,CAMPO DO GADO VELHO,44038290,-12.2371078,-38.951951,13,3219.0,"11, 12, 13, 14, 15, 16, 17, 18, 19, 20, 21, 188, 203","155, 155, 155, 155, 155, 155, 155, 155, 155, 155, 155, 155, 155"
FEIRA DE SANTANA,COLÉGIO DIPLOMATA,"RUA CARAÍBAS, 421",PONTO CENTRAL,44075239,-12.2520834,-38.9470414,10,3268.0,"29, 30, 31, 32, 33, 34, 35, 36, 37, 888","155, 155, 155, 155, 155, 155, 155, 155, 155, 155"
FEIRA DE SANTANA,COLÉGIO ESTADUAL DA POLÍCIA MILITAR - CPM DIVA PORTELA,"RUA TRÊS PODERES, S/N - ZONA URBANA",CAMPO LIMPO,44023000,-12.2194372,-38.9697803,18,6228.0,"193, 194, 195, 196, 197, 198, 199, 200, 201, 202, 203, 204, 205, 224, 251, 253, 255, 261","156, 156, 156, 156, 156, 156, 156, 156, 156, 156, 156, 156, 156, 156, 156, 156, 156, 156"
FEIRA DE SANTANA,COLÉGIO ESTADUAL DE FEIRA DE SANTANA,"RUA JURACY MAGALHÃES JÚNIOR, S/N - ZONA URBANA",CENTRO,44001360,-12.2569581,-38.9568922,9,1367.0,"1, 3, 5, 7, 9, 11, 13, 15, 17","157, 157, 157, 157, 157, 157, 157, 157, 157"
FEIRA DE SANTANA,COLÉGIO ESTADUAL DE JAGUARA,"PRAÇA DA MATRIZ, S/N - ZONA RURAL",DISTRITO DE JAGUARA,44125000,-12.1240644,-39.1084638,4,965.0,"43, 44, 45, 46","156, 156, 156, 156"
FEIRA DE SANTANA,COLÉGIO ESTADUAL DE MARIA QUITÉRIA,"ESTRADA DE  MARIA QUITÉRIA, S/N - ZONA RURAL",DISTRITO DE MARIA QUITÉRIA,44110000,-12.1511522,-38.9870811,13,4307.0,"1, 2, 3, 4, 5, 6, 7, 8, 9, 20, 22, 91, 249","156, 156, 156, 156, 156, 156, 156, 156, 156, 156, 156, 156, 156"
FEIRA DE SANTANA,COLÉGIO ESTADUAL DE TEMPO INTEGRAL GEORGINA DE MELO ERISMANN,"AVENIDA SENADOR QUINTINO, N 457, ZONA URBANA",OLHOS D'ÁGUA,44003615,-12.2649252,-38.9636921,12,4608.0,"149, 150, 151, 152, 153, 154, 155, 156, 157, 158, 159, 855","157, 157, 157, 157, 157, 157, 157, 157, 157, 157, 157, 157"
FEIRA DE SANTANA,COLÉGIO ESTADUAL DE TEMPO INTEGRAL PROFA CARMINDA MASCARENHAS VIEIRA,"RUA CASTRO ALVES, S/N - ZONA URBANA",SERRARIA BRASIL,44003198,-12.2636183,-38.9620939,14,3594.0,"225, 226, 227, 228, 229, 230, 231, 232, 233, 234, 235, 236, 237, 238","155, 155, 155, 155, 155, 155, 155, 155, 155, 155, 155, 155, 155, 155"
FEIRA DE SANTANA,COLÉGIO ESTADUAL DE TEMPO INTEGRAL PROFA CÉLIA SANTOS ANDRADE,AVENIDA DOUOTOR EDUARDO FROES DA MOTA  S/N - ZONA URBANA,35 BI,44065240,-12.2783539,-38.9413039,6,953.0,"140, 144, 148, 182, 200, 207","155, 155, 155, 155, 155, 155"
FEIRA DE SANTANA,COLÉGIO ESTADUAL DE TEMPO INTEGRAL PROFª ANA ANGÉLICA VERGNE DE MORAIS,"AV. TRANSNORDESTINA, S/N, DERBA",CAMPO LIMPO,44034072,-12.2111569,-38.9662205,15,5872.0,"353, 354, 355, 356, 357, 358, 359, 360, 361, 362, 363, 390, 410, 427, 439","156, 156, 156, 156, 156, 156, 156, 156, 156, 156, 156, 156, 156, 156, 156"
FEIRA DE SANTANA,COLÉGIO ESTADUAL DE TEMPO INTEGRAL TEOTÔNIO VILELA,"RUA O, CJ JOÃO PAULO II, S/N - ZONA URBANA",MANGABEIRA,44056568,-12.2170374,-38.9497877,17,7033.0,"217, 219, 224, 226, 227, 233, 238, 243, 249, 253, 257, 262, 266, 271, 322, 326, 329","154, 154, 154, 154, 154, 154, 154, 154, 154, 154, 154, 154, 154, 154, 154, 154, 154"
FEIRA DE SANTANA,COLÉGIO ESTADUAL DR. JAIR SANTOS SILVA,"AV TOMÉ DE SOUZA, S/N, CONJUNTO FEIRA IX - ZONA URBANA",CALUMBI,44009005,-12.250491,-38.9845863,9,3526.0,"324, 325, 326, 327, 328, 329, 330, 331, 408","156, 156, 156, 156, 156, 156, 156, 156, 156"
FEIRA DE SANTANA,COLÉGIO ESTADUAL DURVALINA CARNEIRO,"RUA VALENTIM ALVES CERQUEIRA, S/N - ZONA URBANA",SANTO ANTÔNIO DOS PRAZERES,44026000,-12.2445095,-38.9331837,11,4213.0,"239, 240, 241, 242, 243, 244, 245, 246, 247, 248, 249","155, 155, 155, 155, 155, 155, 155, 155, 155, 155, 155"
FEIRA DE SANTANA,COLÉGIO ESTADUAL EDITH MACHADO BOAVENTURA,"AV. PRIMAVERA, 2770 - ZONA URBANA",PAMPALONA,44034020,-12.217549,-38.9882837,21,8094.0,"181, 182, 183, 184, 185, 186, 187, 188, 189, 190, 191, 192, 225, 228, 234, 236, 238, 270, 280, 303, 412","156, 156, 156, 156, 156, 156, 156, 156, 156, 156, 156, 156, 156, 156, 156, 156, 156, 156, 156, 156, 156"
FEIRA DE SANTANA,COLÉGIO ESTADUAL EDIVALDO MACHADO BOAVENTURA,"RUA DO CAJUEIRO, 537 - ZONA RURAL",DISTRITO DE GOVERNADOR JOÃO DURVAL CARNEIRO,44130000,-12.33241609,-39.05965565,7,1742.0,"360, 361, 362, 363, 364, 365, 366","157, 157, 157, 157, 157, 157, 157"
FEIRA DE SANTANA,COLÉGIO ESTADUAL ERNESTO CARNEIRO RIBEIRO,"RUA A, S/N, FEIRA IV - ZONA URBANA",CALUMBI,44008010,-12.2583102,-38.9753208,14,5430.0,"364, 365, 366, 367, 368, 369, 370, 371, 372, 373, 388, 392, 399, 407","156, 156, 156, 156, 156, 156, 156, 156, 156, 156, 156, 156, 156, 156"
FEIRA DE SANTANA,COLÉGIO ESTADUAL GEORGINA SOARES NASCIMENTO,"RUA DO SALVADOR, S/N - ZONA URBANA",TOMBA,44090056,-12.2914885,-38.9449659,8,3339.0,"271, 276, 280, 368, 370, 374, 376, 377","157, 157, 157, 157, 157, 157, 157, 157"
FEIRA DE SANTANA,COLÉGIO ESTADUAL GOVERNADOR LUIZ VIANA FILHO,"RUA DOIS, S/N - ZONA URBANA",CIDADE NOVA,44053768,-12.2239852,-38.9609441,21,8499.0,"114, 115, 116, 117, 118, 119, 120, 121, 122, 123, 124, 125, 126, 127, 128, 204, 209, 216, 378, 382, 385","154, 154, 154, 154, 154, 154, 154, 154, 154, 154, 154, 154, 154, 154, 154, 154, 154, 154, 154, 154, 154"
FEIRA DE SANTANA,COLÉGIO ESTADUAL HELENA ASSIS SUZART,"RUA A, S/N, FEIRA X - ZONA URBANA",MUCHILA,44006170,-12.2730047,-38.9761302,6,2433.0,"309, 310, 311, 312, 313, 314","156, 156, 156, 156, 156, 156"
FEIRA DE SANTANA,COLÉGIO ESTADUAL HILDA CARNEIRO,"RUA D, S/N ,  CONJUNTO FEIRA V - ZONA URBANA",MANGABEIRA,44056194,-12.2295045,-38.9505938,6,2412.0,"162, 163, 164, 165, 166, 202","154, 154, 154, 154, 154, 154"
FEIRA DE SANTANA,COLÉGIO ESTADUAL IMACULADA CONCEIÇÃO,"RUA CALAMAR, S/N - ZONA URBANA",CONCEIÇÃO,44065104,-12.2339172,-38.9385376,10,4051.0,"167, 168, 169, 170, 171, 172, 191, 198, 379, 381","154, 154, 154, 154, 154, 154, 154, 154, 154, 154"
FEIRA DE SANTANA,COLÉGIO ESTADUAL JOÃO BAPTISTA CARNEIRO,"BR 116 SUL, KM 07, S/N - ZONA RURAL",DISTRITO DE GOVERNADOR JOÃO DURVAL CARNEIRO,44130000,-12.29244491,-39.02235279,3,1155.0,"351, 352, 353","157, 157, 157"
FEIRA DE SANTANA,COLÉGIO ESTADUAL JOÃO BARBOSA DE CARVALHO,"RUA FARMACEUTICO JOSÉ ALVES, 484 (TANQUE DA NAÇÃO ) - ZONA URBANA",CENTRO,44002844,-12.25661663,-38.96997321,9,1698.0,"57, 59, 61, 63, 193, 215, 266, 284, 410","157, 157, 157, 157, 157, 157, 157, 157, 157"
FEIRA DE SANTANA,COLÉGIO ESTADUAL LÁZARO DOS SANTOS FERREIRA,"ESTRADA DA CABRITA, S/N, CONJUNTO VIVEIROS - ZONA URBANA",VIVEIROS,44013460,-12.28486287,-38.98952996,3,897.0,"842, 846, 853","157, 157, 157"
FEIRA DE SANTANA,COLÉGIO ESTADUAL ODORICO TAVARES,"RUA JAPAO, S/N - ZONA URBANA",CASEB,44026000,-12.2456903,-38.9477271,12,4587.0,"60, 61, 62, 63, 64, 65, 66, 67, 68, 173, 177, 180","155, 155, 155, 155, 155, 155, 155, 155, 155, 155, 155, 155"
FEIRA DE SANTANA,COLÉGIO ESTADUAL PADRE HENRIQUE ALVES BORGES,"RUA CÔNEGO OLÍMPIO, 1218 - ZONA RURAL",DISTRITO DE HUMILDES,44135000,-12.3548204,-38.8686715,13,5111.0,"318, 319, 320, 321, 322, 323, 324, 325, 326, 327, 328, 329, 330","157, 157, 157, 157, 157, 157, 157, 157, 157, 157, 157, 157, 157"
FEIRA DE SANTANA,COLÉGIO ESTADUAL PROFESSORA TECLA MELLO,"AVENIDA CENTENARIO, 697 - ZONA URBANA",SIM,44085132,-12.2549654,-38.9253119,7,2733.0,"73, 74, 75, 76, 77, 192, 885","155, 155, 155, 155, 155, 155, 155"
FEIRA DE SANTANA,COLÉGIO ESTADUAL ROTARY DE FEIRA DE SANTANA,"RUA JOÃO SAMPAIO MACHADO, N 235 - ZONA URBANA",CAPUCHINHOS,44052200,-12.2595411,-38.9487136,7,2448.0,"101, 185, 195, 202, 209, 217, 893","155, 155, 155, 155, 155, 155, 155"
FEIRA DE SANTANA,COLÉGIO ESTADUAL SANTO ANTÔNIO,RUA CONEGO CUPERTINO LACERDA S/N - ZONA URBANA,BRASÍLIA,44001001,-12.2663796,-38.9487148,14,4996.0,"118, 119, 120, 121, 122, 123, 124, 125, 126, 127, 178, 193, 206, 214","155, 155, 155, 155, 155, 155, 155, 155, 155, 155, 155, 155, 155, 155"
FEIRA DE SANTANA,COLÉGIO ESTADUAL TEMPO INTEGRAL PROFA ANA ALICE FIGUEREDO DOS SANTOS,"AV. JOÃO DURVAL CARNEIRO, S/N - ZONA URBANA",BRASÍLIA,44088126,-12.2709007,-38.9543752,17,3914.0,"266, 267, 268, 269, 270, 271, 272, 273, 274, 275, 276, 277, 278, 279, 280, 281, 282","155, 155, 155, 155, 155, 155, 155, 155, 155, 155, 155, 155, 155, 155, 155, 155, 155"
FEIRA DE SANTANA,COLÉGIO ESTADUAL YEDA BARRADAS CARNEIRO (ESCOLA PROF FRANCY BARBOSA),"PRAÇA DO CONJUNTO CENTENARIO, S/N - ZONA URBANA",QUEIMADINHA,44050632,-12.2327338,-38.9621763,8,2717.0,"102, 103, 104, 105, 106, 206, 228, 252","154, 154, 154, 154, 154, 154, 154, 154"
FEIRA DE SANTANA,COLÉGIO MODELO LUIS EDUARDO MAGALHÃES,"RUA VASCO FILHO, S/N - ZONA URBANA",CENTRO,44025290,-12.2592847,-38.9571334,12,5025.0,"296, 297, 298, 299, 300, 301, 302, 303, 304, 305, 306, 307","157, 157, 157, 157, 157, 157, 157, 157, 157, 157, 157, 157"
FEIRA DE SANTANA,CSU - CENTRO SOCIAL URBANO,"RUA TOSTÃO, SN - ZONA URBANA",CIDADE NOVA,44053438,-12.2253869,-38.9639439,7,2784.0,"346, 358, 365, 368, 370, 371, 375","154, 154, 154, 154, 154, 154, 154"
FEIRA DE SANTANA,ESCOLA CIVICO-MILITAR MUNICIPAL QUINZE DE NOVEMBRO,"RUA MARTINIANO FREIRA, S/N, SEDE - ZONA RURAL",DISTRITO DE JAÍBA,44115000,-12.2066077,-38.8688701,13,2901.0,"252, 253, 256, 257, 258, 259, 260, 261, 262, 263, 264, 265, 878","155, 155, 155, 155, 155, 155, 155, 155, 155, 155, 155, 155, 155"
FEIRA DE SANTANA,ESCOLA COMUNITÁRIA LUIS ALBERTO ( ANTIGA CÉLIDA),"RUA GÓES CALMON, N 475 - ZONA URBANA",RUA NOVA,44023095,-12.2500011,-38.9728148,5,1810.0,"83, 84, 85, 181, 240","157, 157, 157, 157, 157"
FEIRA DE SANTANA,ESCOLA DE 1º GRAU DR GAMALIEL,"RUA DONA ADALGISA SANTOS BORGES, 500 - ZONA URBANA",TOMBA,44064120,-12.2988487,-38.9496412,7,2940.0,"269, 273, 277, 283, 371, 378, 382","157, 157, 157, 157, 157, 157, 157"
FEIRA DE SANTANA,ESCOLA DE 1º GRAU ERNESTINA CARNEIRO,"RUA COELHO NETO, S/N - ZONA URBANA",RUA NOVA,44023216,-12.25122466,-38.97679675,10,3891.0,"73, 74, 75, 76, 77, 78, 79, 80, 81, 82","157, 157, 157, 157, 157, 157, 157, 157, 157, 157"
FEIRA DE SANTANA,ESCOLA EDELVIRA D'OLIVEIRA,"RUA RIO GRANDE DO NORTE, 76 - ZONA URBANA",QUEIMADINHA,44050422,-12.2403998,-38.9572754,11,4030.0,"147, 148, 149, 150, 151, 152, 153, 154, 155, 156, 200","154, 154, 154, 154, 154, 154, 154, 154, 154, 154, 154"
FEIRA DE SANTANA,ESCOLA ESTADUAL CAROLINA MARIA DE JESUS,"RUA SALMO 39, S/N - ZONA URBANA",FRATERNIDADE,44092636,-12.3053274,-38.9534097,18,7447.0,"123, 124, 125, 126, 127, 128, 129, 178, 186, 192, 220, 226, 234, 245, 255, 261, 267, 852","157, 157, 157, 157, 157, 157, 157, 157, 157, 157, 157, 157, 157, 157, 157, 157, 157, 157"
FEIRA DE SANTANA,ESCOLA IRMÃ ROSA APARECIDA,"RUA VÊNUS, 275 - ZONA URBANA",JARDIM ACÁCIA,44004312,-12.2682043,-38.9665685,5,1874.0,"146, 147, 148, 188, 207","157, 157, 157, 157, 157"
FEIRA DE SANTANA,ESCOLA MUNICIPAL ACIOLY DA SILVA ARAÚJO,"RUA CONDOR, S/N, FEIRA X - ZONA URBANA",MUCHILA,44005686,-12.2756301,-38.9720222,9,3537.0,"305, 306, 307, 391, 405, 418, 425, 435, 441","156, 156, 156, 156, 156, 156, 156, 156, 156"
FEIRA DE SANTANA,ESCOLA MUNICIPAL ADELICE CAVALCANTE,"RUA IPAUMIRIM, N. 205 - ZONA URBANA",SIM,44086480,-12.250895,-38.9055867,7,2459.0,"296, 874, 876, 882, 884, 889, 896","155, 155, 155, 155, 155, 155, 155"
FEIRA DE SANTANA,ESCOLA MUNICIPAL AMBRÓSIO BISPO,FAZENDA RETIRO - ZONA RURAL,DISTRITO DE JAÍBA,44115000,-12.2077635,-38.8912279,2,832.0,"254, 255","155, 155"
FEIRA DE SANTANA,ESCOLA MUNICIPAL ANA MARIA ALVES DOS SANTOS,"RUA  A, S/N, FEIRA X - ZONA URBANA",MUCHILA,44006170,-12.2732368,-38.9760501,14,5466.0,"374, 375, 376, 377, 378, 379, 380, 381, 382, 383, 384, 385, 386, 387","156, 156, 156, 156, 156, 156, 156, 156, 156, 156, 156, 156, 156, 156"
FEIRA DE SANTANA,ESCOLA MUNICIPAL ANDRÉ CUSTÓDIO FERREIRA,PRAÇA DO POVOADO SOCORRO - ZONA RURAL,DISTRITO DE TIQUARUÇU,44140000,-12.0640424,-38.9220743,2,768.0,"293, 294","154, 154"
FEIRA DE SANTANA,ESCOLA MUNICIPAL ANTONIO ANTUNES DOS SANTOS,"ESTRADA GENIPAPO, S/N - ZONA RURAL",TERRA DURA,44135000,-12.3247816,-38.9215826,2,697.0,"844, 845","157, 157"
FEIRA DE SANTANA,ESCOLA MUNICIPAL ANTÔNIO ALVES OLIVEIRA,"RUA AVARÉ, S/N - ZONA URBANA",ASA BRANCA,44021510,-12.2092793,-38.9921606,10,3660.0,"113, 252, 267, 300, 301, 404, 423, 432, 440, 454","156, 156, 156, 156, 156, 156, 156, 156, 156, 156"
FEIRA DE SANTANA,ESCOLA MUNICIPAL ANTÔNIO BRANDÃO DE SOUZA,"RUA BAMBU, S/N - ZONA RURAL",DISTRITO DE HUMILDES,44135000,-12.3549931,-38.8700404,11,4358.0,"285, 286, 287, 288, 289, 290, 291, 292, 293, 294, 295","157, 157, 157, 157, 157, 157, 157, 157, 157, 157, 157"
FEIRA DE SANTANA,ESCOLA MUNICIPAL ANTÔNIO CARNEIRO LAGO,POVOADO MORRINHOS - ZONA RURAL,DISTRITO DE JAGUARA,44125000,-12.1652935,-39.1247434,2,475.0,"123, 124","156, 156"
FEIRA DE SANTANA,ESCOLA MUNICIPAL ANTÔNIO GONÇALVES DA SILVA,"RUA TIJUCA, 1355 - ZONA URBANA",PARQUE IPÊ,44054394,-12.2155711,-38.9527618,8,3254.0,"335, 339, 341, 344, 349, 354, 357, 362","154, 154, 154, 154, 154, 154, 154, 154"
FEIRA DE SANTANA,ESCOLA MUNICIPAL ANTÔNIO JÚLIO DA SILVA,POVOADO OLHOS D'ÁGUA DAS FORMIGAS,CIS NORTE,44110000,-12.0692766,-38.9879979,2,430.0,"126, 483","156, 156"
FEIRA DE SANTANA,ESCOLA MUNICIPAL ANÍZIO PEREIRA BERNARDES,"AVENIDA ANÍZIO PEREIRA BERNARDES, S/N - ZONA RURAL",DISTRITO DE MATINHA,44110000,-12.146102,-38.9286201,5,1400.0,"305, 306, 307, 308, 374","154, 154, 154, 154, 154"
FEIRA DE SANTANA,ESCOLA MUNICIPAL ARMANDO RAMOS MORAES,POVOADO GALHARDO - ZONA RURAL,DISTRITO DE GOVERNADOR JOÃO DURVAL CARNEIRO,44130000,-12.25552937,-39.0713034,2,684.0,"331, 332","157, 157"
FEIRA DE SANTANA,ESCOLA MUNICIPAL ARTHUR MARTINS DA SILVA,ESTRADA PEDRA FERRADA - ZONA URBANA,PEDRA FERRADA,44037310,-12.1993185,-39.003699,3,1186.0,"463, 471, 477","156, 156, 156"
FEIRA DE SANTANA,ESCOLA MUNICIPAL CHICO MENDES,"PRAÇA CENTENÁRIO, S/N - ZONA URBANA",CAMPO LIMPO,44021090,-12.2259133,-38.968256,10,3831.0,"247, 258, 277, 287, 289, 294, 297, 298, 389, 395","156, 156, 156, 156, 156, 156, 156, 156, 156, 156"
FEIRA DE SANTANA,ESCOLA MUNICIPAL COMENDADOR JONATHAS TELLES DE CARVALHO,"RUA DA PENHA, S/N - ZONA URBANA",CONCEIÇÃO,44066126,-12.228379,-38.9340434,12,5000.0,"234, 239, 245, 251, 256, 259, 263, 268, 273, 325, 328, 331","154, 154, 154, 154, 154, 154, 154, 154, 154, 154, 154, 154"
FEIRA DE SANTANA,ESCOLA MUNICIPAL CRISPINIANO FERREIRA DA SILVA,POVOADO OLHOS D'ÁGUA DAS MOÇAS - DISTRITO DE MATINHA - ZONA RURAL,DISTRITO DE MATINHA,44110000,-12.1396339,-38.9428646,4,1470.0,"311, 312, 313, 383","154, 154, 154, 154"
FEIRA DE SANTANA,ESCOLA MUNICIPAL DA AMIZADE,"BR 324, KM 100, PQ. DE EXPOSIÇÕES - POVO TANQUINHO - ZONA RURAL",DISTRITO DE HUMILDES,44135000,-12.2952426,-38.899726,4,1280.0,"283, 284, 285, 890","155, 155, 155, 155"
FEIRA DE SANTANA,ESCOLA MUNICIPAL DEOCLECIANO MARTINS DA SILVA,"POVOADO PÉ DE SERRA, S/N - ZONA RURAL",DISTRITO DE MARIA QUITÉRIA,44110000,-12.1326841,-39.029272,5,1879.0,"112, 137, 226, 257, 403","156, 156, 156, 156, 156"
FEIRA DE SANTANA,ESCOLA MUNICIPAL DIVA MATOS PORTELA,RUA ESPLANADA - ZONA URBANA,JARDIM CRUZEIRO,44024138,-12.246076,-38.9818484,9,3465.0,"44, 45, 46, 47, 48, 192, 208, 221, 389","154, 154, 154, 154, 154, 154, 154, 154, 154"
FEIRA DE SANTANA,ESCOLA MUNICIPAL DOUTOR CELSO RIBEIRO DALTRO,"PRAÇA CATARINO BRITO DOS SANTOS, SN - ZONA URBANA",QUEIMADINHA,44050732,-12.2380445,-38.9570399,9,2607.0,"142, 143, 144, 145, 146, 212, 269, 334, 338","154, 154, 154, 154, 154, 154, 154, 154, 154"
FEIRA DE SANTANA,ESCOLA MUNICIPAL DOUTOR CLOVIS RAMOS LIMA,RUA ARCO VERDE - ZONA URBANA,PARQUE IPÊ,44054560,-12.2182063,-38.9603018,9,3051.0,"107, 108, 109, 110, 111, 112, 113, 189, 199","154, 154, 154, 154, 154, 154, 154, 154, 154"
FEIRA DE SANTANA,ESCOLA MUNICIPAL DOUTOR CÍCERO CARVALHO,"RUA PEROLINA ANGÉLICA DA SILVA, 164 - ZONA URBANA",CRUZEIRO,44022032,-12.245798,-38.9741595,6,1548.0,"38, 39, 40, 41, 42, 43","154, 154, 154, 154, 154, 154"
FEIRA DE SANTANA,ESCOLA MUNICIPAL DOUTOR DEMÓSTHENES ÁLVARO DE BRITO,"RUA IBIAPINA, S/N - ZONA URBANA",MANGABEIRA,44057530,-12.2163174,-38.938074,7,2771.0,"129, 130, 131, 132, 133, 205, 211","154, 154, 154, 154, 154, 154, 154"
FEIRA DE SANTANA,ESCOLA MUNICIPAL DOUTOR NILTON BELLAS VIEIRA,RUA VIRGINOPOLIS S/N - ZONA URBANA,PARQUE GETÚLIO VARGAS,44042230,-12.2523475,-38.9348743,6,2256.0,"50, 51, 52, 53, 54, 197","155, 155, 155, 155, 155, 155"
FEIRA DE SANTANA,ESCOLA MUNICIPAL DR. ALBERTO OLIVEIRA,"RUA H, S/N, CONJUNTO FEIRA X",MUCHILA,44006429,-12.28123,-38.9740723,1,396.0,480,156
FEIRA DE SANTANA,ESCOLA MUNICIPAL DR. COLBERT MARTINS DA SILVA,"RUA PADRE CARLOS OLÍMPIO, S/N, SEDE - ZONA RURAL",DISTRITO DE JAGUARA,44125000,-12.124835,-39.1074093,8,2260.0,"39, 40, 41, 42, 121, 122, 135, 141","156, 156, 156, 156, 156, 156, 156, 156"
FEIRA DE SANTANA,ESCOLA MUNICIPAL DR. FRANCISCO MARTINS DA SILVA,"AV PÉ DE SERRA, S/N, SEDE - ZONA RURAL",DISTRITO DE MARIA QUITÉRIA,44110000,-12.149311,-38.9918789,10,3069.0,"10, 11, 12, 13, 14, 15, 16, 23, 87, 93","156, 156, 156, 156, 156, 156, 156, 156, 156, 156"
FEIRA DE SANTANA,ESCOLA MUNICIPAL DR. JOÃO DUARTE GUIMARÃES,"PRAÇA DO LIMOEIRO, S/N - ZONA URBANA",LIMOEIRO,44097708,-12.3107078,-38.8978428,10,3434.0,"308, 309, 310, 311, 312, 313, 314, 315, 316, 317","157, 157, 157, 157, 157, 157, 157, 157, 157, 157"
FEIRA DE SANTANA,ESCOLA MUNICIPAL DR. NOIDE CERQUEIRA,"RUA SENAI, S/N - ZONA URBANA",CAMPO LIMPO,44032352,-12.230275,-38.9674524,6,2104.0,"206, 207, 208, 209, 210, 211","156, 156, 156, 156, 156, 156"
FEIRA DE SANTANA,ESCOLA MUNICIPAL DR. WILSON DA COSTA FALCÃO,RUA DOS EXPEDICIONÁRIOS,PEDRA DO DESCANSO,44007270,-12.265615,-38.9787423,9,3414.0,"315, 316, 317, 318, 319, 320, 321, 322, 323","156, 156, 156, 156, 156, 156, 156, 156, 156"
FEIRA DE SANTANA,ESCOLA MUNICIPAL DRA. MARGARIDA LISBOA DE OLIVEIRA,"RUA BRAVO, S/N - ZONA URBANA",GABRIELA,44028300,-12.2329721,-38.9844919,5,1975.0,"461, 465, 468, 472, 476","156, 156, 156, 156, 156"
FEIRA DE SANTANA,ESCOLA MUNICIPAL ELISABETH JOHNSON,"RUA DA LIBERDADE, S/N, BARAÚNAS",BARAÚNA,44091100,-12.2394399,-38.9698973,12,4608.0,"89, 90, 91, 92, 93, 94, 190, 210, 223, 241, 264, 332","154, 154, 154, 154, 154, 154, 154, 154, 154, 154, 154, 154"
FEIRA DE SANTANA,ESCOLA MUNICIPAL EMILIANA SOUZA OLIVEIRA,"RUA MANTENÓPOLIS, SN - ZONA URBANA",CONCEIÇÃO,44065578,-12.2399828,-38.935557,9,3748.0,"345, 348, 353, 356, 359, 361, 364, 367, 369","154, 154, 154, 154, 154, 154, 154, 154, 154"
FEIRA DE SANTANA,ESCOLA MUNICIPAL ESTER DA SILVA SANTANA,"RUA TUPINAMBÁS, S/N - ZONA URBANA",MANGABEIRA,44056080,-12.2238975,-38.9442803,6,2504.0,"157, 158, 159, 160, 161, 186","154, 154, 154, 154, 154, 154"
FEIRA DE SANTANA,ESCOLA MUNICIPAL EURIDES FRANCO DE LACERDA,"RUA FREI JOAQUIM, S/N",CONCEIÇÃO,44065738,-12.2327382,-38.937204,3,991.0,"387, 390, 391","154, 154, 154"
FEIRA DE SANTANA,ESCOLA MUNICIPAL FABÍOLA VITAL,"RUA JORGE CERQUEIRA MASCARENHAS, S/N - ZONA URBANA",CAMPO LIMPO,44032356,-12.2296969,-38.9661528,5,1959.0,"464, 467, 469, 473, 474","156, 156, 156, 156, 156"
FEIRA DE SANTANA,ESCOLA MUNICIPAL FIRMINO JOSÉ DE BRITO,FAZENDA MALHADOR - ZONA RURAL,DISTRITO DE JAGUARA,44125000,-12.2031436,-39.072978,2,597.0,"131, 230","156, 156"
FEIRA DE SANTANA,ESCOLA MUNICIPAL GENTE MIÚDA ( ANEXO DO COLEGIO GEORGINA MELO ERISMANN,"RUA SENADOR QUINTINO, 523 - BAIRRO OLHOS D'ÁGUA, FEIRA DE SANTANA",OLHOS D'ÁGUA,44007270,-12.2669183,-38.9686691,5,1721.0,"383, 390, 398, 401, 405","157, 157, 157, 157, 157"
FEIRA DE SANTANA,ESCOLA MUNICIPAL GERALDO DIAS DE SOUZA,"LOTEAMENTO AGNELO COSTA, QUADRA 01, S/N - ZONA RURAL",DISTRITO DE HUMILDES,44135000,-12.3468126,-38.866682,9,3557.0,"346, 347, 348, 349, 350, 375, 385, 387, 391","157, 157, 157, 157, 157, 157, 157, 157, 157"
FEIRA DE SANTANA,ESCOLA MUNICIPAL GODOFREDO COUTINHO PEREIRA,"BR 116 NORTE, S/N - POVOADO SÃO CRISTÓVÃO - ZONA RURAL",DISTRITO DE TIQUARUÇU,44140000,-12.0857897,-38.9630036,4,1575.0,"299, 300, 301, 350","154, 154, 154, 154"
FEIRA DE SANTANA,ESCOLA MUNICIPAL HELENA ASSIS SUZART,"RUA VISCONDE DE MAUA, N 439 - ZONA URBANA",ESTAÇÃO NOVA,44045330,-12.246533,-38.9446735,3,1191.0,"191, 208, 216","155, 155, 155"
FEIRA DE SANTANA,ESCOLA MUNICIPAL HORÁCIO SILVA BASTOS,"RUA PIRACICABA, S/N - ZONA URBANA",CASEB,44001001,-12.2399871,-38.9435539,7,2744.0,"57, 58, 59, 212, 287, 291, 297","155, 155, 155, 155, 155, 155, 155"
FEIRA DE SANTANA,ESCOLA MUNICIPAL JACYRA ALMEIDA SANTOS,"RUA C, S/N, CONJUNTO FEIRA IV - ZONA URBANA",CALUMBI,44008090,-12.2590637,-38.9743912,4,1542.0,"437, 443, 445, 450","156, 156, 156, 156"
FEIRA DE SANTANA,ESCOLA MUNICIPAL JANETE GOMES MEDEIROS,"RUA LARANJEIRAS DO SUL, 32, LOTEAMENTO JARDIM ROMANO  - ZONA URBANA",CAMPO LIMPO,44033283,-12.2165174,-38.9773661,6,2270.0,"248, 281, 295, 394, 406, 453","156, 156, 156, 156, 156, 156"
FEIRA DE SANTANA,ESCOLA MUNICIPAL JOAQUIM PEREIRA DOS SANTOS,"POVOADO CANDEAL II, SN - DISTRITO DE MATINHA - ZONA RURAL",DISTRITO DE MATINHA,44110000,-12.1616058,-38.9228726,3,1122.0,"309, 310, 323","154, 154, 154"
FEIRA DE SANTANA,ESCOLA MUNICIPAL JOSÉ TAVARES CARNEIRO,"RUA NOSSA SENHORA DA CONCEIÇÃO, 41, SEDE - ZONA RURAL",DISTRITO DE MARIA QUITÉRIA,44110000,-12.1495629,-38.9896484,8,3096.0,"17, 18, 19, 21, 84, 92, 271, 282","156, 156, 156, 156, 156, 156, 156, 156"
FEIRA DE SANTANA,ESCOLA MUNICIPAL JOÃO DURVAL CARNEIRO,AVENIDA JOAO DURVAL CARNEIRO SN - ZONA URBANA,CASEB,44037000,-12.2354391,-38.9450518,13,4488.0,"1, 2, 3, 4, 5, 6, 7, 8, 9, 10, 174, 183, 194","155, 155, 155, 155, 155, 155, 155, 155, 155, 155, 155, 155, 155"
FEIRA DE SANTANA,ESCOLA MUNICIPAL JOÃO MARINHO FALCÃO,"RUA PROFESSOR ANTÔNIO GARCIA, 86 - ZONA URBANA",OLHOS D'ÁGUA,44003592,-12.26821,-38.9624782,11,4587.0,"160, 161, 162, 163, 164, 165, 166, 167, 168, 223, 228","157, 157, 157, 157, 157, 157, 157, 157, 157, 157, 157"
FEIRA DE SANTANA,ESCOLA MUNICIPAL MARIA AMÁLIA MARTINS DALTRO COELHO,POVOADO MANTIBA - ZONA RURAL,DISTRITO DE JAÍBA,44115000,-12.1841275,-38.9183855,3,1026.0,"302, 303, 304","154, 154, 154"
FEIRA DE SANTANA,ESCOLA MUNICIPAL MARIA ANTONIA DA COSTA,"RUA RIO MADEIRA, 171 - ZONA URBANA",SANTA MONICA,44077828,-12.2670778,-38.9360517,7,2427.0,"288, 290, 293, 294, 298, 883, 894","155, 155, 155, 155, 155, 155, 155"
FEIRA DE SANTANA,ESCOLA MUNICIPAL MARIA DA GLÓRIA CARVALHO,"TRAVESSA POLITEAMA, S/N - ZONA URBANA",35 BI,44094396,-12.279335,-38.9332746,4,1681.0,"265, 367, 381, 392","157, 157, 157, 157"
FEIRA DE SANTANA,ESCOLA MUNICIPAL MONSENHOR MÁRIO PESSOA,"RUA BRITO, 100 - ZONA URBANA",CIDADE NOVA,44053334,-12.2300005,-38.9615342,8,3134.0,"134, 135, 136, 137, 138, 139, 140, 141","154, 154, 154, 154, 154, 154, 154, 154"
FEIRA DE SANTANA,ESCOLA MUNICIPAL MONTEIRO LOBATO,RUA JOSÉ PEREIRA MASCARENHAS - ZONA URBANA,CAPUCHINHOS,44058970,-12.2583807,-38.9468086,12,3410.0,"89, 90, 91, 92, 93, 94, 95, 96, 97, 98, 99, 100","155, 155, 155, 155, 155, 155, 155, 155, 155, 155, 155, 155"
FEIRA DE SANTANA,ESCOLA MUNICIPAL NORMA SUELY MASCARENHAS,"RUA B (VASP), S/N, CJ. GEORGE AMERICO - ZONA URBANA",CAMPO LIMPO,44033061,-12.2233303,-38.9801012,8,3052.0,"244, 259, 266, 283, 288, 293, 299, 398","156, 156, 156, 156, 156, 156, 156, 156"
FEIRA DE SANTANA,ESCOLA MUNICIPAL OTAVIANO FERREIRA CAMPOS,"RUA SANTANA, S/N - ZONA URBANA",NOVO HORIZONTE,44031470,-12.1890457,-38.9671147,7,2374.0,"332, 333, 334, 335, 336, 337, 402","156, 156, 156, 156, 156, 156, 156"
FEIRA DE SANTANA,ESCOLA MUNICIPAL PADRE GIOVANNI CIRESOLA,"RUA CARLOS ALBERTO, 514 - ZONA URBANA",CIDADE NOVA,44053274,-12.2214503,-38.9576023,10,3982.0,"232, 242, 250, 254, 260, 265, 272, 324, 327, 372","154, 154, 154, 154, 154, 154, 154, 154, 154, 154"
FEIRA DE SANTANA,ESCOLA MUNICIPAL PROF. ANTÔNIO ALVES LOPES,"PRAÇA PRINCIPAL, S/N - ZONA URBANA",VIVEIROS,44013000,-12.28502328,-38.98590814,8,2904.0,"239, 251, 262, 274, 369, 379, 394, 403","157, 157, 157, 157, 157, 157, 157, 157"
FEIRA DE SANTANA,ESCOLA MUNICIPAL PROF. GEMINIANO COSTA,"TV. MANTINA, 1668",PAMPALONA,44031355,-12.2185536,-38.9816857,2,671.0,"479, 482","156, 156"
FEIRA DE SANTANA,ESCOLA MUNICIPAL PROF. JOSÉ RAIMUNDO DE AZEVEDO - CAIC,"AV. DOIS, S/N  - ZONA URBANA",FEIRA VII,44091620,-12.2986822,-38.9464724,16,6141.0,"197, 202, 206, 209, 213, 216, 219, 221, 225, 229, 237, 241, 248, 252, 256, 850","157, 157, 157, 157, 157, 157, 157, 157, 157, 157, 157, 157, 157, 157, 157, 157"
FEIRA DE SANTANA,ESCOLA MUNICIPAL PROFA ECILDA RAMOS DE SOUZA,RUA ADENIL FALCAO S/N - ZONA URBANA,BRASÍLIA,44075970,-12.2714505,-38.9511256,7,2461.0,"136, 137, 138, 139, 172, 199, 891","155, 155, 155, 155, 155, 155, 155"
FEIRA DE SANTANA,ESCOLA MUNICIPAL PROFA. MARÍLIA QUEIROZ DA SILVA,"RUA TEFÉ, 35 - ZONA URBANA",NOVA ESPERANÇA,44019850,-12.2498792,-38.9891842,3,1180.0,"345, 346, 347","156, 156, 156"
FEIRA DE SANTANA,ESCOLA MUNICIPAL PROFA. VALDEMIRA ALVES BRITO,"RUA VESPASIANO, S/N - ZONA URBANA",TOMBA,44091166,-12.2899826,-38.9509264,11,4641.0,"130, 131, 132, 133, 134, 135, 136, 137, 138, 189, 195","157, 157, 157, 157, 157, 157, 157, 157, 157, 157, 157"
FEIRA DE SANTANA,ESCOLA MUNICIPAL PROFESSOR CARLOS ALBERTO DO CARMO,"RUA E, S/N - CONJUNTO FEIRA IX - ZONA URBANA",CALUMBI,44009310,-12.2565776,-38.9864247,8,3037.0,"417, 422, 431, 436, 455, 459, 462, 466","156, 156, 156, 156, 156, 156, 156, 156"
FEIRA DE SANTANA,ESCOLA MUNICIPAL PROFESSOR LUCIANO RIBEIRO,"RUA UIRAPURU, S/N - PARQUE LAGOA SUBAÉ - ZONA URBANA",PARQUE LAGOA SUBAÉ,44078250,-12.2707882,-38.9255156,1,56.0,886,155
FEIRA DE SANTANA,ESCOLA MUNICIPAL PROFESSORA ELI QUEIROZ DE OLIVEIRA,"AVENIDA HOMERO FIGUEIREDO, 100 - ZONA URBANA",GABRIELA,44028354,-12.2288544,-38.9927534,11,4338.0,"393, 401, 411, 414, 419, 424, 430, 434, 447, 451, 456","156, 156, 156, 156, 156, 156, 156, 156, 156, 156, 156"
FEIRA DE SANTANA,ESCOLA MUNICIPAL PROFESSORA JULIETA FRUTUOSO DE ARAÚJO,"TRAVESSA LUCIO CERQUEIRA, S/N, SEDE - ZONA RURAL",DISTRITO DE TIQUARUÇU,44140000,-12.078668,-38.9037096,5,1383.0,"277, 279, 281, 295, 297","154, 154, 154, 154, 154"
FEIRA DE SANTANA,ESCOLA MUNICIPAL PROFESSORA LÍDICE ANTUNES BARROS,"RUA CHANA, S/N - ZONA URBANA",SANTO ANTÔNIO DOS PRAZERES,44071744,-12.2396203,-38.9177688,3,753.0,"880, 881, 887","155, 155, 155"
FEIRA DE SANTANA,ESCOLA MUNICIPAL PROFESSORA MARIA HELENA QUEIROZ,"RUA SALMO 25, SN, CONJUNTO FRATERNIDADE - ZONA URBANA",TOMBA,44092604,-12.3077276,-38.9533749,7,2922.0,"400, 402, 404, 406, 408, 411, 843","157, 157, 157, 157, 157, 157, 157"
FEIRA DE SANTANA,ESCOLA MUNICIPAL PROFESSORA MARIA JOSÉ DANTAS CARNEIRO,"RUA SAO VALENTIM, N 41 - ZONA URBANA",CASEB,44040700,-12.2426089,-38.9430952,5,1269.0,"69, 70, 71, 72, 190","155, 155, 155, 155, 155"
FEIRA DE SANTANA,ESCOLA MUNICIPAL PROFESSORA ODETE DE OLIVEIRA ALMEIDA,"RUA HERÁCLITO DE CARVALHO, S/N - ZONA URBANA",PAMPALONA,44022170,-12.2226671,-38.9856449,5,1823.0,"245, 256, 285, 291, 296","156, 156, 156, 156, 156"
FEIRA DE SANTANA,ESCOLA MUNICIPAL PROFª JOSENITA NERY BOAVENTURA,"RUA ANGELO ALVES FERNANDES, N 25, CONJ. PAULO SOUTO - ZONA URBANA",AVIÁRIO,44096012,-12.2887541,-38.930498,5,1681.0,"259, 373, 399, 407, 847","157, 157, 157, 157, 157"
FEIRA DE SANTANA,ESCOLA MUNICIPAL REITOR EDGAR SANTOS,CONJUNTO JOAO MARINHO FALCAO - ZONA URBANA,JOMAFA,44075970,-12.2789304,-38.9486586,6,1070.0,"149, 151, 153, 155, 157, 210","155, 155, 155, 155, 155, 155"
FEIRA DE SANTANA,ESCOLA MUNICIPAL REVERENDO SEVERINO SOARES,"RUA ESCALADA, N. 37 - ZONA URBANA",GABRIELA,44028312,-12.2314049,-38.9824145,8,3165.0,"175, 176, 177, 178, 179, 180, 268, 286","156, 156, 156, 156, 156, 156, 156, 156"
FEIRA DE SANTANA,ESCOLA MUNICIPAL ROSA MARIA ESPERIDIÃO LEITE,"AVENIDA ANÍZIO PEREIRA BERNARDES, S/N - ZONA RURAL",DISTRITO DE MATINHA,44110000,-12.1462297,-38.9293203,9,3429.0,"314, 315, 316, 317, 318, 319, 320, 321, 352","154, 154, 154, 154, 154, 154, 154, 154, 154"
FEIRA DE SANTANA,ESCOLA MUNICIPAL SÃO FRANCISCO DE ASSIS,FAZENDA REGISTRO,REGISTRO,44115000,-12.2426743,-38.8815957,2,846.0,"250, 251","155, 155"
FEIRA DE SANTANA,ESCOLA MUNICIPAL TEREZA CUNHA SANTANA,"AV TOMÉ DE SOUZA, SN - ZONA URBANA",RUA NOVA,44023684,-12.25179912,-38.98176777,7,1436.0,"86, 87, 88, 89, 90, 91, 92","157, 157, 157, 157, 157, 157, 157"
FEIRA DE SANTANA,ESCOLA MUNICIPAL THELMA CARNEIRO,"RUA P, CAM B-XXII, S/N, FEIRA X - ZONA URBANA",MUCHILA,44006100,-12.2712102,-38.9781662,4,1625.0,"341, 342, 343, 344","156, 156, 156, 156"
FEIRA DE SANTANA,ESCOLA MUNICIPAL THEÓDULO BASTOS DE CARVALHO JUNIOR,"RUA JOSÉ SANDOVAL DO CARMO, SN - ZONA URBANA",MANGABEIRA,44057128,-12.2224819,-38.936077,10,3957.0,"337, 340, 342, 343, 347, 351, 355, 360, 363, 366","154, 154, 154, 154, 154, 154, 154, 154, 154, 154"
FEIRA DE SANTANA,ESCOLA MUNICIPAL ÁLVARO PEREIRA BOAVENTURA,"RUA SÓSTENES DE CARVALHO, S/N, SEDE - ZONA RURAL",DISTRITO BONFIM DE FEIRA,44120000,-12.266236,-39.1994612,13,2958.0,"65, 66, 67, 68, 69, 70, 71, 72, 73, 102, 103, 104, 133","156, 156, 156, 156, 156, 156, 156, 156, 156, 156, 156, 156, 156"
FEIRA DE SANTANA,ESCOLA NÚCLEO AGRÁRIO DE OLIVEIRA MELO,"PRAÇA DAS ALGAROBAS, 17 - ZONA RURAL",DISTRITO DE GOVERNADOR JOÃO DURVAL CARNEIRO,44130000,-12.3314032,-39.0597162,3,529.0,"354, 356, 358","157, 157, 157"
FEIRA DE SANTANA,ESCOLA PROFESSOR OTÁVIO MANSUR DE CARVALHO,"RUA ELPÍDIO NOVA, S/N - ZONA URBANA",SÃO JOÃO,44051432,-12.2412996,-38.9514953,3,953.0,"55, 56, 879","155, 155, 155"
FEIRA DE SANTANA,ESCOLA SÃO JOÃO DA ESCÓCIA,"AVENIDA MARIA QUITÉRIA , 2836 - ZONA URBANA",QUEIMADINHA,44050368,-12.2430736,-38.9543895,11,4116.0,"283, 284, 285, 286, 287, 288, 289, 290, 291, 292, 386","154, 154, 154, 154, 154, 154, 154, 154, 154, 154, 154"
FEIRA DE SANTANA,FACULDADE CATÓLICA DE FEIRA DE SANTANA,"AVENIDA DOM JACKSON BERENGUER PRADO, S/N - ZONA URBANA",PAPAGAIO,44059850,-12.2001918,-38.9364711,5,1745.0,"373, 380, 384, 388, 392","154, 154, 154, 154, 154"
FEIRA DE SANTANA,FAT - FACULDADE ANÍSIO TEIXEIRA,"RUA BRIGADEIRO EDUARDO GOMES, 359- PONTO CENTRAL - ZONA URBANA",CAPUCHINHOS,44075525,-12.2580128,-38.9521986,19,5610.0,"128, 129, 130, 131, 132, 133, 134, 135, 179, 187, 198, 219, 220, 221, 222, 223, 224, 299, 872","155, 155, 155, 155, 155, 155, 155, 155, 155, 155, 155, 155, 155, 155, 155, 155, 155, 155, 155"
FEIRA DE SANTANA,GRUPO ESCOLAR ANA BRANDOA,RUA DO SALVADOR S/N - ZONA URBANA,TOMBA,44063970,-12.2774462,-38.9561283,13,5225.0,"333, 334, 335, 336, 337, 338, 339, 340, 341, 342, 343, 344, 345","157, 157, 157, 157, 157, 157, 157, 157, 157, 157, 157, 157, 157"
FEIRA DE SANTANA,INSTITUTO DE EDUCAÇÃO GASTÃO GUIMARÃES,"AV SAMPAIO, S/N - ZONA URBANA",CENTRO,44001472,-12.257618,-38.9569954,10,1383.0,"29, 32, 35, 38, 41, 44, 47, 50, 53, 56","157, 157, 157, 157, 157, 157, 157, 157, 157, 157"
FEIRA DE SANTANA,PRISIONAL - CONJUNTO PENAL DE FEIRA DE SANTANA,"RUA SENADOR QUINTINO, S/N - ZONA URBANA",AVIÁRIO,44095320,-12.2918834,-38.9287438,1,0.0,800,157
FEIRA DE SANTANA,PRÉ-ESCOLA MUNICIPAL ALDA MARQUES,RUA BRUXELAS - ZONA URBANA,SANTA MONICA,44055470,-12.2636377,-38.9359312,2,656.0,"295, 301","155, 155"
FEIRA DE SANTANA,PRÉ-ESCOLA MUNICIPAL JOSÉ MARTINS RIOS,"AVENIDA DO CANAL, S/N - ZONA URBANA",RUA NOVA,44017290,-12.2503619,-38.9726546,2,503.0,"282, 851","157, 157"
FEIRA DE SANTANA,SENAI - FEIRA DE SANTANA,"AV. EDUARDO FRÓES DA MOTA, 5000 - ZONA URBANA",CAMPO LIMPO,44032002,-12.2307677,-38.9681338,16,5407.0,"212, 213, 214, 215, 216, 217, 269, 409, 415, 421, 426, 429, 433, 438, 442, 449","156, 156, 156, 156, 156, 156, 156, 156, 156, 156, 156, 156, 156, 156, 156, 156"
FEIRA DE SANTANA,UEFS - UNIVERSIDADE ESTADUAL DE FEIRA DE SANTANA,"AVENIDA TRANSNORDESTINA, S/N - ZONA URBANA",NOVO HORIZONTE,44036900,-12.2014667,-38.9689345,5,1819.0,"348, 349, 351, 470, 475","156, 156, 156, 156, 156"
FEIRA DE SANTANA,UNEF - UNIDADE DE ENSINO SUPERIOR DE FEIRA DE SANTANA,"AVENIDA LUIS EDUARDO MAGALHÃES, S/N",SUBAÉ,44079002,-12.2750475,-38.9339365,20,6388.0,"102, 103, 104, 105, 106, 107, 108, 109, 110, 111, 112, 113, 114, 115, 116, 117, 176, 184, 196, 201","155, 155, 155, 155, 155, 155, 155, 155, 155, 155, 155, 155, 155, 155, 155, 155, 155, 155, 155, 155"
FEIRA DE SANTANA,UNEX,"AVENIDA ARTÊMIA PIRES FREITAS, S/N - ZONA URBANA",SIM,44085370,-12.2464256,-38.9248203,12,3887.0,"205, 213, 215, 286, 289, 292, 300, 302, 303, 801, 871, 873","155, 155, 155, 155, 155, 155, 155, 155, 155, 155, 155, 155"
GANDU,BRINQUEDOTECA VOVÓ GEL,"RUA 12, S/N - ZONA URBANA",JOÃO BATISTA  DE ASSIS,45450000,-13.75434608,-39.49219041,4,1577.0,"139, 185, 238, 244","151, 151, 151, 151"
GANDU,CENTRO TERRITORIAL DE EDUCAÇÃO PROF. DO BAIXO SUL - CETEP DO BAIXO SUL,"RODOVIA BR 101, KM 3,68 - ZONA URBANA",CENTRO,45450000,-13.74730803,-39.48279686,9,1954.0,"127, 156, 158, 160, 169, 174, 186, 188, 234","151, 151, 151, 151, 151, 151, 151, 151, 151"
GANDU,COLÉGIO ESTADUAL POLIVALENTE,"PRAÇA ELISEU LEAL, S/N - ZONA URBANA",ALMIR RAMOS CARNEIRO,45450000,-13.74108481,-39.48598252,16,3973.0,"1, 2, 3, 4, 5, 6, 7, 8, 9, 10, 20, 21, 39, 42, 43, 180","151, 151, 151, 151, 151, 151, 151, 151, 151, 151, 151, 151, 151, 151, 151, 151"
GANDU,ESCOLA AMÁLIA MAGALHÃES,"RUA ALBÉRICO MANOEL DE ASSUNÇÃO, S/N - ZONA URBANA",JARDIM GANDU,45450000,-13.75144864,-39.4876142,4,1456.0,"16, 17, 18, 19","151, 151, 151, 151"
GANDU,ESCOLA ENELICE SANTOS BAIRDI,POVOADO DE TARARANGA - ZONA RURAL,POVOADO TARARANGA,45450000,-13.73713174,-39.39573117,1,269.0,118,151
GANDU,ESCOLA MUNICIPAL ANA CRISTINA BARBOSA DA ROCHA,"RUA PEDRO ANTÔNIO DA ROCHA MELO, SN - ZONA URBANA",VITÓRIA,45450000,-13.74247554,-39.48982946,3,941.0,"26, 27, 248","151, 151, 151"
GANDU,ESCOLA MUNICIPAL DORALICE FERNANDES DE MELO,"RUA BOM JESUS, S/N - ZONA URBANA",JUVÊNCIO LEAL,45450000,-13.75026079,-39.47347077,4,1233.0,"41, 157, 201, 237","151, 151, 151, 151"
GANDU,ESCOLA MUNICIPAL ELÓDIA VELOSO,"LOTEAMENTO TEOTÔNIO CALHEIRA, S/N - ZONA URBANA",FRANCISCO TEOTÔNIO CALHEIRA,45450000,-13.75065976,-39.49108785,6,2271.0,"40, 142, 149, 159, 165, 195","151, 151, 151, 151, 151, 151"
GANDU,ESCOLA MUNICIPAL FERNANDO GUEDES ANDRADE,"RUA WILSON GÓES E SILVA, S/N - ZONA URBANA",CENTRO,45450000,-13.74166297,-39.48565854,4,1026.0,"28, 110, 131, 146","151, 151, 151, 151"
GANDU,ESCOLA MUNICIPAL MANOEL TIMÓTEO,POVOADO MONTE ALEGRE - ZONA RURAL,POVOADO MONTE ALEGRE,45450000,-13.84978796,-39.45108815,1,394.0,190,151
GANDU,ESCOLA MUNICIPAL PADRE VIEIRA,POVOADO ÁGUA PRETA - ZONA RURAL,POVOADO ÁGUA PRETA,45450000,-13.81283925,-39.51918602,1,184.0,44,151
GANDU,ESCOLA MUNICIPAL PROFESSORA CERES LIBÂNIO,"RUA RENAN BALEEIRO, S/N - ZONA URBANA",EMÍILIA COSTA,45450000,-13.74680894,-39.48702162,6,2300.0,"30, 31, 32, 33, 34, 122","151, 151, 151, 151, 151, 151"
GANDU,ESCOLA WILSON LINS,"RUA BAHIA, S/N - ZONA URBANA",LIBERDADE,45450000,-13.74180457,-39.4874558,5,1301.0,"11, 12, 13, 29, 203","151, 151, 151, 151, 151"
GANDU,GRUPO ESCOLAR NAVARRO DE BRITO,"RUA HEITOR GUEDES DE MELO, S/N - ZONA URBANA",CENTRO,45450000,-13.74180738,-39.48603683,4,852.0,"14, 15, 128, 130","151, 151, 151, 151"
GANDU,GRUPO ESCOLAR RÔMULO GALVÃO,"PRAÇA RUY BARBOSA, S/N - ZONA URBANA",CENTRO,45450000,-13.74716861,-39.48857286,6,2347.0,"35, 36, 37, 38, 163, 239","151, 151, 151, 151, 151, 151"
GANDU,PRÉDIO ESCOLAR ARGENTINA CASTELO BRANCO,"PRAÇA ULISSES MONTEIRO DA COSTA, 410 - ZONA URBANA",CENTRO,45450000,-13.74457368,-39.49029119,4,1298.0,"22, 23, 24, 25","151, 151, 151, 151"
GLÓRIA,CEAF-CENTRO EDUCACIONAL PROF. ADELINO M. S. JOSÉ FERREIRA,"RUA PROFESSOR ROBERTO SANTOS, S/N - ZONA URBANA",CENTRO,48610000,-9.3440154,-38.2551121,4,489.0,"1, 4, 9, 162","84, 84, 84, 84"
GLÓRIA,CENTRO EDUCACIONAL MONSENHOR EMÍLIO DE MOURA FERREIRA SANTOS,POVOADO QUIXABA - ZONA RURAL,POVOADO QUIXABA,48610970,-9.2209833,-38.3169649,4,691.0,"17, 176, 177, 305","84, 84, 84, 84"
GLÓRIA,COLÉGIO ENAIDE NANCY DE SOUZA CAVALCANTI,POVOADO PORTO DA SERRA - ZONA RURAL,POVOADO PORTO DA SERRA,48620000,-9.302162,-38.2790474,4,804.0,"221, 315, 340, 367","84, 84, 84, 84"
GLÓRIA,COLÉGIO ESTADUAL REIS MAGALHÃES,RUA PROFESSOR ROBERTO SANTOS - ZONA URBANA,CENTRO,48620000,-9.3403784,-38.2556367,2,248.0,"7, 378","84, 84"
GLÓRIA,COLÉGIO GREGÓRIO JOÃO MOREIRA,POVOADO CERQUINHA - ZONA RURAL,POVOADO CERQUINHA,48620000,-9.3247645,-38.4518202,2,621.0,"182, 352","84, 84"
GLÓRIA,COLÉGIO INDÍGENA JOSÉ MARTINS,POVOADO BREJO DO BURGO - ZONA RURAL,POVOADO BREJO DO BURGO,48620000,-9.3394371,-38.4882834,2,507.0,"20, 21","84, 84"
GLÓRIA,COLÉGIO INDÍGENA ÂNGELO PEREIRA,POVOADO BREJO DO BURGO - ZONA RURAL,POVOADO BREJO DO BURGO,48620000,-9.3409522,-38.4681843,3,786.0,"18, 19, 188","84, 84, 84"
GLÓRIA,ESCOLA MUNICIPAL ALICE RODRIGUES DE MOURA,"RUA PROFESSOR ROBERTO SANTOS, S/N - ZONA URBANA",CENTRO,48620000,-9.3430943,-38.2542715,3,878.0,"11, 12, 363","84, 84, 84"
GLÓRIA,ESCOLA MUNICIPAL ALONSO JOSÉ DE MELO,POVOADO AGROVILAS JUSANTE VI - ZONA RURAL,POVOADO AGROVILAS JUSANTE VI,48620000,-9.3276037,-38.4022344,1,270.0,220,84
GLÓRIA,ESCOLA MUNICIPAL ANTONIO PEREIRA SOBRINHO,POVOADO BAIXA DAS PEDRAS - ZONA RURAL,POVOADO BAIXA DAS PEDRAS,48610970,-9.1573377,-38.4229844,4,861.0,"22, 25, 178, 183","84, 84, 84, 84"
GLÓRIA,ESCOLA MUNICIPAL CHICO CORREIA,POVOADO CHICO CORREIA - ZONA RURAL,POVOADO CHICO CORREIA,48610970,-9.1735249,-38.4662428,1,111.0,24,84
GLÓRIA,ESCOLA MUNICIPAL CÍCERA BARBOSA DA SILVA,POVOADO AGROVILAS JUSANTE V - ZONA RURAL,POVOADO AGROVILAS JUSANTE V,48620000,-9.3101629,-38.382909,1,138.0,337,84
GLÓRIA,ESCOLA MUNICIPAL ESTEVAM GOMES DE SOUZA,POVOADO AGROVILAS JUSANTE I - ZONA RURAL,POVOADO AGROVILAS JUSANTE I,48620000,-9.2111159,-38.4061928,1,266.0,232,84
GLÓRIA,ESCOLA MUNICIPAL FLORIANO PEIXOTO,POVOADO OLHOS D'ÁGUA DOS COELHOS - ZONA RURAL,POVOADO OLHOS D'ÁGUA DOS COELHOS,48610970,-9.2000844,-38.3797942,1,156.0,299,84
GLÓRIA,ESCOLA MUNICIPAL JOANA ANGÉLICA,POVOADO LAGOA DO NEGRO - ZONA RURAL,POVOADO LAGOA DO NEGRO,48610970,-9.2574373,-38.4616098,1,105.0,223,84
GLÓRIA,ESCOLA MUNICIPAL JOSÉ ACELINO DE MELO,POVOADO AGROVILAS JUSANTE III - ZONA RURAL,POVOADO AGROVILAS JUSANTE III,48620000,-9.2409532,-38.3950275,1,300.0,219,84
GLÓRIA,ESCOLA MUNICIPAL JOSÉ ALVES,POVOADO SALGADO DOS BENÍCIOS - ZONA RURAL,POVOADO SALGADO DOS BENÍCIOS,48620000,-9.1449557,-38.3647368,1,326.0,334,84
GLÓRIA,ESCOLA MUNICIPAL JOSÉ MARCELINO NUNES,POVOADO AGROVILAS BORDA DO LAGO III - ZONA RURAL,POVOADO AGROVILAS BORDA DO LAGO III,48620000,-9.0802371,-38.3876425,2,543.0,"218, 393","84, 84"
GLÓRIA,ESCOLA MUNICIPAL JOÃO BATISTA FIGUEIREDO,POVOADO SÍTIO DA LAGOA - ZONA RURAL,POVOADO SÍTIO DA LAGOA,48610970,-9.2674542,-38.2795925,1,213.0,301,84
GLÓRIA,ESCOLA MUNICIPAL LINDEMAR LIBERALINO,POVOADO TORQUATO - ZONA RURAL,PROJETO TORQUATO,48610970,-9.2736179,-38.2815092,2,630.0,"222, 289","84, 84"
GLÓRIA,ESCOLA MUNICIPAL MANOEL JOSÉ DE SÁ,POVOADO AGROVILAS BORDA DO LARGO V - ZONA RURAL,POVOADO AGROVILAS BORDA DO LAGO V,48620000,-9.1266963,-38.3909125,2,579.0,"23, 298","84, 84"
GLÓRIA,ESCOLA MUNICIPAL NOVA REPÚBLICA,POVOADO RETIRO - ZONA RURAL,POVOADO RETIRO,48610970,-9.3341579,-38.3266542,2,379.0,"213, 387","84, 84"
GLÓRIA,ESCOLA MUNICIPAL PEDRO CALMON,POVOADO OLHOS D'ÁGUA DE SOUZA - ZONA RURAL,POVOADO OLHOS D'ÁGUA DE SOUZA,48610970,-9.370304,-38.3141475,2,427.0,"163, 262","84, 84"
GLÓRIA,ESCOLA MUNICIPAL PROFESSOR ROBERTO SANTOS,POVOADO QUEIMADAS - ZONA RURAL,POVOADO QUEIMADAS,48610970,-9.2508896,-38.2904529,1,229.0,339,84
GLÓRIA,ESCOLA MUNICIPAL PROFESSORA JOSENALVA SOARES FERNANDES,RUA DR. HEMETÉRIO DE CARVALHO - ZONA RURAL,POVOADO QUIXABA,48620000,-9.2209522,-38.3126992,4,780.0,"13, 14, 15, 16","84, 84, 84, 84"
IBOTIRAMA,CENTRO TERRITORIAL DE EDUCAÇÃO PROFISSIONAL VELHO CHICO - CETEP,"RUA EX-COMBATENTE, S/N - ZONA URBANA",CENTRO,47520000,-12.1828367,-43.2167017,17,3839.0,"7, 8, 9, 10, 11, 65, 75, 80, 87, 96, 179, 181, 183, 186, 188, 190, 192","173, 173, 173, 173, 173, 173, 173, 173, 173, 173, 173, 173, 173, 173, 173, 173, 173"
IBOTIRAMA,COLEGIO ESTADUAL DE TEMPO INTEGRAL PROFª ODONTINA LARANJEIRA DE SOUZA,"RUA DA ACRI, SN - ZONA URBANA",SAO FRANCISCO,47520000,-12.1806617,-43.211495,10,3074.0,"18, 19, 20, 31, 32, 37, 38, 71, 82, 85","173, 173, 173, 173, 173, 173, 173, 173, 173, 173"
IBOTIRAMA,COLEGIO MUNICIPAL 2 DE JULHO,DISTRITO BOA VISTA,DISTRITO BOA VISTA,47520000,-11.8321267,-43.2962567,3,638.0,"6, 67, 68","173, 173, 173"
IBOTIRAMA,COLEGIO MUNICIPAL CENTRO DA ESPERANCA,"AV. J.K, S/N - ZONA URBANA",CENTRO,47520000,-12.1843583,-43.216645,3,876.0,"77, 178, 235","173, 173, 173"
IBOTIRAMA,COLEGIO MUNICIPAL PROFESSORA ISAURA S. SOARES,POVOADO CANABRAVA - ZONA RURAL,POVOADO CANABRAVA,47520000,-12.2096517,-43.1088833,1,293.0,14,173
IBOTIRAMA,COLEGIO MUNICIPAL RODOLFO DE QUEIROZ,POVOADO BOQUEIRAO - ZONA RURAL,POVOADO BOQUEIRAO,47520000,-12.183095,-43.11558,1,368.0,34,173
IBOTIRAMA,COLÉGIO ESTADUAL INDÍGENA MARECHAL RONDON,ALDEIA TUXÁ - ZONA RURAL,ALDEIA TUXÁ,47520000,-12.084369,-43.2551656,2,571.0,"66, 187","173, 173"
IBOTIRAMA,COLÉGIO MUNICIPAL HENRIQUE TEIXEIRA SANTANA,KM 18 - POVOADO DE LINHA - ZONA RURAL,POVOADO LINHA,47520000,-12.32745,-43.1945067,2,601.0,"26, 193","173, 173"
IBOTIRAMA,COLÉGIO MUNICIPALIZADO PRESIDENTE MÉDICI,"RUA LOMANTO JUNIOR, SN - ZONA URBANA",CENTRO,47520000,-12.1805245,-43.2163202,3,694.0,"12, 22, 23","173, 173, 173"
IBOTIRAMA,ESC. MUNICIPAL PROF. EDIVALDO BOA VENTURA,"RUA DR. JOAO BORGES DE FIGUEREDO, S/N - ZONA URBANA",CENTRO,47520000,-12.1814917,-43.2196233,3,658.0,"27, 28, 175","173, 173, 173"
IBOTIRAMA,ESCOLA MUN. PROF. FRANCISCA ROCHA NOVAES,RODOVIA BA 160 - ZONA URBANA,CANTINHO,47520000,-12.2128833,-43.2073867,2,469.0,"90, 226","173, 173"
IBOTIRAMA,ESCOLA MUNICIPAL ALTO DO CRUZEIRO,"RUA R, S/N - ZONA URBANA",ALTO DO CRUZEIRO,47520000,-12.179145,-43.1974767,2,495.0,"230, 238","173, 173"
IBOTIRAMA,ESCOLA MUNICIPAL ANÍSIO TEIXEIRA,"LOTEAMENTO JONAS ROMEIRO, S/N - ZONA URBANA",SÃO JOÃO,47520000,-12.1988667,-43.2112767,1,255.0,229,173
IBOTIRAMA,ESCOLA MUNICIPAL ARLINDO ARAUJO DE SOUZA,PRACA II - ZONA URBANA,SAO FRANCISCO,47520000,-12.1787583,-43.2092133,4,1405.0,"92, 176, 222, 227","173, 173, 173, 173"
IBOTIRAMA,ESCOLA MUNICIPAL CASTRO ALVES,RUA TEIXEIRA LOTT - ZONA URBANA,ALTO DO FUNDAO,47520000,-12.1686917,-43.225555,3,1155.0,"94, 182, 231","173, 173, 173"
IBOTIRAMA,ESCOLA MUNICIPAL DE EDUCAÇÃO INFANTIL MÃE DJANIRA,"PRACA SAO FRANCISCO, S/N - ZONA URBANA",SAO FRANCISCO,47520000,-12.178565,-43.2126267,3,963.0,"39, 40, 41","173, 173, 173"
IBOTIRAMA,ESCOLA MUNICIPAL DEPUTADO JOSÉ ROCHA,ILHA GRANDE - PREDIO DO MEIO - ZONA RURAL,POVOADO ILHA GRANDE,47520000,-12.13858636,-43.27526715,1,166.0,89,173
IBOTIRAMA,ESCOLA MUNICIPAL DR. JURACY MAGALHAES JUNIOR,POVOADO SAO LOURENCO - ZONA RURAL,POVOADO SAO LOURENCO,47520000,-12.0668767,-43.1125833,1,218.0,13,173
IBOTIRAMA,ESCOLA MUNICIPAL GOVERNADOR LUIZ VIANA FILHO,"RUA PEDRO OLIMPIO DE SOUZA, S/N - ZONA URBANA",CENTRO,47520000,-12.1830607,-43.2190861,2,310.0,"5, 17","173, 173"
IBOTIRAMA,ESCOLA MUNICIPAL PAULO VI,ATUAL CENTRO DE REUNIOES COMUNITARIAS - ZONA RURAL,POVOADO FAZENDA NOVA,47520000,-12.3588533,-43.2585783,1,133.0,21,173
IBOTIRAMA,ESCOLA MUNICIPAL PRESIDENTE COSTA E SILVA,POVOADO SAPE - ZONA RURAL,POVOADO SAPE,47520000,-12.19529,-43.0718767,1,211.0,25,173
IBOTIRAMA,ESCOLA MUNICIPAL PRESIDENTE MEDICI,POVOADO DE JUA NOVO - ZONA RURAL,POVOADO JUA NOVO,47520000,-11.9550333,-43.3478867,2,441.0,"24, 84","173, 173"
IBOTIRAMA,ESCOLA MUNICIPAL PROFESSORA EDUARDA SOARES DE ANDRADE,POVOADO LAGAMAR - ZONA RURAL,POVOADO LAGAMAR,47520000,-11.8656656,-43.2971855,1,174.0,29,173
IBOTIRAMA,ESCOLA MUNICIPAL SAO FRANCISCO,POVOADO ILHA DO GADO BRAVO - ZONA RURAL,POVOADO ILHA DO GADO BRAVO,47520000,-12.222215,-43.256805,1,82.0,79,173
IBOTIRAMA,ESCOLA MUNICIPAL SAO JOSE,POVOADO ILHA DO SACO - ZONA RURAL,POVOADO ILHA DO SACO,47520000,-12.27184758,-43.27427169,1,109.0,78,173
IBOTIRAMA,ESCOLA MUNICIPAL ZELIA COUTINHO,POVOADO ITAPEBA DE BAIXO - ZONA RURAL,POVOADO ITAPEBA DE BAIXO,47520000,-12.32883,-43.1618433,2,472.0,"15, 33","173, 173"
IBOTIRAMA,ESCOLA PROFESSORA MARIA JOAQUINA CASTELO BRANCO SIMOES,"RUA DO CUPERTINO, S/N - ZONA URBANA",VEREDINHA,47520000,-12.1866133,-43.2135567,2,665.0,"30, 81","173, 173"
IBOTIRAMA,ESCOLA REUNIDAS RUY BARBOSA,"RUA PEDRO OLIMPIO DE SOUZA, S/N - ZONA URBANA",CENTRO,47520000,-12.1832539,-43.2186866,1,178.0,35,173
IBOTIRAMA,UNIVERSIDADE ABERTA DO BRASIL - POLO REGIONAL DE IBOTIRAMA,"RUA BOQUIRA, S/N - ZONA URBANA",IBOTIRAMINHA,47520000,-12.1769882,-43.2210053,5,1146.0,"1, 2, 3, 83, 228","173, 173, 173, 173, 173"
IGAPORÃ,CENTRO INTEGRADO DE APOIO A CRIANCA O LARANJEIRA,AV LUIZ EDUARDO MAGALHAES - ZONA URBANA,CENTRO,46490000,-13.7753501,-42.7177819,5,1811.0,"110, 111, 112, 113, 114","168, 168, 168, 168, 168"
IGAPORÃ,COLEGIO ESTADUAL DE IGAPORÃ,RUA DANIEL SOARES BONFIM,ALTO DA USINA,46490000,-13.7806689,-42.713058,12,4446.0,"115, 116, 117, 118, 119, 120, 121, 122, 123, 128, 129, 143","168, 168, 168, 168, 168, 168, 168, 168, 168, 168, 168, 168"
IGAPORÃ,COLEGIO MUNICIPAL DE TAMBORIL,POVOADO TAMBORIL - ZONA RURAL,POVOADO TAMBORIL,46490000,-13.9885684,-42.8014606,3,518.0,"130, 132, 133","168, 168, 168"
IGAPORÃ,COLÉGIO MUNICIPAL ANA ROSA MAGALHÃES,POVOADO CERQUINHA - ZONA RURAL,POVOADO CERQUINHA,46490000,-13.8387243,-42.5812822,3,1068.0,"137, 138, 139","168, 168, 168"
IGAPORÃ,COLÉGIO MUNICIPAL OSCAR TEIXEIRA DA COSTA,POVOADO ALTAMIRA - ZONA RURAL,POVOADO ALTAMIRA,46490000,-13.9884769,-42.8015056,2,581.0,"135, 136","168, 168"
IGAPORÃ,COLÉGIO MUNICIPAL PROF.TEREZINHA P.F. CHAVES,POVOADO BARREIRO DO TATU - ZONA RURAL,POVOADO BARRIERO DO TATU,46490000,-13.863653,-42.7677189,1,341.0,142,168
IGAPORÃ,ESCOLA MUNICIPAL HUGO BALTAZAR DA SILVEIRA,AV . LUIZ EDUARDO MAGALHÃES - ZONA URBANA,CENTRO,46490000,-13.7760961,-42.7196138,4,1356.0,"106, 107, 108, 109","168, 168, 168, 168"
IGAPORÃ,GRUPO ESCOLAR CORONEL OLIMPIO,RUA SARGENTO VALNER FAGUNDES - ZONA URBANA,CENTRO,46490000,-13.773248,-42.7099493,4,1207.0,"124, 125, 126, 127","168, 168, 168, 168"
IGAPORÃ,NUCLEO ESCOLAR DE LIMEIRA,POVOADO LIMEIRA - ZONA RURAL,POVOADO LIMEIRA,46490000,-13.6701267,-42.6947445,2,628.0,"140, 141","168, 168"
IGRAPIÚNA,COLEGIO ESTADUAL PROFESSOR NEILTON LIMA MOREIRA,"RUA JOAO PAULO II, S/N, CENTRO - ZONA URBANA",CENTRO,45443000,-13.8191033,-39.1436261,6,1795.0,"172, 173, 174, 175, 176, 177","32, 32, 32, 32, 32, 32"
IGRAPIÚNA,COLÉGIO MUNICIPAL LENILTO DE JESUS CANELA,"AVENIDA GEOVANE DE ALMEIDA DÓCIO, S/N, CENTRO",CENTRO,45443000,-13.8205073,-39.1414876,3,546.0,"197, 199, 200","32, 32, 32"
IGRAPIÚNA,ESCOLA ELOY RUFINO DE ANDRADE,"REGIÃO DA JULIANA, S/N - ZONA RURAL",REGIÃO DA JULIANA,45443000,-13.8391599,-39.3268992,1,332.0,205,32
IGRAPIÚNA,ESCOLA MARIA IDALINA MIRANDA,"POVOADO DA LARANJEIRA, S/N - ZONA RURAL",POVOADO DA LARANJEIRA,45443000,-13.9056846,-39.2111431,2,353.0,"206, 215","32, 32"
IGRAPIÚNA,ESCOLA MUNICIPAL AIDÊ SOUZA FERREIRA,DISTRITO DO CONTRATO - ZONA RURAL,ILHA DO CONTRATO,45443000,-13.8568047,-39.008806,2,446.0,"195, 211","32, 32"
IGRAPIÚNA,ESCOLA MUNICIPAL DOUTOR FRANCISCO XAVIER BORGES,POVOADO DO TIMBUCA - ZONA RURAL,ILHA DO TIMBUCA,45443000,-13.8112331,-39.0559075,1,189.0,178,32
IGRAPIÚNA,ESCOLA MUNICIPAL FENELON RAMOS PINTO,"AV. GEOVANE DE ALMEIDA DÓCIO, S/N - ZONA URBANA",CENTRO,45443000,-13.8202482,-39.1406752,7,977.0,"179, 181, 183, 185, 187, 190, 191","32, 32, 32, 32, 32, 32, 32"
IGRAPIÚNA,ESCOLA MUNICIPAL JOÃO BATISTA DE OLIVEIRA FIGUEIREDO,"REGIÃO DA PONTA, S/N - ZONA RURAL",REGIÃO DA PONTA,45443000,-13.8589802,-39.0718006,1,322.0,207,32
IGRAPIÚNA,ESCOLA MUNICIPAL LUZINEIDE DOS SANTOS SEIXAS,"PRACA GEOVANE DE ALMEIDA DOCIO, S/N, CENTRO - ZONA URBANA",CENTRO,45443000,-13.8199343,-39.1403849,2,238.0,"165, 167","32, 32"
IGRAPIÚNA,ESCOLA MUNICIPAL MARIA LIMA MOREIRA,"RUA BONFIM, S/N, CENTRO - ZONA URBANA",CENTRO,45443000,-13.8214244,-39.1422152,4,892.0,"168, 169, 170, 171","32, 32, 32, 32"
IGRAPIÚNA,ESCOLA MUNICIPAL VALENTIM RÉGIS,"POVOADO RIO DO BRAÇO, S/N - ZONA RURAL",POVOADO DO RIO DO BRACO,45443000,-13.9295313,-39.348257,3,841.0,"192, 193, 194","32, 32, 32"
IGRAPIÚNA,PRÉDIO DO CENTRO DE REFERÊNCIA DE ASSISTÊNCIA SOCIAL CRAS,POVOADO DA LIMEIRA II - ZONA RURAL,POVOADO DA LIMEIRA II,45443000,-13.8786148,-39.1367913,1,374.0,208,32
IPECAETÁ,COLÉGIO ESTADUAL ÁUREO FILHO,RUA ISAURO GONÇALVES GOMES,CENTRO,44680000,-12.3175811,-39.3038964,8,3006.0,"19, 20, 21, 22, 123, 158, 220, 228","143, 143, 143, 143, 143, 143, 143, 143"
IPECAETÁ,COLÉGIO LAUDELINO GONÇALVES DE MOURA,LOTEAMENTO SINESIO AZEVEDO- CAVUNGE/IPECAETÁ-BA,DISTRITO CAVUNGE,44680000,-12.2493028,-39.3440926,5,1826.0,"38, 39, 40, 120, 147","143, 143, 143, 143, 143"
IPECAETÁ,COLÉGIO MUNICIPAL MANOEL JOSÉ  GOMES,RUA FRANCISCO GUERRA - ZONA URBANA,CENTRO,44680000,-12.315377,-39.3095061,4,957.0,"23, 24, 25, 26","143, 143, 143, 143"
IPECAETÁ,CRECHE LANDULFO ALVES PASSOS,"AV. JURACY MAGALHÃES JUNIOR, SN, ZONA RURAL",DISTRITO CAVUNGE,44680000,-12.2476753,-39.3415117,4,1050.0,"46, 201, 216, 224","143, 143, 143, 143"
IPECAETÁ,CRECHE MUNICIPAL EROTIDES SILVA OLIVEIRA ,"AV. RUI BARBOSA, S/N, CENTRO",CENTRO,44680000,-12.3185953,-39.3049762,3,473.0,"27, 36, 187","143, 143, 143"
IPECAETÁ,ESCOLA LINEU CERQUEIRA DA SILVA,RUA JURACY MAGALHÃES JUNIOR- CAVUNGE,DISTRITO CAVUNGE,44680000,-12.2470164,-39.3408316,1,191.0,48,143
IPECAETÁ,ESCOLA MUNICIPAL APRIGIO SANTANA,POVOADO JACU - ZONA RURAL,POVOADO JACÚ,44680000,-12.3328206,-39.2820943,1,150.0,51,143
IPECAETÁ,ESCOLA MUNICIPAL EDUARDO JOSÉ DA SILVA,POVOADO CAMPO DO MEIO - ZONA RURAL,POVOADO CAMPO DO MEIO,44680000,-12.3548332,-39.3510826,1,317.0,54,143
IPECAETÁ,ESCOLA MUNICIPAL HILDO ROCHA DA TRINDADE ,DISTRITO SERROTE,POVOADO SERROTE,44680000,-12.3735869,-39.3479007,6,2035.0,"41, 42, 50, 145, 159, 210","143, 143, 143, 143, 143, 143"
IPECAETÁ,ESCOLA MUNICIPAL ISAURO MANOEL DA SILVA,POVOADO SÍTIO DO JACARÉ - ZONA RURAL,POVOADO SÍTIO DO JACARÉ,44680000,-12.4078768,-39.3607973,2,449.0,"49, 155","143, 143"
IPECAETÁ,ESCOLA MUNICIPAL JOÃO CERQUEIRA GOMES,RUA JOÃO PASSOS - ZONA URBANA,CENTRO,44680000,-12.3167855,-39.3064204,3,547.0,"29, 32, 34","143, 143, 143"
IPECAETÁ,ESCOLA MUNICIPAL MARGARIDA RODRIGUES DE OLIVEIRA,POVOADO MARIA PRETA - ZONA RURAL,POVOADO MARIA PRETA,44680000,-12.3414178,-39.3251854,2,608.0,"45, 137","143, 143"
IPECAETÁ,ESCOLA MUNICIPAL PROFESSOR ROBERTO FIGUEIRA SANTOS,POVOADO RIACHO FUNDO - ZONA RURAL,POVOADO RIACHO FUNDO,44680000,-12.3450633,-39.3001936,2,362.0,"43, 148","143, 143"
IPECAETÁ,ESCOLA MUNICIPAL SEVERINO AMÂNCIO PEREIRA,POVOADO SERRINHA - ZONA RURAL,CENTRO,44680000,-12.3743345,-39.246965,2,419.0,"47, 213","143, 143"
IPECAETÁ,ESCOLA MUNICIPAL VICENTE PEREIRA DA SILVA,POVOADO BENFICA - ZONA RURAL,POVOADO BENFICA 1,44680000,-12.364303,-39.2894766,3,943.0,"53, 190, 217","143, 143, 143"
IPECAETÁ,POSTO DE SAÚDE SATÉLITE LUIZ MEDEIROS DA SILVA,POVOADO MULUNGU - ZONA RURAL,POVOADO MULUNGU 1,44680000,-12.2974921,-39.2625744,1,364.0,163,143
IRARÁ,CEPI - CENTRO DE FORMAÇÃO PROFISSIONAL DE IRARÁ,AVENIDA PEDRO NOLASCO DE PINHO S/N,CENTRO,44255000,-12.03782635,-38.76749735,2,441.0,"36, 317","74, 74"
IRARÁ,COLEGIO CLAUDIA PAIXÃO,RUA PEDRO DE LIMA - ZONA URBANA,CENTRO,44255000,-12.04450463,-38.76637355,3,819.0,"108, 111, 308","74, 74, 74"
IRARÁ,COLEGIO SOCIAL DE APRENDIZAGEM DE CULTURA INTEGRADA,"RUA PEDRO DE LIMA, S/N - ZONA URBANA",CENTRO,44255000,-12.04440832,-38.76715577,4,1105.0,"110, 162, 185, 268","74, 74, 74, 74"
IRARÁ,COLÉGIO ESTADUAL DE TEMPO INTEGRAL PROFESSORA MARLENE ALVES DOS SANTOS,RODOVIA BA 504,CAJUEIRO,44255000,-12.02815935,-38.77017588,11,3990.0,"21, 22, 23, 24, 25, 26, 27, 28, 29, 37, 310","74, 74, 74, 74, 74, 74, 74, 74, 74, 74, 74"
IRARÁ,CRECHE MUNICIPAL ELÍSIO SANTANA,LOTEAMENTO ANTONIO CARLOS MAGALHÃES NETO - ZONA URBANA,CRUZEIRO DA QUEIMADA,44255000,-12.05627236,-38.75888438,3,640.0,"106, 259, 266","74, 74, 74"
IRARÁ,CRECHE MUNICIPAL MARIA EULÁLIA DOS SANTOS,"RUA ANTÔNIO HERMENEGILDO DE FREITAS, N 193 - ZONA URBANA",CENTRO,44255000,-12.02826396,-38.76687571,4,1401.0,"109, 165, 171, 299","74, 74, 74, 74"
IRARÁ,CRECHE PROFESSORA EDNALVA SUELI SILVA SANTOS,RUA RUY BARBOSA - ZONA URBANA,CENTRO,44255000,-12.04771688,-38.7656341,3,848.0,"40, 42, 301","74, 74, 74"
IRARÁ,EMITEC - ENS. MÉD. COM INT. TECNOLÓGICA - ANEXO DO COL. EST. J. INÁCIO,POVOADO LARGO NOVO - ZONA RURAL,POVOADO LARGO NOVO,44255000,-11.96986899,-38.76471983,2,677.0,"304, 324","74, 74"
IRARÁ,ESCOLA FELIPA CERQUEIRA PINHEIRO,FAZENDA SACO DO CAPIM - ZONA RURAL,POVOADO SACO DO CAPIM,44255000,-12.08574134,-38.82062279,2,751.0,"186, 283","74, 74"
IRARÁ,ESCOLA MUNICIPAL ALLAN KARDEC,AVENIDA ELÍSIO SANTANA -ZONA URBANA,CENTRO,44255000,-12.04054414,-38.76656063,4,1219.0,"30, 31, 256, 309","74, 74, 74, 74"
IRARÁ,ESCOLA MUNICIPAL ALZIRA MARTINS DANTAS DE OLIVEIRA,"RUA MANOEL MODESTO DE FREITAS, S/N - ZONA URBANA",CENTRO,44255000,-12.04320887,-38.76412403,5,1188.0,"20, 32, 33, 34, 35","74, 74, 74, 74, 74"
IRARÁ,ESCOLA MUNICIPAL AMARO BISPO DOS SANTOS,RUA DA MANGABEIRA - ZONA URBANA,CENTRO,44255000,-12.06217983,-38.74495711,1,382.0,314,74
IRARÁ,ESCOLA MUNICIPAL CORONEL BALBINO FELIX,POVOADO CAROBA - ZONA RURAL,POVOADO CAROBA,44255000,-12.03975478,-38.79598244,1,355.0,315,74
IRARÁ,ESCOLA MUNICIPAL DOCE LAR,DISTRITO BENTO SIMÕES - ZONA RURAL,DISTRITO BENTO SIMOES,44255000,-12.14433069,-38.74348557,2,456.0,"170, 261","74, 74"
IRARÁ,ESCOLA MUNICIPAL IRARAZINHO,RUA JOSÉ BENEVIDES - ZONA URBANA,IRARAZINHO,44255000,-12.03046876,-38.76932824,2,602.0,"187, 269","74, 74"
IRARÁ,ESCOLA MUNICIPAL JORGE MARTINS DA SILVA,POVOADO BAIXINHA - ZONA RURAL,POVOADO BAIXINHA,44255000,-12.09954385,-38.7385479,1,248.0,316,74
IRARÁ,ESCOLA MUNICIPAL MARIO CAMPOS MARTINS,RUA MARIO CAMPOS MARTINS - ZONA RURAL,DISTRITO BENTO SIMOES,44255000,-12.14360208,-38.74273995,5,1235.0,"49, 50, 105, 125, 161","74, 74, 74, 74, 74"
IRARÁ,ESCOLA MUNICIPAL PROF. ANTÔNIO JOSÉ FERREIRA DE SOUZA,"RUA PEDRO PORTELA SOBRINHO, S/N - ZONA URBANA",CENTRO,44255000,-12.05458374,-38.7624107,6,1285.0,"47, 48, 160, 164, 172, 262","74, 74, 74, 74, 74, 74"
IRARÁ,ESCOLA MUNICIPAL SANTA BARBARA,FAZENDA LARGO - ZONA RURAL,POVOADO LARGO VELHO,44255000,-11.96982171,-38.78118853,5,1319.0,"166, 167, 168, 183, 220","74, 74, 74, 74, 74"
IRARÁ,ESCOLA MUNICIPAL SANTO ANTONIO DE PÁDUA,POVOADO SANTO ANTONIO - ZONA RURAL,POVOADO SANTO ANTONIO,44255000,-12.08160705,-38.79646876,4,1076.0,"158, 159, 217, 275","74, 74, 74, 74"
IRARÁ,ESCOLA MUNICIPAL SÃO CRISTOVÃO,POVOADO BROTAS - ZONA RURAL,POVOADO BROTAS,44255000,-11.95143366,-38.75452849,1,289.0,313,74
IRARÁ,ESCOLA MUNICIPAL SÃO JOÃO,POVOADO FAZENDA SACO DO BOM JESUS - ZONA RURAL,POVOADO FAZENDA SACO DO BOM JESUS,44255000,-12.03731024,-38.74587247,1,364.0,312,74
IRARÁ,ESCOLA MUNICIPAL SÃO JUDAS TADEU,RUA PEDRO PORTELA SOBRINHO -ZONA URBANA,CENTRO,44255000,-12.04970376,-38.76583043,15,4246.0,"38, 39, 43, 44, 45, 46, 103, 104, 131, 169, 221, 238, 249, 265, 291","74, 74, 74, 74, 74, 74, 74, 74, 74, 74, 74, 74, 74, 74, 74"
IRARÁ,ESCOLINHA ARCO IRIS,RUA CAMPOS MARTINS - ZONA URBANA,CENTRO,44255000,-12.04754191,-38.76643522,3,643.0,"107, 163, 267","74, 74, 74"
ITAMARI,ESCOLA ARLETE MAGALHÃES,POVOADO MINEIRO - ZONA RURAL,POVOADO MINEIRO,45455000,-13.84785387,-39.69794504,1,287.0,123,151
ITAMARI,ESCOLA DIDÍMO PEREIRA DE VASCONCELOS,"RUA ANTÔNIO JACINTO DE SOUZA, S/N - ZONA URBANA",CENTRO,45455000,-13.77985046,-39.67953861,2,405.0,"111, 135","151, 151"
ITAMARI,ESCOLA JOSE MARTINS,"AV. PRESIDENTE MEDICÍ, N 999 - ZONA URBANA",ALTO DA INDEPENDÊNCIA,45455000,-13.7785601,-39.68364003,2,491.0,"58, 59","151, 151"
ITAMARI,ESCOLA JOÃO GALVÃO SOBRINHO,"AVENIDA PRESIDENTE MEDICE, S/N - ZONA URBANA",ALTO DA INDEPENDÊNCIA,45455000,-13.77780392,-39.6834398,5,1330.0,"54, 55, 56, 57, 62","151, 151, 151, 151, 151"
ITAMARI,ESCOLA MUNICIPAL ANEXO POLIVALENTE,"AV. PRESIDENTE MEDICE, S/N - ZONA URBANA",ALTO DA INDEPENDÊNCIA,45455000,-13.77761137,-39.68370401,2,388.0,"61, 137","151, 151"
ITAMARI,ESCOLA MUNICIPAL PEDRA VIVA,"RUA POR DO SOL, S/N - ZONA URBANA",PÔR DO SOL,45455000,-13.78730709,-39.68870504,3,750.0,"134, 136, 177","151, 151, 151"
ITAMARI,ESCOLA MUNICIPAL WALDEMAR PEREIRA LUZ,"AV. PRESIDENTE MÉDICI, S/N - ZONA URBANA",ALTO DA INDEPENDÊNCIA,45455000,-13.77794449,-39.68365949,1,180.0,168,151
ITAMARI,ESCOLA ROBERTO SANTOS,"AV. PRESIDENTE MEDICE, N 997 - ZONA URBANA",ALTO DA INDEPENDÊNCIA,45455000,-13.7788764,-39.68361752,5,1568.0,"60, 63, 64, 65, 194","151, 151, 151, 151, 151"
ITAMARI,ESCOLA VASCO NETO,"RUA VASCO NETO, S/N - ZONA URBANA",ALTO DO CRUZEIRO,45455000,-13.77774097,-39.67842054,3,641.0,"52, 53, 207","151, 151, 151"
ITAPARICA,BIBLIOTECA JURACY MAGALHÃES JÚNIOR,"RUA RUI BARBOSA, S/N. - ZONA URBANA",CENTRO,44460000,-12.8841912,-38.6822872,2,505.0,"99, 139","141, 141"
ITAPARICA,COLÉGIO ESTADUAL DE TEMPO INTEGRAL ERNESTO CARNEIRO RIBEIRO,"RUA C - QUATRO, N. 90 - LOTEAMENTO PONTA VILLE - ZONA URBANA",ALTO DAS POMBAS,44460000,-12.900369,-38.6720557,9,2291.0,"6, 7, 8, 9, 10, 59, 78, 82, 110","141, 141, 141, 141, 141, 141, 141, 141, 141"
ITAPARICA,COLÔNIA DE PESCADORES DE AMOREIRAS (Z-12),"RUA DO DENDEZEIRO, S/Nº - ZONA RURAL",DISTRITO DE AMOREIRAS,44460000,-12.9013535,-38.6509937,1,398.0,111,141
ITAPARICA,ESCOLA ESTADUAL ENGENHEIRO MÁRIO LISBOA SAMPAIO,"RUA GETÚLIO VARGAS, S/N. - ZONA RURAL",DISTRITO DA MISERICÓRDIA,44460000,-12.9299214,-38.665195,4,1593.0,"18, 19, 64, 128","141, 141, 141, 141"
ITAPARICA,ESCOLA MUNICIPAL ANTONIETA MARIA DA CONCEIÇÃO DE OLIVEIRA,"RUA JOÃO MARTINS NONATO, S/N - ZONA RURAL",DISTRITO DE MANGUINHOS,44460000,-12.9055076,-38.6353107,2,426.0,"16, 148","141, 141"
ITAPARICA,ESCOLA MUNICIPAL ANTÔNIO CARLOS MAGALHÃES,"AVENIDA ANTÔNIO CARLOS MAGALHÃES , S/N. - ZONA URBANA",ALTO DAS POMBAS,44460000,-12.8953809,-38.6790797,6,1985.0,"118, 137, 149, 156, 165, 175","141, 141, 141, 141, 141, 141"
ITAPARICA,ESCOLA MUNICIPAL BENEDICTO DE OLIVEIRA BARROS,"AVENIDA JURACY MAGALHÃES JÚNIOR, S/N. - ZONA URBANA",CENTRO,44460000,-12.885201,-38.6813429,7,1648.0,"1, 2, 3, 4, 5, 79, 83","141, 141, 141, 141, 141, 141, 141"
ITAPARICA,ESCOLA MUNICIPAL DE MANGUINHOS,"RUA DA IGREJA, S/N - ZONA RURAL",DISTRITO DE MANGUINHOS,44460000,-12.9056466,-38.6347156,1,380.0,125,141
ITAPARICA,ESCOLA MUNICIPAL DESEMBARGADOR ANTÔNIO OLIVEIRA MARTINS,"ESTRADA DA RODAGEM, S/N - LOT PARQUE DAS FONTES - ZONA RURAL",DISTRITO DE AMOREIRAS,44460000,-12.9035238,-38.6478383,2,530.0,"89, 93","141, 141"
ITAPARICA,ESCOLA MUNICIPAL DOUTOR JOSÉ VIANA SAMPAIO,"ESTRADA DA RODAGEM, S/N. - ZONA RURAL",BARRO BRANCO,44460000,-12.9062383,-38.6678617,3,822.0,"121, 153, 178","141, 141, 141"
ITAPARICA,ESCOLA MUNICIPAL DR. JOSÉ FERNANDO MONTINEGRO FIGUEIREDO,"ESTRADA DA RODAGEM, S/N - LOT PARQUE DAS FONTES - ZONA RURAL ",DISTRITO DE AMOREIRAS,44460000,-12.9032265,-38.6478966,2,731.0,"15, 61","141, 141"
ITAPARICA,ESCOLA MUNICIPAL ENGENHEIRO CÉZAR RÊGO ,"RUA DO RIO, S/N - ZONA RURAL ",DISTRITO DE PONTA DE AREIA,44460000,-12.8986668,-38.6609019,3,1069.0,"12, 60, 136","141, 141, 141"
ITAPARICA,ESCOLA MUNICIPAL JUTAHY MAGALHÃES,"RUA DA MANGUEIRA, S/N - ZONA RURAL",DISTRITO DE AMOREIRAS,44460000,-12.9011107,-38.6510298,3,861.0,"13, 14, 122","141, 141, 141"
ITAPARICA,ESCOLA MUNICIPAL MARIA AMÉLIA SANTOS,"RUA DA RODAGEM, S/N. - ZONA RURAL",LARGO DO SENHOR DO BONFIM,44460000,-12.894264,-38.6748967,4,1244.0,"119, 154, 164, 174","141, 141, 141, 141"
ITAPARICA,ESCOLA MUNICIPAL MARIA FELIPA,"CONJUNTO HABITACIONAL BOM DESPACHO, S/N - ZONA URBANA",BOM DESPACHO,44460000,-12.9292529,-38.6255791,4,1480.0,"138, 157, 167, 171","141, 141, 141, 141"
ITAPARICA,ESCOLA MUNICIPAL PORTO DOS SANTOS,"PRAÇA NOSSA SENHORA DO AMPARO, S/N - ZONA RURAL",DISTRITO DE PORTO DOS SANTOS,44460000,-12.9164097,-38.6289104,4,1335.0,"17, 63, 91, 133","141, 141, 141, 141"
ITAPARICA,ESCOLA MUNICIPAL PROFESSOR EDILSON SOUTO FREIRE,"LOTEAMENTO NOVA ITAPARICA, S/N. - ZONA URBANA",ALTO DE SANTO ANTÔNIO,44460000,-12.8889432,-38.6768311,2,789.0,"120, 155","141, 141"
ITAPARICA,ESCOLA MUNICIPAL SÉRVULO THIAGO DE SANTANA,"RUA SÃO ROQUE, S/N. - ZONA RURAL",DISTRITO DA MISERICÓRDIA,44460000,-12.9285667,-38.664825,1,395.0,151,141
ITAPARICA,FÓRUM DESEMBARGADOR ANTÔNIO BENSABATH,"AVENIDA BEIRA MAR, S/N. - ZONA URBANA",BOM DESPACHO,44460000,-12.9290067,-38.623665,3,1109.0,"102, 112, 127","141, 141, 141"
ITAPARICA,UNIDADE DE SAÚDE DA FAMÍLIA PEDRO ANTÔNIO MASCARENHAS,"AVENIDA BEIRA MAR, S/N - ZONA RURAL",DISTRITO DE MANGUINHOS,44460000,-12.9059711,-38.6370703,1,376.0,62,141
ITUBERÁ,CMEI - EMILIA RODRIGUES CAIRO,"RUA ADONIAS DE CASTRO VIRGENS, S/N, PRAINHA II - ZONA URBANA",PRAINHA II,45435000,-13.7467372,-39.151562,3,638.0,"146, 153, 163","32, 32, 32"
ITUBERÁ,COLEGIO ESTADUAL IDELZITO ELOY DE ABREU,"RUA DR JOY LEITE CAIRO, S/N, ÍNDIOS - ZONA URBANA",NORBERTO ODEBRECHT,45435000,-13.727804,-39.143229,10,2021.0,"9, 10, 11, 12, 13, 14, 62, 67, 126, 129","32, 32, 32, 32, 32, 32, 32, 32, 32, 32"
ITUBERÁ,EMEF - HORÁCIO DE MATOS JUNIOR,"AV ROSENTINO BOTELHO DE ASSUNÇÃO FILHO, SN, ÍNDIOS - ZONA URBANA",NORBERTO ODEBRECHT,45435000,-13.7273715,-39.1450019,3,762.0,"18, 19, 209","32, 32, 32"
ITUBERÁ,EMEF - HÉLIO NUNES DE MORAES,"PRAÇA DE SANTANA, S/N, ITAJAÍ - ZONA RURAL",VILA DE ITAJAÍ,45435000,-13.7576654,-39.1541712,3,1169.0,"27, 28, 155","32, 32, 32"
ITUBERÁ,EMEF - JAIME LEITE CAIRO,"RUA PRINCIPAL, S/N, VILA SANTO ANDRÉ - ZONA URBANA",VILA DE SANTO ANDRÉ,45435000,-13.7269859,-39.150172,3,859.0,"51, 65, 156","32, 32, 32"
ITUBERÁ,EMEF - MARECHAL CASTELO BRANCO,"RUA ADONIAS DE CASTRO VIRGENS, S/N, PRAINHA II  - ZONA URBANA",PRAINHA III,45435000,-13.7466595,-39.1516903,2,704.0,"63, 128","32, 32"
ITUBERÁ,EMEF - MARIA LÚCIA DE SOUZA LOPES,"AVENIDA DUQUE DE CAXIAS, S/N, CENTRO - ZONA URBANA",CENTRO,45435000,-13.7335431,-39.1470072,4,1177.0,"20, 21, 25, 47","32, 32, 32, 32"
ITUBERÁ,EMEF - NELSON DAVID RIBEIRO,"RUA SANTO ANDRÉ, S/N, JAMBEIRO - ZONA URBANA",JAMBEIRO,45435000,-13.741405,-39.1497893,2,709.0,"23, 53","32, 32"
ITUBERÁ,EMEF MARECHAL COSTA E SILVA,"RUA EUTRÓPIO HENRIQUE DOS ANJOS, SN, NORBERTO ODEBRECHT  - ZONA URBANA",NORBERTO ODEBRECHT,45435000,-13.7303399,-39.1434825,3,904.0,"16, 17, 202","32, 32, 32"
ITUBERÁ,EMEF PROFª MARIA AMÉLIA DA SILVA ASSUNÇÃO,"RUA EDES VIEIRA DO AMARAL, S/N, PINA - ZONA URBANA",PINA,45435000,-13.742244,-39.1474339,3,957.0,"24, 58, 154","32, 32, 32"
ITUBERÁ,EMEF PROFª SÔNIA MARIA AZEVEDO DE JESUS,"AV. JAIME LEITE CAIRO, S/N, SÃO VICENTE - ZONA URBANA",ÍNDIOS,45435000,-13.729158,-39.1464425,3,701.0,"46, 52, 60","32, 32, 32"
ITUBERÁ,EMEF ZUMIRA SANTOS,"RUA RAIMUNDO COSME MAGALHÃES MÁRQUES, S/N, SÃO LUIS - ZONA URBANA",SÃO LUIZ,45435000,-13.7324734,-39.1549807,2,719.0,"31, 48","32, 32"
ITUBERÁ,ESCOLA MUNICIPAL ARISTIDES NOVÍS,"RODOVIA BA-001 ITUBERA/NILO, S/N, POVOADO DE ITABEROÊ - ZONA RURAL",POVOADO ITABEROÊ,45435000,-13.6794526,-39.1262642,1,372.0,32,32
ITUBERÁ,ESCOLA MUNICIPAL DE ENSINO FUNDAMENTAL LUÍZA MARIA,"AV. DUQUE DE CAXIAS, S/N, CENTRO - ZONA URBANA",CENTRO,45435000,-13.7331708,-39.1471548,6,1503.0,"1, 2, 3, 4, 44, 45","32, 32, 32, 32, 32, 32"
ITUBERÁ,ESCOLA MUNICIPAL JESUÍNO BERNABÉ DOS SANTOS,NÚCLEO COLONIAL DE ITUBERÁ - ZONA RURAL,NÚCLEO COLONIAL DE ITUBERÁ,45435000,-13.7321144,-39.1459231,3,748.0,"29, 30, 127","32, 32, 32"
ITUBERÁ,ESCOLA MUNICIPAL SANTO ANTÔNIO,POVOADO DO RIO DO CAMPO - ZONA RURAL,POVOADO RIO DO CAMPO,45435000,-13.7430769,-39.052395,1,237.0,33,32
ITUBERÁ,ESCOLA MUNICIPAL SENHOR DO BOMFIM,POVOADO DA BARRA DE SERINHAEM - ZONA RURAL,POVOADO BARRA DE SERINHAEM,45435000,-13.8431663,-39.0097852,1,370.0,34,32
ITUBERÁ,PRESIDENTE ROOSEVELT,"AV. DUQUE DE CAXIAS, S/N, CENTRO - ZONA URBANA",CENTRO,45435000,-13.7327155,-39.1473096,12,3182.0,"5, 6, 7, 8, 22, 26, 59, 64, 66, 143, 145, 147","32, 32, 32, 32, 32, 32, 32, 32, 32, 32, 32, 32"
JABORANDI,COLEGIO ESTADUAL NECY NOVAIS,RUA NECY NOVAES - ZONA URBANA,CENTRO,47655000,-13.6245819,-44.4684744,4,1504.0,"40, 41, 42, 105","61, 61, 61, 61"
JABORANDI,COLÉGIO CARLOS CHAGAS,"RUA JOAQUIM CARVALHO, S/N - ZONA URBANA",CENTRO,47655000,-13.6219033,-44.467295,2,474.0,"65, 141","61, 61"
JABORANDI,ESCOLA MARIA APARECIDA REGO MOURA ALENCAR,AVENIDA 12 DE MAIO,CENTRO,47655000,-13.6257709,-44.4641401,4,1361.0,"43, 51, 52, 139","61, 61, 61, 61"
JABORANDI,ESCOLA MUNICIPAL 19 DE NOVEMBRO,POVOADO BARBOSA - ZONA RURAL,POVOADO BARBOSA,47655000,-13.4932183,-44.397445,1,239.0,119,61
JABORANDI,ESCOLA PIO XII,POVOADO ARRODEADOR - ZONA RURAL,POVOADO ARRODEADOR,47655000,-13.66914,-44.5577983,3,834.0,"45, 46, 57","61, 61, 61"
JABORANDI,MARIA DO SOCORRO PEREIRA DE MATOS ,RUA ARATICON ALTO PARAÍSO- ZONA URBANA,CENTRO,47656782,-13.6174821,-44.4646639,7,2452.0,"53, 54, 55, 56, 108, 123, 142","61, 61, 61, 61, 61, 61, 61"
JABORANDI,POSTO DE ATENDIMENTO ZÉ ALVES - POSTO DE SAÚDE,LOTEAMENTO AGROPECUARIO DO FORMOSO - ZONA RURAL,FAZENDA ZE ALVES,47655000,-13.494795,-44.26842,2,681.0,"47, 48","61, 61"
JABORANDI,POSTO DE SAÚDE SR.NINO PLANALTO,POVOADO DO PLANALTO,JABORANDI,47655000,-13.6051341,-44.5100904,1,230.0,140,61
JABORANDI,PREDIO ESCOLAR 15 DE NOVEMBRO,"PRACA DA IGREJA, S/N - ZONA RURAL",POVOADO SAO MANOEL DE CIMA,47655000,-13.4745916,-44.49692,3,683.0,"49, 50, 58","61, 61, 61"
JABORANDI,PREDIO ESCOLAR DA BARRIGUDA,POVOADO BARRIGUDA - ZONA RURAL,POVOADO BARRIGUDA,47655000,-13.4325352,-44.4249774,2,557.0,"59, 60","61, 61"
JABORANDI,PREDIO ESCOLAR DE SANTA CLARA,POVOADO SANTA CLARA - ZONA RURAL,POVOADO SANTA CLARA,47655000,-13.4149089,-44.2711471,1,193.0,62,61
JABORANDI,PREDIO ESCOLAR MUNICIPAL DE GATOS,PRACA DA IGREJA - ZONA RURAL           ,POVOADO GATOS,47655000,-13.7090933,-44.6341017,1,319.0,44,61
JABORANDI,PREDIO ESCOLAR PADRE VICTOR,POVOADO BREJAO - ZONA RURAL,POVOADO BREJAO,47655000,-14.0990045,-45.6143488,3,671.0,"61, 64, 66","61, 61, 61"
JAGUARIPE,COLEGIO MUNICIPAL EVERALDINO DALMÁCIO AROUCA,RUA CAMPO DA BOLA - ZONA RURAL,DISTRITO BARREIRAS DE JACURUNA,44480000,-13.0353409,-38.8413978,5,1674.0,"91, 92, 93, 207, 234","30, 30, 30, 30, 30"
JAGUARIPE,COLÉGIO MUNICIPAL DE CAMASSANDI,RUA JOSE ALVES - ZONA RURAL,DISTRITO CAMASSANDI,44480000,-13.1633513,-38.9911541,4,1082.0,"86, 87, 88, 89","30, 30, 30, 30"
JAGUARIPE,COLÉGIO MUNICIPAL MANOEL FRANCISCO LOBO,"RUA DA PALMA, S/N - ZONA RURAL",DISTRITO DO PALMA,44480000,-13.1516905,-39.1286528,7,2402.0,"101, 102, 105, 164, 169, 219, 230","30, 30, 30, 30, 30, 30, 30"
JAGUARIPE,ESCOLA CÍCERO VIANA,RUA BELA VISTA - ZONA RURAL,DISTRITO CAMASSANDI,44480000,-13.1680849,-38.992994,2,751.0,"90, 167","30, 30"
JAGUARIPE,ESCOLA ESTADUAL ARISTIDES MALTEZ,RUA NOVA DO AREAL - ZONA URBANA,CENTRO,44480000,-13.1153572,-38.8934203,3,1043.0,"83, 84, 85","30, 30, 30"
JAGUARIPE,ESCOLA MUNICIPAL DE CAÇÕES,"RUA CAIO VASCONCELOS NETO, S/N - ZONA RURAL",CAÇÕES,44450000,-13.0041556,-38.7879811,4,1156.0,"96, 97, 98, 232","30, 30, 30, 30"
JAGUARIPE,ESCOLA MUNICIPAL DE PIRAJUÍA,"RUA DA MATRIZ, S/N - ZONA RURAL",PIRAJUÍA,44480000,-12.9734317,-38.7835259,4,984.0,"94, 95, 195, 213","30, 30, 30, 30"
JAGUARIPE,ESCOLA MUNICIPAL DO CRUZEIRO,CRUZEIRO DO PALMA - ZONA RURAL,DISTRITO DO PALMA,44800000,-13.2180955,-39.126783,2,742.0,"206, 211","30, 30"
JAGUARIPE,ESCOLA MUNICIPAL FLORENTINO DOS SANTOS,POVOADO CAPAO - ZONA RURAL,POVOADO CAPÃO,44480000,-13.1492114,-39.2876896,3,875.0,"182, 190, 227","30, 30, 30"
JAGUARIPE,ESCOLA MUNICIPAL MUNIZ BARRETO,AVENIDA DA RENOVAÇÃO - ZONA URBANA,CENTRO,44480000,-13.1151381,-38.8912919,3,926.0,"80, 81, 82","30, 30, 30"
JAGUARIPE,ESCOLA MUNICIPAL NOSSA SENHORA D'AJUDA,RUA FLORISVALDO ALVES DOREA - ZONA RURAL,POVOADO ILHA D'AJUDA,44480000,-13.2035193,-38.931725,2,681.0,"170, 187","30, 30"
JAGUARIPE,ESCOLA MUNICIPAL NOSSA SENHORA DA PALMA,"RUA PALMA, S/N - ZONA RURAL",DISTRITO DO PALMA,44480000,-13.1478208,-39.1265665,4,1427.0,"103, 104, 192, 210","30, 30, 30, 30"
JAGUARIPE,ESCOLA MUNICIPAL SÃO BERNARDO,"RUA CHILE, S/N - ZONA RURAL",DISTRITO SÃO BERNARDO,44480000,-13.1281151,-39.0044795,3,852.0,"106, 107, 108","30, 30, 30"
JAGUARIPE,ESCOLA MUNIICIPAL ZILDÉLIO  FRANÇA,"RUA BEIRA MAR, S/N - ZONA URBANA",MUTÁ,44480000,-12.9835356,-38.7867517,3,789.0,"99, 100, 228","30, 30, 30"
JEREMOABO,CENTRO TERRITORIAL DE EDUCAÇÃO PROFISSIONAL RASO DA CATARINA - CETEP,"AV. RECIFE, S/N - CENTRO- ZONA URBANA",CENTRO,48540000,-10.0805232,-38.3410467,10,3164.0,"168, 190, 195, 207, 217, 218, 225, 232, 236, 238","51, 51, 51, 51, 51, 51, 51, 51, 51, 51"
JEREMOABO,COLÉGIO MUNICIPAL JOSÉ ARAÚJO DE SOUZA,POVOADO ÁGUA BRANCA- ZONA RURAL,POVOADO ÁGUA BRANCA,48540000,-10.004845,-38.60242,2,769.0,"55, 56","51, 51"
JEREMOABO,COLÉGIO MUNICIPAL LUÍS EDUARDO MAGALHÃES,POVOADO LAGOA DO INÁCIO - ZONA RURAL,POVOADO LAGOA DO INÁCIO,48540000,-10.2916866,-38.4213422,2,470.0,"80, 144","51, 51"
JEREMOABO,COLÉGIO MUNICIPAL SÃO JOÃO BATISTA,"LARGO DO COLÉGIO, SN - ZONA URBANA",CENTRO,48540000,-10.0678417,-38.3528783,10,2559.0,"22, 23, 30, 38, 101, 102, 150, 161, 224, 227","51, 51, 51, 51, 51, 51, 51, 51, 51, 51"
JEREMOABO,ESCOLA  MUNICIPAL DO ROMPE GIBÃO,POVOADO DO ROMPE GIBÃO - ZONA RURAL,POVOADO ROMPE GIBÃO,48540000,-9.9152179,-38.2200215,2,430.0,"43, 235","51, 51"
JEREMOABO,ESCOLA  MUNICIPAL PROFESSORA REMIS CAVALCANTE,POVOADO BARROCA - ZONA RURAL,POVOADO BARROCA,48540000,-10.0125766,-38.3707,1,394.0,166,51
JEREMOABO,ESCOLA MUNICIPAL ALTO DA TAPERA,POVOADO TAPERA - ZONA RURAL,POVOADO ALTO DA TAPERA,48540000,-10.0395837,-38.3789557,2,615.0,"42, 151","51, 51"
JEREMOABO,ESCOLA MUNICIPAL ANTENOR AMARO NETO,POVOAODO LAGOA DO MATO - ZONA RURAL,POVOADO LAGOA DO MATO,48540000,-10.0878333,-38.1328983,5,1066.0,"46, 47, 107, 147, 216","51, 51, 51, 51, 51"
JEREMOABO,ESCOLA MUNICIPAL ANTÔNIO MANOEL DE CARVALHO,POVOADO PAU D'ÁGUA - ZONA RURAL,POVOADO PAU D'ÁGUA,48540000,-9.89199,-38.3826667,1,174.0,149,51
JEREMOABO,ESCOLA MUNICIPAL BAIXA DOS QUELÉS,POVOADO BAIXA DOS QUELÉS - ZONA RURAL,POVOADO BAIXA DOS QUELÉS,48540000,-9.9812367,-38.4372067,1,215.0,182,51
JEREMOABO,ESCOLA MUNICIPAL BENTO DE SÁ CARVALHO,POVOADO MALHADA VERMELHA - ZONA RURAL,POVOADO MALHADA VERMELHA,48540000,-9.9097767,-38.3192633,2,609.0,"82, 113","51, 51"
JEREMOABO,ESCOLA MUNICIPAL CORDOLINO CERQUEIRA CAMPOS,POVOADO DE CANCHÉ - ZONA RURAL,POVOADO CANCHÉ,48540000,-9.872855,-38.9043833,2,525.0,"54, 191","51, 51"
JEREMOABO,ESCOLA MUNICIPAL DEPUTADO MANOEL NOVAIS,POVOADO CANABRAVINHA DOS CANDIS - ZONA RURAL,POVOADO CANABRAVINHA DOS CANDIS,48540000,-10.0656017,-38.40575,1,372.0,60,51
JEREMOABO,ESCOLA MUNICIPAL DO CARITÁ,POVOADO CARITÁ - ZONA RURAL,POVOADO CARITÁ,48540000,-10.22008,-38.2864633,1,301.0,192,51
JEREMOABO,ESCOLA MUNICIPAL DR CARVALHO SÁ,"RUA PORFIRIO DA COSTA BORGES, SN - ZONA URBANA",CENTRO,48540000,-10.0678867,-38.3524267,6,1649.0,"25, 39, 40, 121, 159, 160","51, 51, 51, 51, 51, 51"
JEREMOABO,ESCOLA MUNICIPAL DR. HAILTON JOSÉ DE BRITO,POVOADO RIACHO SÃO JOSÉ - ZONA RURAL,POVOADO RIACHO SÃO JOSÉ,48540000,-10.183325,-38.19805,3,669.0,"61, 110, 165","51, 51, 51"
JEREMOABO,ESCOLA MUNICIPAL EVARISTO CARDOSO VARJÃO,AVENIDA RECIFE S/N LOTEAMENTO SÃO JOÃO - ZONA URBANA,CENTRO,48540000,-10.0799805,-38.3425109,4,704.0,"26, 27, 28, 35","51, 51, 51, 51"
JEREMOABO,ESCOLA MUNICIPAL GUILHERME JOSÉ DE SANTANA,POVOADO VIRAÇÃO - ZONA RURAL,POVOADO VIRAÇÃO,48540000,-10.2645017,-38.46631,1,159.0,50,51
JEREMOABO,ESCOLA MUNICIPAL JOSÉ MANOEL DE OLIVEIRA,POVOADO CIRICA - ZONA RURAL,POVOADO CIRICA,48540000,-10.2237867,-38.48559,3,662.0,"59, 119, 211","51, 51, 51"
JEREMOABO,ESCOLA MUNICIPAL JOSÉ NOLASCO DE CARVALHO,"PRAÇA FIEL NOLASCO, S/N - ZONA URBANA",JOSÉ NOLASCO,48540000,-10.0906233,-38.323905,3,885.0,"83, 105, 226","51, 51, 51"
JEREMOABO,ESCOLA MUNICIPAL JOSÉ PESSOA DE CARVALHO,POVOADO MURITI - ZONA RURAL,POVOADO MURITI,48540000,-9.9687218,-38.3312287,1,205.0,115,51
JEREMOABO,ESCOLA MUNICIPAL JOÃO PAULO II,"AV. MONSENHOR JOSÉ MAGALHÃES, S/N - ZONA URBANA",CENTRO,48540000,-10.0777917,-38.3528367,5,1471.0,"41, 133, 187, 215, 229","51, 51, 51, 51, 51"
JEREMOABO,ESCOLA MUNICIPAL JOÃO RIBEIRO DA SILVA,POVOADO ÁGUA BRANCA - ZONA RURAL,POVOADO ÁGUA BRANCA,48540000,-10.005455,-38.6026467,2,577.0,"108, 234","51, 51"
JEREMOABO,ESCOLA MUNICIPAL JULIANA MELO DE CARVALHO,RUA BELA VISTA S/N - ZONA URBANA,SÃO JOSÉ,48540000,-10.0840767,-38.3351017,3,752.0,"176, 209, 228","51, 51, 51"
JEREMOABO,ESCOLA MUNICIPAL LUZIA EULINA DE SÁ,POVOADO BREJO GRANDE - ZONA RURAL,POVOADO BREJO GRANDE,48540000,-10.02555,-38.5333717,5,1326.0,"57, 58, 109, 185, 237","51, 51, 51, 51, 51"
JEREMOABO,ESCOLA MUNICIPAL MAJOR ANTÔNIO MARQUES BRAGA,POVOADO ITAPICURU D'ÁGUA - ZONA RURAL,POVOADO ITAPICURU D'ÁGUA,48540000,-9.9749567,-38.3104591,2,646.0,"44, 45","51, 51"
JEREMOABO,ESCOLA MUNICIPAL MANOEL CARVALHO SANTANA,POVOADO MONTE ALEGRE - ZONA RURAL,POVOADO MONTE ALEGRE,48540000,-9.9133147,-38.1727908,3,661.0,"48, 81, 162","51, 51, 51"
JEREMOABO,ESCOLA MUNICIPAL MANOEL DANTAS DE CARVALHO,POVOADO BRANCOS - ZONA RURAL,POVOADO BRANCOS,48540000,-10.09185,-38.4459867,2,514.0,"49, 220","51, 51"
JEREMOABO,ESCOLA MUNICIPAL MENINO JESUS,"PÇA. DA MATRIZ, S/N - ZONA URBANA",CENTRO,48540000,-10.0754803,-38.3476417,6,1538.0,"24, 29, 31, 32, 33, 120","51, 51, 51, 51, 51, 51"
JEREMOABO,ESCOLA MUNICIPAL PEDRO GONÇALVES DO NASCIMENTO,POVOADO ARATICUM - ZONA RURAL,POVOADO ARATICUM,48540000,-9.9070484,-38.2993678,1,266.0,52,51
JEREMOABO,ESCOLA MUNICIPAL PROFESSORA JULIANA DANTAS,POVOADO BAIXA DA PEDRA - ZONA RURAL,POVOADO BAIXA DA PEDRA,48540000,-10.1939817,-38.262066,2,602.0,"145, 177","51, 51"
JEREMOABO,ESCOLA MUNICIPAL SENHOR DO BONFIM,"AV. SENHOR DO BONFIM, S/N - ZONA URBANA",SENHOR DO BOMFIM,48540000,-10.0600817,-38.3629667,2,484.0,"171, 243","51, 51"
JEREMOABO,ESCOLA MUNICIPAL TEREZINHA SIMÕES PAIVA,POVOADO ALVORADA - ZONA RURAL,POVOADO ALVORADA,48540000,-10.17018,-38.274475,3,796.0,"78, 79, 181","51, 51, 51"
JEREMOABO,ESCOLA MUNICIPAL VEREADOR JOÃO CARVALHO,POVOADO BAIXA DA MATA - ZONA RURAL,POVOADO BAIXA DA MATA,48540000,-9.932569,-38.3554006,1,396.0,53,51
JEREMOABO,ESCOLA MUNICIPAL ZACARIAS LOURENÇO,POVOADO TRANQUEIRA - ZONA RURAL,POVOADO TRANQUEIRA,48540000,-10.2123202,-38.4233395,1,172.0,51,51
JEREMOABO,ESCOLAS REUNIDAS PROF. MARIA LUZIA DOS SANTOS,AV RECIFE S/N - ZONA URBANA,CENTRO,48540000,-10.0803817,-38.34205,3,891.0,"179, 197, 231","51, 51, 51"
LAMARÃO,CENTRO DE EDUCAÇÃO INFANTIL PROFESSORA DILMA TELES PAIM,"RUA DO CAMPO, S/N - PROXIMO HOSPITAL (PERTO DAS CASINHAS)",CENTRO,48720000,-11.79318079,-38.8923067,2,595.0,"91, 94","160, 160"
LAMARÃO,COLÉGIO ESTADUAL DR. JAIRO AZZI,"RUA DO CAMPO, S/N - ZONA URBANA",CENTRO,48720000,-11.79501833,-38.88708464,8,2554.0,"11, 12, 55, 65, 67, 70, 75, 89","160, 160, 160, 160, 160, 160, 160, 160"
LAMARÃO,COLÉGIO ESTADUAL SACO DO CORREIO,POVOADO SACO DO CORREIO - ZONA RURAL,POVOADO SACO DO CORREIO,48700000,-11.76807018,-38.96359775,2,255.0,"140, 143","160, 160"
LAMARÃO,ESCOLA MUNICIPAL DO QUINGI ,POVOADO QUINGI - ZONA RURAL,POVOADO QUINGI,48720000,-11.7621508,-38.93829849,2,760.0,"98, 137","160, 160"
LAMARÃO,ESCOLA MUNICIPAL ESMERALDO CARVALHO PINHEIRO,POVOADO TRAIRA I - ZONA RURAL,POVOADO TRAÍRA,48720000,-11.76993955,-38.91306384,3,791.0,"97, 103, 149","160, 160, 160"
LAMARÃO,ESCOLA MUNICIPAL LUÍS EDUARDO MAGALHÃES,POVOADO VELUDO - ZONA RURAL,POVOADO VELUDO,48720000,-11.74839085,-38.86138505,2,580.0,"104, 136","160, 160"
LAMARÃO,ESCOLA MUNICIPAL SETE DE SETEMBRO,"PRAÇA RUI BARBOSA, N 158 - ZONA URBANA",CENTRO,48720000,-11.79241823,-38.88216401,4,1167.0,"4, 5, 6, 7","160, 160, 160, 160"
LAMARÃO,GINASIO VIRGILIO NUNES DE MEDEIROS,"RUA DO TRIUNFO, S/N - ZONA URBANA",CENTRO,48720000,-11.79545805,-38.88348838,5,726.0,"1, 3, 10, 14, 63","160, 160, 160, 160, 160"
LAURO DE FREITAS,CAIC - CENTRO DE ATENÇÃO INTEGRAL À CRIANÇA E AO ADOLESCENTE,"RUA PROF. TEOCRITO BATISTA, S/N - JARDIM PICUAIA - ZONA URBANA",ITINGA,42700000,-12.8859157,-38.343238,7,2907.0,"371, 372, 373, 374, 375, 376, 479","180, 180, 180, 180, 180, 180, 180"
LAURO DE FREITAS,"CEEP TIC - CENTRO ESTADUAL DE EDUC PROF EM TEC, INF E COMUNIC",RUA EUVALDO SANTOS LEITE S/N,CENTRO,42703510,-12.898685,-38.3265826,11,4201.0,"269, 290, 302, 477, 481, 484, 520, 537, 542, 545, 564","180, 180, 180, 180, 180, 180, 180, 180, 180, 180, 180"
LAURO DE FREITAS,CENTRO DE CUSTÓDIA PROVISÓRIA E ACOMPANHAMENTO (CCPA),"RUA 15 DE JANEIRO, SN",CAJI,42721800,-1.0,-1.0,1,0.0,568,180
LAURO DE FREITAS,CENTRO EDUCACIONAL MUNICIPAL FÊNIX,RUA SÃO JORGE S/N - ZONA URBANA,CENTRO,42700000,-12.9009953,-38.3192884,11,4203.0,"167, 168, 177, 178, 182, 189, 197, 203, 212, 282, 560","180, 180, 180, 180, 180, 180, 180, 180, 180, 180, 180"
LAURO DE FREITAS,CENTRO MUNICIPAL DE EDUCAÇÃO INFANTIL DOUTOR DJALMA RAMOS,RUA DE PENETRAÇÃO I S/N,VIDA NOVA,42717650,-12.8790918,-38.3332173,5,1912.0,"524, 529, 533, 538, 543","180, 180, 180, 180, 180"
LAURO DE FREITAS,COLÉGIO APOIO,AVENIDA PRAIA DE ITAPUÃ QUADRA 23 LOTE 44 - ZONA URBANA,VILAS DO ATLÂNTICO,42700000,-12.8880195,-38.2975145,23,9387.0,"24, 25, 26, 27, 28, 29, 30, 52, 53, 54, 55, 107, 108, 113, 118, 130, 134, 138, 151, 155, 547, 555, 563","180, 180, 180, 180, 180, 180, 180, 180, 180, 180, 180, 180, 180, 180, 180, 180, 180, 180, 180, 180, 180, 180, 180"
LAURO DE FREITAS,COLÉGIO ESTADUAL ALFREDO AGOSTINHO DE DEUS,AVENIDA FORTALEZA S/N - ZONA URBANA,ITINGA,42700000,-12.895503,-38.3404443,15,6261.0,"407, 408, 409, 410, 411, 412, 413, 414, 415, 416, 417, 418, 419, 420, 421","180, 180, 180, 180, 180, 180, 180, 180, 180, 180, 180, 180, 180, 180, 180"
LAURO DE FREITAS,COLÉGIO ESTADUAL AMÉRICO SIMAS,AVENIDA BRIGADEIRO MÁRIO EPINGAUS S/N - ZONA URBANA,CENTRO,42700000,-12.8977602,-38.322719,13,5049.0,"1, 2, 3, 4, 5, 6, 13, 14, 91, 123, 141, 260, 558","180, 180, 180, 180, 180, 180, 180, 180, 180, 180, 180, 180, 180"
LAURO DE FREITAS,COLÉGIO ESTADUAL BARTOLOMEU DE GUSMÃO,AVENIDA BRIGADEIRO MÁRIO EPINGAUS S/N - ZONA URBANA,CENTRO,42700000,-12.8972154,-38.3167664,21,8578.0,"7, 8, 9, 10, 11, 12, 21, 22, 23, 31, 32, 33, 34, 35, 36, 37, 92, 127, 142, 145, 157","180, 180, 180, 180, 180, 180, 180, 180, 180, 180, 180, 180, 180, 180, 180, 180, 180, 180, 180, 180, 180"
LAURO DE FREITAS,COLÉGIO ESTADUAL DE TEMPO INTEGRAL DE PORTÃO,"AVENIDA QUEIRA DEUS, N 971",PORTÃO,42713480,-12.8640845,-38.3086014,6,2232.0,"45, 46, 119, 137, 163, 544","180, 180, 180, 180, 180, 180"
LAURO DE FREITAS,COLÉGIO ESTADUAL FRANCISCO PEREIRA FRANCO,PARQUE SÃO PAULO S/N - ZONA URBANA,ITINGA,42700000,-12.8833154,-38.3545139,7,2924.0,"377, 378, 379, 380, 381, 382, 383","180, 180, 180, 180, 180, 180, 180"
LAURO DE FREITAS,COLÉGIO ESTADUAL HERMANO GOUVEIA NETO,LOTEAMENTO VIDA NOVA S/N - ZONA URBANA,CAJI,42700000,-12.881228,-38.331427,11,4443.0,"318, 319, 320, 321, 322, 323, 324, 325, 326, 327, 551","180, 180, 180, 180, 180, 180, 180, 180, 180, 180, 180"
LAURO DE FREITAS,COLÉGIO MENDEL,"RUA PRAIA DO FORTE, S/N - ZONA URBANA",VILAS DO ATLÂNTICO,42700000,-12.8819411,-38.3011083,12,4650.0,"267, 281, 295, 303, 310, 475, 482, 487, 490, 505, 553, 566","180, 180, 180, 180, 180, 180, 180, 180, 180, 180, 180, 180"
LAURO DE FREITAS,ESCOLA MUNICIPAL ANA LÚCIA MAGALHÃES,AVENIDA BRIGADEIRO MÁRIO EPINGAUS S/N - ZONA URBANA,CENTRO,42700000,-12.8975754,-38.3224623,6,2096.0,"88, 89, 90, 131, 147, 561","180, 180, 180, 180, 180, 180"
LAURO DE FREITAS,ESCOLA MUNICIPAL CAPITULINO DOS SANTOS,RUA DIRETA DO JAMBEIRO S/N - ZONA URBANA,AREIA BRANCA,42700000,-12.8389413,-38.3272723,4,1640.0,"455, 456, 457, 485","180, 180, 180, 180"
LAURO DE FREITAS,ESCOLA MUNICIPAL CATARINA DE SENA,"AV. DR. GERINO DE SOUZA FILHO, S/N - ZONA URBANA",CAJI,42700000,-12.8859109,-38.3232413,7,2791.0,"341, 342, 343, 344, 345, 346, 554","180, 180, 180, 180, 180, 180, 180"
LAURO DE FREITAS,ESCOLA MUNICIPAL CONSTANTINO VIEIRA,RUA DIRETA DE SANTO ANTÔNIO S/N - ZONA URBANA,PORTÃO,42700000,-12.8666912,-38.2974594,3,1245.0,"43, 44, 109","180, 180, 180"
LAURO DE FREITAS,ESCOLA MUNICIPAL DA VILA PRAIANA,ALTO DA VILA PRAIANA S/N - ZONA URBANA,CENTRO,42700000,-12.9012509,-38.3190371,11,4073.0,"15, 16, 17, 18, 19, 20, 136, 149, 192, 217, 559","180, 180, 180, 180, 180, 180, 180, 180, 180, 180, 180"
LAURO DE FREITAS,ESCOLA MUNICIPAL DE CADETES MIRINS,AVENIDA SANTO ANTONIO,PORTÃO,42712750,-12.8692133,-38.3014895,9,3748.0,"38, 39, 40, 41, 42, 126, 129, 143, 152","180, 180, 180, 180, 180, 180, 180, 180, 180"
LAURO DE FREITAS,ESCOLA MUNICIPAL DINORAH PESSOA,RUA NOSSA SENHORA APARECIDA - ZONA URBANA,ITINGA,42700000,-12.8936987,-38.3429557,13,5363.0,"394, 395, 396, 397, 398, 399, 400, 401, 402, 403, 404, 405, 406","180, 180, 180, 180, 180, 180, 180, 180, 180, 180, 180, 180, 180"
LAURO DE FREITAS,ESCOLA MUNICIPAL DO LOTEAMENTO SANTA JÚLIA,"LOTEAMENTO SANTA JÚLIA, S/N  - ZONA URBANA",ITINGA,42700000,-12.8887177,-38.3528656,15,6105.0,"437, 438, 439, 440, 441, 442, 443, 444, 445, 446, 447, 448, 449, 450, 548","180, 180, 180, 180, 180, 180, 180, 180, 180, 180, 180, 180, 180, 180, 180"
LAURO DE FREITAS,ESCOLA MUNICIPAL DOIS DE JULHO,"RUA SÃO CRISTÓVÃO, S/N - ZONA URBANA",ITINGA,42700000,-12.8898133,-38.3534827,16,6655.0,"458, 459, 460, 461, 462, 463, 464, 465, 466, 467, 468, 469, 470, 471, 472, 473","180, 180, 180, 180, 180, 180, 180, 180, 180, 180, 180, 180, 180, 180, 180, 180"
LAURO DE FREITAS,ESCOLA MUNICIPAL DOUCTOR PAULO MALAQUIAS DE MELLO,"RUA NOVA BRASÍLIA, S/N - ZONA URBANA",PORTÃO,42700000,-12.8669903,-38.3042877,7,2610.0,"47, 48, 49, 50, 51, 159, 491","180, 180, 180, 180, 180, 180, 180"
LAURO DE FREITAS,ESCOLA MUNICIPAL EDIVALDO BOAVENTURA,RUA DOIS DE JULHO S/N - ZONA URBANA,AREIA BRANCA,42700000,-12.8385849,-38.3498977,8,3182.0,"364, 365, 366, 367, 368, 369, 370, 507","180, 180, 180, 180, 180, 180, 180, 180"
LAURO DE FREITAS,ESCOLA MUNICIPAL ESFINGE,PRAÇA DA MATRIZ S/N - ZONA URBANA,AREIA BRANCA,42700000,-12.8384754,-38.3491582,8,3129.0,"328, 329, 330, 331, 332, 333, 334, 335","180, 180, 180, 180, 180, 180, 180, 180"
LAURO DE FREITAS,ESCOLA MUNICIPAL FÉLIX CARDOSO DE ARAÚJO,"RUA DIRETA DE SANTO ANTÔNIO, S/N - ZONA URBANA",PORTÃO,42700000,-12.8667692,-38.2972712,4,1591.0,"221, 227, 228, 499","180, 180, 180, 180"
LAURO DE FREITAS,ESCOLA MUNICIPAL GREGÓRIO PINTO DE ALMEIDA,"AV. VITÓRIA DA CONQUISTA, S/N - ZONA URBANA",VILA PRAIANA,42700000,-12.9004218,-38.3084042,8,3227.0,"268, 280, 296, 309, 480, 496, 508, 514","180, 180, 180, 180, 180, 180, 180, 180"
LAURO DE FREITAS,ESCOLA MUNICIPAL JARDIM DO TALISMÃ,"LOTEAMENTO JARDIM TALISMÃ, S/N - ZONA URBANA",ITINGA,42700000,-12.8861598,-38.3511944,10,3839.0,"422, 423, 424, 425, 426, 483, 488, 492, 497, 502","180, 180, 180, 180, 180, 180, 180, 180, 180, 180"
LAURO DE FREITAS,ESCOLA MUNICIPAL JARDIM IPITANGA,"RUA MARIA DE LOURDES DA SILVA, S/N",CAJI,42721190,-12.8770787,-38.3367951,6,2345.0,"494, 503, 512, 515, 516, 517","180, 180, 180, 180, 180, 180"
LAURO DE FREITAS,ESCOLA MUNICIPAL MERCEDES DO ESPÍRITO SANTO,"RUA SANTA CECÍLIA, S/N - ZONA URBANA",ITINGA,42738795,-12.901391,-38.3494854,7,2404.0,"451, 452, 453, 454, 486, 506, 552","180, 180, 180, 180, 180, 180, 180"
LAURO DE FREITAS,ESCOLA MUNICIPAL PEDRO PARANHOS,RUA QUEIRA DEUS S/N - ZONA URBANA,PORTÃO,42700000,-12.8632,-38.3099345,11,4109.0,"165, 175, 184, 196, 205, 216, 225, 231, 232, 254, 550","180, 180, 180, 180, 180, 180, 180, 180, 180, 180, 180"
LAURO DE FREITAS,ESCOLA MUNICIPAL QUINGOMA,"RUA SÃO JOSÉ, N 10 - ZONA URBANA",QUINGOMA,42700000,-12.8690967,-38.3266878,3,942.0,"313, 495, 530","180, 180, 180"
LAURO DE FREITAS,ESCOLA MUNICIPAL SANTA RITA,"PARQUE SANTA RITA - SETOR 1, S/N - ZONA URBANA",ITINGA,42740040,-12.8910525,-38.3526815,10,3876.0,"493, 498, 500, 501, 504, 509, 510, 511, 513, 539","180, 180, 180, 180, 180, 180, 180, 180, 180, 180"
LAURO DE FREITAS,ESCOLA MUNICIPAL SENHORA VALENTINA SILVINA SANTOS,"RUA SÃO CRISTÓVÃO, 48 - ZONA URBANA",ITINGA,42700000,-12.9021283,-38.3459267,5,2019.0,"336, 337, 338, 339, 340","180, 180, 180, 180, 180"
LAURO DE FREITAS,ESCOLA MUNICIPAL SÔNIA MARIA PEREIRA DO NASCIMENTO,LOTEAMENTO PARQUE SÃO PAULO S/N - ZONA URBANA,ITINGA,42740490,-12.8792893,-38.3551831,10,4006.0,"427, 428, 429, 430, 431, 432, 433, 434, 435, 436","180, 180, 180, 180, 180, 180, 180, 180, 180, 180"
LAURO DE FREITAS,ESCOLA MUNICIPAL VIDA NOVA,"RUA VIA LOCAL, S/N - ZONA URBANA",VIDA NOVA,42700000,-12.8871421,-38.3461903,12,4529.0,"384, 385, 386, 387, 388, 389, 390, 391, 392, 393, 549, 567","180, 180, 180, 180, 180, 180, 180, 180, 180, 180, 180, 180"
LAURO DE FREITAS,ESCOLA TENENTE GUSTAVO DOS SANTOS,RUA DIRETA DO CAPELÃO 130 - ZONA URBANA,AREIA BRANCA,42700000,-12.8553339,-38.3569957,5,1989.0,"314, 315, 316, 317, 489","180, 180, 180, 180, 180"
LAURO DE FREITAS,IFBA CAMPUS LAURO DE FREITAS,"RUA SÃO CRISTÓVÃO, S/N - ZONA URBANA",ITINGA,42739005,-12.8902151,-38.3539247,7,2732.0,"518, 522, 527, 531, 535, 541, 562","180, 180, 180, 180, 180, 180, 180"
LAURO DE FREITAS,INSTITUTO DE EDUC PROFISSIONALIZANTE EURIDES SANTANNA,ESTRADA DA JAQUEIRA - ZONA URBANA,ITINGA,42739005,-12.8925537,-38.3484045,17,6769.0,"347, 348, 349, 350, 351, 352, 353, 354, 355, 356, 357, 358, 359, 360, 361, 362, 363","180, 180, 180, 180, 180, 180, 180, 180, 180, 180, 180, 180, 180, 180, 180, 180, 180"
LAURO DE FREITAS,SARTRE ESCOLA SEB - UNIDADE MONET,"RUA ANA C. B. DIAS, 259 - ZONA URBANA",BURAQUINHO,42709500,-12.8813923,-38.2925282,10,4139.0,"274, 288, 300, 306, 308, 311, 312, 474, 476, 478","180, 180, 180, 180, 180, 180, 180, 180, 180, 180"
LAURO DE FREITAS,SENAI LAURO DE FREITAS,"AV. LUIZ TARQUÍNIO PONTES, N 938 - ZONA URBANA",CENTRO,42702420,-12.8903713,-38.3128498,11,4252.0,"519, 521, 523, 525, 526, 528, 532, 534, 536, 540, 556","180, 180, 180, 180, 180, 180, 180, 180, 180, 180, 180"
LAURO DE FREITAS,UNIME - UNIÃO METROPOLITANA DE EDUCAÇÃO E CULTURA,"AV LUIZ TARQUINIO PONTES, 600 - ZONA URBANA",CENTRO,42700000,-12.8910038,-38.3153824,27,10837.0,"166, 172, 179, 188, 191, 198, 202, 207, 211, 214, 226, 233, 234, 235, 236, 238, 239, 246, 247, 255, 259, 265, 283, 291, 546, 557, 565","180, 180, 180, 180, 180, 180, 180, 180, 180, 180, 180, 180, 180, 180, 180, 180, 180, 180, 180, 180, 180, 180, 180, 180, 180, 180, 180"
MACURURÉ,COLEGIO ESTADUAL DE MACURURE,AV. ANTONIO CARLOS MAGALHAES - ZONA URBANA,CENTRO,48650000,-9.175283,-39.0530147,6,1760.0,"43, 46, 47, 48, 63, 77","158, 158, 158, 158, 158, 158"
MACURURÉ,ESCOLA MUNICIPAL AMÉRICO RODRIGUES PASSOS,POVOADO SANSAITE - ZONA RURAL,POVOADO SANSAITE,48650000,-9.0630491,-38.8979843,2,304.0,"55, 56","158, 158"
MACURURÉ,ESCOLA MUNICIPAL FAUSTINO PEDROSO FILHO,"POVOADO RIACHO DOS CALDEIRÕES, S/N, ZONA RURAL",POVOADO RIACHO DOS CALDEIRÕES,48650000,-9.0953465,-39.0150693,1,118.0,173,158
MACURURÉ,ESCOLA MUNICIPAL LOURENÇO CARDOSO VARJÃO,"POVOADO SÃO FRANCISCO, ZONA RURAL, MACURURÉ-BA",POVOADO SAO FRANCISCO,48650000,-9.4559133,-38.8624062,2,611.0,"52, 89","158, 158"
MACURURÉ,ESCOLA MUNICIPAL RUY BARBOSA,POVOADO FORMOSA - ZONA RURAL,POVOADO FORMOSA,48650000,-9.5984607,-39.099005,2,295.0,"49, 51","158, 158"
MACURURÉ,ESCOLA MUNICIPAL SÃO JOSÉ,POVOADO ICÓ - ZONA RURAL,POVOADO ICÓ,48650000,-9.3599964,-38.7172201,1,260.0,158,158
MACURURÉ,ESCOLA MUNICIPAL SÃO SEBASTIÃO,SÍTIO DOS BERNARDOS - ZONA RURAL,SÍTIO DOS BERNARDOS,48650000,-9.2391695,-38.8668266,1,389.0,159,158
MACURURÉ,ESCOLA MUNICIPAL VEREADOR ANTONIO GOMES LIMA,POVOADO SALGADO DO MELAO - ZONA RURAL,POVOADO SALGADO DO MELAO,48650000,-9.2974445,-38.6887934,2,276.0,"53, 91","158, 158"
MACURURÉ,GRUPO ESCOLAR NAVARRO DE BRITO,AV. ANTONIO CARLOS MAGALHAES - ZONA URBANA,CENTRO,48650000,-9.1711005,-39.0591513,3,885.0,"45, 75, 86","158, 158, 158"
MACURURÉ,GRUPO ESCOLAR SENHOR DO BONFIM,AV. ANTONIO CARLOS MAGALHAES - ZONA URBANA,CENTRO,48650000,-9.1716773,-39.0587003,4,980.0,"44, 57, 58, 152","158, 158, 158, 158"
MADRE DE DEUS,CENTRO DE EDUCAÇÃO INFANTIL FREI GOLDOFREDO RALF,RUA SÃO BRÁS,CENTRO,42600000,-12.7388905,-38.6166366,4,1152.0,"65, 66, 67, 151","162, 162, 162, 162"
MADRE DE DEUS,COLÉGIO PROFESSOR ANTÔNIO BALBINO,"RUA 13 DE JUNHO, 191 - ZONA URBANA",CENTRO,42600000,-12.7457371,-38.6173672,7,2484.0,"100, 111, 119, 138, 146, 150, 162","162, 162, 162, 162, 162, 162, 162"
MADRE DE DEUS,COMPLEXO MAGALHÃES NETTO,"RUA NELSON BARBOSA AZEVEDO, 122 - ZONA URBANA",CENTRO,42600000,-12.7415383,-38.6140752,11,4199.0,"72, 73, 74, 75, 76, 77, 92, 98, 112, 129, 157","162, 162, 162, 162, 162, 162, 162, 162, 162, 162, 162"
MADRE DE DEUS,ESCOLA DJAIR MARIA PINHEIRO,CONJ HABITACIONAL NOVA MADRE DE DEUS - ZONA URBANA,NOVA MADRE DE DEUS,42600000,-12.7397285,-38.6174123,5,1826.0,"68, 69, 70, 71, 85","162, 162, 162, 162, 162"
MADRE DE DEUS,ESCOLA MUNICIPAL ANTÔNIO CARLOS MAGALHÃES,"RUA PROFESSOR ANTÔNIO BALBINO, S/N - ZONA URBANA",SUAPE,42600000,-12.7360522,-38.6053101,8,3068.0,"79, 80, 81, 91, 110, 122, 140, 155","162, 162, 162, 162, 162, 162, 162, 162"
MADRE DE DEUS,ESCOLA MUNICIPAL DE MARIA GUARDA,"RUA BEIRA MAR , S/N - ZONA RURAL",POVOADO ILHA DE MARIA GUARDA,42600000,-12.7353987,-38.6359381,2,635.0,"78, 95","162, 162"
MADRE DE DEUS,ESCOLA MUNICIPAL LUIZ EDUARDO MAGALHÃES,"RUA FRANCISCO LEITÃO, S/N  - ZONA URBANA",CENTRO,42600000,-12.7390115,-38.6144246,8,2353.0,"83, 84, 88, 94, 107, 115, 139, 147","162, 162, 162, 162, 162, 162, 162, 162"
MADRE DE DEUS,ESCOLA NOSSA SENHORA DE MADRE DE DEUS,"RUA A, S/N - ZONA URBANA  ",NOVA MADRE DE DEUS,42600000,-12.7402032,-38.6161764,4,1480.0,"82, 90, 97, 120","162, 162, 162, 162"
MARAÚ,ANEXO ESCOLA MUNICIPAL GETÚLIO VARGAS,RUA BOA VISTA S/N - ZONA RURAL,POVOADO TAIPUS,45520000,-13.9497367,-38.9742667,2,452.0,"142, 198","78, 78"
MARAÚ,COLÉGIO ESTADUAL ANTÔNIO EDUARDO RIBEIRO ROCHA,"RUA DRA LILI, S/N - ZONA RURAL",POVOADO BARRA GRANDE,45520000,-13.8978517,-38.9539,6,2203.0,"143, 144, 145, 183, 189, 199","78, 78, 78, 78, 78, 78"
MARAÚ,COLÉGIO MUNICIPAL ALTANIRA MAURO RIBEIRO,RUA BERNARDINO MARTINS DE BRITO S/N - ZONA URBANA,CENTRO,45520000,-14.1038273,-39.0160288,2,668.0,"184, 191","78, 78"
MARAÚ,COLÉGIO MUNICIPAL ANTÔNIO VIANA FILHO,DISTRITO DE IBIAÇU - ZONA RURAL,DISTRITO IBIACU,45620000,-14.2574499,-39.2654564,2,378.0,"152, 196","78, 78"
MARAÚ,COLÉGIO MUNICIPAL D. PEDRO II,COMUNIDADE RURAL PAU COCO - ZONA RURAL,POVOADO PAU COCO,45520000,-14.1656217,-39.2444417,1,253.0,179,78
MARAÚ,COLÉGIO MUNICIPAL DR. ANTENOR LEMOS,"RUA AYRES COSTA, S/N - ZONA URBANA",CENTRO,45520000,-14.1036378,-39.0167369,5,1392.0,"136, 137, 138, 139, 140","78, 78, 78, 78, 78"
MARAÚ,COLÉGIO MUNICIPAL MARIA AMÉLIA GENÊ PIRAJÁ,"AVENIDA JOSÉ MELO PIRAJÁ, 64, BARRA GRANDE - ZONA RURAL",POVOADO BARRA GRANDE,45520000,-13.8941787,-38.9500077,3,899.0,"197, 201, 206","78, 78, 78"
MARAÚ,COLÉGIO MUNICIPAL TOMÉ MONTEIRO,POVOADO EMPATA VIAGEM - ZONA RURAL,POVOADO EMPATA VIAGEM,45620000,-14.17161,-39.2332417,2,603.0,"181, 187","78, 78"
MARAÚ,ESCOLA BARÃO DO RIO BRANCO,"RUA DAS FLORES, S/N - ZONA RURAL",POVOADO QUITUNGO,45520000,-14.2133608,-39.1012135,1,155.0,165,78
MARAÚ,ESCOLA CRECHE PROFª. ARLETE NERY CAMPELO,"AVENIDA UBAITABA, S/N",CENTRO,45520000,-14.1032907,-39.0201407,2,384.0,"133, 135","78, 78"
MARAÚ,ESCOLA DR. MÁRIO AUGUSTO TEIXEIRA DE FREITAS,POVOADO TANQUE  - ZONA RURAL,POVOADO TANQUE,45520000,-14.0117244,-38.980968,1,309.0,170,78
MARAÚ,ESCOLA GETÚLIO VARGAS,"PRAÇA ARIVALDO LEMOS VIVAS, S/N - ZONA RURAL",POVOADO TAIPUS,45520000,-13.9476756,-38.9794937,2,518.0,"141, 194","78, 78"
MARAÚ,ESCOLA MUNICIPAL ATANAEL DO AMOR DIVINO SANTOS,POVOADO ALGODÕES - ZONA RURAL,POVOADO ALGODÕES,45520000,-14.0764333,-38.9583233,1,261.0,190,78
MARAÚ,ESCOLA MUNICIPAL GILDO CONCEIÇÃO,"ESTRADA DO OROJÓ, S/N - ZONA RURAL",POVOADO PONTE DO SUL,45520000,-14.1221867,-39.173905,1,316.0,182,78
MARAÚ,ESCOLA MUNICIPAL MANOEL HEMETERIO DE LEMOS,POVOADO TREMEMBÉ - ZONA RURAL,POVOADO TREMENBÉ,45520000,-14.1663545,-39.0926254,4,1135.0,"172, 173, 174, 175","78, 78, 78, 78"
MARAÚ,ESCOLA MUNICIPAL NOVA DO CAUBI,"PRAÇA DA ALEGRIA, S/N - ZONA RURAL",POVOADO CAUBI,45520000,-14.2097646,-39.0397893,2,462.0,"161, 162","78, 78"
MARAÚ,ESCOLA MUNICIPAL ROBERTO ADAMI DE SÁ,"PONTO DO CAFÉ, S/N - ZONA RURAL",POVOADO PONTO DO CAFÉ,45520000,-14.262355,-39.1680383,2,442.0,"167, 168","78, 78"
MARAÚ,ESCOLA MUNICIPAL SENHORA SANTANA,ZONA RURAL DE IBIAÇU - PRAÇA PRINCIPAL - ZONA RURAL,DISTRITO IBIACU,45520000,-14.2576333,-39.2658683,3,476.0,"150, 151, 158","78, 78, 78"
MARAÚ,ESCOLA NOSSA SENHORA DA CONCEIÇÃO,"PRAIA DE SAQUAÍRA, S/N - ZONA RURAL",POVOADO PRAIA DE SAQUAÍRA,45520000,-14.0446504,-38.9550953,3,834.0,"163, 164, 205","78, 78, 78"
MARAÚ,ESCOLA NOVA AURORA,"POVOADO MINÉRIO, S/N - ZONA RURAL",POVOADO MINÉRIO,45520000,-14.1750683,-39.1878867,1,157.0,176,78
MARAÚ,ESCOLA ODILON ANDRADE,"PRAÇA DA IGREJA, S/N - ZONA RURAL",DISTRITO PIABANHA,45520000,-14.22778,-39.405885,4,853.0,"146, 147, 148, 149","78, 78, 78, 78"
MARAÚ,ESCOLA PROJETO SANTA MARIA,"ASSENTAMENTO RURAL DE SANTA MARIA, S/N - ZONA RURAL",POVOADO ASSENTAMENTO RURAL DE SANTA MARIA,45520000,-14.2181533,-39.09929,1,224.0,178,78
MARAÚ,ESCOLA SÃO GERÔNIMO,"PRAÇA SANTA LUZIA, S/N - ZONA RURAL",POVOADO TABOLEIRO,45520000,-14.2035133,-39.298055,3,829.0,"155, 156, 157","78, 78, 78"
MARAÚ,ESCOLA SÃO RAIMUNDO,POVOADO SÃO RAIMUNDO S/N ZONA RURAL,POVOADO SÃO RAIMUNDO,45520000,-14.26161,-39.1590033,1,349.0,166,78
MARAÚ,ESCOLA SÃO SEBASTIÃO,"POVOADO CAMPINHO, S/N - ZONA RURAL",POVOADO CAMPINHO,45520000,-13.9107727,-38.9870014,2,474.0,"171, 202","78, 78"
MATINA,COLEGIO ESTADUAL LUIZ EDUARDO MAGALHAES,RUA SETE DE SETEMBRO - S/N - ZONA URBANA,CENTRO,46480000,-13.9125266,-42.8505135,5,1569.0,"69, 70, 71, 72, 112","113, 113, 113, 113, 113"
MATINA,COLEGIO MUNICIPAL ANTONIO CARLOS FERNANDES ROCHA,RUA HERMENEGILDO FERNANDES NETO - S/N - ZONA URBANA,CENTRO,46480000,-13.9107645,-42.8442084,4,1398.0,"77, 78, 110, 114","113, 113, 113, 113"
MATINA,COLEGIO MUNICIPAL DE LAGES,POVOADO LAGES - ZONA RURAL,POVOADO LAGES,46480000,-13.9145739,-43.0448367,2,478.0,"118, 158","113, 113"
MATINA,COLEGIO MUNICIPAL DE MOCO,POVOADO MOCO  - ZONA RURAL,POVOADO MOCO,46480000,-13.7988711,-42.9897281,3,894.0,"120, 137, 160","113, 113, 113"
MATINA,COLEGIO MUNICIPAL DE PICHICO,POVOADO PICHICO - ZONA RURAL,POVOADO PICHICO,46480000,-13.8210377,-42.8347956,2,607.0,"119, 121","113, 113"
MATINA,COLEGIO MUNICIPAL ERALDO TINOCO,PRACA ERALDO TINOCO - S/N - ZONA URBANA,CENTRO,46480000,-13.911876,-42.845967,3,917.0,"73, 74, 164","113, 113, 113"
MATINA,COLÉGIO ESTADUAL GRANDES MESTRES BRASILEIROS,RUA ARTHUR FERREIRA - S/N - ZONA URBANA,ALTO DOS BEZERRAS,46480000,-13.9064431,-42.8390216,8,2650.0,"67, 68, 75, 76, 111, 113, 157, 167","113, 113, 113, 113, 113, 113, 113, 113"
MATINA,COLÉGIO MUNICIPAL DE BOA VISTA,POVOADO BOA VISTA - ZONA RURAL,POVOADO BOA VISTA,46480000,-13.7794204,-42.8068761,2,640.0,"117, 154","113, 113"
MATINA,POSTO DE SAUDE DE SALOBO,POVOADO SALOBO - ZONA RURAL,POVOADO SALOBO,46480000,-13.7743928,-42.8933782,2,416.0,"156, 163","113, 113"
MORPARÁ,ESCOLA  MUNICIPAL TOME DE SOUZA,POVOADO TAMBORIL - ZONA RURAL,POVOADO TAMBORIL,47580000,-11.76332,-42.9147265,1,79.0,74,173
MORPARÁ,ESCOLA ESTADUAL AGENOR LEITE,"AV. RUY BARBOSA, S/N - ZONA URBANA",CENTRO,47580000,-11.5617855,-43.277219,4,1243.0,"43, 44, 86, 95","173, 173, 173, 173"
MORPARÁ,ESCOLA MUNICIPAL ANTONIO CARDOSO DE ALMEIDA,POVOADO CAPIM DE RAIZ - ZONA RURAL,POVOADO CAPIM DE RAIZ,47580000,-11.9152544,-43.0783917,2,397.0,"63, 97","173, 173"
MORPARÁ,ESCOLA MUNICIPAL APRIGIO DE QUEIROZ,POVOADO QUIXABA - ZONA RURAL,POVOADO QUIXABA,47580000,-11.7988244,-43.1793805,2,371.0,"60, 61","173, 173"
MORPARÁ,ESCOLA MUNICIPAL CLEMENTI MARIANI,CARNAUBA GRANDE - ZONA RURAL,POVOADO CARNAUBA GRANDE,47580000,-11.8550909,-42.9045305,1,148.0,62,173
MORPARÁ,ESCOLA MUNICIPAL DOIS DE JULHO,POVOADO MOCAMBO DO ALTO - ZONA RURAL,POVOADO MOCAMBO DO ALTO,47580000,-11.9965243,-43.1012083,1,189.0,58,173
MORPARÁ,ESCOLA MUNICIPAL DOM EUGENIO SALES,POVOADO RIO DO PEIXE - ZONA RURAL,POVOADO RIO DO PEIXE,47580000,-11.894836,-42.8784474,1,146.0,56,173
MORPARÁ,ESCOLA MUNICIPAL EDSON ARANTES DO NASCIMENTO,POVOADO DE SANTA ROSA - ZONA RURAL,POVOADO SANTA ROSA,47580000,-11.7855732,-42.8657917,1,206.0,55,173
MORPARÁ,ESCOLA MUNICIPAL FRANCISCA NOVAES,POVOADO MUCAMBO DO BRANCO - ZONA RURAL,POVOADO MUCAMBO DO BRANCO,47580000,-11.732277,-42.9775906,1,223.0,57,173
MORPARÁ,ESCOLA MUNICIPAL HERMINIO MOREIRA,POVOADO CAPAO - ZONA RURAL,POVOADO CAPAO,47580000,-11.759618,-43.1924873,1,170.0,72,173
MORPARÁ,ESCOLA MUNICIPAL HORACIO DE MATOS,"RUA MARECHAL CASTELO BRANCO, S/N - ZONA URBANA",TAMBORILZINHO,47580000,-11.5551909,-43.2825588,2,537.0,"48, 49","173, 173"
MORPARÁ,ESCOLA MUNICIPAL JORGE AMADO,GILO - ZONA RURAL,POVOADO GILO,47580000,-11.7859155,-43.0635011,1,107.0,64,173
MORPARÁ,ESCOLA MUNICIPAL LUIZA PEREIRA DA CRUZ,POVOADO CANABRAVA DO GOMES -ZONA RURAL,POVOADO CANABRAVA DO GOMES,47580000,-11.8549744,-42.9042038,1,238.0,76,173
MORPARÁ,ESCOLA MUNICIPAL NEMIZIA,"AV. RUY BARBOSA, S/N - ZONA URBANA",CENTRO,47580000,-11.5639396,-43.2740795,5,1648.0,"45, 46, 47, 52, 233","173, 173, 173, 173, 173"
MORPARÁ,ESCOLA MUNICIPAL ULISSES GUIMARAES,PE DE SERRA - ZONA RURAL,POVOADO PE DE SERRA,47580000,-11.9712022,-42.9956374,1,162.0,172,173
MORPARÁ,ESCOLA MUNICIPAL VEREADOR JOAQUIM BARBOSA,"AV. ITORORÓ, S/N - ZONA URBANA",CENTRO,47580000,-11.5635715,-43.2777632,5,1386.0,"50, 51, 69, 91, 93","173, 173, 173, 173, 173"
NAZARÉ,CENTRO EDUCACIONAL COOPENAZA KIDS LTDA,RUA CONSELHEIRO SARAIVA - ZONA URBANA,CAMAMU,44400000,-13.0331063,-39.0062276,3,882.0,"9, 10, 220","30, 30, 30"
NAZARÉ,COLEGIO DR. AURÉLIO MIRANDA,AV. D. PEDRO II - ZONA URBANA,CENTRO,44400000,-13.0329891,-39.0109091,1,181.0,3,30
NAZARÉ,COLEGIO ESTADUAL DR. JOSÉ MARCELINO DE SOUZA,RUA CLEMENTE CALDAS - ZONA URBANA,MULUNGUS,44400000,-13.0346704,-39.0159845,16,4420.0,"28, 29, 30, 31, 32, 33, 40, 41, 42, 43, 49, 53, 54, 62, 205, 239","30, 30, 30, 30, 30, 30, 30, 30, 30, 30, 30, 30, 30, 30, 30, 30"
NAZARÉ,COLEGIO ESTADUAL GOV. LUIZ VIANA FILHO,RUA PROF. NAVARRO DE BRITO - ZONA URBANA,MURITIBA,44400000,-13.0385707,-39.0038908,8,2860.0,"13, 14, 15, 16, 17, 18, 176, 224","30, 30, 30, 30, 30, 30, 30, 30"
NAZARÉ,COLÉGIO LUZ DO SABER,"RUA EXPEDICIONÁRIO MIGUEL SOUZA, N 08 - ZONA URBANA",CONCEIÇÃO,44400000,-13.0353048,-39.011566,2,573.0,"4, 5","30, 30"
NAZARÉ,COLÉGIO MONTEIRO LOBATO,"PRAÇA CASTRO ALVES, N 21 - ZONA URBANA",CENTRO,44400000,-13.0335049,-39.0095107,3,1007.0,"1, 2, 34","30, 30, 30"
NAZARÉ,ESCOLA CÔNEGO GETÚLIO ROSA,POVOADO CABOTO - ZONA RURAL,POVOADO CABOTO,44400000,-12.9745843,-38.9465603,4,1165.0,"24, 25, 183, 238","30, 30, 30, 30"
NAZARÉ,ESCOLA DR. ALEXANDRE BITTENCOURT,RUA FERNAO ATAIDE - ZONA URBANA,COQUEIROS,44400000,-13.0346713,-39.0111832,2,410.0,"6, 11","30, 30"
NAZARÉ,ESCOLA EDUARDO CARIGÉ,RUA AMERICO PEIXOTO - ZONA URBANA,MURITIBA,44400000,-13.039272,-39.0028964,4,1405.0,"20, 21, 22, 23","30, 30, 30, 30"
NAZARÉ,ESCOLA MUNICIPAL AMADA TEIXEIRA,RUA DA MATINHA - ZONA URBANA,APAGA-FOGO,44400000,-13.0282811,-38.9983851,2,500.0,"63, 160","30, 30"
NAZARÉ,ESCOLA MUNICIPAL ANTONIO UZEDA NETO,RUA ALCIDES MARQUES CORREIA - ZONA URBANA,BATATAN,44400000,-13.0281882,-39.0172781,3,776.0,"52, 165, 235","30, 30, 30"
NAZARÉ,ESCOLA MUNICIPAL ARGEMIRO BONFIM,RUA MILTON ALMEIDA - ZONA URBANA,LADEIRA GRANDE,44400000,-13.0203348,-39.0295993,2,640.0,"55, 56","30, 30"
NAZARÉ,ESCOLA MUNICIPAL GUIOMAR MUNIZ PEREIRA,RUA DO MATADOURO - ZONA URBANA,APAGA-FOGO,44400000,-13.0324668,-38.9976362,3,969.0,"45, 46, 47","30, 30, 30"
NAZARÉ,ESCOLA MUNICIPAL INSTITUTO FEMININO NOSSA SENHORA DE NAZARÉ,"RUA CORONEL SANTOS MELHOR, S/N - ZONA URBANA",BATATAN,44400000,-13.0376855,-39.0204315,2,689.0,"202, 216","30, 30"
NAZARÉ,ESCOLA MUNICIPAL MARIA LUCIA TOURINHO,RUA LUIZ GUALBERTO - ZONA URBANA,CALABÁ,44400000,-13.0258579,-39.0229026,3,1082.0,"50, 51, 172","30, 30, 30"
NAZARÉ,ESCOLA MUNICIPAL MARINEIDE OLIVEIRA TUPINAMBÁ,RUA ALTO DE SAO JOSE - ZONA URBANA,APAGA-FOGO,44400000,-13.0306664,-38.9960729,2,629.0,"61, 162","30, 30"
NAZARÉ,ESCOLA MUNICIPAL NARCISO PITANGA,"PRACA DA REPUBLICA, S/N - ZONA URBANA",APAGA-FOGO,44400000,-13.0335093,-39.0015312,1,232.0,178,30
NAZARÉ,ESCOLA MUNICIPAL PROFESSORA ELZA ALVES SILVA,RUA DO AREAL - ZONA URBANA,AREAL,44400000,-13.0168415,-39.040802,2,443.0,"26, 27","30, 30"
NAZARÉ,ESCOLA MUNICIPAL REUNIDAS NOSSO SENHOR DO BONFIM,AV. D. PEDRO II - ZONA URBANA,CENTRO,44400000,-13.0330867,-39.010533,2,351.0,"19, 35","30, 30"
NAZARÉ,ESCOLA PROFESSORA NAIR DE ALMEIDA BRITO,"RUA DA CATIARA, S/N - ZONA URBANA",MURITIBA,44400000,-13.0388193,-38.9986939,2,687.0,"177, 189","30, 30"
NAZARÉ,POSTO DE EDUCACÃO JOSÉ PEDRO DE JESUS,PRACA JOAO DURVAL CARNEIRO - ZONA URBANA,APAGA-FOGO,44400000,-13.0334299,-39.0019746,3,707.0,"57, 58, 179","30, 30, 30"
NAZARÉ,UNIDADE DE SAÚDE JOÃO BATISTA DOS SANTOS,POVOADO LEONE - ZONA RURAL,POVOADO LEONE,44400000,-12.9627798,-38.9552413,2,748.0,"59, 60","30, 30"
NILO PEÇANHA,COLÉGIO ESTADUAL DE TEMPO INTEGRAL ADELAIDE SOUZA,"RODOVIA BA-001 NILO/ITUBERA, S/N, BAIXA FRIA - ZONA URBANA",BAIXA FRIA,45440000,-13.6054152,-39.1030963,10,2844.0,"101, 102, 103, 104, 116, 117, 118, 119, 141, 212","32, 32, 32, 32, 32, 32, 32, 32, 32, 32"
NILO PEÇANHA,ESCOLA CELINA PINHEIRO GOMES,POVOADO DE BARRA DE CARVALHO - ZONA RURAL,POVOADO BARRA DE CARVALHO,45440000,-13.660471,-38.9770637,2,775.0,"106, 107","32, 32"
NILO PEÇANHA,ESCOLA MUNICIPAL HELENILDA Mª TONETE GUIMARÃES ,"RODOVIA BA-001 NILO/ITUBERA, S/N, BAIXA FRIA - ZONA URBANA",BAIXA FRIA,45440000,-13.6076169,-39.1022526,3,838.0,"137, 159, 218","32, 32, 32"
NILO PEÇANHA,ESCOLA NOSSA SENHORA DAS GRAÇAS,POVOADO DE JATIMANE - ZONA RURAL,POVOADO JATIMANE,45440000,-13.6927807,-39.0466215,1,321.0,111,32
NILO PEÇANHA,ESCOLA SANTO ANTÔNIO,POVOADO DE ITIÚCA - ZONA RURAL,POVOADO ITIÚCA,45440000,-13.5841881,-39.0498137,1,270.0,105,32
NILO PEÇANHA,GINÁSIO MUNICIPAL JOSÉ CARLOS ALELUIA ,"RUA DA CACHOEIRA, S/N, POVOADO DE SÃO BENEDITO - ZONA RURAL",POVOADO SÃO BENEDITO,45440000,-13.7160751,-39.3596999,6,2317.0,"120, 121, 122, 123, 158, 203","32, 32, 32, 32, 32, 32"
NILO PEÇANHA,GINÁSIO PROFESSORA DINAH CARRILHO MONTEIRO,"POVOADO DE SÃO FRANCISCO, S/N - ZONA RURAL",POVOADO SÃO FRANCISCO,45440000,-13.6331155,-38.9970359,3,994.0,"108, 109, 110","32, 32, 32"
NILO PEÇANHA,GRUPO ESCOLAR SÃO BENEDITO,POVOADO DE SÃO BENEDITO - ZONA RURAL,POVOADO SÃO BENEDITO,45440000,-13.7172983,-39.3577037,4,1534.0,"112, 113, 114, 150","32, 32, 32, 32"
NOVA IBIÁ,CENTRO EDUCACIONAL ELZA COSTA VILAS BOAS,RUA ENEDINO DOS SANTOS,ALIPIO LOPES SOUZA,45452000,-13.80946887,-39.61847073,3,1000.0,"119, 179, 236","151, 151, 151"
NOVA IBIÁ,COLÉGIO ESTADUAL MARIA LEAL LOPES,"RUA 13 DE JUNHO, 16 - ZONA URBANA",NOVOS TEMPOS,45452000,-13.80994645,-39.62388085,6,1726.0,"120, 141, 143, 145, 148, 233","151, 151, 151, 151, 151, 151"
NOVA IBIÁ,COLÉGIO ISMÊNIA MOURA DE CARVALHO,"RUA JOÃO LIBÂNIO DA SILVA, N 145 - ZONA URBANA",ROSALINA MOURA,45452000,-13.81100399,-39.6260292,5,1435.0,"48, 49, 50, 51, 140","151, 151, 151, 151, 151"
NOVA IBIÁ,ESCOLA CARLOS CAÍRES DE BRITO,"RUA CARLOS CAÍRES BRITO, S/N - ZONA URBANA",CLETO CAÍRES BRITO,45452000,-13.81112065,-39.62270931,3,673.0,"46, 47, 112","151, 151, 151"
NOVA IBIÁ,ESCOLA MUNICIPAL ISAURA PIRES CAIRES,"PRAÇA 13 DE JUNHO, Nº 23 - ZONA URBANA",CENTRO,45452000,-13.80911241,-39.62618158,2,615.0,"151, 162","151, 151"
OURIÇANGAS,ASSOCIAÇÃO DOS PRODUTORES RURAIS COMUNITÁRIA DO RIO GRANDE,FAZENDA GENIPAPO - ZONA RURAL,POVOADO GENIPAPO,48150000,-11.98021726,-38.61792533,1,204.0,178,74
OURIÇANGAS,ASSOCIAÇÃO DOS PRODUTORES RURAIS DA REGIÃO DA ESTACADA,FAZENDA ESTACADA - ZONA RURAL,POVOADO ESTACADA,48150000,-12.04191869,-38.6593407,1,389.0,179,74
OURIÇANGAS,CRECHE MUNICIPAL TIA ZIZI,RUA MANOEL GOMES DE CERQUEIRA - ZONA URBANA,CENTRO,48150000,-12.01001106,-38.62883528,1,357.0,319,74
OURIÇANGAS,ESCOLA ESTADUAL ELIEL MARTINS,RUA IDELFONSO MARTINS - ZONA URBANA,CENTRO,48150000,-12.00731659,-38.6261889,4,1181.0,"55, 61, 112, 204","74, 74, 74, 74"
OURIÇANGAS,ESCOLA MUNICIPAL ANTÔNIO LOMANTO JÚNIOR,RUA ILDEFONSO MARTINS DE ABREU S/N - ZONA URBANA,CENTRO,48150000,-12.01297647,-38.63100823,3,732.0,"51, 52, 53","74, 74, 74"
OURIÇANGAS,ESCOLA MUNICIPAL DO SÍTIO NOVO,FAZENDA SÍTIO NOVO - ZONA RURAL,POVOADO SITIO NOVO,48150000,-12.0091252,-38.69843668,2,540.0,"141, 293","74, 74"
OURIÇANGAS,ESCOLA MUNICIPAL EDUARDO ALVES DA PAIXÃO,POVOADO CANAVIEIRA - ZONA RURAL,POVOADO CANAVIEIRA,48150000,-11.97908033,-38.66798242,1,275.0,173,74
OURIÇANGAS,ESCOLA MUNICIPAL EZEQUIEL ALVES DOS SANTOS,LOTEAMENTO ENCANTO DA CIDADE - ZONA URBANA,CENTRO,48150000,-12.01609022,-38.62831164,3,806.0,"129, 218, 282","74, 74, 74"
OURIÇANGAS,ESCOLA MUNICIPAL JAIRO AZI,RUA IDELFONSO MARTINS - ZONA URBANA,CENTRO,48150000,-12.01334715,-38.6312699,5,1300.0,"54, 56, 58, 59, 115","74, 74, 74, 74, 74"
OURIÇANGAS,ESCOLA MUNICIPAL OSORIO SALES DE CERQUEIRA,FAZENDA CATETE - ZONA RURAL,POVOADO CATETE,48150000,-11.95974193,-38.70547544,1,262.0,140,74
OURIÇANGAS,ESCOLA MUNICIPAL PASCOAL GUALBERTO DOS SANTOS,FAZENDA COQUEIRO - ZONA RURAL,POVOADO COQUEIRO,48150000,-12.04600323,-38.69898559,1,350.0,175,74
OURIÇANGAS,ESCOLA MUNICIPAL SANTA LUZIA,FAZENDA CORIMONGO - ZONA RURAL,POVOADO CORIMONGO,48150000,-11.9802138,-38.6843551,1,333.0,174,74
OURIÇANGAS,ESCOLA MUNICIPAL SANTO ANTÔNIO,FAZENDA MUNGUBA - ZONA RURAL,POVOADO PICADA,48150000,-12.04897013,-38.60799204,2,442.0,"184, 323","74, 74"
PARATINGA,COLEGIO CINECISTA ALCIDES DE O. DOURADO (ALCIDES DE OLIVEIRA DOURADO),RUA DR. MANOEL NOVAIS S/N - ZONA URBANA,CENTRO,47500000,-12.69264019,-43.18333273,3,1004.0,"103, 104, 105","173, 173, 173"
PARATINGA,COLÉGIO ESTADUAL JOSÉ EVANDRO DE OLIVEIRA BRANDÃO (MARIA ONÍLIA),"AVENIDA RIO BRANCO, S/N - ZONA URBANA",ALCIDES DE OLIVEIRA DOURADO,47500000,-12.69905763,-43.18320519,6,2269.0,"101, 102, 177, 185, 232, 237","173, 173, 173, 173, 173, 173"
PARATINGA,ESCOLA BORGES DOS REIS,PRACA 2 DE JULHO - ZONA URBANA,CENTRO,47500000,-12.69302945,-43.184341,5,1693.0,"98, 99, 100, 191, 234","173, 173, 173, 173, 173"
PARATINGA,ESCOLA ESTADUAL PRESIDENTE MEDICI (CHAPEUZINHO VERMELHO),RUA DR. MANOEL NOVAIS S/N - ZONA URBANA,CENTRO,47500000,-12.69101813,-43.18148324,5,1293.0,"152, 153, 154, 155, 236","173, 173, 173, 173, 173"
PARATINGA,ESCOLA MUNICIPAL AMOR PERFEITO,MACEDO - REGIAO SANTO ONOFRE - ZONA RURAL,POVOADO MACEDO,47500000,-12.7160761,-42.9881705,1,331.0,139,173
PARATINGA,ESCOLA MUNICIPAL CASTELO BRANCO (PATRÍCIA NEVES VIANA),PRACA XV DE NOVEMBRO S/N - ZONA URBANA,CENTRO,47500000,-12.68841698,-43.18200115,3,1192.0,"127, 128, 129","173, 173, 173"
PARATINGA,ESCOLA MUNICIPAL DE CROATÁ (JARDIM BRASIL),CROATA - REGIAO ASFALTO - ZONA RURAL,POVOADO CROATA,47500000,-12.817442,-43.2133728,1,316.0,184,173
PARATINGA,ESCOLA MUNICIPAL DO POVOADO PENHA,PENHA - REGIAO DO PAULISTA - ZONA RURAL,POVOADO PENHA,47500000,-12.36631862,-43.07655623,1,53.0,126,173
PARATINGA,ESCOLA MUNICIPAL EDUARDO ROSENDO DE MELO,POVOADO VOLTA DAS PEDRAS - DIVISA COM IBOTIRAMA - ZONA RURAL,POVOADO VOLTA DAS PEDRAS,47500000,-12.44278316,-43.19947997,1,306.0,157,173
PARATINGA,ESCOLA MUNICIPAL FELIPE GOMES DA SILVA,MOCAMBO - REGIAO BERIA RIO - ZONA RURAL,POVOADO MOCAMBO,47500000,-12.55050816,-43.17309243,1,313.0,147,173
PARATINGA,ESCOLA MUNICIPAL JARDIM FLORIDO,CHICHA - REGIAO DO SANTO ONOFRE - ZONA RURAL,POVOADO CHICHA,47500000,-12.7439996,-42.9707501,1,360.0,169,173
PARATINGA,ESCOLA MUNICIPAL JOÃO NOGUEIRA,POVOADO GARAPA - ZONA RURAL,POVOADO GARAPA,47500000,-13.0870075,-42.9960143,1,294.0,159,173
PARATINGA,ESCOLA MUNICIPAL MANOEL BARBOSA,POVOADO LAGOA DANTA - REGIAO DO ASFALTO - ZONA RURAL,POVOADO LAGOA DANTA,47500000,-12.9044756,-43.2065935,1,330.0,148,173
PARATINGA,ESCOLA MUNICIPAL MANOEL FAUSTINO,"PRACA DA BANDEIRA, S/N - ZONA URBANA",CENTRO,47500000,-12.69355255,-43.1882409,3,1168.0,"130, 131, 132","173, 173, 173"
PARATINGA,ESCOLA MUNICIPAL MANOEL RIBEIRO VIANA,VARZEA - REGIAO DAS CAATINGAS - ZONA RURAL,POVOADO VARZEA,47500000,-13.0010785,-43.0491027,2,620.0,"160, 161","173, 173"
PARATINGA,ESCOLA MUNICIPAL MARCOS SODRE DE VASCONCELOS (ANASTÁCIO NERY DA SILVA),POVOADO BREJO DAS MOCAS - ZONA RURAL,POVOADO BREJO DAS MOCAS,47500000,-12.5564675,-43.0367024,1,312.0,146,173
PARATINGA,ESCOLA MUNICIPAL MARECHAL DEODORO,CONCEICAO - REGIAO DO SANTO ONOFRE - ZONA RURAL,POVOADO CONCEICAO,47500000,-12.688178,-42.9958917,1,321.0,164,173
PARATINGA,ESCOLA MUNICIPAL MARECHAL DEODORO,POVOADO PEDRA COMPRIDA - REGIAO SANTO ONOFRE - ZONA RURAL,POVOADO PEDRA COMPRIDA,47500000,-12.7879669,-42.9695175,2,576.0,"120, 121","173, 173"
PARATINGA,ESCOLA MUNICIPAL OTAVIO MANGABEIRA,BARREIRO GRANDE  - REGIAO SANTO ONOFRE - ZONA RURAL,POVOADO BARREIRO GRANDE,47500000,-12.5919099,-43.0752613,1,359.0,151,173
PARATINGA,ESCOLA MUNICIPAL REINALDO RODRIGUES DA ROCHA,POCAO SANTO ONOFRE - ZONA RURAL,POVOADO POCAO DO SANTO ONOFRE,47500000,-12.7568556,-42.9781998,1,92.0,122,173
PARATINGA,ESCOLA MUNICIPAL ROMULO GALVAO,TEIU - REGIAO BEIRA RIO - ZONA RURAL,POVOADO TEIU,47500000,-12.57488276,-43.15027691,2,636.0,"133, 134","173, 173"
PARATINGA,ESCOLA MUNICIPAL SANTA MADALENA,POVOADO PAULISTA DE BAIXO - ZONA RURAL,POVOADO PAULISTA DE BAIXO,47500000,-12.49919865,-43.07552761,1,305.0,170,173
PARATINGA,ESCOLA MUNICIPAL SANTA RITA,MACAMBIRA DO SANTO ONOFRE - REGIAO SANTO ONOFRE - ZONA RURAL,POVOADO MACAMBIRA DO AGRESTE,47500000,-12.8204823,-42.9594804,1,274.0,165,173
PARATINGA,ESCOLA MUNICIPAL SANTO ANTONIO,RUA SAO JOAO S/N  - ZONA URBANA,CENTRO,47500000,-12.68515024,-43.17986854,3,1132.0,"118, 119, 189","173, 173, 173"
PARATINGA,ESCOLA MUNICIPAL SAO FRANCISCO,SAO FRANCISCO - REGIAO SANTO ONOFRE - ZONA RURAL,POVOADO SAO FRANCISCO,47500000,-12.6081608,-43.0249278,1,287.0,168,173
PARATINGA,ESCOLA MUNICIPAL SAO GERALDO (ANÍSIO TEIXEIRA),BARRO - REGIAO BEIRA RIO -ZONA RURAL,POVOADO BARRO,47500000,-12.60129401,-43.186448,1,381.0,150,173
PARATINGA,ESCOLA MUNICIPAL SAO JOAO,CALUMBI - REGIAO CAATINGAS -  ZONA RURAL,POVOADO CALUMBI,47500000,-13.0194294,-43.0421979,1,231.0,171,173
PARATINGA,ESCOLA MUNICIPAL SAO JOSE,EXTREMA - REGIAO BEIRA RIO - ZONA RURAL,POVOADO EXTREMA,47500000,-12.49563074,-43.2216315,1,161.0,135,173
PARATINGA,ESCOLA MUNICIPAL SAO JOSE,COVAO DE AREIA - REGIAO DO SANTO ONOFRE -ZONA RURAL,POVOADO COVAO DE AREIA,47500000,-12.5758614,-43.0815674,1,167.0,116,173
PARATINGA,ESCOLA MUNICIPAL SATURNINO R. DE ALMEIDA,MUQUEM - REGIAO DAS CAATINGAS - ZONA RURAL,POVOADO MUQUEM,47500000,-12.9370868,-43.0534634,1,148.0,114,173
PARATINGA,ESCOLA MUNICIPAL TIRADENTES,BARRA DO ROSARIO - BARRO DURO -  ZONA RURAL,POVOADO BARRA DO ROSARIO,47500000,-12.9377133,-42.9411929,1,82.0,167,173
PARATINGA,IGREJA DA BARAUNAS,BARAUNAS - REGIAO SANTO ONOFRE - ZONA RURAL,POVOADO BARAUNAS,47500000,-12.8767262,-42.9375797,1,172.0,166,173
PARATINGA,POLO EDU. VER. ANTONIO PEREIRA DOS ANJOS (ANTIGA PROFESSOR QUINTINO),CAIBROS - REGIAO DAS CAATINGAS - ZONA RURAL,POVOADO CAIBROS,47500000,-12.9087165,-43.0936684,1,392.0,162,173
PARATINGA,POLO EDUCACIONAL ANTONIO RAMOS,AGRESTE - REGIAO SANTO ONOFRE - ZONA RURAL,POVOADO AGRESTE,47500000,-12.8453918,-42.9600601,2,492.0,"140, 141","173, 173"
PARATINGA,POLO EDUCACIONAL FERNÃO DIAS (PEDRO NERY DA SILVA),PAULISTA - REGIAO DO PAULISTA - ZONA RURAL,POVOADO PAULISTA,47500000,-12.48418128,-43.04809826,3,691.0,"109, 110, 111","173, 173, 173"
PARATINGA,POLO EDUCACIONAL GILENO DO VALE XAVIER,VOLTA DA SERRA - ZONA RURAL,POVOADO VOLTA DA SERRA,47500000,-12.56075433,-43.12808213,2,795.0,"163, 173","173, 173"
PARATINGA,POLO EDUCACIONAL JOSE PEDRO DE MACEDO,BONSUCESSO - REGIAO DAS CAATINGAS - ZONA RURAL,POVOADO BONSUCESSO,47500000,-12.9834756,-43.0204371,1,226.0,117,173
PARATINGA,POLO EDUCACIONAL NOSSA SENHORA APARECIDA,CANABRAVA - REGIAO SANTO ONOFRE - ZONA RURAL,POVOADO CANABRAVA,47500000,-12.6282206,-43.0175972,3,605.0,"106, 107, 108","173, 173, 173"
PARATINGA,POLO EDUCACIONAL NOVO HORIZONTE,MANGABEIRA - REGIAO SANTO ONOFRE - ZONA RURAL,POVOADO BARRA DO PRETO,47500000,-12.5902173,-42.9819183,2,698.0,"137, 138","173, 173"
PARATINGA,POLO EDUCACIONAL PROF. HONORINA,PATOS - REGIAO CAATINGAS - ZONA RURAL,POVOADO PATOS,47500000,-12.9520405,-43.0438143,1,320.0,156,173
PARATINGA,POLO EDUCACIONAL PROFESSORA BOPINHA,POCAO SANTO ANTONIO - REGIAO BEIRA RIO - ZONA RURAL,POVOADO SANTO ANTONIO,47500000,-12.8310646,-43.2754347,2,543.0,"124, 125","173, 173"
PARATINGA,POLO EDUCACIONAL ROSA VAZ,BARREIRO - REGIAO SANTO ONOFRE - ZONA RURAL,POVOADO BARREIRO,47500000,-12.9035624,-42.9410573,1,170.0,112,173
PARATINGA,POLO EDUCACIONAL SANTA LUZIA,BOA VISTA - REGIAO DAS CAATINGAS - ZONA RURAL,POVOADO BOA VISTA,47500000,-13.0494805,-43.0463065,1,100.0,144,173
PARATINGA,POLO EDUCACIONALZENON LEAL PORTO,ALAGOAS - REGIAO DAS CAATINGAS - ZONA RURAL,POVOADO ALAGOAS,47500000,-12.8516592,-43.1213493,2,607.0,"142, 143","173, 173"
PARATINGA,POSTO DE SAÚDE DE LAGOA DANTA,POVOADO LAGOA DANTA - ZONA RURAL,POVOADO LAGOA DANTA,47500000,-12.9041961,-43.2067698,1,391.0,149,173
PARATINGA,PÓLO EDUCACIONAL JOÃO AGUIAR,POVOADO NOVA UNIÃO - ZONA RURAL,POVOADO NOVA UNIÃO,47500000,-12.41805339,-43.20480051,1,329.0,158,173
PAULO AFONSO,CASA DA CRIANÇA - 1,"AV GETÚLIO VARGAS, S/N - ZONA URBANA",CENTRO,48601001,-9.4074733,-38.2147383,5,826.0,"226, 228, 230, 232, 234","181, 181, 181, 181, 181"
PAULO AFONSO,CASA DA CRIANÇA - 2,"AV CONTORNO, S/N - ZONA URBANA",PERPÉTUO SOCORRO,48602050,-9.4055388,-38.226086,5,1776.0,"255, 256, 257, 258, 259","181, 181, 181, 181, 181"
PAULO AFONSO,CASA DA CRIANÇA - 3,"RUA DELMIRO GOUVEIA, 1381 - ZONA URBANA",TANCREDO NEVES II,48609000,-9.4380626,-38.2123925,6,2373.0,"72, 73, 74, 75, 346, 362","84, 84, 84, 84, 84, 84"
PAULO AFONSO,CASA DA CRIANÇA - 5,QUADRA C - ZONA URBANA,AMAURY ALVES DE MENEZES,48605180,-9.3944417,-38.23216,5,1701.0,"107, 288, 289, 290, 291","181, 181, 181, 181, 181"
PAULO AFONSO,CEMPA - CENTRO EDUCACIONAL MUNICIPAL DE PAULO AFONSO ,"TRAVESSA LUIZ VIANA FILHO, S/N - ZONA URBANA",CENTRO,48602560,-9.4005846,-38.2279318,5,851.0,"190, 191, 192, 193, 195","181, 181, 181, 181, 181"
PAULO AFONSO,CETEPI 2 - WILSON PEREIRA,"RUA WILSON PEREIRA, 255 - ZONA URBANA",CARDEAL BRANDÃO VILELA,48600000,-9.4483139,-38.2230291,8,3157.0,"335, 350, 379, 389, 399, 402, 407, 412","84, 84, 84, 84, 84, 84, 84, 84"
PAULO AFONSO,COLEGIO ESTADUAL DE TEMPO INTEGRAL DE PAULO AFONSO,AVENIDA CONTORNO - SN,CENTRO,48601500,-9.4016083,-38.2294495,5,943.0,"108, 110, 112, 114, 116","181, 181, 181, 181, 181"
PAULO AFONSO,COLÉGIO ESTADUAL PAULO FREIRE,"AVENIDA DOS ESTUDANTES, S/N - ZONA URBANA",AMAURY ALVES DE MENEZES,48605210,-9.3980364,-38.231605,5,693.0,"117, 119, 121, 123, 125","181, 181, 181, 181, 181"
PAULO AFONSO,COLÉGIO ESTADUAL QUITÉRIA MARIA DE JESUS,"AVENIDA TREZE DE MAIO,152 - ZONA URBANA",TANCREDO NEVES I,48609020,-9.4401905,-38.2214371,2,549.0,"411, 414","84, 84"
PAULO AFONSO,COLÉGIO SETE DE SETEMBRO,"RUA VEREADOR JOSÉ MOREIRA, 850 - ZONA URBANA",PERPÉTUO SOCORRO,48603004,-9.4085475,-38.2228538,12,3850.0,"260, 261, 262, 263, 264, 265, 266, 267, 268, 269, 270, 271","181, 181, 181, 181, 181, 181, 181, 181, 181, 181, 181, 181"
PAULO AFONSO,CRECHE MÁRIO LOURENÇO TORI - PRAINHA,"RUA HERBERT DE SOUZA, S/N, ZONA URBANA",SÃO VICENTE,48603524,-9.4066641,-38.2359319,1,250.0,410,84
PAULO AFONSO,ESCOLA ESTADUAL CARLINA BARBOSA DE DEUS,"RUA DA HARMONIA, N 700 - ZONA URBANA",CHESF,48608490,-9.4054017,-38.21494,19,5742.0,"236, 237, 238, 239, 240, 241, 242, 243, 244, 245, 246, 247, 248, 249, 250, 251, 252, 253, 254","181, 181, 181, 181, 181, 181, 181, 181, 181, 181, 181, 181, 181, 181, 181, 181, 181, 181, 181"
PAULO AFONSO,ESCOLA LIONS CLUBE,"AV APOLÔNIO SALES, S/N  - ZONA URBANA",CENTRO,48608100,-9.39879,-38.2243522,4,1247.0,"127, 308, 309, 310","181, 181, 181, 181"
PAULO AFONSO,ESCOLA MUNICIPAL 15 DE NOVEMBRO,POVOADO SÍTIO DE LÚCIO - ZONA RURAL,POVOADO SÍTIO DO LÚCIO,48600970,-9.6474367,-38.3163633,2,711.0,"131, 132","181, 181"
PAULO AFONSO,ESCOLA MUNICIPAL ALTO DA ESPORA,POVOADO ALTO DA ESPORA - ZONA RURAL,POVOADO ALTO DA ESPORA,48600970,-9.5564117,-38.242375,1,143.0,219,181
PAULO AFONSO,ESCOLA MUNICIPAL ALVES DE SOUZA,POVOADO XINGOZINHO - ZONA RURAL,POVOADO XINGOZINHO,48600970,-9.53884,-38.03267,2,419.0,"213, 313","181, 181"
PAULO AFONSO,ESCOLA MUNICIPAL AMÂNCIO PEREIRA,POVOADO TIGRE - ZONA RURAL,POVOADO TIGRE,48600970,-9.4846617,-38.2504027,2,713.0,"277, 357","84, 84"
PAULO AFONSO,ESCOLA MUNICIPAL ANTONIO DOMINGOS TEIXEIRA,POVOADO CAMPOS NOVOS - ZONA RURAL,POVOADO CAMPOS NOVOS,48600970,-9.4442815,-38.3200838,1,317.0,269,84
PAULO AFONSO,ESCOLA MUNICIPAL ANTONIO RAMALHO,POVOADO ARRASTA-PÉ - ZONA RURAL,POVOADO ARRASTA-PÉ,48600970,-9.5318075,-38.3025373,2,381.0,"130, 291","84, 84"
PAULO AFONSO,ESCOLA MUNICIPAL BONOMÃO,POVOADO BONOMÃO - ZONA RURAL,POVOADO BONoMÃO,48600000,-9.5136289,-38.3611444,1,223.0,328,84
PAULO AFONSO,ESCOLA MUNICIPAL CASTRO ALVES,POVOADO SÃO JOSÉ - ZONA RURAL,POVOADO SÃO JOSÉ,48600970,-9.6451011,-38.3614991,3,1087.0,"127, 215, 240","84, 84, 84"
PAULO AFONSO,ESCOLA MUNICIPAL D. PEDRO I,POVOADO BARRO VERMELHO - ZONA RURAL,POVOADO BARRO VERMELHO,48600970,-9.6365767,-38.28245,1,358.0,306,181
PAULO AFONSO,ESCOLA MUNICIPAL DA PRAINHA,"RUA MADRE TEREZA DE CALCUTÁ, SN - ZONA URBANA",SÃO VICENTE,48603596,-9.4091661,-38.2352753,1,360.0,372,84
PAULO AFONSO,ESCOLA MUNICIPAL DERNIVAL OLIVEIRA,"RUA JOSÉ BEZERRA DA SILVA, S/N - ZONA URBANA",DERNIVAL OLIVEIRA ,48603970,-9.3940094,-38.2518928,5,1931.0,"279, 329, 374, 391, 404","84, 84, 84, 84, 84"
PAULO AFONSO,ESCOLA MUNICIPAL DO RIACHO GRANDE,POVOADO RIACHO GRANDE - ZONA RURAL,POVOADO RIACHO GRANDE,48600970,-9.5217433,-38.1908317,1,172.0,214,181
PAULO AFONSO,ESCOLA MUNICIPAL GENERAL ARGUS LIMA,POVOADO JUÁ - ZONA RURAL,POVOADO JUÁ,48600970,-9.4375166,-38.4200238,3,1012.0,"122, 123, 261","84, 84, 84"
PAULO AFONSO,ESCOLA MUNICIPAL GEORGINA ALVES DA SILVA,"RUA SANTA BÁRBARA, 299 - ZONA URBANA",CARDEAL BRANDÃO VILELA,48604130,-9.4517532,-38.2160277,12,4646.0,"170, 235, 252, 266, 286, 306, 321, 326, 342, 351, 359, 375","84, 84, 84, 84, 84, 84, 84, 84, 84, 84, 84, 84"
PAULO AFONSO,ESCOLA MUNICIPAL GERVÁSIO TEIXEIRA LIMA,POVOADO NAMBEBÉ - ZONA RURAL,POVOADO NAMBEBÉ,48600970,-9.4789286,-38.3654384,1,236.0,276,84
PAULO AFONSO,ESCOLA MUNICIPAL GUIOMAR PEREIRA,"RUA ANÁPOLIS, S/N - ZONA URBANA",OLIVEIRA BRITO,48604530,-9.3751301,-38.2435524,10,3950.0,"167, 255, 320, 348, 365, 380, 390, 398, 403, 408","84, 84, 84, 84, 84, 84, 84, 84, 84, 84"
PAULO AFONSO,ESCOLA MUNICIPAL HIGINO GOMES DE SÁ ,"RUA SANTO ANTONIO, 373 - ZONA URBANA",CENTENÁRIO,48605660,-9.3803483,-38.2289683,11,4198.0,"292, 293, 294, 295, 296, 297, 298, 299, 300, 301, 312","181, 181, 181, 181, 181, 181, 181, 181, 181, 181, 181"
PAULO AFONSO,ESCOLA MUNICIPAL IMACULADA CONCEIÇÃO,POVOADO LAGOA DA PEDRA - ZONA RURAL,POVOADO LAGOA DA PEDRA,48600970,-9.4621633,-38.1139467,1,169.0,307,181
PAULO AFONSO,ESCOLA MUNICIPAL JOSÉ APARECIDO LIMA DE SOUZA,POVOADO BARRINHA - ZONA RURAL,POVOADO BARRINHA,48600970,-9.5701341,-38.3243179,1,298.0,274,84
PAULO AFONSO,ESCOLA MUNICIPAL JOVINO DE CARVALHO,PRAÇA ARTUR PEREIRA DE AZEVEDO - ZONA URBANA,RIACHO,48603970,-9.5731567,-38.2231417,6,1344.0,"220, 221, 222, 223, 224, 225","181, 181, 181, 181, 181, 181"
PAULO AFONSO,ESCOLA MUNICIPAL JOÃO FRANCISCO FILHO,POVOADO SÃO FRANCISCO - ZONA RURAL,POVOADO SÃO FRANCISCO,48600970,-9.670435,-38.2264217,1,391.0,217,181
PAULO AFONSO,ESCOLA MUNICIPAL JOÃO PEREIRA DE OLIVEIRA,POVOADO MALHADA DA CAIÇARA - ZONA RURAL,POVOADO MALHADA DA CAIÇARA,48600970,-9.6105117,-38.12262,1,84.0,215,181
PAULO AFONSO,ESCOLA MUNICIPAL LUIZ VIANA FILHO,POVOADO ALAGADIÇO - ZONA RURAL,POVOADO ALAGADIÇO,48600970,-9.5303629,-38.374885,1,165.0,273,84
PAULO AFONSO,ESCOLA MUNICIPAL MANOEL GOMES DE SÁ,POVOADO TABULEIRINHO - ZONA RURAL,POVOADO TABULEIRINHO,48600970,-9.5899767,-38.0746467,1,222.0,216,181
PAULO AFONSO,ESCOLA MUNICIPAL MANOEL NASCIMENTO NETO,"RUA BENONE RESENDE, 105 - ZONA URBANA",TANCREDO NEVES III,48610240,-9.4437688,-38.2249758,11,3840.0,"97, 98, 99, 119, 189, 197, 236, 246, 247, 248, 382","84, 84, 84, 84, 84, 84, 84, 84, 84, 84, 84"
PAULO AFONSO,ESCOLA MUNICIPAL MANOEL PEREIRA,POVOADO SALGADINHO - ZONA RURAL,POVOADO SALGADINHO,48600970,-9.3868926,-38.3351616,2,514.0,"129, 179","84, 84"
PAULO AFONSO,ESCOLA MUNICIPAL MARIA NOÊMIA DE BARROS,"RUA CAXANGÁ, 206 - ZONA URBANA",TANCREDO NEVES II,48609162,-9.442672,-38.2166773,1,161.0,415,84
PAULO AFONSO,ESCOLA MUNICIPAL ODILON CAFÉ,POVOADO TARÁ - ZONA RURAL,POVOADO TARÁ,48600970,-9.6048283,-38.0888267,1,102.0,128,181
PAULO AFONSO,ESCOLA MUNICIPAL PADRE LORENZO TORI,POVOADO VÁRZEA - ZONA RURAL,POVOADO VÁRZEA,48600970,-9.5476435,-38.4356398,3,482.0,"124, 125, 239","84, 84, 84"
PAULO AFONSO,ESCOLA MUNICIPAL PEDRO ÁLVARES CABRAL - SALOBRO,POVOADO SALOBRO - ZONA RURAL,POVOADO SALOBRO,48600970,-9.55955,-38.0531067,1,219.0,130,181
PAULO AFONSO,ESCOLA MUNICIPAL RAIMUNDO TOLEDO,"RUA SÃO PAULO, 293 - ZONA URBANA",RODOVIÁRIOS,48609508,-9.4348315,-38.1996789,7,2224.0,"111, 112, 171, 253, 285, 370, 371","84, 84, 84, 84, 84, 84, 84"
PAULO AFONSO,ESCOLA MUNICIPAL RITA GOMES DE SÁ,POVOADO MALHADA GRANDE - ZONA RURAL,POVOADO MALHADA GRANDE,48600970,-9.4652717,-38.123635,3,945.0,"302, 303, 304","181, 181, 181"
PAULO AFONSO,ESCOLA MUNICIPAL RIVADALVA DE CARVALHO,"RUA OLAVO BILAC, 510 - ZONA URBANA",TANCREDO NEVES II,48609180,-9.4456197,-38.2146156,13,5038.0,"117, 118, 190, 260, 282, 287, 347, 356, 369, 383, 392, 397, 401","84, 84, 84, 84, 84, 84, 84, 84, 84, 84, 84, 84, 84"
PAULO AFONSO,ESCOLA MUNICIPAL ROGÉRIO TAVARES DA SILVA,POVOADO BAIXA FUNDA - ZONA RURAL,POVOADO BAIXA FUNDA,48600970,-9.6837717,-38.36663,1,157.0,218,181
PAULO AFONSO,ESCOLA MUNICIPAL RUI BARBOSA,POVOADO CAIÇARA I - ZONA RURAL,POVOADO CAIÇARA I,48600970,-9.4397536,-38.2809935,2,624.0,"270, 361","84, 84"
PAULO AFONSO,ESCOLA MUNICIPAL SILVESTRE TORRES,POVOADO LAGOA DO RANCHO - ZONA RURAL,POVOADO LAGOA DO RANCHO,48600970,-9.5477088,-38.4081762,1,220.0,267,84
PAULO AFONSO,ESCOLA MUNICIPAL SÃO JOSÉ,LOTEAMENTO BOA ESPERANÇA - ZONA RURAL,BOA ESPERANÇA,48619899,-9.4046751,-38.268936,1,248.0,386,84
PAULO AFONSO,ESCOLA MUNICIPAL SÃO JOÃO BATISTA,POVOADO SERROTE - ZONA RURAL,POVOADO SERROTE,48600970,-9.5550913,-38.386384,1,331.0,268,84
PAULO AFONSO,ESCOLA MUNICIPAL TOMÉ DE SOUZA,POVOADO RIO DO SAL - ZONA RURAL,POVOADO RIO DO SAL,48600970,-9.4581717,-38.17039,1,367.0,305,181
PAULO AFONSO,ESCOLA MUNICIPAL VEREADOR JOÃO BOSCO RIBEIRO,"RUA DOS NAVEGANTES, S/N - ZONA URBANA",PERPÉTUO SOCORRO,48601430,-9.4085433,-38.2204,15,4768.0,"183, 184, 185, 186, 187, 188, 189, 199, 200, 201, 202, 203, 204, 205, 206","181, 181, 181, 181, 181, 181, 181, 181, 181, 181, 181, 181, 181, 181, 181"
PAULO AFONSO,ESCOLA MUNICIPAL VINÍCIUS DE MORAES,"RUA VINÍCIUS DE MORAES, S/N - ZONA URBANA",JARDIM BAHIA,48604020,-9.3963811,-38.244818,11,4167.0,"168, 169, 237, 303, 330, 353, 368, 384, 394, 400, 409","84, 84, 84, 84, 84, 84, 84, 84, 84, 84, 84"
PAULO AFONSO,"INSTITUTO FEDERAL DE EDUCAÇÃO, CIÊNCIA E TECNOLOGIA - IFBA","AV. MARCONDES FERRAZ,  200 - ZONA URBANA",GENERAL DUTRA,48607000,-9.3895934,-38.2162209,2,782.0,"272, 311","181, 181"
PAULO AFONSO,PARQUE DE EXPOSIÇÕES DE PAULO AFONSO - ENTRADA LATERAL,"AVENIDA PROJETADA, S/N - ZONA URBANA",JARDIM AEROPORTO,48600000,-9.4084603,-38.2381222,3,762.0,"310, 355, 413","84, 84, 84"
PAULO AFONSO,PARQUE DE EXPOSIÇÕES DE PAULO AFONSO - ENTRADA PRINCIPAL,"RODOVIA BA-210, KM-07, S/N - ZONA URBANA",SÃO VICENTE,48600000,-9.4090093,-38.2365299,4,1326.0,"309, 358, 385, 406","84, 84, 84, 84"
PAULO AFONSO,PRISIONAL - CONJUNTO PENAL DE PAULO AFONSO,"RUA GILBERTO LEAL, 321 - ZONA URBANA",TANCREDO NEVES III,48611262,-9.4435413,-38.2061086,1,0.0,396,84
PAULO AFONSO,SESC - SERVIÇO SOCIAL DO COMÉRCIO,"RUA SÃO MATEUS, S/N - ZONA URBANA",TANCREDO NEVES II,48600000,-9.4476577,-38.2195482,6,1778.0,"81, 82, 83, 360, 395, 405","84, 84, 84, 84, 84, 84"
PAULO AFONSO,UNEB - UNIVERSIDADE DO ESTADO DA BAHIA,"RUA DA GANGORRA, N 503 - ZONA URBANA",ALVES DE SOUZA,48608240,-9.4007086,-38.2129991,6,1520.0,"207, 208, 209, 210, 211, 212","181, 181, 181, 181, 181, 181"
PAULO AFONSO,UNEB - UNIVERSIDADE DO ESTADO DA BAHIA - ANEXO,"RUA DO BOM CONSELHO, N 179 - ZONA URBANA",ALVES DE SOUZA,48608230,-9.402335,-38.2142617,8,1477.0,"273, 275, 277, 279, 281, 283, 285, 287","181, 181, 181, 181, 181, 181, 181, 181"
PEDRO ALEXANDRE,COLÉGIO MUNICIPAL DE TEMPO INTEGRAL BARREIRAS,POVOADO BARREIRAS - ZONA RURAL,POVOADO BARREIRAS,48580000,-9.9374765,-38.0925458,5,1552.0,"92, 93, 146, 152, 204","51, 51, 51, 51, 51"
PEDRO ALEXANDRE,COLÉGIO MUNICIPAL GUILHERMINA DE ALMEIDA,"PRAÇA GENERAL LIBERATO DE CARVALHO, S/N - ZONA URBANA",CENTRO,48580000,-10.0087059,-37.892362,2,521.0,"124, 206","51, 51"
PEDRO ALEXANDRE,CRECHE MUNICIPAL EDITE NUNES DE OLIVEIRA,POVOADO PONTA DA SERRA - ZONA RURAL,POVOADO PONTA DA SERRA,48580000,-10.0279548,-37.8436795,2,499.0,"239, 242","51, 51"
PEDRO ALEXANDRE,CRECHE MUNICIPAL PEDRO ALEXANDRE,"PRAÇA GENERAL LIBERATO DE CARVALHO, S/N - ZONA URBANA",CENTRO,48580000,-10.0086307,-37.8928605,1,289.0,233,51
PEDRO ALEXANDRE,ESCOLA MUNICIPAL HERÁCLITO DE CARVALHO,POVOADO MALHADA NOVA - ZONA RURAL,POVOADO MALHADA NOVA,48580000,-10.0982834,-38.0480437,6,1646.0,"98, 99, 170, 173, 174, 210","51, 51, 51, 51, 51, 51"
PEDRO ALEXANDRE,ESCOLA MUNICIPAL JOÃO BATISTA DE CARVALHO,POVOADO CIPÓ DE LEITE - ZONA RURAL,POVOADO CIPÓ DE LEITE,48580000,-10.2121847,-37.785985,2,709.0,"95, 241","51, 51"
PEDRO ALEXANDRE,ESCOLA MUNICIPAL LUÍS EDUARDO MAGALHÃES,"AV. ANTÔNIO PESSOA PINTO, S/N - ZONA URBANA",CENTRO,48580000,-10.0152608,-37.8942676,6,1339.0,"84, 89, 90, 91, 125, 219","51, 51, 51, 51, 51, 51"
PEDRO ALEXANDRE,ESCOLA MUNICIPAL MALHADA BONITA,POVOADO MALHADA BONITA - ZONA RURAL,POVOADO MALHADA BONITA,48580000,-10.001736,-37.9474815,1,122.0,240,51
PEDRO ALEXANDRE,ESCOLA MUNICIPAL NIVALDA CARVALHO LEITE,"AV. JOÃO BATISTA DE CARVALHO, S/N - ZONA URBANA",CENTRO,48580000,-10.0141567,-37.8956267,5,1426.0,"86, 116, 126, 193, 213","51, 51, 51, 51, 51"
PEDRO ALEXANDRE,ESCOLA MUNICIPAL PEDRO ALEXANDRE,"AV. JOÃO BATISTA DE CARVALHO, S/N - ZONA URBANA",CENTRO,48580000,-10.0147584,-37.8979084,2,669.0,"87, 88","51, 51"
PEDRO ALEXANDRE,ESCOLA MUNICIPAL TRAPIÁ,POVOADO TRAPIÁ - ZONA RURAL,POVOADO TRAPIÁ,48580000,-10.1259313,-37.945383,2,403.0,"118, 172","51, 51"
PEDRO ALEXANDRE,ESCOLA MUNICIPAL UBIRATAN DE CARVALHO,POVOADO MALHADA NOVA - ZONA RURAL,POVOADO MALHADA NOVA,48580000,-10.0976606,-38.0495255,1,197.0,96,51
PEDRÃO,CRECHE MUNICIPAL PROFESSORA MARIA DA GLORIA XAVIER GOMES,"AVENIDA TANCREDO NEVES, S/N - ALTO DO CRUZEIRO",CENTRO,48140000,-1.0,-1.0,2,743.0,"132, 136","130, 130"
PEDRÃO,ESCOLA MUNICIPAL LUIZ VIANA FILHO,"PRACA PRESIDENTE MÉDICE, S/N - CENTRO",CENTRO,44255000,-12.14799708,-38.65125933,8,2519.0,"120, 122, 124, 125, 126, 128, 174, 177","130, 130, 130, 130, 130, 130, 130, 130"
PEDRÃO,ESCOLINHA MUNICIPAL DINHA ZEZÉ,RUA JOVINO VALVERDE - ZONA URBANA,CENTRO,48140000,-12.14580671,-38.64392357,6,1472.0,"162, 163, 164, 165, 166, 167","130, 130, 130, 130, 130, 130"
PEDRÃO,GINÁSIO ESTADUAL JOÃO BENEVIDES NOGUEIRA,RUA  ALTO DO CRUZEIRO - ZONA URBANA,CENTRO,48140000,-12.14636756,-38.64174928,5,1850.0,"137, 142, 146, 149, 150","130, 130, 130, 130, 130"
PIRAÍ DO NORTE,COLÉGIO ESTADUAL LUÍS NAVARRO DE BRITO,RUA RUY BARBOSA   - ZONA URBANA,CENTRO,45436000,-13.76112297,-39.37632187,6,2279.0,"209, 210, 211, 212, 213, 235","151, 151, 151, 151, 151, 151"
PIRAÍ DO NORTE,ESCOLA MUNICIPAL 2 DE MAIO,POVOADO DE  MASSARANDUBA - ZONA RURAL,POVOADO MASSARANDUBA,45436000,-13.77376259,-39.34697801,1,306.0,216,151
PIRAÍ DO NORTE,ESCOLA MUNICIPAL EDITE COSTA DE SOUZA,POVOADO DO MINEIRO - ZONA RURAL,POVOADO MINEIRO,45436000,-13.75572894,-39.34934952,2,509.0,"214, 215","151, 151"
PIRAÍ DO NORTE,ESCOLA MUNICIPAL JOSEFINA SALES DA CRUZ CHÉ,"RUA JOSEFINA SALES DA CRUZ CHÉ, S/N - ZONA URBANA",ACELINO MAMÉDIO,45436000,-13.76169904,-39.37475452,3,822.0,"243, 249, 250","151, 151, 151"
PIRAÍ DO NORTE,ESCOLINHA SONHO DE CRIANÇA,POVOADO DE TARARANGA - ZONA RURAL,POVOADO TARARANGA,45436000,-13.7368,-39.39207872,1,125.0,220,151
PIRAÍ DO NORTE,GRUPO ESCOLAR DÚQUE DE CAXIAS,QUINTA TRAVESSA DA RUA RUY BARBOSA - ZONA URBANA,ACELINO MAMÉDIO,45436000,-13.76281985,-39.37290022,8,2090.0,"222, 223, 224, 225, 226, 227, 228, 229","151, 151, 151, 151, 151, 151, 151, 151"
PIRAÍ DO NORTE,PRÉDIO ESCOLAR DOMINGOS MUCUGÊ,"RUA JOSEFINA SALES DA CRUZ CHÉ, SN - ZONA URBANA",ACELINO MAMÉDIO,45436000,-13.76131704,-39.37471159,3,734.0,"217, 218, 219","151, 151, 151"
PRESIDENTE TANCREDO NEVES,CENTRO EDUCACIONAL INFANTIL HELENITA MACHADO,"RUA ALTO DA COLINA, S/N - ZONA URBANA",GINÁSIO,45416000,-13.4591983,-39.4228633,5,1489.0,"180, 181, 182, 183, 184","197, 197, 197, 197, 197"
PRESIDENTE TANCREDO NEVES,CENTRO EDUCACIONAL INFANTIL MÃE VICENÇA,RUA NATAL,DISTRITO DE CORTE DE PEDRA,45416000,-13.5120048,-39.4510296,2,597.0,"138, 139","197, 197"
PRESIDENTE TANCREDO NEVES,CENTRO EDUCACIONAL MUNDO INFANTIL - CEMI,"AV IPIRANGA, S/N - ZONA URBANA",CENTRO,45416000,-13.4497333,-39.4239417,6,2300.0,"185, 186, 187, 188, 189, 190","197, 197, 197, 197, 197, 197"
PRESIDENTE TANCREDO NEVES,COLÉGIO MUNICIPAL CECÍLIA MACHADO,POVOADO GENDIBA - ZONA RURAL,REGIÃO DA GENDIBA I,45416000,-13.4040361,-39.3286372,3,1173.0,"159, 160, 161","197, 197, 197"
PRESIDENTE TANCREDO NEVES,COLÉGIO MUNICIPAL JOÃO DE SOUZA BARRETO,POVOADO UMBAÚBA - ZONA RURAL,REGIÃO DA UMBAÚBA,45416000,-13.48644,-39.367785,3,1020.0,"169, 170, 171","197, 197, 197"
PRESIDENTE TANCREDO NEVES,ESCOLA ESTADUAL DE PRIMEIRO GRAU DEPUTADO JAIRO CARNEIRO,PRAÇA DA INDEPENDÊNCIA S/N - ZONA URBANA,CENTRO,45416000,-13.4561126,-39.4230441,4,1183.0,"144, 145, 146, 147","197, 197, 197, 197"
PRESIDENTE TANCREDO NEVES,ESCOLA ESTADUAL MARIA XAVIER DE ANDRADE,RUA DR. HEITOR GUEDES DE MELO - ZONA URBANA,GINÁSIO,45416000,-13.4582957,-39.4226175,8,3190.0,"175, 176, 177, 178, 179, 197, 204, 210","197, 197, 197, 197, 197, 197, 197, 197"
PRESIDENTE TANCREDO NEVES,ESCOLA MUNICIPAL ANA NERY,"RUA EUGÊNIO VENCESLAU DOS SANTOS, S/N - ZONA URBANA",SERRARIA,45416000,-13.455395,-39.4181817,1,398.0,195,197
PRESIDENTE TANCREDO NEVES,ESCOLA MUNICIPAL ANTÔNIO SOUZA AGUIAR,POVOADO TESOURAS II - ZONA RURAL,REGIÃO DA TESOURA II,45416000,-13.3338433,-39.4153467,1,320.0,168,197
PRESIDENTE TANCREDO NEVES,ESCOLA MUNICIPAL AÉCIO NEVES,"RUA GRACIANO JOSÉ DE ANDRADE, S/N - ZONA URBANA",AÉCIO NEVES,45416000,-13.4533565,-39.4268545,8,2597.0,"163, 164, 165, 166, 167, 174, 196, 207","197, 197, 197, 197, 197, 197, 197, 197"
PRESIDENTE TANCREDO NEVES,ESCOLA MUNICIPAL BRÁS BISPO DE OLIVEIRA,RUA DO ACAMPAMENTO S/N - ZONA RURAL,DISTRITO DE MOENDA,45416000,-13.3869267,-39.3999983,7,1933.0,"148, 149, 150, 151, 152, 153, 154","197, 197, 197, 197, 197, 197, 197"
PRESIDENTE TANCREDO NEVES,ESCOLA MUNICIPAL CATHARINA BORGES DE SENA,POVOADO CORTE DE PEDRA - ZONA RURAL,DISTRITO DE CORTE DE PEDRA,45416000,-13.5091683,-39.4493983,4,1094.0,"134, 135, 136, 137","197, 197, 197, 197"
PRESIDENTE TANCREDO NEVES,ESCOLA MUNICIPAL DOM EDUARDO HERBOROLD,POVOADO GERVÁSIO - ZONA RURAL,REGIÃO DO GERVÁSIO,45416000,-13.3507234,-39.3996864,1,118.0,162,197
PRESIDENTE TANCREDO NEVES,ESCOLA MUNICIPAL PROFESSOR EDVALDO MACHADO BOAVENTURA,PRAÇA DA INDEPENDÊNCIA S/N - ZONA URBANA,CENTRO,45416000,-13.4562,-39.423095,6,2316.0,"140, 141, 142, 143, 198, 206","197, 197, 197, 197, 197, 197"
PRESIDENTE TANCREDO NEVES,ESCOLA MUNICIPAL RURAL DE IPIRANGA,POVOADO IPIRANGA - ZONA RURAL,REGIÃO DO IPIRANGA,45416000,-13.4652483,-39.49028,1,152.0,173,197
PRESIDENTE TANCREDO NEVES,ESCOLA MUNICIPAL VINICIUS LEAL,"RUA 1º DE MAIO, 40 - COLINA VERDE",COLINA VERDE,45416000,-13.4548937,-39.4189364,2,796.0,"156, 157","197, 197"
PRESIDENTE TANCREDO NEVES,PRÉDIO ESCOLAR DUARTE DA COSTA,REGIÃO DO JULIÃO I - ZONA RURAL,REGIÃO DO JULIÃO I,45416000,-13.4876517,-39.5135667,1,165.0,158,197
PRESIDENTE TANCREDO NEVES,PRÉDIO ESCOLAR MONTEIRO LOBATO,POVOADO DE CORTE DE PEDRA - ZONA RURAL,DISTRITO DE CORTE DE PEDRA,45416000,-13.5128426,-39.4511139,2,511.0,"194, 216","197, 197"
RIACHO DE SANTANA,ASSOCIAÇÃO DOS PEQUENOS PRODUTORES RURAIS DE CAJAZEIRAS,RODOVIA BR 430 - ZONA RURAL,POVOADO CAJAZEIRAS,46470000,-13.7186454,-42.8166248,2,429.0,"88, 89","113, 113"
RIACHO DE SANTANA,CENTRO DE EDUCAÇÃO INFANTIL DE AGRESTINHO,POVOADO AGRESTINHO - ZONA RURAL,ZONA RURAL,46470000,-13.9806629,-43.2113909,1,119.0,166,113
RIACHO DE SANTANA,CENTRO DE EDUCAÇÃO INFANTIL DE SAO JOAO,POVOADO SAO JOAO - ZONA RURAL,POVOADO SÃO JOÃO,46470000,-13.7239249,-42.9641984,1,335.0,133,113
RIACHO DE SANTANA,CENTRO DE EDUCAÇÃO INFANTIL OLGA ROCHA GOMES,RUA DOM PEDRO I - S/N - ZONA URBANA,MATO VERDE,46470000,-13.6172875,-42.936451,3,589.0,"50, 65, 96","113, 113, 113"
RIACHO DE SANTANA,COLEGIO ESTADUAL SINESIO COSTA,RUA MANOEL GUIMARAES - ZONA URBANA,MATO VERDE,46470000,-13.6148589,-42.9363783,18,6150.0,"35, 36, 40, 41, 42, 43, 44, 45, 46, 95, 98, 107, 115, 127, 136, 142, 146, 153","113, 113, 113, 113, 113, 113, 113, 113, 113, 113, 113, 113, 113, 113, 113, 113, 113, 113"
RIACHO DE SANTANA,COLEGIO MUNICIPAL DA MATA,POVOADO MATA - ZONA RURAL,POVOADO MATA,46470000,-13.4870309,-42.9333529,1,167.0,64,113
RIACHO DE SANTANA,COLEGIO MUNICIPAL DE AGRESTE,POVOADO AGRESTE - ZONA RURAL,POVOADO AGRESTE,46470000,-13.8737864,-43.2109873,2,563.0,"56, 129","113, 113"
RIACHO DE SANTANA,COLEGIO MUNICIPAL DE BOTUQUARA,DISTRITO BOTUQUARA - ZONA RURAL,DISTRITO BOTUQUARA,46470000,-13.6679397,-42.8572263,2,249.0,"79, 82","113, 113"
RIACHO DE SANTANA,COLEGIO MUNICIPAL DE BREJO DE SAO JOSE,POVOADO BREJO DE SAO JOSE - ZONA RURAL,POVOADO BREJO DE SAO JOSE,46470000,-13.3103588,-42.9420561,1,302.0,126,113
RIACHO DE SANTANA,COLEGIO MUNICIPAL DE CAMPINAS,POVOADO CAMPINAS - ZONA RURAL,POVOADO CAMPINAS,46470000,-13.9473899,-43.1200354,1,186.0,52,113
RIACHO DE SANTANA,COLEGIO MUNICIPAL DE LAGUNA,POVOADO LAGUNA - ZONA RURAL,POVOADO LAGUNA,46470000,-13.6416252,-43.1792779,6,1603.0,"61, 62, 63, 90, 135, 147","113, 113, 113, 113, 113, 113"
RIACHO DE SANTANA,COLEGIO MUNICIPAL DE SAMBAIBA,POVOADO SAMBAIBA - ZONA RURAL,POVOADO SAMBAIBA,46470000,-13.5991128,-42.7258429,1,241.0,165,113
RIACHO DE SANTANA,COLEGIO MUNICIPAL DE SANTA RITA,POVOADO SANTA RITA - ZONA RURAL,POVOADO SANTA RITA,46470000,-13.4423021,-43.0174117,5,1790.0,"57, 58, 59, 60, 122","113, 113, 113, 113, 113"
RIACHO DE SANTANA,COLEGIO MUNICIPAL DE SANTANA,POVOADO SANTANA - ZONA RURAL,POVOADO SANTANA,46470000,-13.6051568,-42.8737313,3,825.0,"91, 97, 162","113, 113, 113"
RIACHO DE SANTANA,COLEGIO MUNICIPAL DE VESPERINA,POVOADO VESPERINA - ZONA RURAL,POVOADO VESPERINA,46470000,-13.9688751,-43.3604068,3,782.0,"54, 55, 128","113, 113, 113"
RIACHO DE SANTANA,COLEGIO MUNICIPAL DO CEDRO,POVOADO CEDRO - ZONA RURAL,POVOADO CEDRO,46470000,-13.5606327,-43.0891835,2,579.0,"123, 155","113, 113"
RIACHO DE SANTANA,COLEGIO MUNICIPAL DO GADO BRAVO,POVOADO GADO BRAVO - ZONA RURAL,POVOADO GADO BRAVO,46470000,-13.5263874,-42.7129655,3,733.0,"86, 143, 161","113, 113, 113"
RIACHO DE SANTANA,COLEGIO MUNICIPAL MARIA AMARAL GUIMARAES GONDIM,RUA GERCINO COELHO S/N - ZONA URBANA,CENTRO,46470000,-13.6094985,-42.937435,6,2118.0,"30, 31, 32, 37, 38, 39","113, 113, 113, 113, 113, 113"
RIACHO DE SANTANA,CRECHE CASULO MENINO DEUS,DISTRITO BOTUQUARA - ZONA RURAL,DISTRITO BOTUQUARA,46470000,-13.6698841,-42.8554697,1,104.0,83,113
RIACHO DE SANTANA,ESCOLA MUNICIPAL ARNALDO CARDOSO,RUA DUQUE DE CAXIAS S/N - ZONA URBANA,CENTRO,46470000,-13.6094149,-42.9389111,6,1712.0,"47, 48, 49, 108, 138, 149","113, 113, 113, 113, 113, 113"
RIACHO DE SANTANA,ESCOLA MUNICIPAL DE BOQUEIRÃO DAS POMBAS,POVOADO BOQUEIRAO DAS POMBAS - ZONA RURAL,POVOADO BOQUEIRAO DAS POMBAS,46470000,-13.4129248,-43.1140688,2,476.0,"124, 159","113, 113"
RIACHO DE SANTANA,ESCOLA MUNICIPAL JOAQUIM NOGUEIRA,"RUA D. PEDRO I S/N, ZONA URBANA",CASTELO BRANCO,46470000,-13.6142116,-42.9356652,7,2187.0,"29, 33, 34, 94, 99, 134, 152","113, 113, 113, 113, 113, 113, 113"
RIACHO DE SANTANA,POSTO DE SAUDE DE TANQUE DO PAUL,POVOADO TANQUE DO PAUL - ZONA RURAL,POVOADO TANQUE DO PAUL,46470000,-13.6477408,-42.7677416,1,119.0,87,113
RODELAS,CENTRO DE EDUCAÇÃO MUNICIPAL JOÃO JUSTINIANO DA FONSECA,"RODOVIA BA 210, CENTRO, RODELAS-BA",CENTRO,48630000,-8.8516051,-38.764074,6,2310.0,"96, 97, 98, 101, 141, 165","158, 158, 158, 158, 158, 158"
RODELAS,COLÉGIO ESTADUAL DULCINA  CRUZ LIMA,RUA JOSÉ ROSA DE ALMEIDA - ZONA URBANA,CENTRO,48630000,-8.84538,-38.7703683,5,1832.0,"99, 100, 104, 157, 160","158, 158, 158, 158, 158"
RODELAS,COLÉGIO ESTADUAL INDÍGENA CAPITÃO FRANCISCO RODELAS,"R. RUA L 18, 855, ZONA URBANA",aldeia tuxá,48630000,-8.843585,-38.7698567,1,300.0,176,158
RODELAS,ESCOLA MUNICIPAL AFRO ANTONIO DOS SANTOS,"PROJETO ARATIKUM, AGROVILA VIII - ZONA RURAL, RODELAS-BA",POVOADO AGROVILA AR VIII,48630000,-8.8088483,-38.8443167,2,584.0,"103, 147","158, 158"
RODELAS,ESCOLA MUNICIPAL PROFESSORA JOANA LIMA REZENDE,"AVENIDA DOMINGOS JOSE DE ALMEIDA, ZONA URBANA",CENTRO,48630000,-8.8457033,-38.765295,2,697.0,"92, 93","158, 158"
RODELAS,ESCOLA MUNICIPAL PROFESSORA MARIA DE OLIVEIRA MENEZES,"RUA L, 15, CENTRO, RODELAS-BA",CENTRO,48630000,-8.8471083,-38.7643117,4,1338.0,"94, 95, 105, 161","158, 158, 158, 158"
RODELAS,ESCOLINHA MUNICIPAL RECANTO DA ALEGRIA,"PROJETO ITACOATIARA, AGROVILA AR II - ZONA RURAL, RODELAS-BA",POVOADO AGROVILA AR II,48630000,-8.9722204,-38.5633369,2,586.0,"102, 149","158, 158"
SALINAS DA MARGARIDA,CENTRO EDUCACIONAL PERMÍNIO SOUZA FERREIRA,"RUA PROF. GUILHARDO FALCAO DE CAMPOS, 141 - ZONA URBANA",CENTRO,44450000,-12.8748125,-38.7609933,7,2647.0,"147, 148, 149, 150, 151, 221, 237","30, 30, 30, 30, 30, 30, 30"
SALINAS DA MARGARIDA,COLEGIO CLODOALDO BRITO,RUA DO CRUZEIRO - ZONA RURAL,DISTRITO CAIRU,44450000,-12.8602094,-38.7918412,4,1359.0,"156, 157, 212, 242","30, 30, 30, 30"
SALINAS DA MARGARIDA,COLÉGIO ESTADUAL DE TEMPO INTEGRAL DE SALINAS DA MARGARIDA,RUA SAO CRISTOVAO - ZONA URBANA,CENTRO,44450000,-12.8834763,-38.755496,5,1974.0,"139, 173, 180, 191, 218","30, 30, 30, 30, 30"
SALINAS DA MARGARIDA,CRECHE CASA DE BELÉM,AVENIDA CESAR BORGES - ZONA RURAL,DISTRITO ENCARNAÇÃO,44450000,-12.9284058,-38.7656203,4,1402.0,"155, 168, 209, 231","30, 30, 30, 30"
SALINAS DA MARGARIDA,ESCOLA DR. JOSÉ  FIGUEIREDO,"RUA DO TAMARINEIRO, DENDE - ZONA URBANA",PORTO DA TELHA,44450000,-12.8853375,-38.7493274,3,1054.0,"152, 194, 223","30, 30, 30"
SALINAS DA MARGARIDA,ESCOLA MODELO DE ENCARNAÇÃO,"AVENIDA CESAR BORGES, S/N - ZONA URBANA",DISTRITO ENCARNAÇÃO,44450000,-12.9293873,-38.7717823,8,2876.0,"142, 143, 144, 158, 185, 208, 222, 243","30, 30, 30, 30, 30, 30, 30, 30"
SALINAS DA MARGARIDA,ESCOLA MODELO WILSON RIBEIRO PEDREIRA,RUA NOVA - ZONA RURAL,DISTRITO CONCEIÇÃO DE SALINAS,44450000,-12.8796808,-38.7803494,5,1902.0,"140, 141, 186, 215, 229","30, 30, 30, 30, 30"
SALINAS DA MARGARIDA,ESCOLA MUNICIPAL SEMENTINHA DO SABER 1,RUA BOA VISTA - ZONA URBANA,CENTRO,44450000,-12.872783,-38.759827,3,1028.0,"145, 146, 193","30, 30, 30"
SALINAS DA MARGARIDA,ESCOLA NOSSA SENHORA DA CONCEIÇÃO,PRACA JOAO JOAZEIRO - ZONA URBANA,DISTRITO CONCEIÇÃO DE SALINAS,44450000,-12.8809698,-38.7766817,3,871.0,"153, 154, 236","30, 30, 30"
SALINAS DA MARGARIDA,ESCOLA VALDEMAR ALVES MENEZES,RUA BOA VISTA - ZONA URBANA,CENTRO,44450000,-12.8737671,-38.7591372,3,945.0,"137, 138, 197","30, 30, 30"
SANTA BRÍGIDA,CENTRO EDUCACIONAL ALFRA BARBOSA VALADÃO,POVOADO MARANCÓ - ZONA RURAL,POVOADO MARANCÓ,48570970,-9.8688967,-38.1605283,4,831.0,"153, 154, 155, 156","181, 181, 181, 181"
SANTA BRÍGIDA,CENTRO EDUCACIONAL ANTONIO DA SILVA FEITOSA,POVOADO MINUIM - ZONA RURAL,POVOADO MINUIM,48570970,-9.8362483,-38.077755,3,384.0,"157, 159, 161","181, 181, 181"
SANTA BRÍGIDA,CENTRO EDUCACIONAL ZENOR PEREIRA TEIXEIRA,POVOADO COLÔNIA - ZONA RURAL,POVOADO COLÔNIA,48570970,-9.7518725,-38.2606871,2,496.0,"149, 151","181, 181"
SANTA BRÍGIDA,COLÉGIO MUNICIPAL PEDRO BATISTA,AVENIDA RUI BARBOSA 355- ZONA URBANA,CENTRO,48570970,-9.73469,-38.1231933,13,4416.0,"133, 134, 135, 136, 137, 138, 139, 140, 141, 142, 143, 144, 145","181, 181, 181, 181, 181, 181, 181, 181, 181, 181, 181, 181, 181"
SANTA BRÍGIDA,ESCOLA MUNICIPAL BENÍCIO TEIXEIRA LIMA,POVOADO CARAIBEIRA - ZONA RURAL,POVOADO CARAIBEIRAS I,48570970,-9.680675,-38.1554567,1,344.0,167,181
SANTA BRÍGIDA,ESCOLA MUNICIPAL CANA BRAVA,POVOADO CANA BRAVA - ZONA RURAL,POVOADO CANA BRAVA,48570970,-9.7747217,-38.3174933,1,274.0,171,181
SANTA BRÍGIDA,ESCOLA MUNICIPAL DR JOSÉ ALVES PORTELA,POVOADO BARRIGUDA - ZONA RURAL,POVOADO BARRIGUDA,48570970,-9.7018674,-38.2290495,2,477.0,"175, 176","181, 181"
SANTA BRÍGIDA,ESCOLA MUNICIPAL IZAURA PEREIRA DE QUEIROZ,POVOADO MULUNGU - ZONA RURAL,POVOADO MULUNGU,48570970,-9.761935,-38.18844,1,190.0,177,181
SANTA BRÍGIDA,ESCOLA MUNICIPAL JOSÉ ALVES PORTELA,"AVENIDA RUI BARBOSA, 373 - ZONA URBANA",CENTRO,48570000,-9.7353033,-38.1256483,4,1157.0,"146, 147, 148, 181","181, 181, 181, 181"
SANTA BRÍGIDA,ESCOLA MUNICIPAL JOSÉ DE OLIVEIRA MATOS,POVOADO BURI - ZONA RURAL,POVOADO BURI,48570970,-9.7575967,-38.2976833,1,273.0,168,181
SANTA BRÍGIDA,ESCOLA MUNICIPAL JOSÉ PEREIRA CHAVES,POVOADO RIACHO FUNDO - ZONA RURAL,POVOADO RIACHO FUNDO,48570970,-9.8274251,-38.1603258,1,302.0,179,181
SANTA BRÍGIDA,ESCOLA MUNICIPAL JOSÉ VIGÁRIO DA SILVA,POVOADO BANDEIRA - ZONA RURAL,POVOADO BANDEIRA,48570970,-9.6858044,-38.3280108,1,284.0,164,181
SANTA BRÍGIDA,ESCOLA MUNICIPAL JOÃO SANTANA DA SILVA,POVOADO POÇO DA CARTEIRA - ZONA RURAL,POVOADO POÇO DA CARTEIRA,48570970,-9.82057,-38.2013533,1,161.0,172,181
SANTA BRÍGIDA,ESCOLA MUNICIPAL KM 40,POVOADO KM 40 - ZONA RURAL,POVOADO KM 40,48570970,-9.7467633,-38.24413,2,789.0,"162, 163","181, 181"
SANTA BRÍGIDA,ESCOLA MUNICIPAL KM 42,POVADO KM 42 - ZONA RURAL,POVOADO KM 42,48570970,-9.7212383,-38.2369783,1,361.0,169,181
SANTA BRÍGIDA,ESCOLA MUNICIPAL PROFESSORA MARIA FERNANDES,POVOADO SANTA CRUZ - ZONA RURAL,POVOADO SANTA CRUZ,48570970,-9.7234063,-38.2760232,1,182.0,170,181
SANTA BRÍGIDA,ESCOLA MUNICIPAL SANTA BRIGIDA - ARATICUM,POVOADO ARATICUM - ZONA RURAL,POVOADO ARATICUM,48570000,-9.8153333,-38.2892117,1,171.0,182,181
SANTA BRÍGIDA,ESCOLA MUNICIPAL SIMIÃO ALVES DE MATOS,POVOADO ARAÚJO - ZONA RURAL,POVOADO ARAÚJO I,48570970,-9.8667534,-38.1185226,1,326.0,166,181
SANTA BRÍGIDA,ESCOLA MUNICIPAL SÃO JOSÉ,POVOADO INGAZEIRA - ZONA RURAL,POVOADO INGAZEIRA,48570970,-9.6832817,-38.10809,1,267.0,165,181
SANTA BÁRBARA,CENTRO DE EDUCAÇÃO E CULTURA JOÃO VENERÁVEL DE OLIVEIRA,POVOADO BOA VISTA - ZONA RURAL,POVOADO BOA VISTA,44150000,-11.9368188,-39.03524291,1,342.0,83,160
SANTA BÁRBARA,COLÉGIO ESTADUAL DE TEMPO INTEGRAL SÃO JOSÉ,"RUA SAO VICENTE DE PAULA, N° 198 - ZONA URBANA",CENTRO,44150000,-11.96212272,-38.97177036,19,5989.0,"16, 18, 21, 22, 23, 25, 26, 27, 28, 29, 30, 31, 34, 35, 39, 51, 66, 69, 76","160, 160, 160, 160, 160, 160, 160, 160, 160, 160, 160, 160, 160, 160, 160, 160, 160, 160, 160"
SANTA BÁRBARA,COLÉGIO ESTADUAL PROF. CARLOS VALADARES,AV. PATRICIO SAO PAULO - ZONA URBANA,CENTRO,44150000,-11.95744382,-38.97311624,7,2649.0,"19, 20, 43, 44, 71, 74, 77","160, 160, 160, 160, 160, 160, 160"
SANTA BÁRBARA,ESCOLA CLERISTON ANDRADE,POVOADO SITIO DAS FLORES - ZONA RURAL,POVOADO SÍTIO DAS FLORES,44150000,-11.84222685,-38.93918856,3,1046.0,"49, 72, 96","160, 160, 160"
SANTA BÁRBARA,ESCOLA DANIEL RIBEIRO DE OLIVEIRA,POVOADO VARINHAS - ZONA RURAL,POVOADO VARINHAS,44150000,-11.89723156,-38.9500555,2,492.0,"80, 139","160, 160"
SANTA BÁRBARA,ESCOLA JOSE ALVINO PEREIRA,"PRACA DA MATRIZ, POVOADO SÃO NICOLAU, S/N - ZONA RURAL",POVOADO SÃO NICOLAU,44150000,-11.83610618,-39.06383452,2,706.0,"47, 48","160, 160"
SANTA BÁRBARA,ESCOLA MARIO CUNHA DE OLIVEIRA,POVOADO MUCAMBO I - ZONA RURAL,POVOADO MUCAMBO I,44150000,-11.87866133,-38.95017371,1,333.0,81,160
SANTA BÁRBARA,ESCOLA MUNICIPAL ARMINDO CORDEIRO DA SILVA,POVOADO SACO DO CAPITAO - ZONA RURAL,POVOADO SACO DO CAPITÃO,44150000,-12.04741839,-39.00423721,3,822.0,"85, 100, 150","160, 160, 160"
SANTA BÁRBARA,ESCOLA MUNICIPAL D. PEDRO II,"RUA SAO VICENTE DE PAULA, S/N - ZONA URBANA",CENTRO,44150000,-11.96140434,-38.9719532,2,270.0,"24, 32","160, 160"
SANTA BÁRBARA,ESCOLA MUNICIPAL IRMÃ IRAÍDES DE ARAÚJO CRUZ,"RUA EDNA LIMA PIRES, S/N, BAIRRO TERRA SANTA, - ZONA URBANA",TERRA SANTA,44150000,-11.9467495,-38.97629304,3,1138.0,"93, 102, 145","160, 160, 160"
SANTA BÁRBARA,ESCOLA MUNICIPAL IRMÃ MARIA JOSÉ DO NASCIMENTO BRANDÃO,"AV. PATRÍCIO SÃO PAULO, S/N - ZONA URBANA",CENTRO,44150000,-11.95147268,-38.97508398,4,750.0,"45, 50, 53, 56","160, 160, 160, 160"
SANTA BÁRBARA,ESCOLA MUNICIPAL JOSÉ SALES DE LIMA,POVOADO CRUZEIRO - ZONA RURAL,POVOADO CRUZEIRO,44150000,-12.01926224,-38.97078532,2,796.0,"86, 101","160, 160"
SANTA BÁRBARA,ESCOLA MUNICIPAL LUIZ PEREIRA DE SOUZA E NOSSA SENHORA APARECIDA,POVOADO GRAVATA (AS ESCOLAS FICAM NO MESMO TERRENO) - ZONA RURAL,POVOADO GRAVATÁ,44150000,-11.9839979,-38.99314815,2,748.0,"95, 107","160, 160"
SANTA BÁRBARA,ESCOLA MUNICIPAL MONSENHOR LUIZ RAMOS MACHADO,RUA LEONIDIO MANOEL DE ALMEIDA - ZONA URBANA,CENTRO,44150000,-11.95867291,-38.97781118,6,2096.0,"90, 92, 99, 105, 147, 148","160, 160, 160, 160, 160, 160"
SANTA BÁRBARA,ESCOLA SENADOR RUI SANTOS,POVOADO CANDEAL PEQUENO - ZONA RURAL,POVOADO CANDEAL PEQUENO,44150000,-11.84040781,-38.99581569,2,466.0,"82, 106","160, 160"
SANTA BÁRBARA,PSF TEREZINHA COSTA OLIVEIRA,POVOADO SUCUPIRA - ZONA RURAL,POVOADO SUCUPIRA,44150000,-12.00194095,-38.99307322,2,543.0,"84, 146","160, 160"
SANTA MARIA DA VITÓRIA,CENTRO EDUCACIONAL DE INHAÚMAS,DISTRITO DE INHAUMAS - ZONA RURAL,DISTRITO INHAÚMAS,47640000,-13.03819825,-44.61912698,9,2017.0,"38, 52, 53, 59, 84, 85, 178, 201, 204","72, 72, 72, 72, 72, 72, 72, 72, 72"
SANTA MARIA DA VITÓRIA,CENTRO ESTADUAL DE EDUCAÇÃO SANTA-MARIENSE,RUA CORONEL CLEMENTE DE ARAUJO 218 - ZONA URBANA,CENTRO,47640000,-13.39874382,-44.19874643,9,1934.0,"43, 44, 45, 48, 63, 70, 78, 79, 196","72, 72, 72, 72, 72, 72, 72, 72, 72"
SANTA MARIA DA VITÓRIA,CENTRO TERRITORIAL DA BACIA DO RIO CORRENTE,AVENIDA ROBERTO SANTOS SN - ZONA URBANA,SAMBAIBA,47640000,-13.3874314,-44.1902403,8,2180.0,"64, 65, 66, 87, 88, 106, 180, 192","72, 72, 72, 72, 72, 72, 72, 72"
SANTA MARIA DA VITÓRIA,COLÉGIO ESTADUAL ROLANDO LARANJEIRA BARBOSA,RUA GONCALVES LEDO SN - CENTRO,CENTRO,47640000,-13.39175731,-44.19625259,7,2579.0,"31, 32, 33, 34, 35, 36, 37","72, 72, 72, 72, 72, 72, 72"
SANTA MARIA DA VITÓRIA,CORNÉLIO FERREIRA DO NASCIMENTO,POVOADO NOVA FRANCA - ZONA RURAL,POVOADO NOVA FRANCA,47640000,-13.35813039,-44.51487049,3,596.0,"80, 81, 103","72, 72, 72"
SANTA MARIA DA VITÓRIA,DOMINGO MANOEL CARDOSO,MARGENS DA RODOVIA BA 582 DISTRITO ACUDINA - ZONA RURAL,DISTRITO AÇUDINA,47640000,-13.2047136,-44.1485134,7,1431.0,"41, 42, 58, 69, 179, 197, 202","72, 72, 72, 72, 72, 72, 72"
SANTA MARIA DA VITÓRIA,ESCOLA EVANGÉLICA ROSA MAGALHÃES,"RUA TENENTE FAÇANHA, S/N  - ZONA URBANA",VILA NOVA,47640000,-13.39595944,-44.21024835,2,798.0,"232, 238","72, 72"
SANTA MARIA DA VITÓRIA,ESCOLA MUNICIPAL BENTO MANOEL DA SILVA,POVOADO CARAIBAS - ZONA RURAL,POVOADO CARAIBAS,47640000,-13.36510957,-44.44634111,2,523.0,"132, 212","72, 72"
SANTA MARIA DA VITÓRIA,ESCOLA MUNICIPAL BOA ESPERANCA,POVOADO DE PONTE VELHA - ZONA RURAL,DISTRITO INHAÚMAS,47640000,-13.18345491,-44.62177736,2,476.0,"183, 211","72, 72"
SANTA MARIA DA VITÓRIA,ESCOLA MUNICIPAL CASSIMIRO MOREIRA,POVOADO PAJEU - ZONA RURAL,POVOADO PAJEU,47640000,-13.18636723,-44.51469204,2,471.0,"130, 213","72, 72"
SANTA MARIA DA VITÓRIA,ESCOLA MUNICIPAL CELSO BARBOSA,POVOADO BREJAO - ZONA RURAL  ,POVOADO BREJÃO,47640000,-13.33942538,-44.2788292,1,373.0,98,72
SANTA MARIA DA VITÓRIA,ESCOLA MUNICIPAL DOM PEDRO II,POVOADO TIRIRICA - ZONA RURAL,POVOADO TIRIRICA,47640000,-13.38851592,-44.33420401,1,299.0,229,72
SANTA MARIA DA VITÓRIA,ESCOLA MUNICIPAL HERCULANO MARQUES,POVOADO CAFUNDO DOS GERAIS - ZONA RURAL,POVOADO CAFUNDO DOS GERAIS,47640000,-13.16506394,-44.26058261,1,206.0,193,72
SANTA MARIA DA VITÓRIA,ESCOLA MUNICIPAL ISIDORIO AFONSO DE OLIVEIRA,POVOADO BREJO DO ESPIRITO SANTO - ZONA RURAL,POVOADO BREJO DO ESPÍRITO SANTO,47640000,-13.3060029,-44.27232059,1,295.0,131,72
SANTA MARIA DA VITÓRIA,ESCOLA MUNICIPAL JEREMIAS RODRIGUES DA SILVA,POVOADO MOCAMBO - ZONA RURAL,POVOADO MOCAMBO,47640000,-13.28002965,-44.56285296,5,1093.0,"39, 40, 67, 68, 86","72, 72, 72, 72, 72"
SANTA MARIA DA VITÓRIA,ESCOLA MUNICIPAL JERONIMO MOREIRA DOS SANTOS,POVOADO CAFUNDO DOS CRIOULOS - ZONA RURAL,POVOADO CAFUNDÓ DOS CRIOULOS,47640000,-13.27661534,-44.39073291,1,259.0,128,72
SANTA MARIA DA VITÓRIA,ESCOLA MUNICIPAL JOSE FRANCISCO DE OLIVEIRA,POVOADO CORAGINA - ZONA RURAL,POVOADO CORAGINA,47640000,-13.37797396,-44.47359625,1,237.0,208,72
SANTA MARIA DA VITÓRIA,ESCOLA MUNICIPAL JOSÉ ALVARES BRANDÃO,POVOADO DE MACACO DOS GERAIS - ZONA RURAL,POVOADO DE MACACO DOS GERAIS,47640000,-13.14842778,-44.51521452,2,628.0,"228, 237","72, 72"
SANTA MARIA DA VITÓRIA,ESCOLA MUNICIPAL JOSÉ TEIXEIRA CHAVES,ESTRADA DE INHAÚMAS - POVOADO DE SÃO FRANCISCO - ZONA RURAL ,POVOADO DE SÃO FRANCISCO,47640000,-13.32030816,-44.54889143,1,147.0,216,72
SANTA MARIA DA VITÓRIA,ESCOLA MUNICIPAL MARILENE DE JESUS CARDOSO MATOS,"RUA RIO CORRENTE, N. 121 - ZONA URBANA",SETOR DO CARRANCA,47640000,-13.39456933,-44.20474988,5,1397.0,"92, 93, 182, 214, 224","72, 72, 72, 72, 72"
SANTA MARIA DA VITÓRIA,ESCOLA MUNICIPAL MOISÉS MARQUES DA SILVA,POVOADO PORTEIRA GRANDE - ZONA RURAL,POVOADO ÁGUA QUENTE,47640000,-13.21224958,-44.29397685,5,1014.0,"46, 47, 82, 83, 198","72, 72, 72, 72, 72"
SANTA MARIA DA VITÓRIA,ESCOLA MUNICIPAL NOVA ESPERANCA,POVOADO JITIRANA - ZONA RURAL,POVOADO JITIRANA,47640000,-13.24631599,-44.21291606,2,540.0,"127, 217","72, 72"
SANTA MARIA DA VITÓRIA,ESCOLA MUNICIPAL OLIMPIO FERNANDES LEAO,POVOADO CUSCUZEIRO - ZONA RURAL,POVOADO CUSCUZEIRO,47640000,-13.3204732,-44.1383576,4,1589.0,"96, 97, 207, 227","72, 72, 72, 72"
SANTA MARIA DA VITÓRIA,ESCOLA MUNICIPAL ROBERTO BORGES,"RUA GONÇALVES LEDO, S/N - ZONA URBANA",CENTRO,47640000,-13.3918934,-44.1963382,5,1399.0,"74, 75, 76, 181, 235","72, 72, 72, 72, 72"
SANTA MARIA DA VITÓRIA,ESCOLA MUNICIPAL SANTO ANTONIO,POVOADO MONTEVIDINHA - ZONA RURAL,POVOADO MONTEVIDINHA,47640000,-13.31474138,-44.42192135,2,550.0,"184, 220","72, 72"
SANTA MARIA DA VITÓRIA,ESCOLA MUNICIPAL SAO JOAO,POVOADO SAO JOAO - ZONA RURAL,POVOADO SAO JOAO,47640000,-13.30441892,-44.32583994,1,210.0,174,72
SANTA MARIA DA VITÓRIA,ESCOLA MUNICIPAL SENADOR JOSAPHAT MARINHO,"RUA A, 100 - ZONA URBANA",SETOR PLANALTO,47640000,-13.3885048,-44.2078715,2,694.0,"231, 240","72, 72"
SANTA MARIA DA VITÓRIA,ESCOLA MUNICIPAL TOME HIPOLITO CARDOSO,POVOADO CANIVETA - ZONA RURAL,POVOADO CANIVETA,47640000,-13.22236487,-44.52386762,1,339.0,99,72
SANTA MARIA DA VITÓRIA,"FACITE - FACULDADE DE CIÊNCIAS, TECNOLOGIA E EDUCAÇÃO","RUA EMÍLIO MARQUES, N. 298 - ZONA URBANA",PARQUE DE EXPOSIÇÃO,47640000,-13.38194718,-44.20176211,8,2605.0,"54, 55, 56, 57, 111, 187, 191, 223","72, 72, 72, 72, 72, 72, 72, 72"
SANTA MARIA DA VITÓRIA,ODORICO MARQUES,POVOADO BARREIRO CANABRAVA - ZONA RURAL,POVOADO BARREIRO DA CANABRAVA,47640000,-13.3120538,-44.0066351,1,128.0,173,72
SANTA MARIA DA VITÓRIA,POPULAR OLIVEIRA MAGALHÃES,"RUA JOSÉ LEOPOLDO LIMA, S/N - ALTO DA IGREJINHA - ZONA URBANA",CENTRO,47640000,-13.39306326,-44.19817493,4,871.0,"50, 51, 167, 177","72, 72, 72, 72"
SANTA MARIA DA VITÓRIA,PREDIO ESCOLAR ANTONIO RODRIGUES DA MATA,POVOADO CURRAIS - ZONA RURAL,POVOADO CURRAIS,47640000,-13.33067319,-44.40938883,4,705.0,"94, 95, 102, 185","72, 72, 72, 72"
SANTA MARIA DA VITÓRIA,UFOB - UNIVERSIDADE FEDERAL DO OESTE DA BAHIA,"PRAÇA ARGEMIRO FILARDI, S/N - ZONA URBANA",CENTRO,47640000,-13.3905692,-44.1939725,4,1044.0,"91, 107, 195, 219","72, 72, 72, 72"
SANTANA,ASSOCIAÇÃO DE AGRICULTORES FAMILIARES DO BAIXÃO DO CEDRO,PROVOADO DE BAIXÃO DO CEDRO,POVOADO BAIXAO DO CEDRO,47700000,-12.9550976,-44.1116322,1,391.0,177,99
SANTANA,CENTRO EDUCACIONAL JULIAO PEREIRA DE OLIVEIRA,POVOADO CARAIBAS - ZONA RURAL,POVOADO CARAIBAS,47700000,-13.1705415,-44.0255826,3,860.0,"87, 88, 89","99, 99, 99"
SANTANA,CENTRO EDUCACIONAL MUNICIPAL HENRIQUE FERREIRA SILVA,POVOADO BREJINHO - ZONA RURAL,POVOADO BREJINHO,47700000,-12.9736247,-44.1038386,1,267.0,203,99
SANTANA,CENTRO EDUCATIVO MUNICIPAL MOISÉS DE OLIVEIRA,"PRACA DA MATRIZ, S/N - ZONA RURAL",DISTRITO PORTO NOVO,47710000,-13.2906969,-43.90759,4,900.0,"76, 77, 78, 153","99, 99, 99, 99"
SANTANA,CENTRO EDUCATIVO VITAL FERREIRA DE ARAUJO,POVOADO CACHOEIRA - ZONA RURAL,POVOADO CACHOEIRA,47700000,-12.9642414,-44.1511306,5,1518.0,"81, 82, 83, 172, 191","99, 99, 99, 99, 99"
SANTANA,CRECHE MUNICIPAL JESUS BOM PASTOR,"RUA CLAUDELINO JOSE BRANDAO, S/N - ZONA URBANA",D. BOSCO,47700000,-12.9880895,-44.0373305,2,732.0,"70, 162","99, 99"
SANTANA,EDUCANDÁRIO DIOCESANO SANT'ANA,"RUA PADRE AURÉLIO, S/N - ZONA URBANA",CENTRO,47700000,-12.9811892,-44.0493401,4,744.0,"42, 47, 59, 170","99, 99, 99, 99"
SANTANA,ESCOLA MUNICIPAL ALEGRIA DO SABER,"RUA SAO VICENTE DE PAULA, S/N - ZONA URBANA",SÃO JOÃO,47700000,-12.9794591,-44.052499,6,2332.0,"54, 61, 62, 73, 199, 201","99, 99, 99, 99, 99, 99"
SANTANA,ESCOLA MUNICIPAL CLEBESON ANDRADE DE JESUS,RUA SETE DE SETEMBRO - ALTO SANTA RITA - ZONA URBANA,ALTO SANTA RITA,47700000,-12.979739,-44.0549433,4,1478.0,"58, 63, 64, 65","99, 99, 99, 99"
SANTANA,ESCOLA MUNICIPAL PEDRO ARAÚJO BARRETO,POVOADO CIPÓ,POVOADO CIPÓ,47700000,-12.966575,-44.13025,1,368.0,193,99
SANTANA,INSTITUIÇÃO ESPÍRITA JESUS CHRISTO,"RUA UBALDINA REGIS, S/N - ZONA URBANA",SÃO JOSÉ,47700000,-12.9841708,-44.0464334,8,2758.0,"52, 53, 66, 67, 68, 69, 74, 75","99, 99, 99, 99, 99, 99, 99, 99"
SANTANA,PREDIO ESCOLAR AVELINO JOSE DE SOUZA,POVOADO UMBURANA - ZONA RURAL,POVOADO UMBURANA,47700000,-12.8866185,-44.0791907,4,1186.0,"84, 85, 175, 202","99, 99, 99, 99"
SANTANA,PREDIO ESCOLAR BARAO DO RIO BRANCO,"AVENIDA MANOEL NOVAIS, S/N - ZONA URBANA",CENTRO,47700000,-12.9819483,-44.0497167,6,1765.0,"44, 45, 56, 60, 72, 151","99, 99, 99, 99, 99, 99"
SANTANA,PREDIO ESCOLAR FRANCELINO TAVARES DA COSTA,POVOADO CANABRAVA - ZONA RURAL,POVOADO CANABRAVA,47700000,-13.0704588,-44.087583,3,653.0,"79, 178, 190","99, 99, 99"
SANTANA,PREDIO ESCOLAR IRMA GENELISE DOMINGUES,POVOADO CEDRO - ZONA RURAL,POVOADO CEDRO,47700000,-12.9677594,-44.0013954,2,597.0,"80, 179","99, 99"
SANTANA,PREDIO ESCOLAR MUNICIPAL SANT'ANA,POVOADO ASSENTAMENTO JACARANDA - ZONA RURAL,POVOADO ASSENTAMENTO JACARANDÁ,47700000,-13.2162665,-43.7821603,1,321.0,192,99
SANTANA,PREDIO ESCOLAR RICARDO DOMINGUES DE FIGUEREDO,POVOADO TAMBORIL - ZONA RURAL,POVOADO TAMBORIL,47700000,-12.9938347,-44.0904041,3,799.0,"173, 185, 194","99, 99, 99"
SANTANA,PREDIO ESCOLAR SEBASTIAO JOSE PEREIRA,POVOADO BAIXA FUNDA - ZONA RURAL,POVOADO BAIXA FUNDA,47700000,-13.009498,-43.8126027,2,425.0,"86, 200","99, 99"
SANTANA,SECRETARIA MUNICIPAL DE EDUCAÇÃO,"RUA JOSÉ BONIFÁCIO, S/N - ZONA URBANA",CENTRO,47700000,-12.9825966,-44.0481069,7,1927.0,"46, 49, 50, 51, 71, 152, 157","99, 99, 99, 99, 99, 99, 99"
SANTANA,SINDICATO DOS TRABALHADORES RURAIS,"PRACA TIRADENTES, S/N - ZONA URBANA",CENTRO,47700000,-12.9848516,-44.0524568,1,177.0,55,99
SANTANÓPOLIS,COLÉGIO ESTADUAL DO CAMPO DE TEMPO INTEGRAL JOSE ANTONIO DE ALMEIDA,AVENIDA MANOEL DAMASIO S/N - ZONA URBANA,CENTRO,44260000,-12.02356206,-38.86610536,7,1518.0,"88, 119, 124, 181, 215, 274, 321","74, 74, 74, 74, 74, 74, 74"
SANTANÓPOLIS,CRECHE MUNICIPAL JOSÉ TAVARES FILHO,LOTEAMENTO ISAURA FERNANDES S/N - ZONA URBANA,CENTRO,44260000,-12.02357573,-38.86576956,2,593.0,"188, 279","74, 74"
SANTANÓPOLIS,ESCOLA MUNICIPAL EDGAR PEREIRA,FAZENDA LAGOA GRANDE - ZONA RURAL,POVOADO ALTO ALEGRE,44260000,-11.9669333,-38.83642639,2,793.0,"149, 292","74, 74"
SANTANÓPOLIS,ESCOLA MUNICIPAL JARBAS MASCARENHAS DE SOUZA,FAZENDA QUEIMADA GRANDE - ZONA RURAL,POVOADO QUEIMADA GRANDE,44260000,-11.98438083,-38.85767634,2,597.0,"192, 307","74, 74"
SANTANÓPOLIS,ESCOLA MUNICIPAL JOSE TAVARES FILHO,POVOADO RUMO - ZONA RURAL,POVOADO RUMO,44260000,-12.02799797,-38.84740856,1,376.0,311,74
SANTANÓPOLIS,ESCOLA MUNICIPAL JOSÉ DE LIMA VALVERDE,POVOADO RODEADOR - ZONA RURAL,POVOADO RODEADOR,44260000,-12.05886984,-38.85073784,2,610.0,"189, 302","74, 74"
SANTANÓPOLIS,ESCOLA MUNICIPAL MONTEIRO LOBATO,PRACA JOÃO NERY - ZONA URBANA,CENTRO,44260000,-12.02523634,-38.8657509,4,1448.0,"79, 80, 81, 121","74, 74, 74, 74"
SANTANÓPOLIS,ESCOLA MUNICIPAL PROFESSORA MARIA ELISABETE OLIVEIRA ESTRELA,"RUA HERCÍLIA CAMPOS , S/N - ZONA URBANA",CENTRO,44260000,-12.02498937,-38.86390908,4,768.0,"82, 86, 93, 258","74, 74, 74, 74"
SANTANÓPOLIS,ESCOLA MUNICIPAL RUI BARBOSA,POVOADO BOA ESPERA - ZONA RURAL,POVOADO BOA ESPERA,44260000,-11.91338168,-38.90051091,3,828.0,"95, 123, 328","74, 74, 74"
SANTANÓPOLIS,PREDIO ESCOLAR LAURO DE FREITAS,POVOADO QUILOMBO - ZONA RURAL,POVOADO QUILOMBO,44255000,-11.97812039,-38.88079655,2,446.0,"191, 322","74, 74"
SANTO AMARO,APAE - SANTO AMARO,"AV. FERREIRA BANDEIRA, S/N - ZONA URBANA",CENTRO,44200000,-12.5494822,-38.7099917,3,521.0,"34, 36, 38","178, 178, 178"
SANTO AMARO,ASSOCIAÇÃO DOS MORADORES DE ITAPEMA,DISTRITO DE ITAPEMA - ZONA RURAL,DISTRITO ITAPEMA,44200000,-12.70496064,-38.75475555,1,235.0,91,178
SANTO AMARO,CENTRO EDUCACIONAL MUNICIPAL ANA JUDITE DE ARAÚJO MELO,"RUA NOVA, S/N  - ZONA RURAL",DISTRITO SÃO BRAZ,44200000,-12.6059683,-38.7283057,3,1003.0,"113, 114, 115","178, 178, 178"
SANTO AMARO,CENTRO EDUCACIONAL MUNICIPAL ARMANDO SAMPAIO TAVARES (CEMOC),"PRAÇA HEITOR DIAS PEREIRA,SN - ZONA RURAL",DISTRITO OLIVEIRA DOS CAMPINHOS,44200000,-12.4252495,-38.7945593,9,2103.0,"72, 73, 74, 75, 76, 77, 78, 79, 80","178, 178, 178, 178, 178, 178, 178, 178, 178"
SANTO AMARO,CENTRO EDUCACIONAL MUNICIPAL DE ACUPE (CEMAC),"RUA EDVAL CARLOS BARRETO, S/N - ZONA RURAL",DISTRITO ACUPE,44200000,-12.6610139,-38.7519314,8,2969.0,"84, 85, 86, 87, 88, 89, 90, 149","178, 178, 178, 178, 178, 178, 178, 178"
SANTO AMARO,CENTRO EDUCACIONAL MUNICIPAL JOÃO CÂNCIO,SÍTIO CAMAÇARI - ZONA RURAL,POVOADO SÍTIO CAMACARI,44200000,-12.5781325,-38.7896165,5,1539.0,"112, 157, 174, 195, 203","178, 178, 178, 178, 178"
SANTO AMARO,CENTRO EDUCACIONAL MUNICIPAL LUÍS EDUARDO MAGALHÃES,"RUA DA RODAGEM, S/N - ZONA URBANA",DERBA,44200000,-12.5517754,-38.6904604,3,1135.0,"175, 196, 209","178, 178, 178"
SANTO AMARO,CENTRO EDUCACIONAL MUNICIPAL PROFESSORA STELA MUTTI,"PRAÇA DA PURIFICAÇÃO, S/N - ZONA URBANA",CENTRO,44200000,-12.5466231,-38.7112681,3,556.0,"1, 3, 206","178, 178, 178"
SANTO AMARO,CENTRO EDUCACIONAL PROFESSOR NESTOR DA COSTA OLIVEIRA,"RUA DO ASFALTO,SN - ZONA RURAL",DISTRITO PEDRAS,44200000,-12.5498314,-38.770732,5,1841.0,"92, 93, 116, 117, 118","178, 178, 178, 178, 178"
SANTO AMARO,CENTRO EDUCACIONAL SENADOR PEDRO LAGO (UFRB-CECULT),"PRAÇA DOS EX-COMBATENTES, S/N - ZONA URBANA",SACRAMENTO,44200000,-12.545395,-38.7099771,16,5046.0,"21, 22, 23, 24, 25, 26, 27, 28, 29, 30, 31, 32, 33, 171, 194, 202","178, 178, 178, 178, 178, 178, 178, 178, 178, 178, 178, 178, 178, 178, 178, 178"
SANTO AMARO,COLÉGIO ESTADUAL CASTRO ALVES,AV. EDVAL CARLOS BARRETO - ZONA RURAL,DISTRITO ACUPE,44200000,-12.6611156,-38.7509196,6,2391.0,"82, 83, 119, 120, 121, 169","178, 178, 178, 178, 178, 178"
SANTO AMARO,COMPLEXO EDUC MUNIC Mª LUZIA COSTA DOS SANTOS(COMPLEXO MALU),ENTRADA DA PEDRA - ZONA RURAL,POVOADO JERICÓ,44200000,-12.5304043,-38.7336974,3,815.0,"153, 173, 219","178, 178, 178"
SANTO AMARO,CÍRCULO OPERÁRIO CATÓLICO DE SANTO AMARO,"PRAÇA JOVINIANO BARRETO, 23/25 - ZONA URBANA",CENTRO,44200000,-12.5520099,-38.7108386,4,379.0,"95, 97, 101, 105","178, 178, 178, 178"
SANTO AMARO,ESCOLA GOVERNADOR  LUIZ VIANA FILHO,"RUA SANTA LUZIA, S/N - ZONA URBANA",TRAPICHE DE BAIXO,44200000,-12.5561737,-38.7005628,12,3857.0,"51, 52, 53, 54, 55, 56, 57, 58, 59, 60, 61, 62","178, 178, 178, 178, 178, 178, 178, 178, 178, 178, 178, 178"
SANTO AMARO,ESCOLA MARIA QUITÉRIA,POVOADO MURINGUE  - ZONA RURAL,POVOADO MURINGUE,44200000,-12.4580355,-38.8372079,1,311.0,184,178
SANTO AMARO,ESCOLA MUNICIPAL ANANIAS DE MOURA REQUIÃO,RODOVIA BA - SANTO AMARO / CACHOEIRA - ZONA RURAL,POVOADO BÂNGALA,44200000,-12.6171131,-38.7482447,1,232.0,164,178
SANTO AMARO,ESCOLA MUNICIPAL CORONEL FRANCISCO PINTO,"AVENIDA SANTOS, S/N - ZONA URBANA",IDEAL,44200000,-12.5453726,-38.7146556,4,1101.0,"154, 162, 166, 191","178, 178, 178, 178"
SANTO AMARO,ESCOLA MUNICIPAL CORONEL JOSÉ ANTÔNIO TORRES,"PRAÇA 2 DE JULHO, S/N - ZONA RURAL",DISTRITO ACUPE,44200000,-12.6599808,-38.7466721,3,937.0,"180, 199, 220","178, 178, 178"
SANTO AMARO,ESCOLA MUNICIPAL DR. ARAÚJO PINHO,"RUA DO IMPERADOR, SN - ZONA URBANA",CENTRO,44200000,-12.5539529,-38.7035685,3,887.0,"65, 66, 67","178, 178, 178"
SANTO AMARO,ESCOLA MUNICIPAL EDVALDO MACHADO BOAVENTURA,"AV. PRESIDENTE VARGAS, N 150 - ZONA URBANA",CENTRO,44200000,-12.5503598,-38.7063356,12,3825.0,"39, 40, 41, 42, 43, 44, 45, 46, 47, 48, 49, 50","178, 178, 178, 178, 178, 178, 178, 178, 178, 178, 178, 178"
SANTO AMARO,ESCOLA MUNICIPAL ELPÍDIO PARANHOS,"RUA DO SINIMBU, S/N - ZONA URBANA",SINIMBU,44200000,-12.5531228,-38.7005854,5,1962.0,"68, 69, 148, 161, 165","178, 178, 178, 178, 178"
SANTO AMARO,ESCOLA MUNICIPAL FAZENDA CANOA,POVOADO CANOA - ZONA RURAL,DISTRITO OLIVEIRA DOS CAMPINHOS,44200000,-12.4528463,-38.7652068,2,413.0,"94, 216","178, 178"
SANTO AMARO,ESCOLA MUNICIPAL ISIDORO PARANHOS,POVOADO BARRO VERMELHO - ZONA RURAL,POVOADO BARRO VERMELHO,44200000,-12.4309881,-38.8225664,1,232.0,185,178
SANTO AMARO,ESCOLA MUNICIPAL JOSÉ DE OLIVEIRA TEIXEIRA,POVOADO CEPEL - ZONA RURAL,POVOADO CEPEL,44200000,-12.5433463,-38.8530077,3,885.0,"81, 156, 217","178, 178, 178"
SANTO AMARO,ESCOLA MUNICIPAL LUIS SIMÕES REIS,"RUA ALTO DO SÃO FRANCISCO, S/N - ZONA URBANA",ALTO DO SÃO FRANCISCO,44200000,-12.5504547,-38.7138607,1,197.0,182,178
SANTO AMARO,ESCOLA MUNICIPAL PROFA ISABEL COELHO,POVOADO DA NOVA CONQUISTA - ZONA RURAL,DISTRITO OLIVEIRA DOS CAMPINHOS,44200000,-12.4875133,-38.7663816,3,920.0,"70, 167, 197","178, 178, 178"
SANTO AMARO,ESCOLA MUNICIPAL PROFESSORA MARIA ALELUIA DE OLIVEIRA,POVOADO FAZENDA PITINGA - ZONA RURAL,POVOADO PITINGA,44200000,-12.5692051,-38.7128644,2,453.0,"170, 208","178, 178"
SANTO AMARO,ESCOLA MUNICIPAL PROFESSORA MARIA DOS ANJOS SALLES BRASIL,"RUA CAMPO DA INVASÃO DA NOVA SANTO AMARO, N 46 - ZONA URBANA",NOVA SANTO AMARO,44200000,-12.5609199,-38.7013371,2,698.0,"205, 213","178, 178"
SANTO AMARO,ESCOLA MUNICIPAL PROFESSORA MARIA NAZARETH FERREIRA FALCÃO,"RUA ALTO DO CRUZEIRO, S/N - ZONA URBANA",CANDOLÂNDIA,44200000,-12.5483202,-38.7025047,1,397.0,204,178
SANTO AMARO,ESCOLA MUNICIPAL VISCONDE DE SÃO LOURENCO,POVOADO TANQUE DE SENZALA - ZONA RURAL,DISTRITO OLIVEIRA DOS CAMPINHOS,44200000,-12.3839005,-38.8150829,3,928.0,"71, 172, 198","178, 178, 178"
SANTO AMARO,ESCOLA PRADO VALADARES,"RUA GENERAL OSÓRIO, S/N - ZONA URBANA",TRAPICHE DE BAIXO,44200000,-12.5576865,-38.6998652,5,1684.0,"63, 64, 150, 190, 210","178, 178, 178, 178, 178"
SANTO AMARO,IFBA INST FED DE EDUC CIÊNC E TECNOL DA BAHIA-CAMPUS STO AMARO,TRAVESSA SANTO AMARO N 44 -  ZONA URBANA,BOMFIM,44200000,-12.5453763,-38.7215552,5,1422.0,"207, 211, 212, 214, 215","178, 178, 178, 178, 178"
SANTO AMARO,PRÉDIO DO ANTIGO CENTRO EDUCACIONAL TEODORO SAMPAIO,"AV. FERREIRA BANDEIRA, S/N - ZONA URBANA",CENTRO,44200000,-12.5484215,-38.7107797,16,4066.0,"5, 6, 7, 8, 9, 10, 11, 12, 13, 14, 15, 16, 17, 18, 19, 20","178, 178, 178, 178, 178, 178, 178, 178, 178, 178, 178, 178, 178, 178, 178, 178"
SANTO ESTEVÃO,COLÉGIO ESTADUAL DE TEMPO INTEGRAL DE SANTO ESTEVÃO,"RUA DR. ANÍSIO MOREIRA ALVES, 79, CENTRO - ZONA URBANA",CENTRO,44190000,-12.4327661,-39.2532377,24,9547.0,"66, 67, 68, 69, 70, 90, 91, 92, 93, 108, 109, 116, 117, 121, 125, 126, 128, 129, 160, 164, 199, 200, 212, 223","143, 143, 143, 143, 143, 143, 143, 143, 143, 143, 143, 143, 143, 143, 143, 143, 143, 143, 143, 143, 143, 143, 143, 143"
SANTO ESTEVÃO,COLÉGIO ESTADUAL DE TEMPO INTEGRAL PROFESSORA EDITE FERREIRA FONSECA,"PRAÇA HUMBERTO ALVES NOGUEIRA, S/N, CENTRO",CENTRO,44190000,-12.4330532,-39.2514083,11,3720.0,"56, 57, 58, 59, 60, 61, 62, 63, 64, 65, 124","143, 143, 143, 143, 143, 143, 143, 143, 143, 143, 143"
SANTO ESTEVÃO,ESCOLA MUNICIPAL ANTONIA OLIVEIRA SILVA ARAÚJO,POVOADO VÁRZEA DA CASA - ZONA RURAL,POVOADO VÁRZEA SUJA,44190000,-12.4750806,-39.2400022,3,550.0,"98, 113, 143","143, 143, 143"
SANTO ESTEVÃO,ESCOLA MUNICIPAL CLARA DE ASSIS,POVOADO SÍTIO DO ARAGÃO - ZONA RURAL,POVOADO VARGINHA,44190000,-12.4345961,-39.312514,1,128.0,178,143
SANTO ESTEVÃO,ESCOLA MUNICIPAL DOM PEDRO I,AV GETÚLIO VARGAS CENTRO ,CENTRO,44190000,-12.4332973,-39.2493323,11,3677.0,"74, 75, 76, 77, 78, 79, 88, 89, 166, 169, 171","143, 143, 143, 143, 143, 143, 143, 143, 143, 143, 143"
SANTO ESTEVÃO,ESCOLA MUNICIPAL FRANCELINO PEREIRA DE ASSIS,POVOADO CABOCLO - ZONA RURAL,POVOADO CABOCLO,44190000,-12.4961108,-39.2634567,1,168.0,230,143
SANTO ESTEVÃO,ESCOLA MUNICIPAL JOSÉ DE JESUS ROCHA,POVOADO CONGA - ZONA RURAL,POVOADO CONGA,44190000,-12.447214,-39.2170153,4,1262.0,"179, 192, 211, 227","143, 143, 143, 143"
SANTO ESTEVÃO,ESCOLA MUNICIPAL JOSÉ FERREIRA CONCEIÇÃO ,POVOADO JUAZEIRO - ZONA RURAL,POVOADO JUAZEIRO,44190000,-12.4443223,-39.1952554,2,578.0,"140, 194","143, 143"
SANTO ESTEVÃO,ESCOLA MUNICIPAL JOÃO VITORINO DE MOURA,POVOADO LAGOA PEQUENA - ZONA RURAL,POVOADO LAGOA PEQUENA,44190000,-12.5079389,-39.3207861,2,658.0,"97, 151","143, 143"
SANTO ESTEVÃO,ESCOLA MUNICIPAL LINÉSIO BASTOS DE SANTANA,POVOADO KM 50 - ZONA RURAL,POVOADO KM 50,44190000,-12.4960057,-39.3394461,2,667.0,"96, 127","143, 143"
SANTO ESTEVÃO,ESCOLA MUNICIPAL MARIA AMÉLIA DO CONDE CARDOSO,POVOADO BARAÚNAS - ZONA RURAL,POVOADO BARAÚNAS,44190000,-12.4577114,-39.2678053,2,772.0,"177, 203","143, 143"
SANTO ESTEVÃO,ESCOLA MUNICIPAL MARIA ORLANDA MAGALHÃES DE OLIVEIRA ,"AV. CASTRO ALVES, 303",CENTRO,44190000,-12.4292229,-39.2542698,4,1575.0,"55, 150, 154, 161","143, 143, 143, 143"
SANTO ESTEVÃO,ESCOLA MUNICIPAL MARIZELIA DE JESUS ROCHA LEAL,"RUA MARECHAL FLORIANO PEIXOTO, S/N - ZONA URBANA",CENTRO,44190000,-12.4324297,-39.2513979,6,1851.0,"173, 180, 182, 185, 188, 205","143, 143, 143, 143, 143, 143"
SANTO ESTEVÃO,ESCOLA MUNICIPAL MONSENHOR JOSÉ WALDIR DE SOUZA,AVENIDA RIO BAHIA - ZONA URBANA,TRIÂNGULO,44190000,-12.4476157,-39.2431428,3,1174.0,"141, 168, 193","143, 143, 143"
SANTO ESTEVÃO,ESCOLA MUNICIPAL ODILTON OLIVEIRA,POVOADO DIQUE  - ZONA RURAL,POVOADO DIQUE,44190000,-12.4909635,-39.2790388,3,982.0,"104, 142, 208","143, 143, 143"
SANTO ESTEVÃO,ESCOLA MUNICIPAL PROF AMENAIDE DE CARVALHO,POVOADO MODELO - ZONA RURAL,POVOADO MODELO,44190000,-12.4167965,-39.2304513,2,493.0,"165, 204","143, 143"
SANTO ESTEVÃO,ESCOLA MUNICIPAL PROFESSOR JOSÉ AGNALDO BARRETO DE ALMEIDA ,AVENIDA LUIZ VIANA   - ZONA URBANA,CENTRO,44190000,-12.4288496,-39.2471695,4,813.0,"84, 85, 86, 87","143, 143, 143, 143"
SANTO ESTEVÃO,ESCOLA MUNICIPAL PROFESSOR JOSÉ DE OLIVEIRA ARAPIRACA,POVOADO PAIAIA - ZONA RURAL,POVOADO PAIAIA,44190000,-12.4305271,-39.249307,2,602.0,"95, 134","143, 143"
SANTO ESTEVÃO,ESCOLA MUNICIPAL PROFESSORA AUTA PEREIRA DE AZEVEDO,POVOADO SÍTIO DO ARAGÃO - ZONA RURAL,POVOADO SÍTIO DO ARAGÃO,44190000,-12.4345837,-39.3156037,5,1507.0,"102, 103, 110, 172, 174","143, 143, 143, 143, 143"
SANTO ESTEVÃO,ESCOLA MUNICIPAL PROFESSORA MARIELZA SILVA COSTA,RUA D LOTEAMENTO BOM VIVER- LAGOA DOURADA - ZONA URBANA,CENTRO,44190000,-12.4335559,-39.2445986,5,1293.0,"71, 72, 73, 101, 209","143, 143, 143, 143, 143"
SANTO ESTEVÃO,ESCOLA MUNICIPAL PROFESSORA NEUZA MARIA PIRES DA SILVA,POVOADO VÁRZEA DA CASA - ZONA RURAL,POVOADO VÁRZEA DA CASA,44190000,-12.4747923,-39.2406372,4,1586.0,"106, 107, 181, 198","143, 143, 143, 143"
SANTO ESTEVÃO,ESCOLA MUNICIPAL RAMIRO JÚLIO DA PAIXÃO,POVOADO CAATINGUINHA - ZONA RURAL,POVOADO CAATINGUINHA,44190000,-12.4631788,-39.1918832,4,1214.0,"99, 100, 138, 207","143, 143, 143, 143"
SANTO ESTEVÃO,ESCOLA MUNICIPAL RAQUEL SENA LEITE,POVOADO DO URUÇU,POVOADO URUÇU,44190000,-12.4479655,-39.3571794,3,706.0,"94, 176, 196","143, 143, 143"
SANTO ESTEVÃO,ESCOLA MUNICIPAL REITOR EDGAR SANTOS,POVOADO LAMARÃO - ZONA RURAL,POVOADO LAMARÃO,44190000,-12.4132611,-39.2894959,3,727.0,"139, 144, 186","143, 143, 143"
SANTO ESTEVÃO,ESCOLA MUNICIPAL TANCREDO NEVES,POVOADO PAU DE VELA - ZONA RURAL,POVOADO PAU DE VELA,44190000,-12.4372289,-39.2300649,3,904.0,"175, 195, 226","143, 143, 143"
SANTO ESTEVÃO,ESCOLA MUNICIPAL ÂNGELO MAGALHÃES,"RUA D, S/N, CONJUNTO URBIS",CENTRO,44190000,-12.4423644,-39.2441229,1,175.0,225,143
SANTO ESTEVÃO,GRUPO ESCOLAR ISAURO BORGES CABRAL,"PRAÇA 21 DE SETEMBRO, S/N  - ZONA URBANA",CENTRO,44190000,-12.4354342,-39.2544114,5,1832.0,"80, 81, 82, 83, 206","143, 143, 143, 143, 143"
SAUBARA,CENTRO EDUCACIONAL  MANOEL CASTRO,"RUA ANANIAS REQUIÃO, S/N - ZONA URBANA",CENTRO,44220000,-12.7380987,-38.7647897,6,2382.0,"124, 125, 126, 127, 201, 218","178, 178, 178, 178, 178, 178"
SAUBARA,CENTRO EDUCACIONAL MARCO ANTÔNIO DO CARMO,"RUA ANANIAS REQUIÃO, N. 59  - ZONA URBANA",CENTRO,44220000,-12.7384128,-38.7657538,8,2482.0,"128, 129, 130, 131, 132, 133, 134, 163","178, 178, 178, 178, 178, 178, 178, 178"
SAUBARA,COLÉGIO ESTADUAL DE TEMPO INTEGRAL RICARDO CAMARA DA SILVA,"RUA DA VALA,S/N - ZONA URBANA",CENTRO,44220000,-12.7331201,-38.7669996,7,2601.0,"141, 142, 143, 145, 168, 176, 188","178, 178, 178, 178, 178, 178, 178"
SAUBARA,ESCOLA MUNICIPAL  IVONE ALMERINDA DA CRUZ,"LOTEAMENTO RIO DE CABUÇU, S/N - ZONA RURAL",DISTRITO CABUÇU,44220000,-12.77803388,-38.77264554,3,1049.0,"140, 181, 186","178, 178, 178"
SAUBARA,ESCOLA MUNICIPAL ISAURA BARROSO,"RUA DA IGREJA, S/N - ZONA RURAL",DISTRITO BOM JESUS DOS POBRES,44220000,-12.81024681,-38.77786794,4,1334.0,"146, 158, 177, 192","178, 178, 178, 178"
SAUBARA,ESCOLA MUNICIPAL LUIS VIANA FILHO,"RUA DO PRÉDIO, S/N - ZONA RURAL",DISTRITO CABUÇU,44220000,-12.78006019,-38.77292505,3,1056.0,"137, 138, 139","178, 178, 178"
SAUBARA,ESCOLA MUNICIPAL PROF. CAIO MOURA,"RUA ANANIAS REQUIÃO, N. 52 - ZONA URBANA",CENTRO,44220000,-12.7389887,-38.7673481,4,1542.0,"178, 179, 187, 189","178, 178, 178, 178"
SAUBARA,ESCOLA MUNICIPAL PROFª  ZILMAR GARCIA FERREIRA,"RUA SÃO JOSÉ, S/N  - ZONA RURAL",DISTRITO BOM JESUS DOS POBRES,44220000,-12.81388817,-38.78018384,3,985.0,"135, 136, 193","178, 178, 178"
SERRA DO RAMALHO,COLÉGIO ESTADUAL ANÍSIO HONORATO GODOY,"AVENIDA NORTE, S/N - ZONA URBANA",AGROVILA 09,47630000,-13.5420867,-43.5810683,9,2954.0,"258, 280, 284, 289, 295, 301, 305, 309, 314","71, 71, 71, 71, 71, 71, 71, 71, 71"
SERRA DO RAMALHO,EDUCANDÁRIO SENHOR DO BONFIM,AGROVILA 18 - ZONA RURAL,AGROVILA 18,47630000,-13.3813723,-43.6911685,3,619.0,"122, 124, 193","71, 71, 71"
SERRA DO RAMALHO,ESCOLA DE PRIMEIRO GRAU CASTRO ALVES,AGROVILA 09 - ZONA URBANA,AGROVILA 09,47630000,-13.54134,-43.5793833,9,2295.0,"108, 109, 110, 142, 173, 187, 246, 248, 274","71, 71, 71, 71, 71, 71, 71, 71, 71"
SERRA DO RAMALHO,ESCOLA DE PRIMEIRO GRAU SERRA DO RAMALHO,AGROVILA 12 - ZONA RURAL,AGROVILA 12,47630000,-13.5735517,-43.7108567,3,378.0,"116, 143, 237","71, 71, 71"
SERRA DO RAMALHO,ESCOLA ENGRO DESDEDIT C. V. SILVA,AGROVILA 01 - ZONA RURAL,AGROVILA 01,47630000,-13.2988867,-43.514595,5,1184.0,"84, 85, 86, 87, 179","71, 71, 71, 71, 71"
SERRA DO RAMALHO,ESCOLA IRMÃ PETRONILA MULLER AGROVILA 21,AGROVILA 21 - ZONA RURAL,AGROVILA 21,47630000,-13.7240354,-43.6557388,2,274.0,"129, 133","71, 71"
SERRA DO RAMALHO,ESCOLA MUNICIPAL 19 DE ABRIL,AGROVILA 19 - ZONA RURAL,AGROVILA 19,47630000,-13.3865503,-43.7577327,1,249.0,127,71
SERRA DO RAMALHO,ESCOLA MUNICIPAL AIRTON SENNA,POVOADO BARREIRO GRANDE - ZONA RURAL,POVOADO BARREIRO GRANDE,47630000,-13.766345,-43.598295,1,154.0,271,71
SERRA DO RAMALHO,ESCOLA MUNICIPAL BARTOLOMEU GUEDES,POVOADO FECHADINHA - ZONA RURAL,POVOADO FECHADINHA,47630000,-13.283705,-43.4673333,1,254.0,269,71
SERRA DO RAMALHO,ESCOLA MUNICIPAL BOM JESUS,AGROVILA 07 - ZONA RURAL,AGROVILA 07,47630000,-13.4848,-43.5595017,4,1288.0,"102, 103, 104, 185","71, 71, 71, 71"
SERRA DO RAMALHO,ESCOLA MUNICIPAL DOIS DE JULHO,AGROVILA 20 - ZONA RURAL,AGROVILA 20,47630000,-13.3223367,-43.7401433,2,709.0,"128, 196","71, 71"
SERRA DO RAMALHO,ESCOLA MUNICIPAL FREI FRANCISCO DA SOLEDADE,AGROVILA 03 - ZONA RURAL,AGROVILA 03,47630000,-13.3752999,-43.5326391,4,1076.0,"91, 92, 93, 181","71, 71, 71, 71"
SERRA DO RAMALHO,ESCOLA MUNICIPAL GETÚLIO VARGAS,AGROVILA 04 - ZONA RURAL,AGROVILA 04,47630000,-13.3458033,-43.5980617,3,870.0,"94, 96, 244","71, 71, 71"
SERRA DO RAMALHO,ESCOLA MUNICIPAL JOAQUIM JOSÉ DA SILVA XAVIER,AGROVILA 13 - ZONA RURAL,AGROVILA 13,47630000,-13.6472225,-43.7270002,2,705.0,"118, 191","71, 71"
SERRA DO RAMALHO,ESCOLA MUNICIPAL JOSÉ CARAÍBAS,POVOADO CAMPINHOS - ZONA RURAL,POVOADO CAMPINHOS,47630000,-13.6238245,-43.5483089,1,305.0,199,71
SERRA DO RAMALHO,ESCOLA MUNICIPAL JOÃO PAULO II,AGROVILA 14 - ZONA RURAL,AGROVILA 14,47630000,-13.6990818,-43.7352299,3,693.0,"120, 165, 192","71, 71, 71"
SERRA DO RAMALHO,ESCOLA MUNICIPAL MANOEL BANDEIRA,AGROVILA 22 - ZONA RURAL,AGROVILA 22,47630000,-13.6654883,-43.6517167,2,259.0,"131, 166","71, 71"
SERRA DO RAMALHO,ESCOLA MUNICIPAL MARCOS FREIRE,"COMUNIDADE CSB, BR 349, KM 779, SERRA DO RAMALHO / BA - ZONA RURAL",DISTRITO SEDE,47630000,-13.2733681,-43.6472571,1,173.0,317,71
SERRA DO RAMALHO,ESCOLA MUNICIPAL MARIA QUITÉRIA DE JESUS MEDEIROS,AGROVILA 17 - ZONA RURAL,AGROVILA 17,47630000,-13.4604417,-43.7206733,2,372.0,"144, 167","71, 71"
SERRA DO RAMALHO,ESCOLA MUNICIPAL NOSSA SENHORA APARECIDA,POVOADO PAMBÚ - ZONA RURAL,povoado pambú,47630000,-13.3603686,-43.4784293,1,266.0,272,71
SERRA DO RAMALHO,ESCOLA MUNICIPAL NOSSA SENHORA APARECIDA,AGROVILA 08 - ZONA RURAL,AGROVILA 08,47630000,-13.4790069,-43.6295284,2,397.0,"105, 107","71, 71"
SERRA DO RAMALHO,ESCOLA MUNICIPAL NOSSA SENHORA DE FÁTIMA,POVOADO ÁGUA FRIA - ZONA RURAL,POVOADO ÁGUA FRIA,47630000,-13.68045,-43.568885,1,169.0,273,71
SERRA DO RAMALHO,ESCOLA MUNICIPAL PADRE JOSÉ DE ANCHIETA,AGROVILA 11 - ZONA RURAL,AGROVILA 11,47630000,-13.5886583,-43.6510233,2,688.0,"115, 189","71, 71"
SERRA DO RAMALHO,ESCOLA MUNICIPAL PAULO MARTINS DE CARVALHO,POVOADO TAQUARI - ZONA RURAL,POVOADO TAQUARI,47630000,-13.5494567,-43.7958283,1,202.0,270,71
SERRA DO RAMALHO,ESCOLA MUNICIPAL PROFESSOR FÁBIO SANTOS BARBOSA,"RUA CANAÃ, II, BAIXADA FLUMINENSE",AGROVILA 09,47630000,-13.547675,-43.57438,3,1187.0,"327, 336, 339","71, 71, 71"
SERRA DO RAMALHO,ESCOLA MUNICIPAL PROFESSOR JOÃO BATISTA DA COSTA,AGROVILA 05 - ZONA RURAL,AGROVILA 05,47630000,-13.4403817,-43.5475767,4,990.0,"97, 98, 141, 183","71, 71, 71, 71"
SERRA DO RAMALHO,ESCOLA MUNICIPAL RUY BARBOSA,AGROVILA 06 - ZONA RURAL,AGROVILA 06,47630000,-13.4092112,-43.6130541,4,884.0,"99, 100, 101, 184","71, 71, 71, 71"
SERRA DO RAMALHO,ESCOLA MUNICIPAL SAGRADO CORAÇÃO DE JESUS,AGROVILA 10 - ZONA RURAL,AGROVILA 10,47630000,-13.53259,-43.642195,4,1389.0,"111, 112, 113, 188","71, 71, 71, 71"
SERRA DO RAMALHO,ESCOLA MUNICIPAL SÃO FRANCISCO,AGROVILA 02 - ZONA RURAL,AGROVILA 02,47630000,-13.2835011,-43.5833971,6,2383.0,"88, 89, 90, 180, 285, 308","71, 71, 71, 71, 71, 71"
SERRA DO RAMALHO,ESCOLA MUNICIPAL SÃO SEBASTIÃO,POVOADO BOA VISTA - ZONA RURAL,POVOADO BOA VISTA,47630000,-13.4966234,-43.4498394,3,823.0,"83, 140, 178","71, 71, 71"
SERRA DO RAMALHO,ESCOLA MUNICIPAL TOM JOBIM,FAZENDA GENIPAPO - ZONA RURAL,DISTRITO SEDE,47630000,-13.2249283,-43.7948235,1,240.0,268,71
SERRA DOURADA,COLÉGIO MUNICIPAL SARAPIÃO DIAS DA COSTA,POVOADO BOQUEIRAO -  ZONA RURAL,POVOADO BOQUEIRÃO,47740000,-12.795665,-44.0599067,3,719.0,"58, 60, 117","190, 190, 190"
SERRA DOURADA,COLÉGIO MUNICÍPAL MAURO RODRIGUES DE SOUZA,AV. SÃO CRISTÓVÃO -  ZONA URBANA,SERRA DOURADINHA,47740000,-12.7549283,-43.9507983,7,2080.0,"30, 31, 36, 37, 45, 46, 78","190, 190, 190, 190, 190, 190, 190"
SERRA DOURADA,ESCOLA ESTADUAL SÃO GONÇALO,AVENIDA MANSO CABRAL -  ZONA URBANA,CENTRO,47740000,-12.7621283,-43.9516733,5,1970.0,"32, 33, 34, 35, 124","190, 190, 190, 190, 190"
SERRA DOURADA,ESCOLA MINICÍPAL MONSENHOR FÉLIX,PRACA FRANCISCO J. DE AQUINO -  ZONA URBANA,CENTRO,47740000,-12.7626633,-43.9541767,4,1198.0,"43, 44, 77, 148","190, 190, 190, 190"
SERRA DOURADA,ESCOLA MUNICIPAL ELIEZER PEREIRA DA SILVA,"PRAÇA PEDRO JOSE DE AQUINO, S/N -  ZONA URBANA",CENTRO,47740000,-12.762645,-43.9540617,7,1900.0,"38, 39, 40, 41, 42, 75, 131","190, 190, 190, 190, 190, 190, 190"
SERRA DOURADA,ESCOLA MUNICIPAL JOSÉ LUIZ DA SILVA,POVOADO LAGOA DO CANTO - ZONA RURAL,POVOADO LAGOA DO CANTO,47740000,-12.7694617,-43.9124783,1,152.0,145,190
SERRA DOURADA,ESCOLA MUNICIPAL JOSÉ PEREIRA DA SILVA,POVOADO PORTEIRA DE SANTA CRUZ -  ZONA RURAL,POVOADO PORTEIRA DE SANTA CRUZ,47740000,-12.8216583,-44.1232717,2,383.0,"62, 127","190, 190"
SERRA DOURADA,ESCOLA MUNICIPAL MIGUEL MOREIRA DOS SANTOS,POVOADO LAGOA DO LORA -  ZONA RURAL,POVOADO LAGOA DO LORA,47740000,-12.7927767,-43.7318217,1,319.0,71,190
SERRA DOURADA,ESCOLA SAO PEDRO,POVOADO TORRADAS -  ZONA RURAL,POVOADO TORRADAS,47740000,-12.80556,-44.0952033,1,340.0,76,190
SERRA DOURADA,GRUPO ESCOLAR DAMAZIO,POVOADO DAMAZIO -  ZONA RURAL,POVOADO DAMAZIO,47740000,-12.8632933,-43.9032883,1,285.0,70,190
SERRA DOURADA,POSTO DE SAÚDE MARIA ROSA - ESF,POVOADO RIACHÃO - ZONA RURAL,POVOADO RIACHÃO,47740000,-12.8999667,-43.890375,2,529.0,"50, 51","190, 190"
SERRA DOURADA,PREDIO ESCOLAR ANTONIO MANUEL SOARES,POVOADO PONTA D'AGUA -  ZONA RURAL,POVOADO PONTA D'AGUA,47740000,-12.7787433,-44.0385083,1,137.0,68,190
SERRA DOURADA,PREDIO ESCOLAR FRANCISCO TELES,POVOADO TELES -  ZONA RURAL,POVOADO TELES,47740000,-12.7968933,-44.04604,1,109.0,61,190
SERRA DOURADA,PREDIO ESCOLAR JOAO LUIZ DE FRANCA,POVOADO MORRINHOS -  ZONA RURAL,POVOADO MORRINHOS,47740000,-12.9120067,-43.8425533,3,762.0,"48, 49, 73","190, 190, 190"
SERRA DOURADA,PREDIO ESCOLAR LOURISVALDO ALVES DE ARAUJO,POVOADO FEIRINHA -  ZONA RURAL,POVOADO FEIRINHA,47740000,-12.784915,-44.002555,2,595.0,"65, 119","190, 190"
SERRA DOURADA,PREDIO ESCOLAR MANOEL JOAQUIM DOS SANTOS,POVOADO POCO DO JUA -  ZONA RURAL,POVOADO POÇO DO JUÁ,47740000,-12.8335117,-43.9354967,2,583.0,"56, 57","190, 190"
SERRA DOURADA,PREDIO ESCOLAR MUNICIPAL LAZARO MEDRADO,POVOADO VÁRZEA DE BAIXO -  ZONA RURAL,SERRA DOURADINHA,47740000,-12.7696517,-43.9974933,2,494.0,"64, 134","190, 190"
SERRA DOURADA,PREDIO ESCOLAR PRESIDENTE MEDICI,DISTRITO  TRAIRAS -  ZONA RURAL,DISTRITO TRAIRAS,47740000,-12.8642067,-43.6893583,5,1498.0,"52, 53, 54, 55, 141","190, 190, 190, 190, 190"
SERRA DOURADA,PREDIO ESCOLAR SAO BENTO,POVOADO TAUA - ZONA RURAL,POVOADO TAUA,47740000,-12.814915,-44.055455,1,200.0,135,190
SERRA DOURADA,PRÉDIO ESCOLAR DA LAGOA DA ONÇA,POVOADO LAGOA DA ONÇA (ENTRE D. TRAÍRAS E P. LAGOA DA LORA)-ZONA RURAL,POVOADO LAGOA DA ONÇA,47740000,-12.8045167,-43.6664283,1,258.0,143,190
SERRA PRETA,COLEGIO ESTADUAL RENATO MEDEIROS NETO,AVENIDA CONTORNO S/N - ZONA RURAL,DISTRITO BRAVO,44660000,-12.1564559,-39.4578896,5,1808.0,"813, 814, 815, 816, 877","155, 155, 155, 155, 155"
SERRA PRETA,COMPLEXO ESCOLAR RAULINDA GOMES DE ARAÚJO SILVA,"RUA DOUTOR MANOEL ARAÚJO, S/N - ZONA RURAL",DISTRITO PONTO,44660000,-12.1373662,-39.3322778,2,362.0,"856, 858","155, 155"
SERRA PRETA,ESCOLA ESTADUAL NOSSA SENHORA DE LOURDES,RUA DOUTOR MANOEL ARAÚJO 167 - ZONA RURAL,DISTRITO PONTO,44660000,-12.1369524,-39.3329395,5,1088.0,"808, 809, 810, 811, 812","155, 155, 155, 155, 155"
SERRA PRETA,ESCOLA MUNICIPAL ALCIDES FIGUEREDO LEITE,AV. CONTORNO DO BRAVO S/N - ZONA RURAL,DISTRITO BRAVO,44660000,-12.1588482,-39.4565481,5,1356.0,"849, 850, 851, 852, 853","155, 155, 155, 155, 155"
SERRA PRETA,ESCOLA MUNICIPAL ALCIDES ISIDRO GONÇALVES,"PRAÇA DA MATRIZ SN, POVOADO BOM JESUS- ZONA RURAL",POVOADO BOM JESUS,44660000,-12.2334847,-39.4119136,2,479.0,"840, 841","155, 155"
SERRA PRETA,ESCOLA MUNICIPAL CIPRIANO SOARES,PRAÇA DA MATRIZ S/N - ZONA RURAL,POVOADO LAGOA DA CAIÇARA,44660000,-12.0223873,-39.4840368,3,447.0,"817, 819, 821","155, 155, 155"
SERRA PRETA,ESCOLA MUNICIPAL EDITH MACHADO BOA VENTURA,RUA MELQUIADES FIGUEREDO 35 - DISTRITO DO BRAVO - ZONA RURAL,DISTRITO BRAVO,44660000,-12.1540711,-39.455578,4,1473.0,"823, 824, 825, 826","155, 155, 155, 155"
SERRA PRETA,ESCOLA MUNICIPAL FELIPE VIEIRA,POVOADO CAROCHA - ZONA RURAL,POVOADO CAROCHA,44660000,-12.0642513,-39.5097323,2,409.0,"827, 828","155, 155"
SERRA PRETA,ESCOLA MUNICIPAL FILOMENO CUSTÓDIO DA COSTA,"POVOADO PISTOLA, S/N - ZONA RURAL",POVOADO PISTOLA,44660000,-12.0086193,-39.3278998,1,163.0,829,155
SERRA PRETA,ESCOLA MUNICIPAL FLÁVIO MERCES,PRAÇA DA MATRIZ SN - ZONA RURAL,POVOADO MORRO DO CURRAL,44660000,-12.0183747,-39.3704835,2,398.0,"831, 833","155, 155"
SERRA PRETA,ESCOLA MUNICIPAL GENY MARIA DE SOUZA ALMEIDA,RUA MOACYR CERQUEIRA S/N - DISTRITO DO PONTO - ZONA RURAL,DISTRITO PONTO,44660000,-12.1359594,-39.3356967,3,654.0,"860, 861, 862","155, 155, 155"
SERRA PRETA,ESCOLA MUNICIPAL JONAS FERNANDES DE BRITO,POVOADO PÉ DE SERRA - ZONA RURAL,POVOADO PÉ DE SERRA,44660000,-12.0408412,-39.3736665,1,327.0,846,155
SERRA PRETA,ESCOLA MUNICIPAL JOÃO GUALBERTO DE LIMA,"POVOADO ARATICUM, S/N - ZONA RURAL",POVOADO ARATICUM,44660000,-12.0446306,-39.3075716,1,177.0,835,155
SERRA PRETA,ESCOLA MUNICIPAL LEÃO SIMÕES LEITE,POVOADO LAGOA DO BATISTA S/N - ZONA RURAL,POVOADO LAGOA DO BATISTA,44660000,-12.0568979,-39.292768,1,238.0,868,155
SERRA PRETA,ESCOLA MUNICIPAL LIBERINO FERREIRA,POVOADO CABEÇA DO BOI - ZONA RURAL,POVOADO CABEÇA DO BOI,44660000,-12.086557,-39.2382264,1,238.0,844,155
SERRA PRETA,ESCOLA MUNICIPAL LUIZ CORREIA COSTA,PRAÇA CENTRAL SN - POV. BURACO DAGUA - ZONA RURAL,POVOADO BURACO D'ÁGUA,44660000,-12.0975554,-39.2884157,3,777.0,"837, 838, 839","155, 155, 155"
SERRA PRETA,ESCOLA MUNICIPAL MACÁRIO DIAS,PRAÇA DA MATRIZ S/N - ZONA RURAL,POVOADO CABAÇEIRA,44660000,-12.1026983,-39.3526593,2,610.0,"842, 843","155, 155"
SERRA PRETA,ESCOLA MUNICIPAL MARINA RIBEIRO BELA,CONTORNO DO BRAVO S/N - ZONA RURAL,POVOADO CONTORNO DO BRAVO,44660000,-12.1808781,-39.4515389,2,468.0,"847, 848","155, 155"
SERRA PRETA,ESCOLA MUNICIPAL NOSSA SENHORA DO BOM CONSELHO,RUA CORONEL JOÃO REIS S/N - ZONA URBANA,CENTRO,44660000,-12.1616303,-39.3328475,4,1087.0,"806, 807, 854, 855","155, 155, 155, 155"
SERRA PRETA,ESCOLA MUNICIPAL PAPA JOÃO PAULO I,RUA AGRIPINO MACÊDO S/N - DISTRITO DO BRAVO - ZONA RURAL,DISTRITO BRAVO,44660000,-12.1555027,-39.4588787,5,1591.0,"802, 803, 804, 805, 869","155, 155, 155, 155, 155"
SERRA PRETA,ESCOLA MUNICIPAL SENHOR DO BONFIM,POVOADO DESCANSO - ZONA RURAL,POVOADO DESCANSO,44660000,-11.9969179,-39.3823191,1,259.0,845,155
SERRA PRETA,ESCOLA MUNICIPAL TEODORO CARDOSO ALBANO,POVOADO PEIXE S/N - ZONA RURAL,POVOADO PEIXE,44660000,-12.0687622,-39.3888483,1,331.0,867,155
SERRA PRETA,JOSÉ CALISTO DOS SANTOS,"PRAÇA DA MATRIZ, S/N - ZONA RURAL",POVOADO JACÚ,44660000,-12.0301976,-39.3107349,1,201.0,865,155
SERRA PRETA,POSTO DE SAÚDE DA CAROCHA,POVOADO CAROCHA - ZONA RURAL,POVOADO CAROCHA,44660000,-12.0641708,-39.5098462,1,210.0,870,155
SERRA PRETA,UNIDADE BÁSICA DE SAÚDE - BOM JESUS,POVOADO BOM JESUS - ZONA RURAL,POVOADO BOM JESUS,44660000,-12.2338518,-39.411813,1,277.0,863,155
SERRA PRETA,UNIDADE BÁSICA DE SAÚDE DO BURACO D'ÁGUA,PRAÇA CENTRAL - POVOADO BURACO D'AGUA - ZONA RURAL,POVOADO BURACO D'ÁGUA,44660000,-12.0973618,-39.2883323,1,262.0,864,155
SERRINHA,CEDESCOM CENTRO DE DESENVOLVIMENTO SOCIAL COMUNITÁRIO DO SACO DO MOURA,POVOADO SACO DO MOURA - ZONA RURAL,POVOADO SACO DO MOURA,48700000,-11.73777863,-38.93906963,2,565.0,"127, 176","150, 150"
SERRINHA,CENTRO TERRITORIAL DE EDUCAÇÃO PROFISSIONAL DO SISAL - CETEPS,"AVENIDA CIDADE DE ARACI, S/N - ZONA URBANA",CIDADE NOVA,48700000,-11.684058,-38.9971553,12,4555.0,"69, 70, 71, 72, 73, 74, 230, 273, 292, 314, 318, 332","150, 150, 150, 150, 150, 150, 150, 150, 150, 150, 150, 150"
SERRINHA,COLÉGIO COMERCIAL DE SERRINHA,"RUA ANTÔNIO PINHEIRO DA MOTA, SN - ZONA URBANA",CENTRO,48700000,-11.6617631,-39.0108197,2,722.0,"317, 322","150, 150"
SERRINHA,COLÉGIO COOPEISE,"AVENIDA GETÚLIO VARGAS, 1585",ESTAÇÃO,48700000,-11.6694562,-39.0110133,6,1316.0,"77, 78, 79, 80, 262, 331","150, 150, 150, 150, 150, 150"
SERRINHA,COLÉGIO ESTADUAL ALOÍSIO CARNEIRO,POVOADO BELA VISTA - ZONA RURAL,POVOADO BELA VISTA,48700000,-11.6994937,-39.09438853,4,1201.0,"83, 84, 85, 86","150, 150, 150, 150"
SERRINHA,COLÉGIO ESTADUAL DE SANTANA,POVOADO CAJUEIRO - ZONA RURAL,POVOADO CAJUEIRO,48700000,-11.6045722,-39.0183863,4,1538.0,"107, 108, 236, 311","150, 150, 150, 150"
SERRINHA,COLÉGIO ESTADUAL DE TEMPO INTEGRAL DE SERRINHA (CETIS),"RUA ÁLVARO AUGUSTO, S/N - ZONA URBANA",GINÁSIO,48700000,-11.6662486,-39.0064441,17,3784.0,"1, 2, 3, 4, 10, 11, 12, 13, 14, 15, 16, 17, 18, 19, 20, 75, 121","150, 150, 150, 150, 150, 150, 150, 150, 150, 150, 150, 150, 150, 150, 150, 150, 150"
SERRINHA,COLÉGIO MUNICIPAL CREUNITA SILVA BRIZOLARA PEREIRA (COLÉGIO MODELO),RUA SÃO MIGUEL ARCANJO - ZONA URBANA,VAQUEJADA,48700000,-11.6776909,-38.9918028,8,2753.0,"68, 169, 234, 282, 307, 320, 328, 335","150, 150, 150, 150, 150, 150, 150, 150"
SERRINHA,COLÉGIO MUNICIPAL DIONÍSIO FRANCISCO DA SILVA,POVOADO VERTENTE - ZONA RURAL,POVOADO VERTENTE,48700000,-11.5874845,-38.8960912,2,453.0,"134, 135","150, 150"
SERRINHA,COLÉGIO MUNICIPAL FERNANDO CARNEIRO DA SILVA,POVOADO MATO GROSSO - ZONA RURAL,POVOADO MATO GROSSO,48700000,-11.63450826,-39.13750378,2,443.0,"165, 247","150, 150"
SERRINHA,COMERCIAL KIDS,"RUA ANTONIO PINHEIRO DA MOTA, SN - ZONA URBANA",CENTRO,48700000,-11.6614338,-39.0106494,4,1139.0,"5, 7, 58, 60","150, 150, 150, 150"
SERRINHA,CPCT - CENTRO DE PESQUISA CIÊNCIA E TECNOLOGIA,"PRAÇA ASTROGILDA GUIMARÃES, S/N - ZONA URBANA",GINÁSIO,48700000,-11.6630954,-39.0059109,3,473.0,"21, 96, 120","150, 150, 150"
SERRINHA,CRECHE ESCOLA MUNICIPAL MARIA NAZARÉ CAMPOS ARAÚJO,"PRAÇA SÃO PEDRO, POVOADO TANQUE GRANDE",POVOADO TANQUE GRANDE,48700000,-11.67910973,-39.08958591,5,1203.0,"126, 130, 131, 269, 288","150, 150, 150, 150, 150"
SERRINHA,CRECHE MUNICIPAL CARLOS AUGUSTO VILALVA NEGREIROS FALCÃO,"RUA PRIMEIRO DE JANEIRO, S/N - ZONA URBANA",VILA DE FÁTIMA,48700000,-11.6553667,-39.0158499,3,1091.0,"239, 283, 289","150, 150, 150"
SERRINHA,CRECHE MUNICIPAL CORONEL NENENZINHO CARNEIRO,POVOADO DOIS IRMÃOS - ZONA RURAL,POVOADO DOIS IRMÃOS,48700000,-11.5740414,-38.9877832,1,172.0,271,150
SERRINHA,CRECHE MUNICIPAL MARIA PAULA DAS VIRGENS,POVOADO MANDACARU - ZONA RURAL,POVOADO MANDACARU,48700000,-11.5832194,-38.9477375,1,398.0,175,150
SERRINHA,ESCOLA MUNCIIPAL GERÔNIMO PEREIRA,POVOADO CAMPO REDONDO - ZONA RURAL,POVOADO CAMPO REDONDO,48700000,-11.67913362,-39.04891335,3,654.0,"109, 223, 293","150, 150, 150"
SERRINHA,ESCOLA MUNICIPAL 30 DE JUNHO,"RUA GETÚLIO VARGAS, S/N - ZONA URBANA",ESTAÇÃO,48700000,-11.6634962,-39.0122619,2,375.0,"9, 40","150, 150"
SERRINHA,ESCOLA MUNICIPAL AMÉRICO PINHEIRO LIMA,POVOADO MARAVILHA - ZONA RURAL,POVOADO MARAVILHA,48700000,-11.5678155,-38.9235736,1,396.0,185,150
SERRINHA,ESCOLA MUNICIPAL ANA OLIVEIRA,"RUA MANOEL NOVAIS, 1150 - ZONA URBANA",BOA ESPERANÇA,48700000,-11.6556163,-39.0019199,5,1886.0,"29, 50, 265, 278, 324","150, 150, 150, 150, 150"
SERRINHA,ESCOLA MUNICIPAL ANTONIO PINHEIRO DA MOTA NETO,POVOADO ALTO DE FORA - ZONA RURAL,POVOADO ALTO DE FORA,48700000,-11.7294273,-38.99638272,2,623.0,"254, 323","150, 150"
SERRINHA,ESCOLA MUNICIPAL ANTÔNIO ALVES DA SILVA,POVOADO CHAPADA - ZONA RURAL,POVOADO CHAPADA,48700000,-11.65866733,-39.09930862,3,556.0,"87, 88, 89","150, 150, 150"
SERRINHA,ESCOLA MUNICIPAL ARLETE SILVA LIMA,POVOADO CAMIRANGA - ZONA RURAL,POVOADO CAMIRANGA,48700000,-11.63309388,-38.90413309,1,205.0,255,150
SERRINHA,ESCOLA MUNICIPAL AUREA NOGUEIRA,"RUA LEOVIGILDO RIBEIRO, 434 - ZONA URBANA",BOMBA,48700000,-11.6576032,-39.0112499,6,1967.0,"33, 34, 62, 63, 64, 231","150, 150, 150, 150, 150, 150"
SERRINHA,ESCOLA MUNICIPAL AURELINO VENANCIO DE ARAUJO,POVOADO JUAZEIRO GRANDE - ZONA RURAL,POVOADO JUAZEIRO GRANDE,48700000,-11.60681667,-38.94909646,2,418.0,"171, 305","150, 150"
SERRINHA,ESCOLA MUNICIPAL AVANI CORDEIRO,POVOADO MATO FINO - ZONA RURAL,POVOADO MATO FINO,48700000,-11.64101095,-39.13036078,1,268.0,252,150
SERRINHA,ESCOLA MUNICIPAL BILÁ DE CARVALHO,POVOADO MOMBAÇA NOVA - ZONA RURAL,POVOADO MOMBAÇA NOVA,48700000,-11.60677969,-38.93639289,1,349.0,118,150
SERRINHA,ESCOLA MUNICIPAL CARLOS DE FREITAS MOTA,"RUA XAVIER MARQUES, 33 - ZONA URBANA",NOVO HORIZONTE,48700000,-11.67373314,-39.012148,5,1849.0,"98, 99, 237, 299, 325","150, 150, 150, 150, 150"
SERRINHA,ESCOLA MUNICIPAL CARLOS DE FREITAS MOTA JÚNIOR,POVOADO MURICI - ZONA RURAL,POVOADO MURICI,48700000,-11.6409408,-39.0277396,2,516.0,"117, 275","150, 150"
SERRINHA,ESCOLA MUNICIPAL DE 1º GRAU ALOÍSIO CARNEIRO,"AV. GETÚLIO VARGAS, S/N - ZONA URBANA",TREZE,48700000,-11.65369,-39.0075046,1,274.0,279,150
SERRINHA,ESCOLA MUNICIPAL DERMEVAL OLIVEIRA,POVOADO ALTO ALEGRE - ZONA RURAL,POVOADO ALTO ALEGRE,48700000,-11.5778672,-38.9783834,3,963.0,"115, 233, 309","150, 150, 150"
SERRINHA,ESCOLA MUNICIPAL ERALDO TINOCO,POVOADO LICURITUBA - ZONA RURAL,POVOADO LICURITUBA,48700000,-11.67566322,-38.90767523,1,318.0,250,150
SERRINHA,ESCOLA MUNICIPAL FELIPE SANTIAGO DOS SANTOS,POVOADO BAIXA D'AGUA - ZONA RURAL,POVOADO BAIXA D'AGUA,48700000,-11.69296072,-39.00357773,1,346.0,263,150
SERRINHA,ESCOLA MUNICIPAL GERÔNIMO JOSÉ LUCIANO,POVOADO CONTENDAS - ZONA RURAL,POVOADO CONTENDAS,48700000,-11.5910698,-39.0086776,1,360.0,290,150
SERRINHA,ESCOLA MUNICIPAL GILBERTO FERREIRA,POVOADO MOMBAÇA VELHA - ZONA RURAL,POVOADO MOMBAÇA VELHA,48700000,-11.61944033,-38.9257636,1,386.0,116,150
SERRINHA,ESCOLA MUNICIPAL GRACILIANO DE FREITAS,"PRAÇA LAURO DE FREITAS, N 45 - ZONA URBANA",ESTAÇÃO,48700000,-11.6621391,-39.0119587,5,1154.0,"35, 36, 37, 38, 39","150, 150, 150, 150, 150"
SERRINHA,ESCOLA MUNICIPAL HERMÍLIA BASTOS CARNEIRO DA SILVA,"RUA PEDRO IRUJO, 280 - ZONA URBANA",COLINA DAS MANGUEIRAS,48700000,-11.6573012,-39.0003837,5,1845.0,"28, 48, 49, 274, 319","150, 150, 150, 150, 150"
SERRINHA,ESCOLA MUNICIPAL INOCÊNCIO PEREIRA DE OLIVEIRA,POVOADO RECANTO - ZONA RURAL,POVOADO RECANTO,48700000,-11.67382063,-38.89658157,2,410.0,"124, 125","150, 150"
SERRINHA,ESCOLA MUNICIPAL IVETE OLIVEIRA,"RUA BASÍLIO CORDEIRO, S/N - ZONA URBANA",OSÉAS,48700000,-11.6548147,-39.0030315,6,2361.0,"42, 43, 44, 45, 46, 47","150, 150, 150, 150, 150, 150"
SERRINHA,ESCOLA MUNICIPAL JESUS DE NAZARÉ,POVOADO MATINHA - ZONA RURAL,POVOADO MATINHA,48700000,-11.68766393,-39.06361066,1,364.0,281,150
SERRINHA,ESCOLA MUNICIPAL JOEL ALVES DE MORAES,POVOADO CANTO - ZONA RURAL,POVOADO CANTO,48700000,-11.5596485,-38.9932779,2,658.0,"179, 238","150, 150"
SERRINHA,ESCOLA MUNICIPAL JONICE SILVA LIMA,POVOADO SUBAÉ - ZONA RURAL,POVOADO SUBAÉ,48700000,-11.62870741,-39.10867297,3,604.0,"93, 94, 95","150, 150, 150"
SERRINHA,ESCOLA MUNICIPAL JOSÉ EUTANÁZIO MOTA,POVOADO BREJO - ZONA RURAL,POVOADO BREJO,48700000,-11.6290155,-39.0356301,2,625.0,"105, 110","150, 150"
SERRINHA,ESCOLA MUNICIPAL JOSÉ ROBERTO DOS SANTOS,POVOADO CAMPO LIMPO - ZONA RURAL,POVOADO CAMPO LIMPO,48700000,-11.5845672,-38.9978904,2,474.0,"253, 316","150, 150"
SERRINHA,ESCOLA MUNICIPAL JOSÉ SOARES DA SILVA,POVOADO FLORES - ZONA RURAL,POVOADO FLORES,48700000,-11.6404171,-38.9847261,3,644.0,"168, 297, 302","150, 150, 150"
SERRINHA,ESCOLA MUNICIPAL JOSÉ XAVIER DE LIMA,POVOADO LAGOA SECA,POVOADO LAGOA SECA,48700000,-11.65032442,-38.90888899,1,348.0,257,150
SERRINHA,ESCOLA MUNICIPAL JOÃO BARBOSA DE OLIVEIRA,"RUA DO RECREIO, S/N - ZONA URBANA",RECREIO,48700000,-11.6558187,-39.0205109,3,848.0,"170, 224, 333","150, 150, 150"
SERRINHA,ESCOLA MUNICIPAL JOÃO BATISTA DOS ANJOS,POVOADO BOA VISTA - ZONA RURAL,POVOADO BOA VISTA,48700000,-11.62161805,-39.09944861,1,260.0,113,150
SERRINHA,ESCOLA MUNICIPAL JOÃO DE LIMA CARNEIRO,POVOADO MOCAMBO - ZONA RURAL,POVOADO MOCAMBO,48700000,-11.6787947,-38.9420922,2,734.0,"112, 245","150, 150"
SERRINHA,ESCOLA MUNICIPAL LEOBINO CARDOSO RIBEIRO,"RUA LUIZ VIANA FILHO, 1041 - ZONA URBANA",GINÁSIO,48700000,-11.6629091,-39.0036421,10,2602.0,"51, 52, 53, 54, 55, 56, 57, 220, 235, 266","150, 150, 150, 150, 150, 150, 150, 150, 150, 150"
SERRINHA,ESCOLA MUNICIPAL LUIZ PEDROSA NUNES,POVOADO LEVADA - ZONA RURAL,POVOADO LEVADA,48700000,-11.74165191,-38.97315507,3,806.0,"172, 310, 327","150, 150, 150"
SERRINHA,ESCOLA MUNICIPAL MANOEL CARNEIRO TUY,POVOADO CAJUEIRO GRANDE - ZONA RURAL,POVOADO CAJUEIRO GRANDE,48700000,-11.7159751,-38.8964961,2,351.0,"177, 294","150, 150"
SERRINHA,ESCOLA MUNICIPAL MANOEL CORDEIRO,POVOADO ALTO DA TAMBURI - ZONA RURAL,POVOADO TAMBURI,48700000,-11.7898887,-39.0416436,2,293.0,"128, 260","150, 150"
SERRINHA,ESCOLA MUNICIPAL MARIA AMÉLIA ALVES GONÇALVES LIMA,POVOADO MALHADA DO ALTO - ZONA RURAL,POVOADO MALHADA DO ALTO,48700000,-11.65401452,-39.11382313,1,235.0,277,150
SERRINHA,ESCOLA MUNICIPAL MARIA ANUNCIAÇÃO DO NASCIMENTO,POVOADO MACAMBIRA - ZONA RURAL,POVOADO MACAMBIRA,48700000,-11.63952427,-38.91413624,2,599.0,"182, 259","150, 150"
SERRINHA,ESCOLA MUNICIPAL MENINO DE JESUS,POVOADO ALTO DA BANDEIRA - ZONA RURAL,POVOADO ALTO DA BANDEIRA,48700000,-11.69375551,-39.01750848,3,1114.0,"103, 222, 306","150, 150, 150"
SERRINHA,ESCOLA MUNICIPAL MISAEL CUNHA,POVOADO CABECA DA VACA - ZONA RURAL,POVOADO CABEÇA DA VACA,48700000,-11.5592945,-39.0024586,1,210.0,106,150
SERRINHA,ESCOLA MUNICIPAL NOSSA SENHORA DA CONCEIÇÃO APARECIDA,APARECIDA - ZONA URBANA,APARECIDA,48700000,-11.683649,-38.9848456,1,271.0,264,150
SERRINHA,ESCOLA MUNICIPAL OTÁVIO COSTA,POVOADO TRÊS ESTRADAS - ZONA RURAL,POVOADO TRÊS ESTRADAS,48700000,-11.64334711,-38.92758099,4,1001.0,"132, 133, 178, 244","150, 150, 150, 150"
SERRINHA,ESCOLA MUNICIPAL PLÍNIO CARNEIRO,"RUA F, QUADRA G, S/N - ZONA URBANA",URBIS I,48700000,-11.6687014,-39.003092,6,1979.0,"100, 101, 102, 246, 300, 336","150, 150, 150, 150, 150, 150"
SERRINHA,ESCOLA MUNICIPAL RURAL DA LAGE,POVOADO LAGE - ZONA RURAL,POVOADO LAGE,48700000,-11.70718171,-39.0756994,1,260.0,114,150
SERRINHA,ESCOLA MUNICIPAL SANTO ANTÔNIO,POVOADO LAGOA DO CURRALINHO - ZONA RURAL,POVOADO LAGOA DO CURRALINHO,48700000,-11.71869193,-38.94612584,2,559.0,"119, 256","150, 150"
SERRINHA,ESCOLA MUNICIPAL SOFIA KATEB PEREIRA DA SILVA,"AVENIDA SENHORA SANTANA, 593 - ZONA URBANA",SENHORA SANTANA,48700000,-11.6587026,-39.0011512,3,1011.0,"261, 284, 326","150, 150, 150"
SERRINHA,ESCOLA MUNICIPAL SÃO JORGE,POVOADO BOM JARDIM - ZONA RURAL,POVOADO BOM JARDIM,48700000,-11.6194317,-38.9864344,1,356.0,104,150
SERRINHA,ESCOLA MUNICIPAL SÃO VICENTE DA MOMBAÇA,POVOADO MOMBAÇA DE VALENTINA - ZONA RURAL,POVOADO MOMBAÇA DE VALENTINA,48700000,-11.62501608,-38.91211932,1,359.0,249,150
SERRINHA,ESCOLA MUNICIPAL TEODORO DOS SANTOS RIBEIRO,TRAVESSA CRUZEIRO - ZONA URBANA,CRUZEIRO,48700000,-11.6631984,-39.0147001,3,1170.0,"251, 298, 321","150, 150, 150"
SERRINHA,ESCOLA NORMAL DE SERRINHA,RUA ANDRÉ NEGREIROS FALCÃO - ZONA URBANA,GINÁSIO,48700000,-11.66361566,-39.00557083,13,3065.0,"23, 24, 25, 26, 27, 30, 31, 32, 65, 66, 67, 122, 123","150, 150, 150, 150, 150, 150, 150, 150, 150, 150, 150, 150, 150"
SERRINHA,PRÉDIO ESCOLAR MUNICIPAL MIGUEL ARCANJO CARVALHO,POVOADO SALGADO - ZONA RURAL,POVOADO SALGADO,48700000,-11.5734226,-38.9277632,3,681.0,"82, 174, 308","150, 150, 150"
SIMÕES FILHO,CENTRO COMUNITÁRIO NOSSA ESPERANÇA ,RUA NOVA ESPERANÇA S/N - ZONA RURAL ,PITANGA DE PALMARES,43730390,-12.6824283,-38.3839796,3,1070.0,"137, 138, 245","33, 33, 33"
SIMÕES FILHO,CENTRO COMUNITÁRIO NOSSA IRMÃ DULCE,BA 093 - ZONA RURAL,SANTA ROSA,43700290,-12.7741549,-38.4067861,5,1787.0,"161, 162, 163, 226, 246","33, 33, 33, 33, 33"
SIMÕES FILHO,COLÉGIO ESTADUAL DE ARATU,"RUA COLÉGIO ESTADUAL DE ARATU, S/N, CIA I",CIA I,43716405,-12.8120197,-38.3923537,10,3785.0,"77, 78, 79, 80, 81, 82, 83, 84, 85, 218","33, 33, 33, 33, 33, 33, 33, 33, 33, 33"
SIMÕES FILHO,COLÉGIO ESTADUAL MANOEL DE JESUS ,PRAÇA DA BANDEIRA S/N,CENTRO,43702885,-12.7870093,-38.4019706,14,5272.0,"53, 54, 55, 56, 57, 58, 59, 60, 61, 62, 192, 232, 243, 259","33, 33, 33, 33, 33, 33, 33, 33, 33, 33, 33, 33, 33, 33"
SIMÕES FILHO,COLÉGIO ESTADUAL POLIVALENTE DE ARATÚ,AV ELMO SEREJO FARIAS S/N - ZONA URBANA,CIA II,43714030,-12.8015583,-38.3993383,9,3489.0,"63, 64, 65, 66, 67, 68, 69, 70, 71","33, 33, 33, 33, 33, 33, 33, 33, 33"
SIMÕES FILHO,COLÉGIO ESTADUAL REGINA SIMÕES,AV WASHINGTON LUIZ 1079 - ZONA URBANA,ESTRADA DE CANDEIAS,43700090,-12.7787381,-38.3974149,6,2056.0,"21, 22, 23, 24, 25, 262","33, 33, 33, 33, 33, 33"
SIMÕES FILHO,COLÉGIO MUNICIPAL GEORGINA DE SOUZA SIMÕES ,"AV. RIVALDO GOMES GUIMARÃES, S/N - CIA I",CIA I,43715865,-12.8100387,-38.3963781,11,4072.0,"94, 95, 96, 97, 98, 99, 100, 101, 102, 103, 264","33, 33, 33, 33, 33, 33, 33, 33, 33, 33, 33"
SIMÕES FILHO,COLÉGIO MUNICIPAL NOSSA SENHORA DA LUZ,RUA DA MANGABEIRA - PITANGUINHA,PITANGUINHA,43711285,-12.8127309,-38.3845214,3,823.0,"172, 173, 250","33, 33, 33"
SIMÕES FILHO,COLÉGIO MUNICIPAL PADRE LUIZ PALMEIRA ,PRAÇA SETE DE NOVEMBRO S/N,CENTRO,43700110,-12.788265,-38.3989813,21,6058.0,"27, 28, 29, 30, 31, 32, 33, 34, 35, 36, 37, 38, 39, 40, 41, 42, 43, 44, 45, 46, 47","33, 33, 33, 33, 33, 33, 33, 33, 33, 33, 33, 33, 33, 33, 33, 33, 33, 33, 33, 33, 33"
SIMÕES FILHO,CRECHE ESCOLA MUNICIPAL SOFIA AUGUSTA DE SOUZA,"RUA Q, S/N, CONJUNTO SIMÕES FILHO I - ZONA URBANA",SIMÕES FILHO I,43700000,-12.7838494,-38.3708748,2,531.0,"254, 263","33, 33"
SIMÕES FILHO,CRECHE ÁUREA NASCIMENTO,"RUA PEDRO CERQUEIRA, S/N - LOT BIG ÁUREA - ZONA URBANA",SIMÕES FILHO I,43707650,-12.7846443,-38.3743024,5,1647.0,"211, 220, 234, 239, 251","33, 33, 33, 33, 33"
SIMÕES FILHO,ESCOLA ALBERTO SILVA,"PRAÇA SETE DE NOVEMBRO, S/N - ZONA URBANA",CENTRO,43700102,-12.7882501,-38.3971494,10,3298.0,"14, 15, 16, 17, 18, 19, 20, 200, 205, 214","33, 33, 33, 33, 33, 33, 33, 33, 33, 33"
SIMÕES FILHO,ESCOLA BERLINDO MAMEDE,RUA LOMANTO JUNIOR 71 - ZONA URBANA,PONTO DE PARADA,43713125,-12.7912514,-38.4023196,6,2142.0,"48, 49, 50, 51, 52, 241","33, 33, 33, 33, 33, 33"
SIMÕES FILHO,ESCOLA DIÁCONO FERNANDO DE BRITO,AV ELMO SEREJO FARIAS S/N - ZONA URBANA,CIA II,43714020,-12.7983274,-38.3965904,4,1582.0,"177, 178, 179, 180","33, 33, 33, 33"
SIMÕES FILHO,ESCOLA DOM FRANCISCO LEITE,DISTRITO SANTA LUZIA - ZONA RURAL,SANTA LUZIA,43727350,-12.7862635,-38.3989318,1,260.0,148,33
SIMÕES FILHO,ESCOLA ENOCK PIMENTEL,"LARGO DO CAMPO, 21 - ZONA RURAL",ILHA DE SÃO JOÃO,43724510,-12.8170254,-38.4615999,6,2389.0,"182, 183, 184, 185, 186, 187","33, 33, 33, 33, 33, 33"
SIMÕES FILHO,ESCOLA HUGO BALTAZAR DA SILVEIRA,RUA SAO PAULO LOTEAMENTO JARDIM ELDORADO - ZONA URBANA,KM 25,43705185,-12.7899178,-38.3884268,5,1974.0,"72, 73, 74, 75, 76","33, 33, 33, 33, 33"
SIMÕES FILHO,ESCOLA LUIZ VIANA FILHO,"RUA VISCONDE DE MAUÁ, 316 - ZONA RURAL",GÓES CALMON,43708340,-12.7796372,-38.353667,9,2256.0,"139, 140, 141, 142, 143, 144, 145, 146, 147","33, 33, 33, 33, 33, 33, 33, 33, 33"
SIMÕES FILHO,ESCOLA MUNICIPAL ANTONIA GONÇALVES DE SOUZA,"RUA DA ESCOLA, S/N - ZONA RURAL",PALMARES,43729050,-12.7013895,-38.3924243,5,1946.0,"133, 134, 135, 136, 221","33, 33, 33, 33, 33"
SIMÕES FILHO,ESCOLA MUNICIPAL ANTÔNIA SOUZA DE SANTANA,"AVENIDA POTY, S/N - ZONA RURAL",COTEGIPE,43718855,-12.7862401,-38.3989443,2,564.0,"126, 127","33, 33"
SIMÕES FILHO,ESCOLA MUNICIPAL ANTÔNIO CARLOS MAGALHÃES,"AVENIDA CAMAÇARI, N. 270 - ZONA URBANA",TIRO SEGURO,43706855,-12.7810739,-38.3854031,1,163.0,257,33
SIMÕES FILHO,ESCOLA MUNICIPAL CASTELO BRANCO,"RUA DIRETA DE MAPELE, 21 - ZONA RURAL",MAPELE,43726220,-12.7922268,-38.4388118,4,1590.0,"123, 124, 125, 206","33, 33, 33, 33"
SIMÕES FILHO,ESCOLA MUNICIPAL CASTRO ALVES,"RUA VITAL BRASIL, S/N - PITANGUINHA",PITANGUINHA,43711245,-12.8104852,-38.3805747,6,1996.0,"155, 156, 157, 158, 159, 260","33, 33, 33, 33, 33, 33"
SIMÕES FILHO,ESCOLA MUNICIPAL CENTRO COMUNITÁRIO CRISTO REI,"RUA ALMIRANTE BARROSO, S/N - ZONA URBANA",CRISTO REI,43703075,-12.7763225,-38.3972674,3,1038.0,"26, 215, 253","33, 33, 33"
SIMÕES FILHO,ESCOLA MUNICIPAL CLÉRISTON ANDRADE,RUA ITAPARICA 835 LOTEAMENTO SAO MIGUEL - ZONA URBANA,KM 30,43706105,-12.7816422,-38.3828817,5,1984.0,"167, 168, 169, 170, 171","33, 33, 33, 33, 33"
SIMÕES FILHO,ESCOLA MUNICIPAL DE ARATU,"VIA PERIFÉRICA, S/Nº - ZONA RURAL",DISTRITO ARATU,43725740,-12.8049734,-38.4492266,2,263.0,"115, 118","33, 33"
SIMÕES FILHO,ESCOLA MUNICIPAL ELANE DE SANTANA SANTOS,"RUA PRINCESA ISABEL, QD. 5, S/N - ZONA URBANA",CIA II,43714120,-12.7956533,-38.3959317,5,1961.0,"104, 105, 199, 208, 222","33, 33, 33, 33, 33"
SIMÕES FILHO,ESCOLA MUNICIPAL HAYDÊE MARIA DE SANTANA GÓES,"RUA B, N 08, CONJUNTO HABITACIONAL VIDA NOVA - ZONA URBANA",CIA II,43715790,-12.8048733,-38.3916,6,2258.0,"194, 209, 231, 237, 244, 248","33, 33, 33, 33, 33, 33"
SIMÕES FILHO,ESCOLA MUNICIPAL IDALIA CLEMENTE BRAGA BESTOSO,CONJUNTO ILHA DE SÃO JOÃO - ZONA RURAL,ILHA DE SÃO JOÃO,43724120,-12.8190218,-38.4587956,4,1150.0,"111, 112, 113, 114","33, 33, 33, 33"
SIMÕES FILHO,ESCOLA MUNICIPAL MARIA QUITÉRIA,RUA ALMIRANTE BARROSO S/N - CRISTO REI,CRISTO REI,43703075,-12.774464,-38.3983413,8,2988.0,"149, 150, 151, 152, 153, 154, 217, 225","33, 33, 33, 33, 33, 33, 33, 33"
SIMÕES FILHO,ESCOLA MUNICIPAL PROFESSOR ADROALDO RIBEIRO COSTA,"RUA PARAGUAÇU, QUADRA 6 - ZONA URBANA",PARQUE CONTINENTAL,43704614,-12.7792384,-38.3960385,6,2174.0,"181, 204, 213, 228, 236, 247","33, 33, 33, 33, 33, 33"
SIMÕES FILHO,ESCOLA MUNICIPAL PROFESSOR HILDÉRICO PINHEIRO DE OLIVEIRA ,"ESTRADA VELHA BAHIA-FEIRA, CIA SUL",SANTO ANTÔNIO DO RIO DAS PEDRAS,43721830,-12.850085,-38.411551,5,1902.0,"128, 129, 130, 131, 132","33, 33, 33, 33, 33"
SIMÕES FILHO,ESCOLA MUNICIPAL PROFESSORA BÁRBARA ANDRÉA BRITTES DO CARMO,RUA BÁRBARA ANDREA BRITTES CARMO - CIA I,PITANGUINHA,43716560,-12.8148308,-38.3869312,6,2227.0,"193, 198, 203, 210, 216, 227","33, 33, 33, 33, 33, 33"
SIMÕES FILHO,ESCOLA MUNICIPAL PROFESSORA HERMELINA SOUZA,RUA EDMUNDO COSTA S/N - PITANGUINHA,PITANGUINHA,43711325,-12.8131622,-38.3839177,5,1668.0,"106, 107, 108, 109, 110","33, 33, 33, 33, 33"
SIMÕES FILHO,ESCOLA MUNICIPAL PROFESSORA JUCIETE SOUZA MOTA SOARES,"AVENIDA RIVALDO GOMES GUIMARÃES, S/N, QUADRA 5 - CIA I",CIA I,43715865,-12.8091899,-38.396707,5,1627.0,"195, 230, 249, 255, 258","33, 33, 33, 33, 33"
SIMÕES FILHO,ESCOLA MUNICIPAL PROFESSORA MARIA DE SOUZA CHAVES,"RUA MACHADO DE ASSIS, 331 - ZONA URBANA",KM 30,43706090,-12.7845609,-38.384792,8,3173.0,"191, 196, 207, 212, 219, 224, 229, 238","33, 33, 33, 33, 33, 33, 33, 33"
SIMÕES FILHO,ESCOLA MUNICIPAL PÉRICLES RENI DE SOUZA,"RUA DA LINHA, S/N - ZONA RURAL",ILHA DE SÃO JOÃO,43724185,-12.8119079,-38.4514305,2,327.0,"174, 176","33, 33"
SIMÕES FILHO,ESCOLA MUNICIPAL SETE DE NOVEMBRO,"AV. JOÃO XXIII, S/Nº - ZONA URBANA",PONTO DE PARADA,43713400,-12.7968214,-38.4018488,5,1905.0,"188, 189, 190, 201, 240","33, 33, 33, 33, 33"
SIMÕES FILHO,ESCOLA MUNICIPAL SEVERIANO JOSÉ DE OLIVEIRA,"RUA IPITANGA II, S/N - ZONA RURAL",SANTO ANTÔNIO DO RIO DAS PEDRAS,43723050,-12.851264,-38.4097255,1,149.0,256,33
SIMÕES FILHO,ESCOLA MUNICIPAL UNIÃO DA BAHIA,"RUA R, QUADRA 16, S/N - ZONA URBANA",SIMÕES FILHO I,43707435,-12.783834,-38.3705118,6,2381.0,"164, 165, 166, 197, 202, 223","33, 33, 33, 33, 33, 33"
SIMÕES FILHO,ESCOLA REITOR MIGUEL CALMON,"RUA GENERAL LABATUT, S/N - ZONA URBANA",PONTO DE PARADA,43713140,-12.7914267,-38.3994867,13,3978.0,"1, 2, 3, 4, 5, 6, 7, 8, 9, 10, 11, 12, 13","33, 33, 33, 33, 33, 33, 33, 33, 33, 33, 33, 33, 33"
SIMÕES FILHO,ESCOLA VEREADOR EDULINDO RIBEIRO MONTEIRO,"AV MAPELE, N 312 - ZONA RURAL",MAPELE,43726180,-12.7760847,-38.4450595,4,1461.0,"120, 121, 122, 233","33, 33, 33, 33"
SIMÕES FILHO,ESCOLA VEREADOR JOÃO DE OLIVEIRA CAMPOS ,AV ENGENHEIRO ELMO SEREJO DE FARIAS S/N - ZONA URBANA,CIA I,43715795,-12.8124994,-38.3915755,8,2517.0,"86, 87, 88, 89, 90, 91, 92, 93","33, 33, 33, 33, 33, 33, 33, 33"
SIMÕES FILHO,"INSTITUTO FEDERAL DE EDUCAÇÃO, CIÊNCIA E TECNOLOGIA DA BAHIA",VIA UNIVERSITÁRIA - CIA II,PITANGUINHA,43715080,-12.8074932,-38.3826401,5,1731.0,"160, 235, 242, 252, 261","33, 33, 33, 33, 33"
SÃO FRANCISCO DO CONDE,CEAS - CENTRO DE ESTUDOS E APERFEICOAMENTO DO SABER,"RUA ALTO DA BELA VISTA, S/N",CAÍPE DE CIMA,43900000,-12.721569,-38.5968896,5,1522.0,"37, 38, 42, 43, 149","162, 162, 162, 162, 162"
SÃO FRANCISCO DO CONDE,CEJAL - COMPLEXO ESCOLAR JULIETA ARLETE E LICIA ALVES,"ESTRADA DE CAMPINAS, S/N - ZONA URBANA",CENTRO,43900000,-12.6214381,-38.6742973,4,1355.0,"101, 117, 137, 158","162, 162, 162, 162"
SÃO FRANCISCO DO CONDE,COLÉGIO EDUCACIONAL JOAQUIM ALVES CRUZ RIOS,"RUA MANOEL EZIQUIEL DO AMARAL, S/N - ZONA URBANA",PITANGUEIRA,43900000,-12.6186943,-38.6774991,5,1563.0,"106, 114, 135, 143, 161","162, 162, 162, 162, 162"
SÃO FRANCISCO DO CONDE,COMPLEXO ESCOLAR RILZA VALENTIM,"ESTRADA DE CAMPINAS, S/N",GURUGÉ,43900000,-12.6107379,-38.6823925,3,937.0,"31, 32, 148","162, 162, 162"
SÃO FRANCISCO DO CONDE,ESCOLA ABDON ANTÔNIO CALDEIRA,"PRAÇAA DO SOCORRO, S/N - ZONA RURAL",POVOADO SOCORRO,43900000,-12.6826337,-38.58532,1,166.0,22,162
SÃO FRANCISCO DO CONDE,ESCOLA ALMIR PINTO,"RUA DA MANGUEIRA, S/N - ZONA RURAL",POVOADO CAMPINAS,43900000,-12.6052366,-38.6827157,2,606.0,"55, 127","162, 162"
SÃO FRANCISCO DO CONDE,ESCOLA ANTÔNIO BALBINO,"RUA PONTA DE SÃO JOÃO, S/N - ZONA RURAL",POVOADO ILHA DAS FONTES,43900000,-12.6881397,-38.6423324,1,343.0,103,162
SÃO FRANCISCO DO CONDE,ESCOLA ANÍSIO TEIXEIRA,"RUA BEIRA MAR, S/N  - ZONA RURAL",POVOADO ENGENHO DE BAIXO,43970000,-12.6836361,-38.628817,2,537.0,"87, 123","162, 162"
SÃO FRANCISCO DO CONDE,ESCOLA CRECHE GIRASSOL,PRAÇA DO ILHOTE,POVOADO ILHOTE,43900000,-12.724075,-38.6191574,1,347.0,49,162
SÃO FRANCISCO DO CONDE,ESCOLA DUQUE DE CAXIAS,"RUA DO CEMITÉRIO, S/N - ZONA RURAL",DISTRITO MONTE RECÔNCAVO,43900000,-12.6423917,-38.6205528,4,1308.0,"26, 27, 56, 124","162, 162, 162, 162"
SÃO FRANCISCO DO CONDE,ESCOLA ESTADUAL ANA JUNQUEIRA AYRES TOURINHO,"RUA DO ASFALTO, S/N - ZONA RURAL",POVOADO CAÍPE,43900000,-12.7317931,-38.597876,9,3381.0,"39, 40, 41, 44, 52, 61, 118, 132, 154","162, 162, 162, 162, 162, 162, 162, 162, 162"
SÃO FRANCISCO DO CONDE,ESCOLA JOAQUIM INÁCIO DE ARAGÃO BULCÃO,"RUA DA IGREJA, S/N - ZONA RURAL",POVOADO COROADO,43900000,-12.6431766,-38.6188593,2,667.0,"126, 141","162, 162"
SÃO FRANCISCO DO CONDE,ESCOLA JOSÉ DE ARAGÃO BULCÃO,"RUA DO PRÉDIO, S/N - ZONA RURAL",DISTRITO MONTE RECÔNCAVO,43900000,-12.6530015,-38.598396,1,182.0,125,162
SÃO FRANCISCO DO CONDE,ESCOLA JOÃO SEABRA VELOSO,"RUA CAMPOMAR, S/N - ZONA RURAL",POVOADO MURIBECA,43970000,-12.6935629,-38.6056341,2,779.0,"99, 113","162, 162"
SÃO FRANCISCO DO CONDE,ESCOLA JULIETA PORCIÚNCULA,"RUA RAIMUNDO RIBEIRO, S/N - ZONA URBANA",CENTRO,43900000,-12.6288507,-38.6772471,3,700.0,"9, 46, 51","162, 162, 162"
SÃO FRANCISCO DO CONDE,ESCOLA JUVENAL EUGÊNIO DE QUEIROZ,"TRAVESSA JUVENAL EUGÊNIO DE QUEIROZ, S/N - ZONA URBANA",BAIXA FRIA,43900000,-12.6161201,-38.6665448,3,1091.0,"102, 116, 142","162, 162, 162"
SÃO FRANCISCO DO CONDE,ESCOLA MARIA LÚCIA ALVES,"ESTRADA DE SANTO ESTEVÃO, S/N - ZONA RURAL",SANTO ESTEVÃO,43900000,-12.7166512,-38.605391,2,664.0,"104, 133","162, 162"
SÃO FRANCISCO DO CONDE,ESCOLA MARTINHO SALLES BRASIL,AVENIDA JUVENAL EUGÊNIO DE QUEIROZ,BAIXA FRIA,43900000,-12.6155588,-38.6608196,10,3073.0,"1, 2, 3, 4, 5, 45, 50, 62, 108, 128","162, 162, 162, 162, 162, 162, 162, 162, 162, 162"
SÃO FRANCISCO DO CONDE,ESCOLA MENINO JESUS,RUA U,POVOADO JABEQUARA DA AREIA,43900000,-12.6361752,-38.5438571,2,511.0,"89, 159","162, 162"
SÃO FRANCISCO DO CONDE,ESCOLA MONTEIRO LOBATO,RUA ESPÍRITO SANTO,CENTRO,43900000,-12.6290523,-38.6772993,3,530.0,"47, 57, 58","162, 162, 162"
SÃO FRANCISCO DO CONDE,ESCOLA MUNICIPAL ANA TOURINHO JUNQUEIRA AYRES,"RUA SÃO ROQUE, S/N - ZONA RURAL",POVOADO MACACO,43900000,-12.6004503,-38.6540034,1,182.0,136,162
SÃO FRANCISCO DO CONDE,ESCOLA MUNICIPAL LÍCIA PINHO,"RUA ESPÍRITO SANTO, S/N - ZONA URBANA",CENTRO,43900000,-12.6295889,-38.6777194,1,174.0,6,162
SÃO FRANCISCO DO CONDE,ESCOLA MUNICIPAL MARIA AMÉLIA,"AV. SANTA RITA, S/N - ZONA RURAL",POVOADO SÃO BENTO DAS LAJES,43900000,-12.6197873,-38.689482,4,1576.0,"33, 34, 54, 64","162, 162, 162, 162"
SÃO FRANCISCO DO CONDE,ESCOLA NAVARRO DE BRITO,"RUA DA IGREJA, S/N - ZONA RURAL",POVOADO SOCORRO,43900000,-12.6816958,-38.5833447,2,635.0,"21, 121","162, 162"
SÃO FRANCISCO DO CONDE,ESCOLA O SOLDADO DESCONHECIDO,"RUA DA MANGUEIRA, S/N  - ZONA RURAL",DISTRITO DE SANTO ESTEVÃO,43900000,-12.7225878,-38.622985,2,697.0,"35, 36","162, 162"
SÃO FRANCISCO DO CONDE,ESCOLA OSÓRIO VILAS BOAS,"RUA 3 DE OUTUBRO, S/N - ZONA RURAL",POVOADO MURIBECA,43900000,-12.7031018,-38.6039146,2,552.0,"130, 144","162, 162"
SÃO FRANCISCO DO CONDE,ESCOLA RURAL,"PRAÇA ALZIRA SANTANA CRUZ, S/N - ZONA RURAL",POVOADO PARAMIRIM,43900000,-12.6477672,-38.596631,4,1052.0,"28, 29, 30, 53","162, 162, 162, 162"
SÃO FRANCISCO DO CONDE,ESCOLA SÃO BENTO DAS LAJES,"AV. SANTA RITA, S/N - ZONA RURAL",POVOADO SÃO BENTO DAS LAJES,43900000,-12.6151909,-38.6920588,4,1242.0,"93, 109, 134, 160","162, 162, 162, 162"
SÃO FRANCISCO DO CONDE,ESCOLA SÃO ROQUE,"RUA DO COLÉGIO, S/N - ZONA RURAL",POVOADO ILHA DO PATY,43900000,-12.7080403,-38.6271914,1,128.0,105,162
SÃO FRANCISCO DO CONDE,ESCOLA ÁLVARO RODRIGUES VASCONCELOS,"RUA DO MEIO, S/N - ZONA RURAL",POVOADO JABEQUARA DA AREIA,43900000,-12.6350165,-38.543842,3,1051.0,"24, 25, 60","162, 162, 162"
SÃO FRANCISCO DO CONDE,FREI ELISEU EISMANN,"RUA FREI MIGUEL, S/N - ZONA URBANA",CENTRO,43900000,-12.6255886,-38.6784923,4,1583.0,"7, 8, 48, 59","162, 162, 162, 162"
SÃO FRANCISCO DO CONDE,GINÁSIO LUIS VIANA NETO,PRAÇA DA BANDEIRA - ZONA URBANA,CENTRO,43900000,-12.6287823,-38.6762869,12,3433.0,"10, 11, 12, 13, 14, 15, 16, 17, 18, 19, 20, 145","162, 162, 162, 162, 162, 162, 162, 162, 162, 162, 162, 162"
SÃO FRANCISCO DO CONDE,LUZIENE AMÁLIA SANTOS ROCHA,ESTRADA PORTO FERROLHO,estrada porto ferrolho,43900000,-12.6922916,-38.6072212,3,859.0,"86, 96, 153","162, 162, 162"
SÃO FÉLIX DO CORIBE,COLÉGIO ESTADUAL RIO CORRENTE,"RUA LESSA, Nº 1650, BAIRRO CLÓVIS ARAÚJO CASTRO - SÃO FELIX DO CORIBE",CENTRO,47672080,-13.41004865,-44.18744849,6,2364.0,"60, 61, 62, 118, 119, 120","72, 72, 72, 72, 72, 72"
SÃO FÉLIX DO CORIBE,ESCOLA MUNICIPAL ADALGISA BORGES,POVOADO  ENTRONCAMENTO DO PORTO NOVO - ZONA RURAL,POVOADO ENTRONCAMENTO DO PORTO NOVO,47665000,-13.3993023,-44.2018258,2,525.0,"210, 234","72, 72"
SÃO FÉLIX DO CORIBE,ESCOLA MUNICIPAL AGNELO DA SILVA BRAGA,"RUA LESSA, S/N  - ZONA URBANA",AGNELO BRAGA,47665000,-13.40298433,-44.19026802,3,1141.0,"230, 236, 241","72, 72, 72"
SÃO FÉLIX DO CORIBE,ESCOLA MUNICIPAL EUGENIO LIRA,POVOADO MONTE ALEGRE -ZONA RURAL,POVOADO MONTE ALEGRE,47665000,-13.60863448,-44.10089677,3,673.0,"19, 20, 117","72, 72, 72"
SÃO FÉLIX DO CORIBE,ESCOLA MUNICIPAL JOAO DE DEUS,RUA E - ZONA URBANA,ALTO DA BELA VISTA,47665000,-13.4115001,-44.1943763,6,1566.0,"101, 190, 205, 218, 226, 239","72, 72, 72, 72, 72, 72"
SÃO FÉLIX DO CORIBE,ESCOLA MUNICIPAL LEONIDAS ARAUJO DE CASTRO,RUA SEBASTIAO BARROS S/N - ZONA URBANA,CENTRO,47665000,-13.40025584,-44.18967045,6,1900.0,"71, 72, 73, 121, 122, 189","72, 72, 72, 72, 72, 72"
SÃO FÉLIX DO CORIBE,ESCOLA MUNICIPAL SÃO FÉLIX,POVOADO DE CARACOL - ZONA RURAL,POVOADO CARACOL,47665000,-13.49660803,-43.97865999,2,535.0,"25, 221","72, 72"
SÃO FÉLIX DO CORIBE,ESCOLA MUNICIPAL ZENOBIO PEREIRA VALVERDE,POVOADO ALAGOINHAS - ZONA RURAL,POVOADO ALAGOINHAS,47665000,-13.76916828,-43.99324651,3,568.0,"13, 26, 110","72, 72, 72"
SÃO FÉLIX DO CORIBE,ESCOLA PROFESSORA ROSILDA FREIRE COELHO,"RUA QUATRO DE OUTUBRO, S/N - ZONA URBANA",ALTO DA BELA VISTA,47665000,-13.4098173,-44.1959541,6,2077.0,"89, 90, 124, 125, 126, 188","72, 72, 72, 72, 72, 72"
SÃO FÉLIX DO CORIBE,PREDIO ESCOLAR JESUS DE NAZARE,POVOADO MOZONDO - ZONA RURAL,POVOADO MOZONDO,47665000,-13.52114922,-44.12728878,2,552.0,"175, 225","72, 72"
SÃO FÉLIX DO CORIBE,PREDIO ESCOLAR RUY BARBOSA,POVOADO TABULEIRO - ZONA RURAL,POVOADO TABULEIRO,47640000,-13.5613769,-43.9121834,1,332.0,176,72
SÃO GONÇALO DOS CAMPOS,COLÉGIO POLIVALENTE,"AV DR. ANTONIO MUNIZ, S/N - ZONA URBANA",CENTRO,44330000,-12.4294533,-38.9504983,12,4172.0,"1, 2, 3, 4, 5, 6, 66, 132, 135, 140, 144, 146","108, 108, 108, 108, 108, 108, 108, 108, 108, 108, 108, 108"
SÃO GONÇALO DOS CAMPOS,CRECHE TIA MARIA DA FONSECA (CRECHE DO GRAVATÁ),BAIRRO DO GRAVATÁ - ZONA URBANA,GRAVATÁ,44330000,-12.4457728,-38.9540861,1,385.0,68,108
SÃO GONÇALO DOS CAMPOS,ESCOLA 15 DE NOVEMBRO,POVOADO MATA DO CAPIM - ZONA RURAL,POVOADO MATA DO CAPIM,44330000,-12.41619,-38.85172,1,350.0,30,108
SÃO GONÇALO DOS CAMPOS,ESCOLA AGRIPINA DE LIMA PEDREIRA,"AV. ARTHUR MAGALHÃES, S/N - ZONA URBANA",CENTRO,44330000,-12.429611,-38.9487936,7,1714.0,"10, 13, 14, 15, 16, 17, 18","108, 108, 108, 108, 108, 108, 108"
SÃO GONÇALO DOS CAMPOS,ESCOLA ANA DA COSTA FALCÃO,POVOADO SERGI/MERCÊS - ZONA RURAL,POVOADO SERGI,44330000,-12.4044886,-38.8793235,4,1501.0,"26, 27, 28, 131","108, 108, 108, 108"
SÃO GONÇALO DOS CAMPOS,ESCOLA ANTONIO CARLOS PEDREIRA,PRACA DA BANDEIRA  - ZONA URBANA,CENTRO,44330000,-12.4335849,-38.9497558,5,1757.0,"7, 8, 9, 74, 136","108, 108, 108, 108, 108"
SÃO GONÇALO DOS CAMPOS,ESCOLA CAROLINA MARTINS DE ALMEIDA,PRAÇA CENTRAL - AFLIGIDOS,DISTRITO AFLIGIDOS,44330000,-12.4922614,-38.8586995,2,265.0,"32, 34","108, 108"
SÃO GONÇALO DOS CAMPOS,ESCOLA CASTRO ALVES,POVOADO TABUA - ZONA RURAL,POVOADO TABUA,44330000,-12.4771333,-38.9187683,2,461.0,"55, 56","108, 108"
SÃO GONÇALO DOS CAMPOS,ESCOLA CÍCERO DANTAS,POVOADO CRISTÓVÃO - ZONA RURAL,POVOADO CRISTOVÃO,44330000,-12.3406933,-38.9361617,1,347.0,60,108
SÃO GONÇALO DOS CAMPOS,ESCOLA DEPUTADO NÓIDE CERQUEIRA,POVOADO TAPERA  - ZONA RURAL,POVOADO TAPERA,44330000,-12.334975,-38.9559033,4,1551.0,"57, 58, 76, 138","108, 108, 108, 108"
SÃO GONÇALO DOS CAMPOS,ESCOLA DIDAN LIMA MOTA,POVOADO TAPERINHA - ZONA RURAL,POVOADO TAPERINHA,44330000,-12.4635012,-38.9604756,2,473.0,"52, 53","108, 108"
SÃO GONÇALO DOS CAMPOS,ESCOLA DR. OSCAR PEIXOTO DE LACERDA,POVOADO SOBRADINHO - ZONA RURAL,POVOADO SOBRADINHO,44330000,-12.4393218,-38.9738469,2,642.0,"67, 127","108, 108"
SÃO GONÇALO DOS CAMPOS,ESCOLA EMÍDIA PEDREIRA DE SOUZA,POVOADO SANTANA DE ITAQUARI  - ZONA RURAL,POVOADO SANTANA DE ITAQUARI,44330000,-12.4283956,-38.9035001,3,794.0,"45, 46, 148","108, 108, 108"
SÃO GONÇALO DOS CAMPOS,ESCOLA FELÍCISSIMA GUIMARAES PINTO,POVOADO JOÃO MENDES - ZONA RURAL,POVOADO JOÃO MENDES,44330000,-12.3444117,-38.9715067,2,449.0,"41, 62","108, 108"
SÃO GONÇALO DOS CAMPOS,ESCOLA FRANCISCO JOSÉ DA SILVA,POVOADO BOA HORA - ZONA RURAL,POVOADO BOA HORA,44330000,-12.3215112,-38.9549334,4,1490.0,"65, 79, 130, 142","108, 108, 108, 108"
SÃO GONÇALO DOS CAMPOS,ESCOLA JOSÉ FALCÃO DE LIMA,POVOADO BROTAS - ZONA RURAL,POVOADO BROTAS,44330000,-12.3597457,-38.9393143,3,684.0,"49, 59, 71","108, 108, 108"
SÃO GONÇALO DOS CAMPOS,ESCOLA JOÃO THIAGO DE QUEIROZ,POVOADO MAGALHÃES - ZONA RURAL,POVOADO MAGALHÃES,44330000,-12.3605695,-38.9590611,6,2301.0,"36, 37, 38, 39, 40, 143","108, 108, 108, 108, 108, 108"
SÃO GONÇALO DOS CAMPOS,ESCOLA LEUR BRITO,POVOADO JACARE  - ZONA RURAL,POVOADO JACARÉ,44330000,-12.3939929,-38.9493015,2,674.0,"42, 43","108, 108"
SÃO GONÇALO DOS CAMPOS,ESCOLA MANOEL FRANCISCO DE OLIVEIRA,POVOADO BOA VISTA   - ZONA RURAL,POVOADO BOA VISTA,44330000,-12.4633332,-38.9945119,4,1059.0,"50, 51, 64, 72","108, 108, 108, 108"
SÃO GONÇALO DOS CAMPOS,ESCOLA MARIA IZABEL DA CRUZ,POVOADO CAJUEIRO - ZONA RURAL,POVOADO CAJUEIRO,44330000,-12.4609167,-38.8840483,1,276.0,48,108
SÃO GONÇALO DOS CAMPOS,ESCOLA MENI AZEVEDO LIMA,POVOADO TAPERA DE MERCES - ZONA RURAL,POVOADO TAPERA DE MERCES,44330000,-12.4340823,-38.873276,2,465.0,"31, 73","108, 108"
SÃO GONÇALO DOS CAMPOS,ESCOLA MUNICIPAL ARTUR MAGALHÃES,RUA JOSÉ DA COSTA FERRAZ - ZONA URBANA,CENTRO,44330000,-12.43912,-38.948135,3,1115.0,"24, 25, 70","108, 108, 108"
SÃO GONÇALO DOS CAMPOS,ESCOLA MUNICIPAL CEL. TIBÚRCIO BARREIROS,"RUA ADRIANO PEDREIRA, S/N - ZONA URBANA",CENTRO,44330000,-12.441815,-38.9518017,4,1360.0,"22, 23, 54, 123","108, 108, 108, 108"
SÃO GONÇALO DOS CAMPOS,ESCOLA MUNICIPAL NINI DESSA,"AVENIDA PROFESSORA MARIA BARBOSA, S/N - ZONA URBANA",MURILO LEITE,44330000,-12.4251109,-38.9515747,3,1059.0,"149, 154, 158","108, 108, 108"
SÃO GONÇALO DOS CAMPOS,ESCOLA MUNICIPAL PATRÍCIO SODRÉ,"BR 101, FAZENDA BICUDO - ZONA RURAL",BR 101,44330000,-12.4485067,-38.923735,1,258.0,47,108
SÃO GONÇALO DOS CAMPOS,ESCOLA MUNICIPAL PROF NELSON PESSOA,LOTEAMENTO CIDADE JARDIM - ZONA URBANA,CENTRO,44330000,-12.4386233,-38.9445267,4,1311.0,"20, 21, 137, 155","108, 108, 108, 108"
SÃO GONÇALO DOS CAMPOS,ESCOLA MUNICIPAL PRÓ THEONILIA DE OLIVEIRA,AV. ARTUR MAGALHÃES - ZONA URBANA,CENTRO,44330000,-12.4291682,-38.9487295,4,1054.0,"11, 12, 69, 77","108, 108, 108, 108"
SÃO GONÇALO DOS CAMPOS,ESCOLA PEDRO BORGES FALCÃO,POVOADO MURICI   - ZONA RURAL,POVOADO MURICI,44330000,-12.4070649,-38.9688483,1,367.0,44,108
SÃO GONÇALO DOS CAMPOS,ESCOLA PEDRO CORREIA DE MOURA,POVOADO SÃO JOÃO - ZONA RURAL,POVOADO SÃO JOÃO,44330000,-12.3113127,-38.9638225,3,1035.0,"61, 134, 147","108, 108, 108"
SÃO SEBASTIÃO DO PASSÉ,ANTIGA ESCOLA SÃO MATHEUS,AVENIDA SÃO SEBASTIÃO N 202 CENTRO,CENTRO,43850000,-12.51219621,-38.49418545,3,878.0,"22, 23, 24","128, 128, 128"
SÃO SEBASTIÃO DO PASSÉ,CENTRO PAROQUIAL MONSENHOR LUIZ FERREIRA DE BRITO,PRAÇA 12 DE OUTUBRO 234,CENTRO,43850000,-12.51282192,-38.49587991,4,1171.0,"25, 26, 27, 147","128, 128, 128, 128"
SÃO SEBASTIÃO DO PASSÉ,COLÉGIO ESTADUAL DE TEMPO INTEGRAL MONSENHOR LUIZ FERREIRA DE BRITO,"RUA EUTÍQUIO DE LIMA, N 155, SÃO ROQUE - ZONA URBANA",SÃO ROQUE,43850000,-12.5088739,-38.4895476,17,4994.0,"11, 12, 13, 14, 15, 16, 17, 18, 19, 32, 33, 34, 35, 36, 65, 69, 146","128, 128, 128, 128, 128, 128, 128, 128, 128, 128, 128, 128, 128, 128, 128, 128, 128"
SÃO SEBASTIÃO DO PASSÉ,COLÉGIO MUNICIPAL DR ANTÔNIO CARLOS MAGALHÃES,"RUA DA LINHA, SN, JACUIPE - ZONA RURAL",DISTRITO NAZARÉ DE JACUÍPE,43850000,-12.48990922,-38.62647396,4,1377.0,"48, 49, 50, 84","128, 128, 128, 128"
SÃO SEBASTIÃO DO PASSÉ,CRECHE SÃO JORGE,"PRACA DO CRUZEIRO, SN, MARACANGALHA - ZONA RURAL",DISTRITO MARACANGALHA,43850000,-12.60559107,-38.57055259,4,1156.0,"51, 52, 53, 54","128, 128, 128, 128"
SÃO SEBASTIÃO DO PASSÉ,ESCOLA CECILIA AUREA DA CRUZ RIBEIRO,"RUA DANIEL FERREIRA GOMES DA SILVA, SN, AGOSTINHO AMARL - ZONA URBANA",AGOSTINHO AMARAL,43850000,-12.5156021,-38.4899087,7,2629.0,"40, 41, 42, 75, 82, 196, 197","128, 128, 128, 128, 128, 128, 128"
SÃO SEBASTIÃO DO PASSÉ,ESCOLA ESTADUAL DEPUTADO LUIS EDUARDO MAGALHÃES,"RUA ISIDÓRIO MENEZES, N° 16, HUMILDES - ZONA URBANA",HUMILDES,43850000,-12.52121857,-38.49552854,12,4579.0,"78, 83, 136, 137, 138, 140, 141, 143, 145, 148, 151, 154","128, 128, 128, 128, 128, 128, 128, 128, 128, 128, 128, 128"
SÃO SEBASTIÃO DO PASSÉ,ESCOLA JOSEANE SANTOS,"RUA JOANA ANGELICA, SN, LAMARAO - ZONA RURAL",DISTRITO LAMARÃO DO PASSÉ,43850000,-12.59508014,-38.39856853,4,1186.0,"58, 59, 79, 198","128, 128, 128, 128"
SÃO SEBASTIÃO DO PASSÉ,ESCOLA MUNICIPAL AUGUSTA MENEZES DE SANTANA,"RUA ANTONIO BONFIM LAGO, SN, BANCO DE AREIA - ZONA RURAL",DISTRITO BANCO DE AREIA,43850000,-12.42759545,-38.47229828,2,617.0,"57, 142","128, 128"
SÃO SEBASTIÃO DO PASSÉ,ESCOLA MUNICIPAL DR JOÃO PAIM,"RUA EUTIQUIO DE LIMA, 155 - SAO ROQUE - ZONA URBANA",CENTRO,43850000,-12.50983512,-38.49253869,13,4353.0,"1, 2, 3, 4, 5, 6, 7, 8, 9, 10, 60, 61, 62","128, 128, 128, 128, 128, 128, 128, 128, 128, 128, 128, 128, 128"
SÃO SEBASTIÃO DO PASSÉ,ESCOLA MUNICIPAL EZEQUIEL PORTUGAL,"RUA JOSÉ FERREIRA LISBOA, SN, SAO ROQUE - ZONA URBANA",SÃO ROQUE,43850000,-12.5132914,-38.4917892,5,1466.0,"28, 29, 30, 31, 70","128, 128, 128, 128, 128"
SÃO SEBASTIÃO DO PASSÉ,ESCOLA MUNICIPAL GRACILIANO RAMOS,"AV. ERNANE DE OLIVEIRA ROCHA, SN, URBIS I - ZONA URBANA",URBIS II,43850000,-12.52102792,-38.49175892,5,1700.0,"37, 38, 39, 200, 204","128, 128, 128, 128, 128"
SÃO SEBASTIÃO DO PASSÉ,ESCOLA MUNICIPAL JANUÁRIO RIBEIRO,"PRACA BANCO DE AREIA, SN, BANCO DE AREIA - ZONA RURAL",DISTRITO BANCO DE AREIA,43850000,-12.41844245,-38.477215,2,567.0,"55, 56","128, 128"
SÃO SEBASTIÃO DO PASSÉ,ESCOLA MUNICIPAL NOVA BRASILIA,"RUA RAIMUNDO NONATO GOMES, SN, BRASÍLIA - ZONA URBANA",BRASÍLIA,43850000,-12.50461863,-38.49756987,3,875.0,"74, 80, 201","128, 128, 128"
SÃO SEBASTIÃO DO PASSÉ,ESCOLA MUNICIPAL ORLANDO SPÍNOLA,"RUA LUIS PADRE FERREIRA DE BRITO, S/N - ZONA URBANA",ARACATIBA,43850000,-12.5051138,-38.5085234,1,231.0,202,128
SÃO SEBASTIÃO DO PASSÉ,ESCOLA MUNICIPAL REUNIDAS CONDESSA DE BARRAL,"AVENIDA LAURO DE FREITAS, SN, JACUÍPE - ZONA RURAL",DISTRITO NAZARÉ DE JACUÍPE,43850000,-12.4884725,-38.6282553,3,752.0,"45, 46, 47","128, 128, 128"
SÃO SEBASTIÃO DO PASSÉ,ESCOLA MUNICIPAL RÔMULO GALVÃO,"AV. ERNANE DE OLIVEIRA ROCHA, SN, PENAO - ZONA URBANA",PENÃO,43850000,-12.51854295,-38.49718801,4,1582.0,"43, 44, 71, 72","128, 128, 128, 128"
SÃO SEBASTIÃO DO PASSÉ,ESCOLA NOVA GEARY - SAO JUDAS TADEU,"RUA NOVA GEARY, GEARY, - ZONA RURAL",POVOADO GEARY,43850000,-12.5290578,-38.5974344,2,718.0,"76, 144","128, 128"
SÃO SEBASTIÃO DO PASSÉ,ESCOLA PROFESSORA LINDAURA MONTEIRO CÂMARA,"RUA JOSÉ GONÇALVES, N 20 - ZONA URBANA",CENTRO,43850000,-12.50982831,-38.49426384,10,3300.0,"20, 21, 63, 64, 68, 73, 81, 85, 153, 195","128, 128, 128, 128, 128, 128, 128, 128, 128, 128"
SÍTIO DO MATO,ESCOLA ANTONIO CARLOS MAGALHÃES NETO - ACM NETO,TRAVESSA IPIRANGA,CENTRO,47610000,-13.08615,-43.4681467,5,1575.0,"54, 55, 56, 57, 328","71, 71, 71, 71, 71"
SÍTIO DO MATO,ESCOLA EMANUEL ALVES COSTA,"VALE VERDE, ASSENTAMENTO 3, S/N - ZONA RURAL",TURBILHÃO 3,47610000,-12.57459,-43.4173567,1,254.0,311,71
SÍTIO DO MATO,ESCOLA ESTADUAL TOMAZ LEITE,POVOADO GAMELEIRA - ZONA RURAL,POVOADO GAMELEIRA,47610000,-12.8645183,-43.3831467,4,1231.0,"66, 67, 292, 337","71, 71, 71, 71"
SÍTIO DO MATO,ESCOLA MUNICIPAL CASINHA FELIZ,POVOADO TATAÍRA - ZONA RURAL,POVOADO TATAIRA,47610000,-12.9248367,-43.417525,2,712.0,"169, 170","71, 71"
SÍTIO DO MATO,ESCOLA MUNICIPAL ERALDO TINOCO,TRAVESSA IPIRANGA - ZONA URBANA,CENTRO,47610000,-13.08066,-43.46699,5,1714.0,"62, 63, 249, 278, 304","71, 71, 71, 71, 71"
SÍTIO DO MATO,ESCOLA MUNICIPAL MARIA FELIPA,POVOADO MANGAL BARRO VERMELHO - ZONA RURAL,POVOADO MANGAL BARRO VERMELHO,47610000,-12.7598333,-43.3091217,2,463.0,"171, 318","71, 71"
SÍTIO DO MATO,ESCOLA MUNICIPAL NOSSA SENHORA DA CONCEIÇÃO,POVOADO QUIXABA - ZONA RURAL,povoado conceição,47610000,-12.9344417,-43.499395,1,382.0,172,71
SÍTIO DO MATO,ESCOLA MUNICIPAL PETRONILA MULLER I,POVOADO GAMELEIRA - ZONA RURAL,POVOADO GAMELEIRA,47610000,-12.8670383,-43.3808883,4,946.0,"64, 65, 253, 281","71, 71, 71, 71"
SÍTIO DO MATO,ESCOLA MUNICIPAL PROFESSOR AVELINO NUNES RODRIGUES,"RODOVIA GAMELEIRA DA LAPA ,S/N - ZONA URBANA",CENTRO,47610000,-13.0782375,-43.4681197,5,1274.0,"58, 59, 60, 61, 298","71, 71, 71, 71, 71"
SÍTIO DO MATO,ESCOLA MUNICIPAL SÃO JOÃO,POVOADO MUNDO NOVO - ZONA RURAL,POVOADO MUNDO NOVO,47610000,-12.8690083,-43.5133183,2,432.0,"168, 322","71, 71"
SÍTIO DO MATO,ESCOLA MUNICIPAL VALE VERDE,"POVOADO VALE VERDE, TURBILHÃO 02 - ZONA RURAL",POVOADO VALE VERDE,47610000,-12.6061,-43.34917,3,907.0,"243, 255, 290","71, 71, 71"
SÍTIO DO MATO,ESCOLA NOSSA SENHORA DO ROSÁRIO,TRAVESSA IPIRANGA - ZONA URBANA,CENTRO,47610000,-13.0806692,-43.4672227,4,1398.0,"209, 238, 279, 291","71, 71, 71, 71"
SÍTIO DO QUINTO,COLÉGIO ESTADUAL  DE TEMPO INTEGRAL JOÃO FRANCISCO DA SILVA,"RUA DO CAMPO, S/N - ZONA URBANA",CENTRO,48565000,-10.3685967,-38.2102234,5,1884.0,"67, 68, 136, 202, 222","51, 51, 51, 51, 51"
SÍTIO DO QUINTO,ESCOLA MUNICIPAL JOSÉ BATISTA DE ANDRADE,POVOADO PLANALTO - ZONA RURAL,POVOADO PLANALTO,48565000,-10.3935,-38.17762,2,526.0,"76, 142","51, 51"
SÍTIO DO QUINTO,ESCOLA MUNICIPAL JOSÉ MARIANO DE SOUZA,POVOADO JARDIM - ZONA RURAL,POVOADO JARDIM,48565000,-10.3859191,-38.0512451,1,120.0,75,51
SÍTIO DO QUINTO,ESCOLA MUNICIPAL JOSÉ TEODÓRIO DE CARVALHO,POVOADO LAGOA DO LIMOEIRO - ZONA RURAL,POVOADO LAGOA DO LIMOEIRO,48565000,-10.2667517,-38.1360783,2,455.0,"77, 143","51, 51"
SÍTIO DO QUINTO,ESCOLA MUNICIPAL JOSÉ VIRGÍLIO DE CARVALHO,POVOADO FLAMENGO - ZONA RURAL,POVOADO FLAMENGO,48565000,-10.2858513,-38.1620253,1,262.0,180,51
SÍTIO DO QUINTO,ESCOLA MUNICIPAL JOÃO JOSÉ DO NASCIMENTO,"TRAVESSA DA MANGUEIRA, S/N - ZONA URBANA",CENTRO,48565000,-10.3689896,-38.2028571,3,808.0,"63, 64, 223","51, 51, 51"
SÍTIO DO QUINTO,ESCOLA MUNICIPAL PADRE PALMEIRA I,POVOADO RAZINHO - ZONA RURAL,POVOADO RAZINHO,48565000,-10.4152971,-38.1716294,3,873.0,"69, 131, 137","51, 51, 51"
SÍTIO DO QUINTO,ESCOLA MUNICIPAL PROFESSOR ROBERTO SANTOS,FAZENDA CASCALHEIRA - ZONA RURAL,POVOADO MUCAMBO,48565000,-10.3225582,-38.207451,3,627.0,"106, 111, 196","51, 51, 51"
SÍTIO DO QUINTO,ESCOLA MUNICIPAL SANTO ANTÔNIO,"RUA J. BATISTA DE ANDRADE, S/N - ZONA URBANA",CENTRO,48565000,-10.3683311,-38.2017673,7,2348.0,"65, 66, 134, 135, 194, 203, 221","51, 51, 51, 51, 51, 51, 51"
SÍTIO DO QUINTO,ESCOLA MUNICIPAL SILVIO MUTTI,POVOADO TINGUÍ - ZONA RURAL,POVOADO TINGUI,48565000,-10.3441352,-38.1115689,3,655.0,"71, 72, 112","51, 51, 51"
SÍTIO DO QUINTO,ESCOLA MUNICIPAL TINGÜÍ,POVOADO TINGÜÍ - ZONA RURAL,POVOADO TINGUI,48565000,-10.345375,-38.1101564,4,963.0,"73, 104, 139, 140","51, 51, 51, 51"
TABOCAS DO BREJO VELHO,ESCOLA ARTUR DA COSTA E SILVA,POVOADO VARZEA COMPRIDA -  ZONA RURAL,POVOADO VARZEA COMPRIDA,47760000,-12.38943,-44.27384,1,236.0,103,190
TABOCAS DO BREJO VELHO,ESCOLA JOSE ANTONIO DOS REIS,POVOADO OLHO D'AGUA DO CEDRO -  ZONA RURAL,POVOADO OLHO D'ÁGUA DO CEDRO,47760000,-12.6830823,-43.9652943,2,461.0,"105, 125","190, 190"
TABOCAS DO BREJO VELHO,ESCOLA JOSE BONIFACIO,POVOOADO NEGRA MINA -  ZONA RURAL,POVOADO NEGRA MINA,47760000,-12.6244017,-44.2024217,1,155.0,99,190
TABOCAS DO BREJO VELHO,ESCOLA MUNICIPAL JOAQUIM CORREIA MENDES,POVOADO CARRAPATO -  ZONA RURAL,POVOADO CARRAPATO,47750000,-12.7087033,-44.0661233,2,557.0,"104, 142","190, 190"
TABOCAS DO BREJO VELHO,ESCOLA MUNICIPAL TARCÍSIO AUGUSTO DA SILVA,POVOADO CAMARINHA -  ZONA RURAL,POVOADO CAMARINHA,47760000,-12.3638083,-44.22996,2,637.0,"106, 110","190, 190"
TABOCAS DO BREJO VELHO,PREDIO ESCOLAR EURICO GASPAR DUTRA,DISTRITO MARIQUITA -  ZONA RURAL,DISTRITO MARIQUITA,47760000,-12.405305,-44.2374433,3,803.0,"91, 92, 132","190, 190, 190"
TABOCAS DO BREJO VELHO,PREDIO ESCOLAR JOAQUIM PEDRO DA SILVA,POVOADO BARRA DO PEIXINHO -  ZONA RURAL,POVOADO BARRA DO PEIXINHO,47760000,-12.3594417,-44.2735133,3,420.0,"94, 95, 137","190, 190, 190"
TABOCAS DO BREJO VELHO,PREDIO ESCOLAR LUCIA GONCALVES DE ARAUJO,POVOADO MUCAMBO -  ZONA RURAL,POVOADO MUCAMBO,47760000,-12.4583083,-44.3068417,1,382.0,98,190
TABOCAS DO BREJO VELHO,PREDIO ESCOLAR MAGALHAES NETO,PRACA NOVA -  ZONA URBANA,CENTRO,47760000,-12.703385,-44.00985,4,1474.0,"79, 80, 81, 130","190, 190, 190, 190"
TABOCAS DO BREJO VELHO,PREDIO ESCOLAR MANOEL MESSIAS,PRACA MANOEL MESSIAS -  ZONA URBANA,CENTRO,47760000,-12.7029483,-44.0051317,6,2053.0,"84, 85, 88, 89, 140, 147","190, 190, 190, 190, 190, 190"
TABOCAS DO BREJO VELHO,PREDIO ESCOLAR REINO DA ALEGRIA,PRACA 21 DE MARCO -  ZONA URBANA,CENTRO,47760000,-12.7028104,-44.0090913,4,1419.0,"82, 83, 86, 87","190, 190, 190, 190"
TABOCAS DO BREJO VELHO,PREDIO ESCOLAR SANTA CRUZ,POVOADO BREJINHO ITACARAMBI -  ZONA RURAL,POVOADO BREJINHO ITACARAMBI,47760000,-12.423842,-44.1717406,1,389.0,97,190
TABOCAS DO BREJO VELHO,PREDIO ESCOLAR SAO JORGE,POVOADO CABECEIRINHA -  ZONA RURAL,POVOADO CABECEIRINHA,47760000,-12.7345467,-44.1363317,3,1013.0,"101, 114, 146","190, 190, 190"
TABOCAS DO BREJO VELHO,PRÉDIO ESCOLAR MUNICIPAL RUI BARBOSA,POVOADO VEREDA -  ZONA RURAL,POVOADO VEREDA,47760000,-12.6186433,-44.1640667,2,610.0,"109, 144","190, 190"
TABOCAS DO BREJO VELHO,PRÉDIO ESCOLAR MUNICIPAL SANTA FÉ,POVOADO RODRIGO -  ZONA RURAL,POVOADO RODRIGO,47760000,-12.3759933,-44.06444,1,264.0,102,190
TANQUE NOVO,CENTRO EDUCACIONAL PROFESSORA ALZIRA ALVES CARNEIRO,PRAÇA DOS ESTUDANTES - ZONA URBANA,CENTRO,46580000,-13.5488416,-42.4867123,13,4092.0,"159, 160, 161, 162, 163, 164, 188, 191, 192, 193, 196, 199, 203","168, 168, 168, 168, 168, 168, 168, 168, 168, 168, 168, 168, 168"
TANQUE NOVO,COLÉGIO ESTADUAL DE TANQUE NOVO,RUA VEREADOR OSVALDO A CARNEIRO ZONA URBANA,CENTRO,46580000,-13.55905,-42.4910168,10,3909.0,"144, 145, 146, 147, 148, 149, 150, 151, 198, 202","168, 168, 168, 168, 168, 168, 168, 168, 168, 168"
TANQUE NOVO,COLÉGIO MUNICIPAL MURICI,PRAÇA JOSE MAGALHÃES MOCO SN - ZONA RURAL,POVOADO MURICI,46580000,-13.5097507,-42.6756399,5,1638.0,"165, 166, 167, 169, 171","168, 168, 168, 168, 168"
TANQUE NOVO,ESCOLA MUNICIPAL ANA NÉRY,POVOADO JACARÉ - ZONA RURAL,POVOADO JACARÉ,46580000,-13.640325,-42.4587083,2,583.0,"182, 185","168, 168"
TANQUE NOVO,ESCOLA MUNICIPAL TEOTÔNIO MARQUES,PRACA CARDOSO SN - ZONA URBANA,CENTRO,46580000,-13.5454483,-42.4907367,6,1615.0,"152, 153, 154, 186, 195, 201","168, 168, 168, 168, 168, 168"
TANQUE NOVO,GRUPO ESCOLAR RAQUEL PEREIRA,RUA PROF RAQUEL PEREIRA,CENTRO,46580000,-13.5448855,-42.4922849,5,1570.0,"155, 156, 157, 158, 200","168, 168, 168, 168, 168"
TANQUE NOVO,PRÉDIO ESCOLAR JOSÉ ONÓRIO,POV VEREDA FUNDA - ZONA RURAL,POVOADO VEREDA FUNDA,46580000,-13.46558,-42.477055,3,671.0,"177, 178, 179","168, 168, 168"
TANQUE NOVO,PRÉDIO ESCOLAR MARTINIANO J DE M,POVOADO PAPAGAIO - ZONA RURAL,POVOADO PAPAGAIO,46580000,-13.47151,-42.568665,1,221.0,172,168
TANQUINHO,COLÉGIO ESTADUAL DE TEMPO INTEGRAL NOVIS FILHO,"RUA ANTONIO GUIMARÃES, 485 - ZONA URBANA",CENTRO,44160000,-11.96973695,-39.10452574,14,3993.0,"108, 109, 110, 111, 112, 113, 114, 115, 116, 117, 118, 119, 120, 121","160, 160, 160, 160, 160, 160, 160, 160, 160, 160, 160, 160, 160, 160"
TANQUINHO,ESCOLA MUNICIPAL PROFESSORA ÁUREA CORDEIRO,"RUA AMERICO TRABUCO, S/N - ZONA URBANA",CENTRO,44160000,-11.97576435,-39.10321754,10,2556.0,"122, 123, 124, 125, 126, 127, 128, 129, 130, 131","160, 160, 160, 160, 160, 160, 160, 160, 160, 160"
TANQUINHO,PRÉDIO ESCOLAR CRISPIM ANICETO DE JESUS,POVOADO CRISPINOPOLIS - ZONA RURAL,POVOADO CRISPINÓPOLIS,44160000,-11.88724115,-39.05281118,1,233.0,133,160
TANQUINHO,PRÉDIO ESCOLAR JOSAPHAT DOS REIS LIMA,POVOADO NOVENTA - ZONA RURAL,POVOADO NOVENTA,44160000,-11.8828075,-39.02382516,2,548.0,"132, 138","160, 160"
TANQUINHO,PRÉDIO ESCOLAR JOSÉ ALVINO PEREIRA,"PRAÇA DA MATRIZ, POVOADO SÃO NICOLAU - ZONA RURAL",POVOADO SAO NICOLAU,44160000,-11.83592378,-39.06476774,1,198.0,134,160
TAPEROÁ,CASA DO ADOLESCENTE E DA CRIANÇA DE TAPEROÁ,RUA FRANCISCO ARAÚJO ALVES JUNIOR - ZONA URBANA,SÃO FELIPE,45430000,-13.5467622,-39.0987647,2,687.0,"136, 210","32, 32"
TAPEROÁ,COLÉGIO MANOEL PEREIRA,POVOADO DE AREINHA - ZONA RURAL,POVOADO AREINHA,45430000,-13.6218969,-39.3136375,4,1208.0,"93, 94, 131, 214","32, 32, 32, 32"
TAPEROÁ,COLÉGIO SÃO BRAZ,"RUA SAUL OLIVEIRA, SN - ZONA URBANA",CENTRO,45430000,-13.539782,-39.0986482,4,1353.0,"71, 72, 73, 216","32, 32, 32, 32"
TAPEROÁ,CRECHE OSCAR DE SOUZA BULCÃO,"RUA SÃO SALVADOR, RODOVIA TAPEROÁ VALENÇA, S/N -ZONA RURAL",POVOADO GRACIOSA,45430000,-13.4847089,-39.0916569,2,537.0,"82, 83","32, 32"
TAPEROÁ,ESCOLA CERENILA SANTANA,POVOADO DE CAMURUGI - ZONA RURAL,POVOADO CAMURUGÍ,45430000,-13.5012183,-39.097474,2,524.0,"84, 85","32, 32"
TAPEROÁ,ESCOLA DE ENSINO FUNDAMENTAL DR LUIZ NAVARRO DE BRITO,"RUA EUVALDO LUZ, SN - ZONA URBANA",CENTRO,45430000,-13.5360195,-39.0973997,4,1549.0,"78, 79, 134, 157","32, 32, 32, 32"
TAPEROÁ,ESCOLA ESTADUAL DE TEMPO INTEGRAL ESTELA ALELUIA GUIMARÃES,"RUA CÍCERO ANTERO DE BRITO, SN - ZONA URBANA",CENTRO,45430000,-13.5482245,-39.0991945,9,2782.0,"74, 75, 76, 77, 80, 95, 135, 142, 160","32, 32, 32, 32, 32, 32, 32, 32, 32"
TAPEROÁ,ESCOLA MUNICIPAL DE ENSINO FUNDAMENTAL ANTÔNIO BALBINO,"RUA CARMOSINA TRINCHÃO, S/N - ZONA URBANA",CENTRO,45430000,-13.5368308,-39.09704,6,1644.0,"68, 69, 70, 133, 149, 217","32, 32, 32, 32, 32, 32"
TAPEROÁ,ESCOLA MUNICIPAL PROF HERMELINDA MARTINS,"RUA CÍCERO ANTERO DE BRITO, SN, ZONA URBANA",CENTRO,45430000,-13.5394026,-39.0988297,8,2169.0,"89, 90, 91, 92, 132, 144, 148, 152","32, 32, 32, 32, 32, 32, 32, 32"
TAPEROÁ,PRÉDIO ESCOLAR MATIAS NASCIMENTO DOS SANTOS,POVOADO DE ITIÚBA - ZONA RURAL,POVOADO ITIÚBA,45430000,-13.5810132,-39.219853,4,719.0,"86, 88, 97, 130","32, 32, 32, 32"
TEODORO SAMPAIO,COLÉGIO ESTADUAL ASSIS VALENTE,"AVENIDA PAU BRASIL, S/N - ZONA URBANA",CENTRO,44280000,-12.31402513,-38.65092902,1,398.0,173,130
TEODORO SAMPAIO,ESCOLA MUNICIPAL DEPUTADO GASTÃO PEDREIRA,RUA PRESIDENTE COSTA E SILVA,CENTRO,44280000,-12.30187202,-38.6428841,7,2382.0,"97, 98, 99, 100, 117, 118, 119","130, 130, 130, 130, 130, 130, 130"
TEODORO SAMPAIO,ESCOLA MUNICIPAL NOSSA SENHORA DA AJUDA,"RUA 7 DE SETEMBRO, S/N - ZONA URBANA",CENTRO,44280000,-12.30240917,-38.64067903,7,1547.0,"101, 102, 103, 104, 105, 106, 116","130, 130, 130, 130, 130, 130, 130"
TEODORO SAMPAIO,ESCOLA MUNICIPAL PADRE JOSÉ NORBERTO RODRIGUES,"RUA DA RODAGEM, S/N - ZONA RURAL",DISTRITO LUSTOSA,44280000,-12.22314636,-38.63349946,6,1604.0,"107, 108, 109, 110, 111, 112","130, 130, 130, 130, 130, 130"
TEODORO SAMPAIO,ESCOLA MUNICIPAL PROFESSORA AMÁLIA MOREIRA VAZ,"RUA DOMINGOS ALVES GONÇALVES, Nº 128 - ZONA RURAL",DISTRITO BURACICA,44280000,-12.27559595,-38.5318558,3,952.0,"113, 114, 115","130, 130, 130"
TEOFILÂNDIA,ASSOCIACAO DOS PEQUENOS AGRICULTORES DO POMBAL,POVOADO POMBAL - ZONA RURAL,POVOADO POMBAL,48770000,-11.5360233,-38.9155617,1,111.0,177,123
TEOFILÂNDIA,CENTRO EDUCACIONAL RAFAEL LOPES DE ARAÚJO,"RUA JOSÉ AMÉRICO, S/N  -  ZONA URBANA",CENTRO,48770000,-11.4904317,-38.9982533,8,1451.0,"1, 3, 5, 7, 9, 21, 23, 25","123, 123, 123, 123, 123, 123, 123, 123"
TEOFILÂNDIA,COLÉGIO ESTADUAL DE TEMPO INTEGRAL DE TEOFILANDIA,RUA ITABERABA,NÚCLEO HABITACIONAL CVRD,48770000,-11.4748617,-39.001015,6,2060.0,"15, 16, 17, 18, 19, 20","123, 123, 123, 123, 123, 123"
TEOFILÂNDIA,CRECHE E PRE ESCOLA CRIANCA FELIZ IV,POVOADO BRASA - ZONA RURAL,POVOADO BRASA,48770000,-11.5022517,-38.950275,1,190.0,35,123
TEOFILÂNDIA,CRECHE E PRE ESCOLA CRIANCA FELIZ VI,POVOADO JUREMA - ZONA RURAL,POVOADO JUREMA,48770000,-11.4793467,-38.8974733,2,620.0,"53, 161","123, 123"
TEOFILÂNDIA,CRECHE RITA DE CÁSSIA,AVENIDA SALVADOR - ZONA URBANA,PEDRINHAS,48770000,-11.4782717,-38.9986384,2,465.0,"50, 188","123, 123"
TEOFILÂNDIA,ESCOLA MUNICIPAL ANA OLIVEIRA,POVOADO SOCAVÃO - ZONA RURAL,POVOADO SOCAVÃO,48770000,-11.5181717,-39.0267383,2,619.0,"47, 178","123, 123"
TEOFILÂNDIA,ESCOLA MUNICIPAL CORONEL DULCA,POVOADO FOGO POUCO - ZONA RURAL,POVOADO FOGO POUCO,48770000,-11.454285,-38.9253117,1,318.0,52,123
TEOFILÂNDIA,ESCOLA MUNICIPAL DOM JOÃO VI,POVOADO LIMEIRA -  ZONA RURAL,POVOADO LIMEIRA,48770000,-11.5175567,-38.9067217,2,486.0,"42, 43","123, 123"
TEOFILÂNDIA,ESCOLA MUNICIPAL DOM PEDRO I,POVOADO CANTO -  ZONA RURAL  ,POVOADO CANTO,48770000,-11.443625,-39.046705,2,501.0,"33, 34","123, 123"
TEOFILÂNDIA,ESCOLA MUNICIPAL GABRIEL ARCANJO,POVOADO DE  LAGOA DO RAMO - ZONA RURAL ,POVOADO LAGOA DO RAMO,48770000,-11.54674,-38.97046,2,468.0,"40, 151","123, 123"
TEOFILÂNDIA,ESCOLA MUNICIPAL JOAQUIM TEÓFILO DE OLIVEIRA,RUA BOA ESPERANÇA -  ZONA URBANA,PEDRINHAS,48770000,-11.4793783,-38.9960333,4,1196.0,"54, 55, 56, 57","123, 123, 123, 123"
TEOFILÂNDIA,ESCOLA MUNICIPAL JOSÉ DA SILVA,POVOADO LAGOA DO CANTO -  ZONA RURAL,POVOADO LAGOA DO CANTO,48770000,-11.4915917,-38.9227517,2,564.0,"27, 185","123, 123"
TEOFILÂNDIA,ESCOLA MUNICIPAL JOÃO MUNIZ DOS SANTOS,POVOADO BARREIRO  -  ZONA RURAL,POVOADO BARREIRO,48770000,-11.4322683,-38.976075,2,781.0,"37, 38","123, 123"
TEOFILÂNDIA,ESCOLA MUNICIPAL JOÃO PIMENTEL DE OLIVEIRA,POVOADO MIRANTE -  ZONA RURAL,POVOADO MIRANTE,48770000,-11.5195167,-38.92621,1,309.0,157,123
TEOFILÂNDIA,ESCOLA MUNICIPAL MANOEL JOAQUIM RODRIGUES,POVOADO BAIXÃO -  ZONA RURAL,POVOADO BAIXÃO,48770000,-11.475565,-38.862385,2,633.0,"48, 150","123, 123"
TEOFILÂNDIA,ESCOLA MUNICIPAL MARIA QUITÉRIA,POVOADO BOLA VERDE -  ZONA RURAL,POVOADO BOLA VERDE,48770000,-11.4903517,-38.9791067,2,594.0,"51, 192","123, 123"
TEOFILÂNDIA,ESCOLA MUNICIPAL MIGUEL GOMES DE SOUZA,POVOADO SETOR -  ZONA RURAL  ,POVOADO SETOR,48770000,-11.4437533,-38.88134,6,2152.0,"28, 29, 30, 31, 32, 205","123, 123, 123, 123, 123, 123"
TEOFILÂNDIA,ESCOLA MUNICIPAL NOSSA SENHORA DA PAZ,POVOADO DO DEZENOVE - ZONA RURAL,POVOADO DO DEZENOVE,48770000,-11.4746533,-38.92207,2,515.0,"169, 200","123, 123"
TEOFILÂNDIA,ESCOLA MUNICIPAL PREGIDIO PEREIRA,POVOADO MARIA PRETA -  ZONA RURAL,POVOADO MARIA PRETA,48770000,-11.5240633,-39.0007883,3,772.0,"45, 180, 210","123, 123, 123"
TEOFILÂNDIA,ESCOLA MUNICIPAL SÃO JOSÉ,POVOADO JOSÉ VALÉRIO - ZONA RURAL,POVOADO JOSÉ VALÉRIO,48770000,-11.4228067,-39.0658267,1,202.0,41,123
TEOFILÂNDIA,ESCOLA MUNICIPAL VASCO DA GAMA,POVOADO LARANJEIRAS - ZONA RURAL,POVOADO LARANJEIRAS,48770000,-11.4899183,-39.0579783,1,51.0,46,123
TEOFILÂNDIA,GRUPO ESCOLAR JOSÉ HERMÓGENES,RUA JOSÉ HERMÓGENES -  ZONA URBANA,CENTRO,48770000,-11.4887083,-38.998735,2,354.0,"11, 13","123, 123"
TEOFILÂNDIA,POSTO SATELITE DA IPOEIRA,POVOADO IPOEIRA - ZONA RURAL,POVOADO IPOEIRA,48770000,-11.4233517,-38.9080833,2,420.0,"49, 144","123, 123"
TEOFILÂNDIA,POSTO SATELITE DO GATO,POVOADO GATO - ZONA RURAL,POVOADO GATO,48770000,-11.43031,-39.01275,2,435.0,"39, 186","123, 123"
TEOFILÂNDIA,POSTO SATELITE DO LUCAS,POVOADO LUCAS - ZONA RURAL,POVOADO LUCAS,48770000,-11.50302,-38.8733133,1,299.0,44,123
TEOLÂNDIA,COLÉGIO ESTADUAL DEMOCRÁTICO LÍBIA TINOCO MELO,PRAÇA OLIVIA DE SOUZA OLIVEIRA S/N - ZONA URBANA,CENTRO,45465000,-13.6054096,-39.4894131,8,3049.0,"62, 63, 64, 65, 66, 67, 68, 69","197, 197, 197, 197, 197, 197, 197, 197"
TEOLÂNDIA,COLÉGIO MUNICIPAL ALVÁRO PAULO DE SOUZA,POVOADO BURIETÁ - ZONA RURAL,POVOADO DE BURIETÁ,45465000,-13.5602649,-39.4713773,3,807.0,"73, 74, 75","197, 197, 197"
TEOLÂNDIA,COMPLEXO EDUCACIONAL JOSÉ HENRIQUE,"AVENIDA DANIELE CARVALHO, S/N BAIRRO: JUVENTUDE",JUVENTUDE,45465000,-13.5928583,-39.4957083,6,1318.0,"76, 77, 78, 79, 80, 81","197, 197, 197, 197, 197, 197"
TEOLÂNDIA,CRECHE ESCOLA MUNICIPAL MARIA JOSÉ DE ALMEIDA SOUZA,PRAÇA GEROLINA BATISTA DOS SANTOS S/N - CENTRO - BARRADÃO,BARRADÃO,45460000,-13.605015,-39.4919528,5,1723.0,"50, 51, 52, 53, 56","197, 197, 197, 197, 197"
TEOLÂNDIA,ESCOLA MANOEL DE SOUZA MENEZES DE BURIETÁ,POVOADO BURIETÁ - ZONA RURAL,POVOADO DE BURIETÁ,45465000,-13.5583568,-39.4689733,2,453.0,"70, 72","197, 197"
TEOLÂNDIA,ESCOLA MUNICIPAL JOSÉ BENTO DE SOUZA,REGIÃO DO SÃO PAULINHO - ZONA RURAL,REGIÃO DO SÃO PAULINHO,45465000,-13.6193267,-39.3589665,2,418.0,"201, 217","197, 197"
TEOLÂNDIA,ESCOLA MUNICIPAL JOSÉ LIBÂNIO DOS SANTOS,POVOADO DO ALTO ALEGRE - ZONA RURAL,POVOADO DO ALTO ALEGRE,45465000,-13.5370767,-39.56559,1,205.0,209,197
TEOLÂNDIA,ESCOLA MUNICIPAL JOÃO MARCOS,RUANDA QUADRA S/N - JOSÉ TELES,JOSÉ TELES MENEZES,45460000,-13.6002512,-39.4917765,2,496.0,"49, 84","197, 197"
TEOLÂNDIA,ESCOLA MUNICIPAL TORQUATO GONÇALVES GUIMARÃES,"RUA DO BARRADÃO, S/N - BARRADÃO - ZONA URBANA",CENTRO,45465000,-13.6043783,-39.4916582,5,1892.0,"57, 58, 59, 60, 61","197, 197, 197, 197, 197"
TEOLÂNDIA,PRÉDIO ESCOLAR JOAQUIM DE SOUZA MENEZES,POVOADO NOVOLÂNDIA - ZONA RURAL,POVOADO DE NOVOLÂNDIA,45465000,-13.5395533,-39.4512583,3,924.0,"82, 83, 205","197, 197, 197"
TERRA NOVA,COLÉGIO ESTADUAL TERRA NOVA,RUA GODOFREDO PACHECO PEREIRA - ZONA URBANA,CAIPE,44270000,-12.4073124,-38.62405,6,2330.0,"186, 187, 188, 189, 190, 191","128, 128, 128, 128, 128, 128"
TERRA NOVA,ESCOLA CASTRO ALVES,"RUA MARIA DE LOURDES, N 222 - ZONA URBANA",CAIPE,44270000,-12.41190106,-38.6167703,4,1038.0,"182, 183, 184, 199","128, 128, 128, 128"
TERRA NOVA,ESCOLA JUDITH RABELO BORGES,PRACA MUNICIPAL  - ZONA RURAL,DISTRITO RIO FUNDO,44270000,-12.45235417,-38.61510722,3,1018.0,"175, 176, 177","128, 128, 128"
TERRA NOVA,ESCOLA MARGARIDA LISBOA DE OLIVEIRA,"RUA TAMANDARE, S/N - ZONA URBANA",CENTRO,44270000,-12.4050164,-38.6218554,5,1107.0,"155, 157, 158, 160, 185","128, 128, 128, 128, 128"
TERRA NOVA,ESCOLA MUNICIPAL CAIO MOURA,PRACA MUNICIPAL S/N - ZONA RURAL,DISTRITO JACU,44270000,-12.3301103,-38.6069813,3,815.0,"178, 179, 180","128, 128, 128"
TERRA NOVA,ESCOLA MUNICIPAL JULIETA VILAS BOAS,"RUA PROFESSORA MARIA LUIZA DE PAIVA LONA, N 170 - ZONA URBANA",CENTRO,44270000,-12.4043292,-38.6249319,3,817.0,"192, 193, 194","128, 128, 128"
TERRA NOVA,ESCOLA WALDECK ORNELAS,"RUA JAIME VILAS BOAS, S/N - ZONA URBANA",CENTRO,44270000,-12.40455706,-38.61630456,2,618.0,"173, 174","128, 128"
TERRA NOVA,GINASIO OSCAR PEREIRA DE MAGALHÃES,"PRACA HERMILINO TELES, N 106 - ZONA URBANA",CENTRO,44270000,-12.40403827,-38.62455203,6,1859.0,"161, 162, 163, 166, 167, 168","128, 128, 128, 128, 128, 128"
TERRA NOVA,PREDIO ESCOLAR DR. ANTONIO CARLOS MAGALHAES,"AVENIDA GOVERNADOR CESAR BORGES, 970 - ZONA URBANA",CARACONHA,44270000,-12.3956663,-38.6258268,3,770.0,"170, 171, 172","128, 128, 128"
VALENÇA,CENTRO ESTADUAL EDUCAÇÃO PROF E SAÚDE DO L BAIANO-CEEP(ANTIGO COESVA),"RUA FLORESTAL, 01 - ZONA URBANA",BOLÍVIA,45400000,-13.3768483,-39.0673717,13,4094.0,"25, 27, 28, 108, 126, 170, 209, 214, 218, 226, 233, 237, 243","31, 31, 31, 31, 31, 31, 31, 31, 31, 31, 31, 31, 31"
VALENÇA,COLEGIO SOCIAL,"RUA ARGEMIRO ISIDORO FRANCO, 141 - ZONA URBANA",CENTRO,45400000,-13.373623,-39.0760798,5,1855.0,"18, 19, 140, 141, 294","31, 31, 31, 31, 31"
VALENÇA,COLÉGIO DR. DÁRIO GALVÃO DE QUEIROZ,RUA DO CAMPO DE AVIAÇÃO (DEPOIS DO COESVA) - ZONA URBANA,BOLÍVIA,45400000,-13.3776667,-39.066155,7,2448.0,"26, 125, 131, 137, 143, 178, 191","31, 31, 31, 31, 31, 31, 31"
VALENÇA,COLÉGIO ESTADUAL BERNARDO BISPO DOS SANTOS,FAZENDA CASA VERDE 2 - ZONA RURAL - JEQUIRIÇA,POVOADO JEQUIRIÇÁ,45400000,-13.2879183,-39.1157467,4,1254.0,"115, 116, 189, 815","31, 31, 31, 31"
VALENÇA,COLÉGIO ESTADUAL GENTIL PARAÍSO MARTINS (ANTIGO COMPLEXO),RUA PROF PEDRO SANCHES 49 - ZONA URBANA,GRAÇA,45400000,-13.3674236,-39.0671757,14,5555.0,"47, 48, 49, 50, 51, 52, 53, 54, 55, 130, 183, 204, 239, 264","31, 31, 31, 31, 31, 31, 31, 31, 31, 31, 31, 31, 31, 31"
VALENÇA,COLÉGIO ESTADUAL HERMÍNIO MANOEL DE JESUS (COLÉGIO ESTADUAL DO BONFIM),POVOADO BONFIM - ZONA RURAL,POVOADO BONFIM,45420000,-13.3214985,-39.237473,5,1986.0,"62, 63, 64, 132, 245","31, 31, 31, 31, 31"
VALENÇA,COLÉGIO ESTADUAL JOÃO CARDOSO DOS SANTOS,CAMINHO 8 CJ URBIS - SN - ZONA URBANA,SÃO FELIX,45400000,-13.3610967,-39.07088,6,2126.0,"38, 39, 40, 128, 129, 807","31, 31, 31, 31, 31, 31"
VALENÇA,COLÉGIO ESTADUAL ONILDO RAIMUNDO DE CRISTO (COL. EST. DO PARANÁ-OROBÓ),"LOTEAMENTO SÃO JOSÉ, BAIRRO DA GIA - ZONA RURAL",POVOADO PARANÁ-OROBÓ,45420000,-13.435545,-39.2178633,4,1112.0,"91, 149, 251, 274","31, 31, 31, 31"
VALENÇA,COLÉGIO MUNICIPAL DR ELÍSIO PIMENTEL MARQUES,"RUA BARÃO DO TRIUNFO, N 82 - ZONA URBANA",CENTRO,45420000,-13.3745585,-39.0707125,6,1590.0,"24, 31, 32, 100, 124, 169","31, 31, 31, 31, 31, 31"
VALENÇA,COLÉGIO PERSPECTIVA,"PRAÇA CONSELHEIRO BALTAZAR, 138, TRIANA - ZONA URBANA",CENTRO,45400000,-13.3748873,-39.0764104,7,2586.0,"20, 21, 101, 102, 109, 156, 171","31, 31, 31, 31, 31, 31, 31"
VALENÇA,CRECHE ESCOLA CASTELO DE AREIA ,PRACA SAO JOSÉ 180 - GUAIBIM ,DISTRITO GUAIBIM,45400000,-13.2880683,-38.9652119,3,1050.0,"60, 61, 222","31, 31, 31"
VALENÇA,ESCOLA BOM JESUS DA LAPA II,DISTRITO DE GUERÉM - ZONA RURAL,POVOADO GAMELEIRA,45400000,-13.3633617,-39.2680517,1,399.0,182,31
VALENÇA,ESCOLA COMUNITÁRIA MUNICIPAL DO JAMBEIRO,RUA DO JAMBEIRO S/N - ZONA URBANA,JAMBEIRO,45400000,-13.3663283,-39.0880183,4,1399.0,"207, 229, 254, 292","31, 31, 31, 31"
VALENÇA,ESCOLA ESTADUAL DE PRIMEIRO GRAU ERALDO TINOCO,LOTEAMENTO ERALDO TINOCO S/N - ZONA URBANA,BOLÍVIA,45400000,-13.3780284,-39.0684231,6,2242.0,"103, 104, 105, 106, 107, 198","31, 31, 31, 31, 31, 31"
VALENÇA,ESCOLA ESTADUAL DE PRIMEIRO GRAU GETÚLIO VARGAS,PRAÇA GETÚLIO VARGAS S/N - ZONA URBANA,VILA OPERÁRIA,45400000,-13.3727191,-39.0695253,6,2390.0,"41, 42, 43, 44, 205, 246","31, 31, 31, 31, 31, 31"
VALENÇA,ESCOLA MUNICIPAL ALBINA MARIA MENEZES,POVOADO TRÊS JUERANAS - ZONA RURAL,POVOADO TRÊS JUERANAS,45400000,-13.3687983,-39.25364,1,399.0,180,31
VALENÇA,ESCOLA MUNICIPAL ALISSON MAGALHÃES FREITAS,POVOADO RIACHÃO DA SERRA - ZONA RURAL,POVOADO RIACHÃO DA SERRA,45400000,-13.3685614,-39.2929362,1,267.0,185,31
VALENÇA,ESCOLA MUNICIPAL ALOÍSIO EVANGELISTA DA FONSECA,"RUA DO TAMARINEIRO, PRAÇA CENTRAL, S/N, ZONA RURAL",DISTRITO GUAIBIM,45400000,-13.2872078,-38.9654713,3,1042.0,"252, 287, 806","31, 31, 31"
VALENÇA,ESCOLA MUNICIPAL ASSOCIAÇÃO DOS MORADORES UNIDOS DO TARIMBA,POVOADO TARIMBA-OROBÓ - ZONA RURAL,POVOADO TARIMBA-OROBÓ,45400000,-13.3633767,-39.13734,2,715.0,"118, 242","31, 31"
VALENÇA,ESCOLA MUNICIPAL ATALIBA PEREIRA LACERDA,POVOADO SARAPUÍ - ZONA RURAL,POVOADO SARAPUÍ,45400000,-13.47128,-39.1236583,2,503.0,"92, 241","31, 31"
VALENÇA,ESCOLA MUNICIPAL AUGUSTA MESSIAS GUIMARÃES,RUA A S/N CONJUNTO HABITACIONAL URBIS I - ZONA URBANA,URBIS I,45400000,-13.3605433,-39.0703533,7,2550.0,"144, 223, 240, 261, 283, 291, 808","31, 31, 31, 31, 31, 31, 31"
VALENÇA,ESCOLA MUNICIPAL COSME E DAMIÃO,POVOADO ARUEIRAS - ZONA RURAL,POVOADO ARUEIRAS,45400000,-13.4343117,-39.138585,1,330.0,179,31
VALENÇA,ESCOLA MUNICIPAL DE SERRA GRANDE,RUA PRINCIPAL S/N - ZONA RURAL,DISTRITO SERRA GRANDE,45400000,-13.312615,-39.4493433,7,2477.0,"96, 97, 98, 99, 139, 244, 286","31, 31, 31, 31, 31, 31, 31"
VALENÇA,ESCOLA MUNICIPAL FILOMENA DO LAGO ANDRADE,POVOADO VÁRZEA - ZONA RURAL,POVOADO VÁRZEA,45400000,-13.2875595,-39.372857,2,782.0,"65, 66","31, 31"
VALENÇA,ESCOLA MUNICIPAL FRANCISCO JACINTO DE ARAÚJO,"POVOADO TERRA PRETA, S/N - ZONA RURAL",POVOADO TERRA PRETA,45400000,-13.27038,-39.3782885,1,346.0,146,31
VALENÇA,ESCOLA MUNICIPAL JACY FRANCO GUIMARÃES ,"RUA BERNARDETE QUEIROZ NERI, S/N - ZONA URBANA",BOLÍVIA,45420000,-13.3758144,-39.0649886,3,918.0,"253, 262, 265","31, 31, 31"
VALENÇA,ESCOLA MUNICIPAL JOSÉ FARIAS CAMPOS,POVOADO ENTRONCAMENTO DE VALENÇA - ZONA RURAL,POVOADO ENTRONCAMENTO DE VALENÇA,45400000,-13.2822952,-39.3214819,3,1047.0,"67, 68, 133","31, 31, 31"
VALENÇA,ESCOLA MUNICIPAL JOÃO TEODORO DO NASCIMENTO,POVOADO QUEBRA MACHADO - ZONA RURAL,POVOADO QUEBRA MACHADO,45400000,-13.261565,-39.190765,1,377.0,175,31
VALENÇA,ESCOLA MUNICIPAL LEONEL LÚCIO DE FARIAS,POVOADO BAIXÃO DA VÁRZEA - ZONA RURAL,POVOADO BAIXÃO DA VÁRZEA,45400000,-13.258815,-39.4170117,1,363.0,173,31
VALENÇA,ESCOLA MUNICIPAL LUIZ GÓES TELES,POVOADO CAPELA DE SÃO JOSÉ - ZONA RURAL,POVOADO CAPELA DE SÃO JOSÉ,45400000,-13.4916868,-39.2226623,1,371.0,234,31
VALENÇA,ESCOLA MUNICIPAL LÁZARO ROMANO PINTO,POVOADO RIO VERMELHO - ZONA RURAL,POVOADO RIO VERMELHO,45400000,-13.4663299,-39.2202859,1,325.0,135,31
VALENÇA,ESCOLA MUNICIPAL MANOEL COSME ALVES,TESOURA - ZONA RURAL,POVOADO PARANÁ-OROBÓ,45400000,-13.4213567,-39.2211533,2,592.0,"145, 188","31, 31"
VALENÇA,ESCOLA MUNICIPAL MANOEL MARQUES DE MAGALHÃES,"RUA SÃO FRANCISCO, S/N - ZONA RURAL",CAJAÍBA-MARICOABO,45400000,-13.4467417,-39.082835,7,2390.0,"84, 85, 86, 148, 194, 275, 809","31, 31, 31, 31, 31, 31, 31"
VALENÇA,ESCOLA MUNICIPAL MANOEL SANTOS SILVA,POVOADO BAIXÃO DO OROBÓ - ZONA RURAL,POVOADO BAIXÃO DO OROBÓ,45400000,-13.3714118,-39.0717244,1,336.0,184,31
VALENÇA,ESCOLA MUNICIPAL MANOEL TOMÉ DE SOUSA,PRAÇA MANOEL TOMÉ DE SOUSA - ZONA RURAL,POVOADO ENTRONCAMENTO DE VALENÇA,45420000,-13.2839185,-39.3224443,4,1543.0,"120, 121, 248, 278","31, 31, 31, 31"
VALENÇA,ESCOLA MUNICIPAL MARIA JÚLIA DA CONCEIÇÃO HIPÓLITO,POVOADO GEREBA - ZONA RURAL,POVOADO GEREBA,45400000,-13.3103978,-39.1344502,1,397.0,181,31
VALENÇA,ESCOLA MUNICIPAL MINISTRO JARBAS PASSARINHO,RUA ALTO DE SÃO ROQUE S/N - ZONA URBANA,ALTO DE SAO ROQUE,45400000,-13.3753603,-39.0648045,3,829.0,"113, 114, 230","31, 31, 31"
VALENÇA,ESCOLA MUNICIPAL NECIVALDO XAVIER SILVA ,POVOADO GRACIOSA - ZONA RURAL,POVOADO GRACIOSA,45400000,-13.3402453,-39.2182627,2,483.0,"87, 88","31, 31"
VALENÇA,ESCOLA MUNICIPAL NOSSA SENHORA DE FÁTIMA,"POVOADO DERRADEIRA, KM 16 - ZONA RURAL",POVOADO DERRADEIRA,45420000,-13.3660467,-39.0705208,2,675.0,"255, 257","31, 31"
VALENÇA,ESCOLA MUNICIPAL NOVA TRAVESSÃO DO OROBÓ II,FAZENDA CANTA GALO - ZONA RURAL,DISTRITO DE CANTA GALO,45420000,-13.4427786,-39.3103683,1,382.0,174,31
VALENÇA,ESCOLA MUNICIPAL PASTOR ANIEL COSTA,POVOADO PARANÁ-OROBÓ - ZONA RURAL,POVOADO PARANÁ-OROBÓ,45400000,-13.41561,-39.218805,2,479.0,"89, 90","31, 31"
VALENÇA,ESCOLA MUNICIPAL PROFESSORA ADACY DA SILVA RABELO,POVOADO SIDE-OROBÓ - ZONA RURAL,POVOADO SIDE-OROBÓ,45400000,-13.3633812,-39.1375606,2,504.0,"119, 285","31, 31"
VALENÇA,ESCOLA MUNICIPAL REINALDO MAGALHÃES TAVARES,FAZENDA LAGOA DOURADA - ZONA RURAL,POVOADO LAGOA DOURADA,45400000,-13.3356491,-39.1847462,3,690.0,"117, 216, 290","31, 31, 31"
VALENÇA,INSTITUTO FED DE EDUCAÇÃO CIENT E TEC BAIANO-IF-BAIANO (ANTIGA EMARC),"RUA GLICÉRIO TAVARES, S/N - ZONA URBANA",BATE QUENTE,45420000,-13.3736267,-39.0835583,13,4002.0,"29, 30, 33, 34, 35, 36, 37, 110, 127, 172, 190, 206, 235","31, 31, 31, 31, 31, 31, 31, 31, 31, 31, 31, 31, 31"
VALENÇA,INSTITUTO FEDERAL DA BAHIA (ANTIGO CEFET),"RUA VEREADOR ROMEU AGRÁRIO MARTINS, S/N - ZONA URBANA",TENTO,45400000,-13.3724442,-39.0611733,10,3429.0,"22, 23, 56, 57, 58, 59, 186, 208, 210, 228","31, 31, 31, 31, 31, 31, 31, 31, 31, 31"
VALENÇA,PRISIONAL - CONJUNTO PENAL DE VALENÇA,"RUA DO PITANGUINHA, 71 - ZONA URBANA",BAIXA ALEGRE,45400000,-1.0,-1.0,1,0.0,800,31
VALENÇA,"UNIVERSIDADE DO ESTADO DA BAHIA (UNEB), CAMPUS XV","RUA PARQUE BOULEVARD, S/N - ZONA URBANA",NOVO HORIZONTE,45400000,-13.3478947,-39.0570384,13,4935.0,"45, 46, 111, 112, 138, 187, 215, 227, 236, 263, 282, 289, 293","31, 31, 31, 31, 31, 31, 31, 31, 31, 31, 31, 31, 31"
VERA CRUZ,CENTRO DE EDUCAÇÃO INTEGRAL DA ESCOLA LUÍS EDUARDO MAGALHÃES (OAF),RUA DAS MANGUEIRAS S/N - ZONA URBANA ,GAMBOA,44470000,-12.9759787,-38.6186635,4,1354.0,"30, 31, 66, 98","141, 141, 141, 141"
VERA CRUZ,COLEGIO JUVENAL GALVÃO,RUA BEIRA MAR S/N. - ZONA RURAL,DISTRITO DE MATARANDIBA,44470000,-13.0061143,-38.7687602,2,579.0,"36, 37","141, 141"
VERA CRUZ,COLÉGIO AGINOEL AQUILINO DOS SANTOS,"LADEIRA DO RIACHINHO, S/N - ALTO DO RIACHINHO - ZONA URBANA",RIACHINHO,44470000,-12.9580586,-38.6139976,3,1192.0,"65, 94, 107","141, 141, 141"
VERA CRUZ,COLÉGIO MUNICIPAL DE VERA CRUZ (GINÁSIO DE TAIRU),"ESTRADA DE CACHA-PREGOS, N. 472 - ZONA URBANA",DISTRITO DE TAIRU,44470000,-13.0689698,-38.7306171,6,2149.0,"56, 70, 97, 131, 161, 173","141, 141, 141, 141, 141, 141"
VERA CRUZ,COLÉGIO MUNICIPAL DÁULIA ANGÉLICA,"RODOVIA BA 001 KM 09, S/N. - ZONA RURAL",DISTRITO DE BARRA DO GIL,44470000,-12.9945704,-38.6379472,8,3009.0,"38, 39, 40, 41, 95, 124, 145, 172","141, 141, 141, 141, 141, 141, 141, 141"
VERA CRUZ,COLÉGIO MUNICIPAL TELMA REGIS DE ANDRADE,"ALTO DE SANTA BÁRBARA, S/N. - ZONA URBANA",RIACHINHO,44470000,-12.9603621,-38.6110955,8,3150.0,"20, 21, 22, 23, 24, 114, 146, 162","141, 141, 141, 141, 141, 141, 141, 141"
VERA CRUZ,COMPLEXO CULTURAL ARISTÓTELES GOMES," RUA NOSSA SENHORA DAS CANDEIAS, S/N - ZONA URBANA",ILHOTA,44470000,-12.9665874,-38.6095448,1,231.0,169,141
VERA CRUZ,CRECHE DE JIRIBATUBA,"RUA DO FOGO, S/N. - ZONA URBANA",DISTRITO DE JIRIBATUBA,44470000,-13.0637844,-38.796785,2,710.0,"44, 45","141, 141"
VERA CRUZ,CRECHE ESCOLA MUNICIPAL EDUCANDÁRIO TIO AURÉLIO,"PRAÇA SÃO BENTO, S/N - ZONA URBANA ",DISTRITO DE MAR GRANDE,44470000,-12.9636487,-38.6087095,8,2764.0,"25, 72, 92, 101, 126, 141, 147, 166","141, 141, 141, 141, 141, 141, 141, 141"
VERA CRUZ,CRECHE MUNICIPAL VOVÔ NÍZIO (BAIACU),RUA DA CHAPADA S/N - ZONA RURAL,DISTRITO DE BAIACU,44470000,-12.9949,-38.7003283,4,1206.0,"34, 35, 103, 176","141, 141, 141, 141"
VERA CRUZ,ESCOLA AURELIANO AZEVEDO MONTEIRO,"AVENIDA BEIRA MAR, S/N. - ZONA URBANA",DISTRITO DE ARATUBA,44470000,-13.0935967,-38.74867,3,1196.0,"54, 55, 71","141, 141, 141"
VERA CRUZ,ESCOLA JURACY MAGALHÃES JÚNIOR,"AVENIDA BEIRA MAR, S/N. - ZONA RURAL",DISTRITO DE CACHA PREGOS,44470000,-13.12025,-38.7954433,5,1635.0,"48, 49, 50, 100, 152","141, 141, 141, 141, 141"
VERA CRUZ,ESCOLA MUNICIPAL ALMIRO ANTUNES DE BRITO,"RUA DA IGREJA, S/N. - ZONA RURAL",POVOADO DA JUERANA,44470000,-12.9499933,-38.6406633,2,531.0,"117, 158","141, 141"
VERA CRUZ,ESCOLA MUNICIPAL DE PONTA GROSSA,RUA DA MANGUEIRA S/N - ZONA RURAL,DISTRITO DE PONTA GROSSA,44470000,-13.0083647,-38.7232003,2,483.0,"69, 140","141, 141"
VERA CRUZ,ESCOLA MUNICIPAL GAUDÊNCIO ACELINO MARQUES,"TRAVESSA RAFAEL MARQUES, S/N. - ZONA URBANA",BARRA DO POTE,44470000,-13.016022,-38.649783,4,1312.0,"115, 134, 143, 160","141, 141, 141, 141"
VERA CRUZ,ESCOLA MUNICIPAL GERALDA MARIA DA CONCEIÇÃO,RUA DENDEZEIRO S/N - ZONA RURAL,DISTRITO DE GAMELEIRA,44470000,-12.9354059,-38.6192741,6,1581.0,"26, 27, 28, 29, 106, 108","141, 141, 141, 141, 141, 141"
VERA CRUZ,ESCOLA MUNICIPAL GEZILDA ALVES DE SOUZA,RUA DIRETA DE CAMPINAS S/N - ZONA RURAL,DISTRITO DE CAMPINAS,44470000,-13.0355833,-38.7197217,1,229.0,88,141
VERA CRUZ,ESCOLA MUNICIPAL GUILHERME FRANCO GUIMARÃES,RUA DO CAMPO S/N - ZONA RURAL,DISTRITO DE BARRA GRANDE,44470000,-13.0412866,-38.6795547,6,2043.0,"42, 43, 76, 80, 135, 177","141, 141, 141, 141, 141, 141"
VERA CRUZ,ESCOLA MUNICIPAL IVANDITE PIRES MIRANDA COSTA,"RUA NOVA, S/N - ZONA RURAL",DISTRITO DE BARRA GRANDE,44470000,-13.0409768,-38.6777662,2,607.0,"105, 142","141, 141"
VERA CRUZ,ESCOLA MUNICIPAL JOAQUIM BARRETO DE ARAÚJO,RUA ALTO DO CRUZEIRO S/N - ZONA URBANA,ILHOTA,44470000,-12.9676782,-38.6141027,3,1196.0,"51, 52, 81","141, 141, 141"
VERA CRUZ,ESCOLA MUNICIPAL JORGE CALMON,"RUA DIRETA DA COROA, S/N. - ZONA URBANA",DISTRITO DE COROA,44470000,-13.0032202,-38.6429363,4,1588.0,"86, 96, 116, 150","141, 141, 141, 141"
VERA CRUZ,ESCOLA MUNICIPAL JOÃO JOSÉ DE MACEDO,RUA DA CHAPADA S/N - ZONA RURAL,DISTRITO DE BAIACU,44470000,-12.996524,-38.6956701,3,967.0,"32, 33, 123","141, 141, 141"
VERA CRUZ,ESCOLA MUNICIPAL NARCISO FRANCISCO DE PINHO,"RUA DAS FLORES, S/N. - ZONA URBANA",DISTRITO DE JIRIBATUBA,44470000,-13.0614347,-38.7965898,4,1575.0,"46, 47, 67, 87","141, 141, 141, 141"
VERA CRUZ,ESCOLA MUNICIPAL NOVA DIVINEIA,"RUA DA RODAGEM, S/N. - ZONA URBANA",DISTRITO DE BERLINQUE,44470000,-13.0981917,-38.7535817,4,1105.0,"109, 144, 163, 170","141, 141, 141, 141"
VERA CRUZ,ESCOLA MUNICIPAL OLGA SEABRA,RUA DO ARAÇÁ S/N - ZONA URBANA,GAMBOA,44470000,-12.9752459,-38.6171919,1,301.0,104,141
VERA CRUZ,ESCOLA MUNICIPAL PRESIDENTE EMÍLIO GARRASTAZU MÉDICI,RUA DA CHAPADA S/N. - ZONA URBANA,DISTRITO DE JIRIBATUBA,44470000,-13.0631399,-38.7953084,2,620.0,"130, 159","141, 141"
VERA CRUZ,ESCOLA MUNICIPAL RAIMUNDO AFONSO BORGES,"RUA DIRETA DA GAMELEIRA, S/N - ZONA RURAL",DISTRITO DE GAMELEIRA,44470000,-12.9336193,-38.6208344,3,1146.0,"73, 84, 85","141, 141, 141"
VERA CRUZ,ESCOLA PADRE IGNÁCIO ALVES PEREIRA,RUA DO CAMPO S/N - ZONA RURAL,DISTRITO DE CONCEIÇÃO,44470000,-13.0215339,-38.6514283,4,1580.0,"57, 58, 90, 132","141, 141, 141, 141"
VERA CRUZ,SEDE SOCIAL DE CATU,"RUA DAS COROAS, S/N. - ZONA RURAL",DISTRITO DE CATU,44470000,-13.104145,-38.7920033,1,279.0,53,141
VERA CRUZ,SEDE SOCIAL DE CONCEIÇÃO,RUA DIRETA DA CONCEIÇÃO S/N - ZONA RURAL ,DISTRITO DE CONCEIÇÃO,44470000,-13.0216117,-38.6486333,1,168.0,168,141
WENCESLAU GUIMARÃES,ANEXO ESCOLA MUNICIPAL EMÍLIA PEREIRA DO ROSÁRIO,AV. OSVALDO JOSÉ DE SOUZA - ZONA URBANA,CENTRO,45460000,-13.685905,-39.4786359,3,908.0,"129, 130, 131","197, 197, 197"
WENCESLAU GUIMARÃES,CENTRO EDUCACIONAL INFANTIL VOVÓ JUSTINA,RUA NOSSA SENHORA APARECIDA - ZONA RURAL,DISTRITO DO COCÃO,45460000,-13.599145,-39.6091467,1,332.0,208,197
WENCESLAU GUIMARÃES,CENTRO INCLUSIVO TERAPÊUTICO EDUCACIONAL - CITE,"AV. OSVALDO JOSÉ DE SOUZA, Nº 74 - ZONA URBANA",CENTRO,45460000,-13.68595,-39.4784917,3,945.0,"132, 133, 214","197, 197, 197"
WENCESLAU GUIMARÃES,COLÉGIO ESTADUAL NAIR LOPES JENKINS,"RUA BEIRA RIO, S/N - ZONA URBANA",ALIANÇA,45460000,-13.6824752,-39.4756659,8,2583.0,"89, 90, 91, 92, 93, 94, 123, 191","197, 197, 197, 197, 197, 197, 197, 197"
WENCESLAU GUIMARÃES,ESCOLA MUNICIPAL 19 DE JULHO,RUA JOÃO ROMÃO - ZONA URBANA,JOÃO ROMÃO,45460000,-13.6864986,-39.4855918,1,265.0,200,197
WENCESLAU GUIMARÃES,ESCOLA MUNICIPAL ADELINA MARIA DE SOUZA ALMEIDA,RUA NOSSA SENHORA APARECIDA - ZONA RURAL,DISTRITO DO COCÃO,45460000,-13.59849415,-39.60870308,3,1133.0,"103, 104, 105","197, 197, 197"
WENCESLAU GUIMARÃES,ESCOLA MUNICIPAL EMÍLIA PEREIRA DO ROSÁRIO ,"PRAÇA NAIR LOPES JENKINS, S/N- ZONA URBANA",CENTRO,45460000,-13.686195,-39.4782817,3,1115.0,"116, 117, 118","197, 197, 197"
WENCESLAU GUIMARÃES,ESCOLA MUNICIPAL MARIA ALICE DOS SANTOS,POVOADO COCÃO - ZONA RURAL,DISTRITO DO COCÃO,45460000,-13.59999803,-39.6081459,4,1390.0,"108, 109, 110, 111","197, 197, 197, 197"
WENCESLAU GUIMARÃES,ESCOLA MUNICIPAL PAULO LEANDRO DE MATOS,RUA LOURIVAL BATISTA NUNES - ZONA RURAL,DISTRITO DA PALMEIRA,45460000,-13.71729825,-39.55789593,2,583.0,"106, 107","197, 197"
WENCESLAU GUIMARÃES,ESCOLA MUNICIPAL PROFESSORA MARTINHA NUNES DE SOUZA,RUA LOURIVAL BATISTA NUNES - ZONA RURAL,DISTRITO DA PALMEIRA,45460000,-13.71613106,-39.55735561,1,266.0,95,197
WENCESLAU GUIMARÃES,ESCOLA MUNICIPAL ROSELI DOS SANTOS,AVENIDA BEIRA RIO - ZONA URBANA,JOÃO CLÍMACO,45460000,-13.6797789,-39.475085,11,3230.0,"85, 86, 87, 88, 124, 125, 126, 127, 128, 202, 213","197, 197, 197, 197, 197, 197, 197, 197, 197, 197, 197"
WENCESLAU GUIMARÃES,ESCOLA MUNICIPAL SANTA LUZ,POVOADO ALTO DO PAULO BISPO - ZONA RURAL,POVOADO ALTO DO PAULO BISPO,45460000,-13.61135344,-39.55062917,2,488.0,"119, 192","197, 197"
WENCESLAU GUIMARÃES,ESCOLA MUNICIPAL UNIÃO DO IMBIRUSSU,POVOADO IMBIRUSSU - ZONA RURAL,POVOADO IBIRUSSU,45460000,-13.67729223,-39.67909187,1,191.0,122,197
WENCESLAU GUIMARÃES,ESCOLA QUILOMBOLA CAMINHO DA BOA ESPERANÇA,DISTRITO DE NOVA ESPERANÇA - ZONA RURAL,DISTRITO DE NOVA ESPERANÇA,45460000,-13.60191011,-39.69990512,3,924.0,"99, 100, 102","197, 197, 197"
WENCESLAU GUIMARÃES,PRÉDIO ESCOLAR AGNELO MARTINS DE SOUZA,REGIÃO DA PEDRA DO SINO - ZONA RURAL,REGIÃO DA PEDRA DO SINO,45460000,-13.54262271,-39.66076012,1,282.0,121,197
WENCESLAU GUIMARÃES,PRÉDIO ESCOLAR DEMOCRÁTICO ESTADUAL DE 1 GRAU SÃO JORGE,POVOADO VILA TANCREDO NEVES - ZONA RURAL,POVOADO VILA TANCREDO NEVES,45460000,-13.68237636,-39.61529128,2,526.0,"112, 113","197, 197"
WENCESLAU GUIMARÃES,PRÉDIO ESCOLAR LEOPOLDO H. KNOEDT,POVOADO RIO PRETO - LOTEAMENTO CARLOS ASSIS,POVOADO RIO PRETO,45460000,-13.60363177,-39.49721603,3,881.0,"96, 97, 98","197, 197, 197"
WENCESLAU GUIMARÃES,PRÉDIO ESCOLAR MARIA RUFINA DE JESUS,POVOADO DARAMÃO - ZONA RURAL,POVOADO DARAMÃO,45460000,-13.63977385,-39.74313441,2,563.0,"114, 199","197, 197"
ÁGUA FRIA,COLÉGIO ESTADUAL DE ÁGUA FRIA,AVENIDA ANTÔNIO SÉRGIO CARNEIRO - ZONA URBANA,BARRA,48170000,-11.88616049,-38.76827321,5,1814.0,"9, 11, 96, 99, 226","74, 74, 74, 74, 74"
ÁGUA FRIA,COLÉGIO MUNICIPAL JOÃO LEÃO DE ALMEIDA,RUA DO MATADOURO ,DISTRITO PATAIBA,48170000,-11.69660527,-38.74318213,5,754.0,"15, 17, 19, 98, 182","74, 74, 74, 74, 74"
ÁGUA FRIA,COLÉGIO MUNICIPAL PROFESSORA MARIA HELENA ARAÚJO BRITO,POVOADO CATANA VELHO - ZONA RURAL,POVOADO CATANA VELHO,48170000,-11.82744605,-38.84555855,3,932.0,"156, 280, 320","74, 74, 74"
ÁGUA FRIA,COLÉGIO MUNICIPAL RUBEM CARNEIRO DA SILVA ," AVENIDA ANTONIO SERGIO CARNEIRO, S/N - ZONA URBANA ",CENTRO,48170000,-11.87819775,-38.76518751,5,883.0,"3, 5, 7, 12, 295","74, 74, 74, 74, 74"
ÁGUA FRIA,CRECHE MUNICIPAL MUNDO ENCANTADO,AVENIDA ANTONIO SÉRGIO CARNEIRO,CENTRO,48170000,-11.87614473,-38.76430301,3,572.0,"241, 273, 305","74, 74, 74"
ÁGUA FRIA,CÂMARA MUNICIPAL,AV. SÉRGIO CARNEIRO - ZONA URBANA,CENTRO,48170000,-11.87336503,-38.76372423,2,791.0,"10, 296","74, 74"
ÁGUA FRIA,ESCOLA MUNICIPAL AMÔNIO LOPES CERQUEIRA,POVOADO MALHADA DO MURO - ZONA RURAL,MALHADA DO MURO,48170000,-11.87566295,-38.78295856,1,117.0,329,74
ÁGUA FRIA,ESCOLA MUNICIPAL ANEXO BALBINO LEÃO DE ALMEIDA,POVOADO TOPO - ZONA RURAL,POVOADO TOPO,48170000,-11.78262874,-38.77064999,1,149.0,132,74
ÁGUA FRIA,ESCOLA MUNICIPAL BALBINO LEÃO DE ALMEIDA,FAZENDA PAU DE FERRO - ZONA RURAL,POVOADO PAU FERRO,48170000,-11.74210089,-38.74434205,1,188.0,194,74
ÁGUA FRIA,ESCOLA MUNICIPAL DOM JACKSON BERENGUER - ANEXO II,AVENIDA STELITA FALCÃO S/N - ZONA URBANA,CENTRO,48170000,-11.8692727,-38.76070613,1,271.0,287,74
ÁGUA FRIA,ESCOLA MUNICIPAL DOM JACKSON BERENGUER PRADO - ANEXO I,AVENIDA ESTELITA FALCAO - ZONA URBANA,CENTRO,48170000,-11.87098607,-38.76231296,2,327.0,"1, 260","74, 74"
ÁGUA FRIA,ESCOLA MUNICIPAL DOM JACKSON BERENGUER PRADO-SEDE,AVENIDA ESTELITA FALCÃO-ZONA URBANA,CENTRO,48170000,-11.87132187,-38.76237589,2,353.0,"101, 193","74, 74"
ÁGUA FRIA,ESCOLA MUNICIPAL EVANILDO MASCARENHAS,POVOADO DE CURRAL DE FORA - ZONA RURAL,POVOADO CURRAL DE FORA,48170000,-11.70387659,-38.69270909,2,555.0,"276, 303","74, 74"
ÁGUA FRIA,ESCOLA MUNICIPAL FABIO HENRIQUE DE CERQUEIRA,ASSENTAMENTO MENINO JESUS - ZONA RURAL,POVOADO ASSENTAMENTO MENINO JESUS,48170000,-11.75392849,-38.65882081,1,251.0,318,74
ÁGUA FRIA,ESCOLA MUNICIPAL JOANIRA MARIA LIMA,POVOADO FAZENDA NOVA - ZONA RURAL,POVOADO FAZENDA NOVA,48170000,-11.72524755,-38.7829922,1,102.0,153,74
ÁGUA FRIA,ESCOLA MUNICIPAL MARIA DE LOURDES CARNEIRO SANTOS,AVENIDA ANTONIO SERGIO CARNEIRO - ZONA URBANA,BARRA,48170000,-11.88476171,-38.76762909,2,326.0,"196, 203","74, 74"
ÁGUA FRIA,ESCOLA MUNICIPAL NOSSA SENHORA DA CONCEICAO,POVOADO MARACAIA - ZONA RURAL,POVOADO MARACAIA,48175000,-11.70542132,-38.63640026,3,769.0,"152, 278, 306","74, 74, 74"
ÁGUA FRIA,ESCOLA MUNICIPAL PERCILIA SENA DE OLIVEIRA,POVOADO DE CATANA NOVO -ZONA RURAL,POVOADO CATANA NOVO,48170000,-11.84734208,-38.82222014,2,570.0,"154, 277","74, 74"
ÁGUA FRIA,ESCOLA MUNICIPAL REGINALDO CERQUEIRA SANTOS,POVOADO DE ALTO ALEGRE - ZONA RURAL,POVOADO ALTO ALEGRE,48170000,-11.92926154,-38.77853642,3,606.0,"180, 271, 284","74, 74, 74"
