MODELO_URNA,NM_MUNICIPIO,ZONA,SECAO,NUMERO_URNA,LOCAL_VOTACAO,ENDERECO,BAIRRO,CEP,LATITUDE,LONGITUDE,TOTAL_ELEITORES,ACESSIBILIDADE,DATA_CARGA,CODIGO_CARGA
UE2015 (Anterior),CORRENTINA,124,145,1771736,ESCOLA MUNICIPAL NOSSA SENHORA APARECIDA,DISTRITO DO ROSÁRIO,POVOADO ROSÁRIO,47654500,-13.95185,-46.2016883,362,Sem acessibilidade,2026-09-30 19:39:00,140381069489367315764494
UE2015 (Anterior),CORRENTINA,124,147,1795314,CMEI - CRECHE MUNICIPAL MARIA DE LARA,POVOADO DE BOM SUCESSO - ZONA RURAL,POVOADO BOM SUCESSO,47653899,-13.5418917,-44.7743717,209,Sem acessibilidade,2026-09-30 19:49:00,938260076368246916627048
UE2015 (Anterior),DIAS D'ÁVILA,186,1,1655576,ESCOLA MUNICIPAL CLAUDIONOR SIMÕES DO CARMO,"RUA BETA, N 115 - ZONA URBANA",ENTRONCAMENTO,42850000,-12.5959366,-38.3282709,282,Sem acessibilidade,2026-09-21 10:32:00,372168485496092588648084
UE2015 (Anterior),DIAS D'ÁVILA,186,2,1654583,ESCOLA MUNICIPAL CLAUDIONOR SIMÕES DO CARMO,"RUA BETA, N 115 - ZONA URBANA",ENTRONCAMENTO,42850000,-12.5959366,-38.3282709,278,Sem acessibilidade,2026-09-21 10:44:00,412572633300368467217661
UE2015 (Anterior),DIAS D'ÁVILA,186,3,1655555,ESCOLA MUNICIPAL CLAUDIONOR SIMÕES DO CARMO,"RUA BETA, N 115 - ZONA URBANA",ENTRONCAMENTO,42850000,-12.5959366,-38.3282709,281,Com acessibilidade,2026-09-21 10:53:00,947825278053918271677339
UE2015 (Anterior),DIAS D'ÁVILA,186,4,1675481,ESCOLA MUNICIPAL CLAUDIONOR SIMÕES DO CARMO,"RUA BETA, N 115 - ZONA URBANA",ENTRONCAMENTO,42850000,-12.5959366,-38.3282709,279,Sem acessibilidade,2026-09-21 11:03:00,543885985213176067472358
UE2015 (Anterior),DIAS D'ÁVILA,186,5,1676657,ESCOLA MUNICIPAL CLAUDIONOR SIMÕES DO CARMO,"RUA BETA, N 115 - ZONA URBANA",ENTRONCAMENTO,42850000,-12.5959366,-38.3282709,282,Com acessibilidade,2026-09-21 11:12:00,766007311835416081669339
UE2015 (Anterior),DIAS D'ÁVILA,186,6,1671740,ESCOLA MUNICIPAL CRISTO REI,"RUA DA MÉXICO, N. 437 - ZONA URBANA",CRISTO REI,42850000,-12.6012876,-38.3085938,306,Sem acessibilidade,2026-09-21 11:22:00,79138733766814180853174
UE2015 (Anterior),DIAS D'ÁVILA,186,7,1656087,ESCOLA MUNICIPAL CRISTO REI,"RUA DA MÉXICO, N. 437 - ZONA URBANA",CRISTO REI,42850000,-12.6012876,-38.3085938,307,Com acessibilidade,2026-09-21 11:40:00,291360064088074634793014
UE2015 (Anterior),DIAS D'ÁVILA,186,8,1666321,ESCOLA MUNICIPAL CRISTO REI,"RUA DA MÉXICO, N. 437 - ZONA URBANA",CRISTO REI,42850000,-12.6012876,-38.3085938,308,Sem acessibilidade,2026-09-21 11:49:00,887219761147292498374523
UE2015 (Anterior),DIAS D'ÁVILA,186,9,1666076,ESCOLA MUNICIPAL CRISTO REI,"RUA DA MÉXICO, N. 437 - ZONA URBANA",CRISTO REI,42850000,-12.6012876,-38.3085938,304,Sem acessibilidade,2026-09-21 12:02:00,584289576017258088723959
UE2015 (Anterior),DIAS D'ÁVILA,186,10,1656532,ESCOLA MUNICIPAL CRISTO REI,"RUA DA MÉXICO, N. 437 - ZONA URBANA",CRISTO REI,42850000,-12.6012876,-38.3085938,306,Sem acessibilidade,2026-09-21 12:11:00,372168448396067733777606
UE2015 (Anterior),DIAS D'ÁVILA,186,11,1656684,CENTRO EDUCACIONAL NORMÉLIO MOURA DA COSTA,RUA JOAQUIM NABUCO SN - ZONA URBANA,GARCIA D'ÁVILA,42850000,-12.6122721,-38.2926858,384,Com acessibilidade,2026-09-21 12:45:00,543885728013782380631701
UE2015 (Anterior),DIAS D'ÁVILA,186,12,1654421,CENTRO EDUCACIONAL NORMÉLIO MOURA DA COSTA,RUA JOAQUIM NABUCO SN - ZONA URBANA,GARCIA D'ÁVILA,42850000,-12.6122721,-38.2926858,385,Com acessibilidade,2026-09-21 12:53:00,483279774907679088037010
UE2015 (Anterior),DIAS D'ÁVILA,186,13,1667637,ESCOLA MUNICIPAL PROF. LUIZ SANDE,"RUA CAMPO ALEGRE, 543 - ZONA URBANA",LESSA RIBEIRO,42850000,-12.6086159,-38.3106436,370,Com acessibilidade,2026-09-21 13:03:00,372168775596228012769957
UE2015 (Anterior),DIAS D'ÁVILA,186,14,1657665,ESCOLA MUNICIPAL PROF. LUIZ SANDE,"RUA CAMPO ALEGRE, 543 - ZONA URBANA",LESSA RIBEIRO,42850000,-12.6086159,-38.3106436,369,Com acessibilidade,2026-09-21 13:11:00,200451714279008805943708
UE2015 (Anterior),DIAS D'ÁVILA,186,15,1679534,ESCOLA MUNICIPAL PROF. LUIZ SANDE,"RUA CAMPO ALEGRE, 543 - ZONA URBANA",LESSA RIBEIRO,42850000,-12.6086159,-38.3106436,372,Com acessibilidade,2026-09-21 13:21:00,947825560753831268629627
UE2015 (Anterior),DIAS D'ÁVILA,186,16,1674113,ESCOLA MUNICIPAL PROF. LUIZ SANDE,"RUA CAMPO ALEGRE, 543 - ZONA URBANA",LESSA RIBEIRO,42850000,-12.6086159,-38.3106436,370,Com acessibilidade,2026-09-21 13:40:00,988229710757987194544913
UE2015 (Anterior),DIAS D'ÁVILA,186,17,1656727,ESCOLA MUNICIPAL PROF. LUIZ SANDE,"RUA CAMPO ALEGRE, 543 - ZONA URBANA",LESSA RIBEIRO,42850000,-12.6086159,-38.3106436,368,Com acessibilidade,2026-09-21 14:13:00,594390435318641730228991
UE2015 (Anterior),DIAS D'ÁVILA,186,18,1655975,ESCOLA MUNICIPAL PROF. LUIZ SANDE,"RUA CAMPO ALEGRE, 543 - ZONA URBANA",LESSA RIBEIRO,42850000,-12.6086159,-38.3106436,370,Com acessibilidade,2026-09-21 14:22:00,856916802144927956562698
UE2015 (Anterior),DIAS D'ÁVILA,186,19,1675954,APAE - ANTIGO FLORÊNCIO BORGES,"RUA BORGES DE BARROS, 344",IMBASSAY,42850000,-12.6123132,-38.3094886,324,Com acessibilidade,2026-09-21 15:07:00,240855305183595833709901
UE2015 (Anterior),DIAS D'ÁVILA,186,20,1676264,APAE - ANTIGO FLORÊNCIO BORGES,"RUA BORGES DE BARROS, 344",IMBASSAY,42850000,-12.6123132,-38.3094886,324,Com acessibilidade,2026-09-21 15:15:00,240855382283546247127055
UE2015 (Anterior),DIAS D'ÁVILA,186,21,1656846,ESCOLA PROFESSORA ALTAIR DA COSTA LIMA,"RUA GETÚLIO VARGAS, S/N - ZONA URBANA",CENTRO,42850000,-12.6115507,-38.3033635,284,Sem acessibilidade,2026-09-21 16:37:00,877118120146608880456316
UE2015 (Anterior),DIAS D'ÁVILA,186,22,1651308,ESCOLA PROFESSORA ALTAIR DA COSTA LIMA,"RUA GETÚLIO VARGAS, S/N - ZONA URBANA",CENTRO,42850000,-12.6115507,-38.3033635,282,Sem acessibilidade,2026-09-21 15:32:00,442875805203715915686714
UE2015 (Anterior),DIAS D'ÁVILA,186,23,1670346,ESCOLA PROFESSORA ALTAIR DA COSTA LIMA,"RUA GETÚLIO VARGAS, S/N - ZONA URBANA",CENTRO,42850000,-12.6115507,-38.3033635,281,Com acessibilidade,2026-09-21 15:42:00,685299151527045812758791
UE2015 (Anterior),DIAS D'ÁVILA,186,24,1676697,ESCOLA PROFESSORA ALTAIR DA COSTA LIMA,"RUA GETÚLIO VARGAS, S/N - ZONA URBANA",CENTRO,42850000,-12.6115507,-38.3033635,275,Sem acessibilidade,2026-09-21 15:51:00,887219467447267842267513
UE2015 (Anterior),DIAS D'ÁVILA,186,25,1674808,ESCOLA PROFESSORA ALTAIR DA COSTA LIMA,"RUA GETÚLIO VARGAS, S/N - ZONA URBANA",CENTRO,42850000,-12.6115507,-38.3033635,283,Sem acessibilidade,2026-09-21 15:59:00,351966042794298017228415
UE2015 (Anterior),DIAS D'ÁVILA,186,26,1654784,CENTRO EDUCACIONAL PADRE CAMILO TORREND,"RUA TOCANTINS, N 108",CRISTO REI,42850000,-12.6033312,-38.3054039,301,Com acessibilidade,2026-09-21 16:08:00,564087367115091090011445
UE2015 (Anterior),DIAS D'ÁVILA,186,27,1679204,CENTRO EDUCACIONAL PADRE CAMILO TORREND,"RUA TOCANTINS, N 108",CRISTO REI,42850000,-12.6033312,-38.3054039,300,Sem acessibilidade,2026-09-21 16:16:00,796310703838278520330736
UE2015 (Anterior),DIAS D'ÁVILA,186,28,1675277,CENTRO EDUCACIONAL PADRE CAMILO TORREND,"RUA TOCANTINS, N 108",CRISTO REI,42850000,-12.6033312,-38.3054039,300,Com acessibilidade,2026-09-21 16:25:00,685299709527188933763010
UE2015 (Anterior),DIAS D'ÁVILA,186,29,1667167,CENTRO EDUCACIONAL PADRE CAMILO TORREND,"RUA TOCANTINS, N 108",CRISTO REI,42850000,-12.6033312,-38.3054039,299,Com acessibilidade,2026-09-21 10:10:00,998330121559392584846538
UE2015 (Anterior),DIAS D'ÁVILA,186,30,1655633,CENTRO EDUCACIONAL PADRE CAMILO TORREND,"RUA TOCANTINS, N 108",CRISTO REI,42850000,-12.6033312,-38.3054039,298,Sem acessibilidade,2026-09-21 10:51:00,483279690108315130716309
UE2015 (Anterior),DIAS D'ÁVILA,186,31,1666572,CENTRO EDUCACIONAL PADRE CAMILO TORREND,"RUA TOCANTINS, N 108",CRISTO REI,42850000,-12.6033312,-38.3054039,300,Com acessibilidade,2026-09-21 11:00:00,796310118039217949218294
UE2015 (Anterior),DIAS D'ÁVILA,186,32,1675879,CENTRO EDUCACIONAL PADRE CAMILO TORREND,"RUA TOCANTINS, N 108",CRISTO REI,42850000,-12.6033312,-38.3054039,297,Com acessibilidade,2026-09-21 11:08:00,988229418558968284976660
UE2015 (Anterior),DIAS D'ÁVILA,186,33,1673210,CENTRO EDUCACIONAL PADRE CAMILO TORREND,"RUA TOCANTINS, N 108",CRISTO REI,42850000,-12.6033312,-38.3054039,298,Com acessibilidade,2026-09-21 11:16:00,69037608666990790564075
UE2015 (Anterior),DIAS D'ÁVILA,186,34,1656111,CENTRO EDUCACIONAL PADRE CAMILO TORREND,"RUA TOCANTINS, N 108",CRISTO REI,42850000,-12.6033312,-38.3054039,302,Com acessibilidade,2026-09-21 11:24:00,564087214316447636581798
UE2015 (Anterior),DIAS D'ÁVILA,186,35,1664725,CETEP - NOVA UNIDADE (CENTRO TERRITORIAL DE EDUCAÇÃO PROFISSIONAL),"RUA DA MANGUEIRA, N 499",PARQUE DIAS D'ÁVILA,42850000,-12.6154207,-38.3033896,245,Com acessibilidade,2026-09-21 11:35:00,937724696253972048195886
UE2015 (Anterior),DIAS D'ÁVILA,186,36,1658057,CETEP - NOVA UNIDADE (CENTRO TERRITORIAL DE EDUCAÇÃO PROFISSIONAL),"RUA DA MANGUEIRA, N 499",PARQUE DIAS D'ÁVILA,42850000,-12.6154207,-38.3033896,243,Com acessibilidade,2026-09-21 11:44:00,99340960569153611814298
UE2015 (Anterior),DIAS D'ÁVILA,186,37,1668839,CETEP - NOVA UNIDADE (CENTRO TERRITORIAL DE EDUCAÇÃO PROFISSIONAL),"RUA DA MANGUEIRA, N 499",PARQUE DIAS D'ÁVILA,42850000,-12.6154207,-38.3033896,241,Com acessibilidade,2026-09-21 11:51:00,38734016263976244926828
UE2015 (Anterior),DIAS D'ÁVILA,186,38,1671352,CENTRO EDUCACIONAL NORMÉLIO MOURA DA COSTA,RUA JOAQUIM NABUCO SN - ZONA URBANA,GARCIA D'ÁVILA,42850000,-12.6122721,-38.2926858,383,Com acessibilidade,2026-09-21 12:00:00,978128062857508000589108
UE2015 (Anterior),DIAS D'ÁVILA,186,39,1656550,CENTRO EDUCACIONAL NORMÉLIO MOURA DA COSTA,RUA JOAQUIM NABUCO SN - ZONA URBANA,GARCIA D'ÁVILA,42850000,-12.6122721,-38.2926858,380,Com acessibilidade,2026-09-21 12:12:00,543885740414307175998220
UE2015 (Anterior),DIAS D'ÁVILA,186,40,1679639,CENTRO EDUCACIONAL NORMÉLIO MOURA DA COSTA,RUA JOAQUIM NABUCO SN - ZONA URBANA,GARCIA D'ÁVILA,42850000,-12.6122721,-38.2926858,383,Com acessibilidade,2026-09-21 12:28:00,604491882520874224870786
UE2015 (Anterior),DIAS D'ÁVILA,186,41,1656048,CETEP - NOVA UNIDADE (CENTRO TERRITORIAL DE EDUCAÇÃO PROFISSIONAL),"RUA DA MANGUEIRA, N 499",PARQUE DIAS D'ÁVILA,42850000,-12.6154207,-38.3033896,284,Com acessibilidade,2026-09-21 12:36:00,513582902711738628508280
UE2015 (Anterior),DIAS D'ÁVILA,186,42,1656563,CETEP - NOVA UNIDADE (CENTRO TERRITORIAL DE EDUCAÇÃO PROFISSIONAL),"RUA DA MANGUEIRA, N 499",PARQUE DIAS D'ÁVILA,42850000,-12.6154207,-38.3033896,292,Com acessibilidade,2026-09-21 12:45:00,755906256335995805196343
UE2015 (Anterior),DIAS D'ÁVILA,186,43,1655202,CETEP - NOVA UNIDADE (CENTRO TERRITORIAL DE EDUCAÇÃO PROFISSIONAL),"RUA DA MANGUEIRA, N 499",PARQUE DIAS D'ÁVILA,42850000,-12.6154207,-38.3033896,294,Com acessibilidade,2026-09-21 12:53:00,402471012300593991755499
UE2015 (Anterior),DIAS D'ÁVILA,186,44,1655936,ESCOLA MUNICIPAL MADRE DIAMANTINA,"RUA WALTER SEIXAS, N. 288 - ZONA URBANA",GENARO,42850000,-12.6150651,-38.2917784,266,Sem acessibilidade,2026-09-21 13:09:00,402471124100679354489996
UE2015 (Anterior),DIAS D'ÁVILA,186,45,1674867,ESCOLA MUNICIPAL MADRE DIAMANTINA,"RUA WALTER SEIXAS, N. 288 - ZONA URBANA",GENARO,42850000,-12.6150651,-38.2917784,264,Sem acessibilidade,2026-09-21 13:17:00,109441935970320676672950
UE2015 (Anterior),DIAS D'ÁVILA,186,46,1650335,ESCOLA MUNICIPAL MADRE DIAMANTINA,"RUA WALTER SEIXAS, N. 288 - ZONA URBANA",GENARO,42850000,-12.6150651,-38.2917784,265,Sem acessibilidade,2026-09-21 13:26:00,766007708136002270862161
UE2015 (Anterior),DIAS D'ÁVILA,186,47,1673241,ESCOLA MUNICIPAL MADRE DIAMANTINA,"RUA WALTER SEIXAS, N. 288 - ZONA URBANA",GENARO,42850000,-12.6150651,-38.2917784,264,Com acessibilidade,2026-09-21 13:36:00,695300749129025734158609
UE2015 (Anterior),DIAS D'ÁVILA,186,48,1666310,ESCOLA MUNICIPAL MADRE DIAMANTINA,"RUA WALTER SEIXAS, N. 288 - ZONA URBANA",GENARO,42850000,-12.6150651,-38.2917784,263,Sem acessibilidade,2026-09-21 13:44:00,614592776421898849879600
UE2015 (Anterior),DIAS D'ÁVILA,186,49,1665088,ESCOLA MUNICIPAL MADRE DIAMANTINA,"RUA WALTER SEIXAS, N. 288 - ZONA URBANA",GENARO,42850000,-12.6150651,-38.2917784,264,Com acessibilidade,2026-09-21 13:52:00,99340363169320800336961
UE2015 (Anterior),DIAS D'ÁVILA,186,50,1657845,ESCOLA MUNICIPAL MADRE DIAMANTINA,"RUA WALTER SEIXAS, N. 288 - ZONA URBANA",GENARO,42850000,-12.6150651,-38.2917784,263,Sem acessibilidade,2026-09-21 14:20:00,715502068531649854194765
UE2015 (Anterior),DIAS D'ÁVILA,186,51,1652044,ESCOLA MUNICIPAL MADRE DIAMANTINA,"RUA WALTER SEIXAS, N. 288 - ZONA URBANA",GENARO,42850000,-12.6150651,-38.2917784,264,Sem acessibilidade,2026-09-21 14:28:00,159946611975644332806700
UE2015 (Anterior),DIAS D'ÁVILA,186,52,1653904,ESCOLA MUNICIPAL MADRE DIAMANTINA,"RUA WALTER SEIXAS, N. 288 - ZONA URBANA",GENARO,42850000,-12.6150651,-38.2917784,266,Com acessibilidade,2026-09-21 14:36:00,988229553058425976713155
UE2015 (Anterior),DIAS D'ÁVILA,186,53,1652147,ESCOLA MUNICIPAL MADRE DIAMANTINA,"RUA WALTER SEIXAS, N. 288 - ZONA URBANA",GENARO,42850000,-12.6150651,-38.2917784,263,Com acessibilidade,2026-09-21 14:45:00,48835724264506218322356
UE2015 (Anterior),DIAS D'ÁVILA,186,54,1671283,ESCOLA MUNICIPAL MADRE DIAMANTINA,"RUA WALTER SEIXAS, N. 288 - ZONA URBANA",GENARO,42850000,-12.6150651,-38.2917784,265,Com acessibilidade,2026-09-21 14:53:00,755906544135167451935527
UE2015 (Anterior),DIAS D'ÁVILA,186,55,1658330,ESCOLA MUNICIPAL JOSÉ DA CONCEIÇÃO ALMEIDA,"RUA JOSÉ DA CONCEIÇÃO ALMEIDA, N 360 - ZONA URBANA",GENARO,42850000,-12.6173261,-38.2888915,338,Com acessibilidade,2026-09-21 17:21:00,665097569826995398132903
UE2015 (Anterior),DIAS D'ÁVILA,186,56,1656098,ESCOLA MUNICIPAL PROFESSORA ANFRÍSIA SANTIAGO,"RUA CAJAYBA, N. 226 - ZONA URBANA",NOVA DIAS D'ÁVILA,42850000,-12.6347831,-38.2729926,376,Com acessibilidade,2026-09-21 15:15:00,473178487807777465468457
UE2015 (Anterior),DIAS D'ÁVILA,186,57,1655939,ESCOLA MUNICIPAL PROFESSORA ANFRÍSIA SANTIAGO,"RUA CAJAYBA, N. 226 - ZONA URBANA",NOVA DIAS D'ÁVILA,42850000,-12.6347831,-38.2729926,373,Com acessibilidade,2026-09-21 15:23:00,513582637911769363498708
UE2015 (Anterior),DIAS D'ÁVILA,186,58,1655552,ESCOLA MUNICIPAL PROFESSORA ANFRÍSIA SANTIAGO,"RUA CAJAYBA, N. 226 - ZONA URBANA",NOVA DIAS D'ÁVILA,42850000,-12.6347831,-38.2729926,373,Com acessibilidade,2026-09-21 10:25:00,99340326894933363075710
UE2015 (Anterior),DIAS D'ÁVILA,186,59,1652541,ESCOLA MUNICIPAL PROFESSORA ANFRÍSIA SANTIAGO,"RUA CAJAYBA, N. 226 - ZONA URBANA",NOVA DIAS D'ÁVILA,42850000,-12.6347831,-38.2729926,372,Com acessibilidade,2026-09-21 10:33:00,351966694720148813480411
UE2015 (Anterior),DIAS D'ÁVILA,186,60,1656176,ESCOLA MUNICIPAL PROFESSORA ANFRÍSIA SANTIAGO,"RUA CAJAYBA, N. 226 - ZONA URBANA",NOVA DIAS D'ÁVILA,42850000,-12.6347831,-38.2729926,364,Com acessibilidade,2026-09-21 10:44:00,604491025845550549474526
UE2015 (Anterior),DIAS D'ÁVILA,186,61,1656139,ESCOLA MUNICIPAL PROFESSORA ANFRÍSIA SANTIAGO,"RUA CAJAYBA, N. 226 - ZONA URBANA",NOVA DIAS D'ÁVILA,42850000,-12.6347831,-38.2729926,371,Com acessibilidade,2026-09-21 10:53:00,48835578589013246626210
UE2015 (Anterior),DIAS D'ÁVILA,186,62,1657756,ESCOLA MUNICIPAL CRISTO REI,"RUA DA MÉXICO, N. 437 - ZONA URBANA",CRISTO REI,42850000,-12.6012876,-38.3085938,309,Com acessibilidade,2026-09-21 12:04:00,483279127533298068664399
UE2015 (Anterior),DIAS D'ÁVILA,186,63,1669253,ESCOLA MUNICIPAL CRISTO REI,"RUA DA MÉXICO, N. 437 - ZONA URBANA",CRISTO REI,42850000,-12.6012876,-38.3085938,305,Com acessibilidade,2026-09-21 11:37:00,503481254435689971330358
UE2015 (Anterior),DIAS D'ÁVILA,186,64,1675012,ESCOLA MUNICIPAL CRISTO REI,"RUA DA MÉXICO, N. 437 - ZONA URBANA",CRISTO REI,42850000,-12.6012876,-38.3085938,307,Sem acessibilidade,2026-09-21 11:46:00,18532870386219396055086
UE2015 (Anterior),DIAS D'ÁVILA,186,65,1657758,ESCOLA MUNICIPAL CRISTO REI,"RUA DA MÉXICO, N. 437 - ZONA URBANA",CRISTO REI,42850000,-12.6012876,-38.3085938,307,Com acessibilidade,2026-09-21 11:54:00,755906722060908602506843
UE2015 (Anterior),DIAS D'ÁVILA,186,66,1655999,COLÉGIO ESTADUAL PROFESSOR EDILSON SOUTO FREIRE,"RUA DA  HOLANDA, S/N - ZONA URBANA",URBIS,42850000,-12.6177241,-38.299445,326,Com acessibilidade,2026-09-21 12:15:00,159946230900122731321245
UE2015 (Anterior),DIAS D'ÁVILA,186,67,1657773,COLÉGIO ESTADUAL PROFESSOR EDILSON SOUTO FREIRE,"RUA DA  HOLANDA, S/N - ZONA URBANA",URBIS,42850000,-12.6177241,-38.299445,328,Com acessibilidade,2026-09-21 12:24:00,523683717437511865060135
UE2015 (Anterior),DIAS D'ÁVILA,186,68,1657155,COLÉGIO ESTADUAL PROFESSOR EDILSON SOUTO FREIRE,"RUA DA  HOLANDA, S/N - ZONA URBANA",URBIS,42850000,-12.6177241,-38.299445,329,Com acessibilidade,2026-09-21 12:32:00,755906055160694153193076
UE2015 (Anterior),DIAS D'ÁVILA,186,69,1677956,COLÉGIO ESTADUAL PROFESSOR EDILSON SOUTO FREIRE,"RUA DA  HOLANDA, S/N - ZONA URBANA",URBIS,42850000,-12.6177241,-38.299445,329,Com acessibilidade,2026-09-21 12:41:00,846815254769800211254169
UE2015 (Anterior),DIAS D'ÁVILA,186,70,1673202,COLÉGIO ESTADUAL PROFESSOR EDILSON SOUTO FREIRE,"RUA DA  HOLANDA, S/N - ZONA URBANA",URBIS,42850000,-12.6177241,-38.299445,327,Com acessibilidade,2026-09-21 12:51:00,230754721008280611503543
UE2015 (Anterior),DIAS D'ÁVILA,186,71,1674235,ESCOLA MUNICIPAL JOSÉ DA CONCEIÇÃO ALMEIDA,"RUA JOSÉ DA CONCEIÇÃO ALMEIDA, N 360 - ZONA URBANA",GENARO,42850000,-12.6173261,-38.2888915,341,Com acessibilidade,2026-09-21 13:00:00,382269989423025933307997
UE2015 (Anterior),DIAS D'ÁVILA,186,72,1656360,ESCOLA MUNICIPAL PROFESSORA ANFRÍSIA SANTIAGO,"RUA CAJAYBA, N. 226 - ZONA URBANA",NOVA DIAS D'ÁVILA,42850000,-12.6347831,-38.2729926,373,Com acessibilidade,2026-09-21 13:08:00,503481219735700217607699
UE2015 (Anterior),DIAS D'ÁVILA,186,73,1669418,COLÉGIO ESTADUAL PROFESSOR EDILSON SOUTO FREIRE,"RUA DA  HOLANDA, S/N - ZONA URBANA",URBIS,42850000,-12.6177241,-38.299445,328,Com acessibilidade,2026-09-21 13:17:00,887219709773109755648530
UE2015 (Anterior),DIAS D'ÁVILA,186,74,1656137,ESCOLA PROFESSORA ALTAIR DA COSTA LIMA,"RUA GETÚLIO VARGAS, S/N - ZONA URBANA",CENTRO,42850000,-12.6115507,-38.3033635,283,Sem acessibilidade,2026-09-21 13:26:00,129643057597363474940325
UE2015 (Anterior),DIAS D'ÁVILA,186,75,1650619,ESCOLA MUNICIPAL CLAUDIONOR SIMÕES DO CARMO,"RUA BETA, N 115 - ZONA URBANA",ENTRONCAMENTO,42850000,-12.5959366,-38.3282709,281,Com acessibilidade,2026-09-21 13:35:00,38734074388294501592542
UE2015 (Anterior),DIAS D'ÁVILA,186,77,1655067,ESCOLA MUNICIPAL CLAUDIONOR SIMÕES DO CARMO,"RUA BETA, N 115 - ZONA URBANA",ENTRONCAMENTO,42850000,-12.5959366,-38.3282709,279,Com acessibilidade,2026-09-21 14:06:00,281259540813450100048670
UE2015 (Anterior),DIAS D'ÁVILA,186,78,1656686,ESCOLA PROFESSORA ALTAIR DA COSTA LIMA,"RUA GETÚLIO VARGAS, S/N - ZONA URBANA",CENTRO,42850000,-12.6115507,-38.3033635,281,Com acessibilidade,2026-09-21 14:20:00,392370768324320982720678
UE2015 (Anterior),DIAS D'ÁVILA,186,79,1654699,ESCOLA MUNICIPAL JOSÉ DA CONCEIÇÃO ALMEIDA,"RUA JOSÉ DA CONCEIÇÃO ALMEIDA, N 360 - ZONA URBANA",GENARO,42850000,-12.6173261,-38.2888915,338,Com acessibilidade,2026-09-21 14:37:00,877118355172386541085793
UE2015 (Anterior),DIAS D'ÁVILA,186,80,1675787,ESCOLA MUNICIPAL JOSÉ DA CONCEIÇÃO ALMEIDA,"RUA JOSÉ DA CONCEIÇÃO ALMEIDA, N 360 - ZONA URBANA",GENARO,42850000,-12.6173261,-38.2888915,339,Com acessibilidade,2026-09-21 14:46:00,250956819810782908185868
UE2015 (Anterior),DIAS D'ÁVILA,186,81,1652713,ESCOLA PROFESSORA ALTAIR DA COSTA LIMA,"RUA GETÚLIO VARGAS, S/N - ZONA URBANA",CENTRO,42850000,-12.6115507,-38.3033635,283,Sem acessibilidade,2026-09-21 14:54:00,644895317549127637190705
UE2015 (Anterior),DIAS D'ÁVILA,186,82,1657696,ESCOLA MUNICIPAL CLAUDIONOR SIMÕES DO CARMO,"RUA BETA, N 115 - ZONA URBANA",ENTRONCAMENTO,42850000,-12.5959366,-38.3282709,279,Sem acessibilidade,2026-09-21 15:04:00,18532796586159694224184
UE2015 (Anterior),DIAS D'ÁVILA,186,83,1668330,COLÉGIO ESTADUAL PROFESSOR EDILSON SOUTO FREIRE,"RUA DA  HOLANDA, S/N - ZONA URBANA",URBIS,42850000,-12.6177241,-38.299445,326,Com acessibilidade,2026-09-21 15:14:00,89239975193315345490992
UE2015 (Anterior),DIAS D'ÁVILA,186,84,1657746,COLÉGIO ESTADUAL PROFESSOR EDILSON SOUTO FREIRE,"RUA DA  HOLANDA, S/N - ZONA URBANA",URBIS,42850000,-12.6177241,-38.299445,326,Com acessibilidade,2026-09-21 15:23:00,836714839968082431963143
UE2015 (Anterior),DIAS D'ÁVILA,186,85,1668206,ESCOLA MUNICIPAL PROFESSORA ANFRÍSIA SANTIAGO,"RUA CAJAYBA, N. 226 - ZONA URBANA",NOVA DIAS D'ÁVILA,42850000,-12.6347831,-38.2729926,375,Com acessibilidade,2026-09-21 15:31:00,897320004674099436982592
UE2015 (Anterior),DIAS D'ÁVILA,186,86,1654709,ESCOLA MUNICIPAL AYRTON CARLOS NUNES,"RUA SÃO SALVADOR, S/N - ZONA URBANA",GARCIA D'ÁVILA,42850000,-12.6114827,-38.2896592,216,Com acessibilidade,2026-09-21 15:40:00,957926176780175252074802
UE2015 (Anterior),DIAS D'ÁVILA,186,87,1650841,CETEP - NOVA UNIDADE (CENTRO TERRITORIAL DE EDUCAÇÃO PROFISSIONAL),"RUA DA MANGUEIRA, N 499",PARQUE DIAS D'ÁVILA,42850000,-12.6154207,-38.3033896,243,Sem acessibilidade,2026-09-21 10:19:00,109441432539134816777226
UE2015 (Anterior),DIAS D'ÁVILA,186,88,1667263,CETEP - NOVA UNIDADE (CENTRO TERRITORIAL DE EDUCAÇÃO PROFISSIONAL),"RUA DA MANGUEIRA, N 499",PARQUE DIAS D'ÁVILA,42850000,-12.6154207,-38.3033896,246,Sem acessibilidade,2026-09-21 10:40:00,331764772062007631397674
UE2015 (Anterior),DIAS D'ÁVILA,186,89,1656348,CETEP - NOVA UNIDADE (CENTRO TERRITORIAL DE EDUCAÇÃO PROFISSIONAL),"RUA DA MANGUEIRA, N 499",PARQUE DIAS D'ÁVILA,42850000,-12.6154207,-38.3033896,244,Sem acessibilidade,2026-09-21 10:49:00,503481054779809485309467
UE2015 (Anterior),DIAS D'ÁVILA,186,90,1668998,CETEP - NOVA UNIDADE (CENTRO TERRITORIAL DE EDUCAÇÃO PROFISSIONAL),"RUA DA MANGUEIRA, N 499",PARQUE DIAS D'ÁVILA,42850000,-12.6154207,-38.3033896,245,Com acessibilidade,2026-09-21 11:03:00,210552844450848631892391
UE2015 (Anterior),DIAS D'ÁVILA,186,91,1669609,ESCOLA MUNICIPAL CLAUDIONOR SIMÕES DO CARMO,"RUA BETA, N 115 - ZONA URBANA",ENTRONCAMENTO,42850000,-12.5959366,-38.3282709,279,Com acessibilidade,2026-09-21 11:14:00,917522651220700455084186
UE2015 (Anterior),DIAS D'ÁVILA,186,92,1658622,ESCOLA MUNICIPAL CARLOS DRUMOND DE ANDRADE,"RUA DA HOLANDA, S/N - ZONA URBANA",URBIS,42850000,-12.6175013,-38.3001187,367,Com acessibilidade,2026-09-21 11:22:00,109441957039846583318914
UE2015 (Anterior),DIAS D'ÁVILA,186,94,1665852,ESCOLA MUNICIPAL MARIA SANTIAGO BACELAR DE SANTANA,"RUA PRIMEIRO DE JANEIRO, N 490 - ZONA URBANA",CONCÓRDIA,42850000,-12.6025552,-38.3265484,381,Com acessibilidade,2026-09-21 11:32:00,745805816503572305199494
UE2015 (Anterior),DIAS D'ÁVILA,186,95,1667277,ESCOLA MUNICIPAL AYRTON CARLOS NUNES,"RUA SÃO SALVADOR, S/N - ZONA URBANA",GARCIA D'ÁVILA,42850000,-12.6114827,-38.2896592,215,Com acessibilidade,2026-09-21 11:39:00,917522092520239414648056
UE2015 (Anterior),DIAS D'ÁVILA,186,96,1657624,ESCOLA MUNICIPAL CARLOS DRUMOND DE ANDRADE,"RUA DA HOLANDA, S/N - ZONA URBANA",URBIS,42850000,-12.6175013,-38.3001187,369,Com acessibilidade,2026-09-21 11:47:00,28633317131295793599294
UE2015 (Anterior),DIAS D'ÁVILA,186,97,1678280,ESCOLA MUNICIPAL MARIA SANTIAGO BACELAR DE SANTANA,"RUA PRIMEIRO DE JANEIRO, N 490 - ZONA URBANA",CONCÓRDIA,42850000,-12.6025552,-38.3265484,384,Com acessibilidade,2026-09-21 11:55:00,362067763865585802137551
UE2015 (Anterior),DIAS D'ÁVILA,186,98,1667024,ESCOLA MUNICIPAL MARIA SANTIAGO BACELAR DE SANTANA,"RUA PRIMEIRO DE JANEIRO, N 490 - ZONA URBANA",CONCÓRDIA,42850000,-12.6025552,-38.3265484,383,Com acessibilidade,2026-10-03 12:19:00,968027473421256652408921
UE2015 (Anterior),DIAS D'ÁVILA,186,99,1651439,ESCOLA MUNICIPAL MARIA SANTIAGO BACELAR DE SANTANA,"RUA PRIMEIRO DE JANEIRO, N 490 - ZONA URBANA",CONCÓRDIA,42850000,-12.6025552,-38.3265484,382,Com acessibilidade,2026-09-21 12:15:00,28633645931999607771075
UE2015 (Anterior),DIAS D'ÁVILA,186,100,1656002,ESCOLA MUNICIPAL CARLOS DRUMOND DE ANDRADE,"RUA DA HOLANDA, S/N - ZONA URBANA",URBIS,42850000,-12.6175013,-38.3001187,368,Com acessibilidade,2026-09-21 12:23:00,28633118031944242577788
UE2015 (Anterior),DIAS D'ÁVILA,186,101,1658345,ESCOLA MUNICIPAL MARIA SANTIAGO BACELAR DE SANTANA,"RUA PRIMEIRO DE JANEIRO, N 490 - ZONA URBANA",CONCÓRDIA,42850000,-12.6025552,-38.3265484,381,Com acessibilidade,2026-09-21 12:32:00,321663522061269019144241
UE2015 (Anterior),DIAS D'ÁVILA,186,102,1656971,ESCOLA MUNICIPAL EUTRÓDIA CARVALHO DOS SANTOS,"RUA RUI BARBOSA, 10 - ZONA URBANA",URBIS,42850000,-12.6187448,-38.3032785,339,Com acessibilidade,2026-09-21 12:40:00,735704048202626252047305
UE2015 (Anterior),DIAS D'ÁVILA,186,103,1657118,ESCOLA MUNICIPAL ARACI DOS SANTOS REIS,RUA DA ASSEMBLÉIA - ZONA RURAL,DISTRITO DE LEANDRINHO,42850000,-12.6419829,-38.3750702,178,Com acessibilidade,2026-09-21 12:49:00,584289001787106525477114
UE2015 (Anterior),DIAS D'ÁVILA,186,104,1674531,ESCOLA MUNICIPAL BIRIBEIRA,DISTRITO DE BIRIBEIRA - ZONA RURAL,DISTRITO DE BIRIBEIRA,42850000,-12.62747,-38.2077654,204,Com acessibilidade,2026-09-21 12:57:00,917522443220381049745853
UE2015 (Anterior),DIAS D'ÁVILA,186,105,1675005,ESCOLA MUNICIPAL CARLOS DRUMOND DE ANDRADE,"RUA DA HOLANDA, S/N - ZONA URBANA",URBIS,42850000,-12.6175013,-38.3001187,367,Com acessibilidade,2026-09-21 13:06:00,624693268091684453271407
UE2015 (Anterior),DIAS D'ÁVILA,186,106,1699884,ESCOLA MUNICIPAL MARIA SANTIAGO BACELAR DE SANTANA,"RUA PRIMEIRO DE JANEIRO, N 490 - ZONA URBANA",CONCÓRDIA,42850000,-12.6025552,-38.3265484,379,Com acessibilidade,2026-09-21 13:20:00,79138821836899852098882
UE2015 (Anterior),DIAS D'ÁVILA,186,107,1666145,ESCOLA MUNICIPAL EUTRÓDIA CARVALHO DOS SANTOS,"RUA RUI BARBOSA, 10 - ZONA URBANA",URBIS,42850000,-12.6187448,-38.3032785,336,Com acessibilidade,2026-09-21 13:29:00,826613684911270488468407
UE2015 (Anterior),DIAS D'ÁVILA,186,108,1656167,ESCOLA MUNICIPAL MARIA SANTIAGO BACELAR DE SANTANA,"RUA PRIMEIRO DE JANEIRO, N 490 - ZONA URBANA",CONCÓRDIA,42850000,-12.6025552,-38.3265484,379,Com acessibilidade,2026-09-21 13:38:00,139744100942604027075286
UE2015 (Anterior),DIAS D'ÁVILA,186,109,1655127,ESCOLA MUNICIPAL AYRTON CARLOS NUNES,"RUA SÃO SALVADOR, S/N - ZONA URBANA",GARCIA D'ÁVILA,42850000,-12.6114827,-38.2896592,214,Com acessibilidade,2026-09-21 13:47:00,503481589379991886777085
UE2015 (Anterior),DIAS D'ÁVILA,186,110,1673318,ESCOLA MUNICIPAL DO BOSQUE,"RUA ARCHIMEDES, S/N - ZONA URBANA",BOSQUE DIAS D'ÁVILA,42850000,-12.6235051,-38.2824806,385,Com acessibilidade,2026-09-21 13:55:00,321663489161760286592358
UE2015 (Anterior),DIAS D'ÁVILA,186,111,1652463,ESCOLA MUNICIPAL SANTOS TITARA,"RUA CATHARINA PARAGUASSU, S/N - ZONA URBANA",JARDIM ALVORADA,42850000,-12.6171229,-38.2944724,389,Com acessibilidade,2026-09-21 14:04:00,665097931195690789116532
UE2015 (Anterior),DIAS D'ÁVILA,186,112,1667347,ESCOLA  MUNICIPAL FUTURAMA,DISTRITO DE JARDIM FUTURAMA - ZONA RURAL,DISTRITO DE JARDIM FUTURAMA,42850000,-12.6687723,-38.3717027,194,Sem acessibilidade,2026-09-21 14:12:00,160047542445142405016131
UE2015 (Anterior),DIAS D'ÁVILA,186,113,1652789,ESCOLA MUNICIPAL FLORÊNCIO BORGES DE SANTANA,"RUA SANTA TEREZINHA, SN (R DA ÁGUA MINERAL DIAS D ÁVILA) - ZONA URBANA",IMBASSAY,42850000,-12.6136224,-38.31583,385,Com acessibilidade,2026-09-21 14:21:00,331764827562334846276397
UE2015 (Anterior),DIAS D'ÁVILA,186,114,1674361,ESCOLA MUNICIPAL BOA VISTA DE SANTA HELENA,DISTRITO DE SANTA HELENA - ZONA RURAL,DISTRITO DE SANTA HELENA,42850000,-12.5743673,-38.1737822,323,Com acessibilidade,2026-09-21 14:29:00,725603323201286951099695
UE2015 (Anterior),DIAS D'ÁVILA,186,115,1656717,ESCOLA MUNICIPAL SÃO JOSÉ,RUA PRINCIPAL - ZONA RURAL,DISTRITO DE EMBOACICA,42850000,-12.6040994,-38.1358264,223,Com acessibilidade,2026-09-21 14:37:00,341865051763859779966058
UE2015 (Anterior),DIAS D'ÁVILA,186,116,1657553,ESCOLA MUNICIPAL EUTRÓDIA CARVALHO DOS SANTOS,"RUA RUI BARBOSA, 10 - ZONA URBANA",URBIS,42850000,-12.6187448,-38.3032785,339,Sem acessibilidade,2026-09-21 10:27:00,271158091353256138369637
UE2015 (Anterior),DIAS D'ÁVILA,186,117,1656178,ESCOLA MUNICIPAL FLORÊNCIO BORGES DE SANTANA,"RUA SANTA TEREZINHA, SN (R DA ÁGUA MINERAL DIAS D ÁVILA) - ZONA URBANA",IMBASSAY,42850000,-12.6136224,-38.31583,386,Com acessibilidade,2026-09-21 10:38:00,58936982131195445107500
UE2015 (Anterior),DIAS D'ÁVILA,186,118,1650708,ESCOLA MUNICIPAL MARIA SANTIAGO BACELAR DE SANTANA,"RUA PRIMEIRO DE JANEIRO, N 490 - ZONA URBANA",CONCÓRDIA,42850000,-12.6025552,-38.3265484,378,Com acessibilidade,2026-09-21 10:49:00,644895689190943738901271
UE2015 (Anterior),DIAS D'ÁVILA,186,119,1677093,ESCOLA MUNICIPAL AYRTON CARLOS NUNES,"RUA SÃO SALVADOR, S/N - ZONA URBANA",GARCIA D'ÁVILA,42850000,-12.6114827,-38.2896592,215,Com acessibilidade,2026-09-21 11:32:00,442875596170275621063055
UE2015 (Anterior),DIAS D'ÁVILA,186,121,1666822,ESCOLA MUNICIPAL FLORÊNCIO BORGES DE SANTANA,"RUA SANTA TEREZINHA, SN (R DA ÁGUA MINERAL DIAS D ÁVILA) - ZONA URBANA",IMBASSAY,42850000,-12.6136224,-38.31583,383,Com acessibilidade,2026-09-21 11:52:00,745805084100755171909712
UE2015 (Anterior),DIAS D'ÁVILA,186,122,1666200,ESCOLA MUNICIPAL EUTRÓDIA CARVALHO DOS SANTOS,"RUA RUI BARBOSA, 10 - ZONA URBANA",URBIS,42850000,-12.6187448,-38.3032785,340,Sem acessibilidade,2026-09-21 12:09:00,311562761657478017815215
UE2015 (Anterior),DIAS D'ÁVILA,186,123,1650239,ESCOLA MUNICIPAL CÂNDIDA MARQUES COSTA,"RUA DOS INOCENTES, S/N - ZONA URBANA",SANTA HELENA,42850000,-12.6009519,-38.3203822,343,Com acessibilidade,2026-09-21 12:18:00,200451765446381788888820
UE2015 (Anterior),DIAS D'ÁVILA,186,124,1682310,ESCOLA MUNICIPAL SANTOS TITARA,"RUA CATHARINA PARAGUASSU, S/N - ZONA URBANA",JARDIM ALVORADA,42850000,-12.6171229,-38.2944724,387,Com acessibilidade,2026-09-21 12:27:00,402471072966605122479088
UE2015 (Anterior),DIAS D'ÁVILA,186,125,1655199,ESCOLA MUNICIPAL DO BOSQUE,"RUA ARCHIMEDES, S/N - ZONA URBANA",BOSQUE DIAS D'ÁVILA,42850000,-12.6235051,-38.2824806,383,Com acessibilidade,2026-09-21 12:37:00,180249965644479442612423
UE2015 (Anterior),DIAS D'ÁVILA,186,126,1671903,ESCOLA MUNICIPAL FLORÊNCIO BORGES DE SANTANA,"RUA SANTA TEREZINHA, SN (R DA ÁGUA MINERAL DIAS D ÁVILA) - ZONA URBANA",IMBASSAY,42850000,-12.6136224,-38.31583,385,Com acessibilidade,2026-09-21 12:48:00,523683417978979745979467
UE2015 (Anterior),DIAS D'ÁVILA,186,127,1665341,ESCOLA MUNICIPAL EUTRÓDIA CARVALHO DOS SANTOS,"RUA RUI BARBOSA, 10 - ZONA URBANA",URBIS,42850000,-12.6187448,-38.3032785,335,Com acessibilidade,2026-09-21 12:58:00,180249185444727933737508
UE2015 (Anterior),DIAS D'ÁVILA,186,128,1678808,ESCOLA MUNICIPAL DO BOSQUE,"RUA ARCHIMEDES, S/N - ZONA URBANA",BOSQUE DIAS D'ÁVILA,42850000,-12.6235051,-38.2824806,384,Com acessibilidade,2026-09-21 13:07:00,372168486563507265073093
UE2015 (Anterior),DIAS D'ÁVILA,186,129,1673857,ESCOLA MUNICIPAL CÂNDIDA MARQUES COSTA,"RUA DOS INOCENTES, S/N - ZONA URBANA",SANTA HELENA,42850000,-12.6009519,-38.3203822,309,Com acessibilidade,2026-09-21 13:16:00,341865566360493934118166
UE2015 (Anterior),DIAS D'ÁVILA,186,130,1679805,ESCOLA MUNICIPAL BIRIBEIRA,DISTRITO DE BIRIBEIRA - ZONA RURAL,DISTRITO DE BIRIBEIRA,42850000,-12.62747,-38.2077654,205,Com acessibilidade,2026-09-21 13:25:00,574188876783742281819808
UE2015 (Anterior),DIAS D'ÁVILA,186,131,1676849,ESCOLA MUNICIPAL DO BOSQUE,"RUA ARCHIMEDES, S/N - ZONA URBANA",BOSQUE DIAS D'ÁVILA,42850000,-12.6235051,-38.2824806,385,Com acessibilidade,2026-09-21 13:34:00,695300103295889294976078
UE2015 (Anterior),DIAS D'ÁVILA,186,132,1656444,ESCOLA MUNICIPAL FLORÊNCIO BORGES DE SANTANA,"RUA SANTA TEREZINHA, SN (R DA ÁGUA MINERAL DIAS D ÁVILA) - ZONA URBANA",IMBASSAY,42850000,-12.6136224,-38.31583,386,Com acessibilidade,2026-09-21 13:57:00,190350718745774424878803
UE2015 (Anterior),DIAS D'ÁVILA,186,133,1670122,ESCOLA MUNICIPAL SANTOS TITARA,"RUA CATHARINA PARAGUASSU, S/N - ZONA URBANA",JARDIM ALVORADA,42850000,-12.6171229,-38.2944724,391,Com acessibilidade,2026-09-21 14:06:00,624693253788793965449911
UE2015 (Anterior),DIAS D'ÁVILA,186,134,1657522,ESCOLA MUNICIPAL CLAUDIONOR SIMÕES DO CARMO,"RUA BETA, N 115 - ZONA URBANA",ENTRONCAMENTO,42850000,-12.5959366,-38.3282709,282,Com acessibilidade,2026-09-21 14:18:00,483279229274889600977916
UE2015 (Anterior),DIAS D'ÁVILA,186,135,1656039,ESCOLA MUNICIPAL CÂNDIDA MARQUES COSTA,"RUA DOS INOCENTES, S/N - ZONA URBANA",SANTA HELENA,42850000,-12.6009519,-38.3203822,307,Com acessibilidade,2026-09-21 14:28:00,261057110052750072314722
UE2015 (Anterior),DIAS D'ÁVILA,186,136,1669536,ESCOLA MUNICIPAL CARLOS DRUMOND DE ANDRADE,"RUA DA HOLANDA, S/N - ZONA URBANA",URBIS,42850000,-12.6175013,-38.3001187,366,Com acessibilidade,2026-09-21 14:38:00,564087527682142585254298
UE2015 (Anterior),DIAS D'ÁVILA,186,137,1676873,ESCOLA MUNICIPAL AYRTON CARLOS NUNES,"RUA SÃO SALVADOR, S/N - ZONA URBANA",GARCIA D'ÁVILA,42850000,-12.6114827,-38.2896592,214,Com acessibilidade,2026-09-21 14:46:00,452976528771989663683289
UE2015 (Anterior),DIAS D'ÁVILA,186,138,1654607,ESCOLA MUNICIPAL PROFESSOR ANÍSIO TEIXEIRA,"AV. SAPEAÇU, S/N - ZONA URBANA",PARQUE PETRÓPOLIS,42850000,-12.6216003,-38.289298,395,Com acessibilidade,2026-09-21 14:55:00,230754417049782444132323
UE2015 (Anterior),DIAS D'ÁVILA,186,139,1651619,CETEP - NOVA UNIDADE (CENTRO TERRITORIAL DE EDUCAÇÃO PROFISSIONAL),"RUA DA MANGUEIRA, N 499",PARQUE DIAS D'ÁVILA,42850000,-12.6154207,-38.3033896,287,Com acessibilidade,2026-09-21 15:08:00,947825234320365209866060
UE2015 (Anterior),DIAS D'ÁVILA,186,140,1655930,COLÉGIO MUNICIPAL LAURA FOLLY,"AV.RAUL SEIXAS,S/N - ZONA URBANA",ENTRONCAMENTO,42850000,-12.5987603,-38.3275046,383,Com acessibilidade,2026-09-21 15:17:00,725603091998164285281024
UE2015 (Anterior),DIAS D'ÁVILA,186,141,1657840,ESCOLA MUNICIPAL DO BOSQUE,"RUA ARCHIMEDES, S/N - ZONA URBANA",BOSQUE DIAS D'ÁVILA,42850000,-12.6235051,-38.2824806,385,Com acessibilidade,2026-09-21 15:26:00,705401183996162380116385
UE2015 (Anterior),DIAS D'ÁVILA,186,142,1669525,CETEP - NOVA UNIDADE (CENTRO TERRITORIAL DE EDUCAÇÃO PROFISSIONAL),"RUA DA MANGUEIRA, N 499",PARQUE DIAS D'ÁVILA,42850000,-12.6154207,-38.3033896,288,Com acessibilidade,2026-09-21 15:44:00,139744721339631627907492
UE2015 (Anterior),DIAS D'ÁVILA,186,143,1667337,FACD'ÁVILA - FACULDADE DIAS D'ÁVILA,RUA 2 DE JULHO - ANTIGA BIBLIOTECA - NA PRAÇA DO IMBASSAY,IMBASSAY,42850000,-12.6163998,-38.3139761,253,Com acessibilidade,2026-09-21 15:54:00,301461002756892131506088
UE2015 (Anterior),DIAS D'ÁVILA,186,144,1671631,COLÉGIO ESTADUAL PROFESSOR EDILSON SOUTO FREIRE,"RUA DA  HOLANDA, S/N - ZONA URBANA",URBIS,42850000,-12.6177241,-38.299445,330,Com acessibilidade,2026-09-21 16:05:00,806411610106128717176036
UE2015 (Anterior),DIAS D'ÁVILA,186,145,1650235,ESCOLA MUNICIPAL PROFESSOR ANÍSIO TEIXEIRA,"AV. SAPEAÇU, S/N - ZONA URBANA",PARQUE PETRÓPOLIS,42850000,-12.6216003,-38.289298,393,Com acessibilidade,2026-09-21 10:29:00,665097586401784076542775
UE2015 (Anterior),DIAS D'ÁVILA,186,146,1682167,ANEXO DA ESCOLA ARACI SANTOS REIS (ESCOLA MARIA DORALICE BARBOSA),"ASSENTAMENTO NOVA PANEMA, S/N - ZONA RURAL",POVOADO NOVA PANEMA,42850000,-12.54361,-38.3821489,50,Com acessibilidade,2026-09-21 10:45:00,392370423274415797364622
UE2015 (Anterior),DIAS D'ÁVILA,186,147,1676834,ESCOLA MUNICIPAL ARACI DOS SANTOS REIS,RUA DA ASSEMBLÉIA - ZONA RURAL,DISTRITO DE LEANDRINHO,42850000,-12.6419829,-38.3750702,179,Com acessibilidade,2026-09-21 11:10:00,220653362957739542805587
UE2015 (Anterior),DIAS D'ÁVILA,186,148,1655545,ESCOLA MUNICIPAL EUTRÓDIA CARVALHO DOS SANTOS,"RUA RUI BARBOSA, 10 - ZONA URBANA",URBIS,42850000,-12.6187448,-38.3032785,339,Com acessibilidade,2026-09-21 11:20:00,230754489858837968030022
UE2015 (Anterior),DIAS D'ÁVILA,186,149,1673276,FACD'ÁVILA - FACULDADE DIAS D'ÁVILA,RUA 2 DE JULHO - ANTIGA BIBLIOTECA - NA PRAÇA DO IMBASSAY,IMBASSAY,42850000,-12.6163998,-38.3139761,340,Com acessibilidade,2026-09-21 11:30:00,442875804479139608908314
UE2015 (Anterior),DIAS D'ÁVILA,186,150,1674203,ESCOLA MUNICIPAL DO BOSQUE,"RUA ARCHIMEDES, S/N - ZONA URBANA",BOSQUE DIAS D'ÁVILA,42850000,-12.6235051,-38.2824806,384,Com acessibilidade,2026-09-21 12:19:00,877118319222125084422264
UE2015 (Anterior),DIAS D'ÁVILA,186,151,1655562,ESCOLA MUNICIPAL PROFESSOR ANÍSIO TEIXEIRA,"AV. SAPEAÇU, S/N - ZONA URBANA",PARQUE PETRÓPOLIS,42850000,-12.6216003,-38.289298,391,Com acessibilidade,2026-09-21 11:47:00,159946708550424188279518
UE2015 (Anterior),DIAS D'ÁVILA,186,152,1675600,ESCOLA MUNICIPAL SANTOS TITARA,"RUA CATHARINA PARAGUASSU, S/N - ZONA URBANA",JARDIM ALVORADA,42850000,-12.6171229,-38.2944724,387,Com acessibilidade,2026-09-21 11:57:00,543885206989903662424946
UE2015 (Anterior),DIAS D'ÁVILA,186,153,1652031,ESCOLA MUNICIPAL PROFESSOR ANÍSIO TEIXEIRA,"AV. SAPEAÇU, S/N - ZONA URBANA",PARQUE PETRÓPOLIS,42850000,-12.6216003,-38.289298,396,Com acessibilidade,2026-09-21 12:10:00,654996423100270202911791
UE2015 (Anterior),DIAS D'ÁVILA,186,154,1650154,ESCOLA MUNICIPAL DO BOSQUE,"RUA ARCHIMEDES, S/N - ZONA URBANA",BOSQUE DIAS D'ÁVILA,42850000,-12.6235051,-38.2824806,384,Sem acessibilidade,2026-09-21 12:29:00,533784415788874627962788
UE2015 (Anterior),DIAS D'ÁVILA,186,155,1650293,COLÉGIO MUNICIPAL LAURA FOLLY,"AV.RAUL SEIXAS,S/N - ZONA URBANA",ENTRONCAMENTO,42850000,-12.5987603,-38.3275046,375,Com acessibilidade,2026-09-21 12:45:00,513582509786750842965167
UE2015 (Anterior),DIAS D'ÁVILA,186,156,1657751,ESCOLA MUNICIPAL PROFESSOR ANÍSIO TEIXEIRA,"AV. SAPEAÇU, S/N - ZONA URBANA",PARQUE PETRÓPOLIS,42850000,-12.6216003,-38.289298,394,Com acessibilidade,2026-09-21 12:59:00,634794734598244399144075
UE2015 (Anterior),DIAS D'ÁVILA,186,157,1673800,ESCOLA MUNICIPAL PROFESSOR ANÍSIO TEIXEIRA,"AV. SAPEAÇU, S/N - ZONA URBANA",PARQUE PETRÓPOLIS,42850000,-12.6216003,-38.289298,382,Sem acessibilidade,2026-09-21 13:09:00,816512029216084538392457
UE2015 (Anterior),DIAS D'ÁVILA,186,158,1670677,ESCOLA MUNICIPAL DO BOSQUE,"RUA ARCHIMEDES, S/N - ZONA URBANA",BOSQUE DIAS D'ÁVILA,42850000,-12.6235051,-38.2824806,386,Sem acessibilidade,2026-09-21 13:18:00,543885866489834299684370
UE2015 (Anterior),DIAS D'ÁVILA,186,159,1670892,APAE - ANTIGO FLORÊNCIO BORGES,"RUA BORGES DE BARROS, 344",IMBASSAY,42850000,-12.6123132,-38.3094886,255,Com acessibilidade,2026-09-21 13:29:00,261057692761714933790032
UE2015 (Anterior),DIAS D'ÁVILA,186,160,1668751,CETEP - NOVA UNIDADE (CENTRO TERRITORIAL DE EDUCAÇÃO PROFISSIONAL),"RUA DA MANGUEIRA, N 499",PARQUE DIAS D'ÁVILA,42850000,-12.6154207,-38.3033896,243,Sem acessibilidade,2026-09-21 13:44:00,432774944578714430052473
UE2015 (Anterior),DIAS D'ÁVILA,186,161,1653888,ESCOLA MUNICIPAL CÂNDIDA MARQUES COSTA,"RUA DOS INOCENTES, S/N - ZONA URBANA",SANTA HELENA,42850000,-12.6009519,-38.3203822,269,Com acessibilidade,2026-09-21 13:54:00,644895261399017767329187
UE2015 (Anterior),DIAS D'ÁVILA,186,162,1670487,ESCOLA MUNICIPAL CRISTO REI,"RUA DA MÉXICO, N. 437 - ZONA URBANA",CRISTO REI,42850000,-12.6012876,-38.3085938,304,Sem acessibilidade,2026-09-21 14:09:00,432774165078813736045720
UE2015 (Anterior),DIAS D'ÁVILA,186,163,1656282,COLÉGIO MUNICIPAL LAURA FOLLY,"AV.RAUL SEIXAS,S/N - ZONA URBANA",ENTRONCAMENTO,42850000,-12.5987603,-38.3275046,372,Sem acessibilidade,2026-09-21 14:28:00,826613666217310392826208
UE2015 (Anterior),DIAS D'ÁVILA,186,164,1675447,ESCOLA MUNICIPAL CÂNDIDA MARQUES COSTA,"RUA DOS INOCENTES, S/N - ZONA URBANA",SANTA HELENA,42850000,-12.6009519,-38.3203822,267,Com acessibilidade,2026-09-21 14:38:00,553986506390134852416547
UE2015 (Anterior),DIAS D'ÁVILA,186,165,1667867,APAE - ANTIGO FLORÊNCIO BORGES,"RUA BORGES DE BARROS, 344",IMBASSAY,42850000,-12.6123132,-38.3094886,256,Com acessibilidade,2026-09-21 14:51:00,735704793808006595858070
UE2015 (Anterior),DIAS D'ÁVILA,186,166,1666728,ESCOLA  MUNICIPAL FUTURAMA,DISTRITO DE JARDIM FUTURAMA - ZONA RURAL,DISTRITO DE JARDIM FUTURAMA,42850000,-12.6687723,-38.3717027,195,Sem acessibilidade,2026-09-21 15:01:00,281259454263216430758781
UE2015 (Anterior),DIAS D'ÁVILA,186,167,1670613,FACD'ÁVILA - FACULDADE DIAS D'ÁVILA,RUA 2 DE JULHO - ANTIGA BIBLIOTECA - NA PRAÇA DO IMBASSAY,IMBASSAY,42850000,-12.6163998,-38.3139761,249,Com acessibilidade,2026-09-21 15:15:00,604491886895906304271507
UE2015 (Anterior),DIAS D'ÁVILA,186,181,1655021,ESCOLA MUNICIPAL ARACI DOS SANTOS REIS,RUA DA ASSEMBLÉIA - ZONA RURAL,DISTRITO DE LEANDRINHO,42850000,-12.6419829,-38.3750702,178,Com acessibilidade,2026-09-21 17:20:00,18532778336272775677222
UE2015 (Anterior),DIAS D'ÁVILA,186,183,1658618,ESCOLA MUNICIPAL BIRIBEIRA,DISTRITO DE BIRIBEIRA - ZONA RURAL,DISTRITO DE BIRIBEIRA,42850000,-12.62747,-38.2077654,206,Com acessibilidade,2026-09-21 15:33:00,574188556092919987641165
UE2015 (Anterior),DIAS D'ÁVILA,186,184,1656206,ESCOLA MUNICIPAL BIRIBEIRA,DISTRITO DE BIRIBEIRA - ZONA RURAL,DISTRITO DE BIRIBEIRA,42850000,-12.62747,-38.2077654,204,Com acessibilidade,2026-09-21 15:42:00,412572506976770066811411
UE2015 (Anterior),DIAS D'ÁVILA,186,185,1666160,COLÉGIO MUNICIPAL LAURA FOLLY,"AV.RAUL SEIXAS,S/N - ZONA URBANA",ENTRONCAMENTO,42850000,-12.5987603,-38.3275046,241,Sem acessibilidade,2026-09-21 15:51:00,978128174132354322234012
UE2015 (Anterior),DIAS D'ÁVILA,186,186,1650613,ESCOLA MUNICIPAL PROFESSOR ANÍSIO TEIXEIRA,"AV. SAPEAÇU, S/N - ZONA URBANA",PARQUE PETRÓPOLIS,42850000,-12.6216003,-38.289298,70,Sem acessibilidade,2026-09-21 15:59:00,331764641968273191499783
UE2015 (Anterior),FEIRA DE SANTANA,154,1,1765128,CIEM PROFESSOR JOSELITO FALCÃO DE AMORIM,"RUA CORONEL ÁLVARO SIMÕES, S/N - ZONA URBANA",CENTRO,44001104,-12.2494583,-38.9613754,320,Com acessibilidade,2026-09-28 08:42:00,141702258448396094025190
UE2015 (Anterior),FEIRA DE SANTANA,154,2,1765056,CIEM PROFESSOR JOSELITO FALCÃO DE AMORIM,"RUA CORONEL ÁLVARO SIMÕES, S/N - ZONA URBANA",CENTRO,44001104,-12.2494583,-38.9613754,319,Com acessibilidade,2026-09-28 08:53:00,737661955107145434782378
UE2015 (Anterior),FEIRA DE SANTANA,154,3,1778405,CIEM PROFESSOR JOSELITO FALCÃO DE AMORIM,"RUA CORONEL ÁLVARO SIMÕES, S/N - ZONA URBANA",CENTRO,44001104,-12.2494583,-38.9613754,322,Com acessibilidade,2026-09-28 09:03:00,535641863387601379529947
UE2015 (Anterior),FEIRA DE SANTANA,154,4,1765035,CIEM PROFESSOR JOSELITO FALCÃO DE AMORIM,"RUA CORONEL ÁLVARO SIMÕES, S/N - ZONA URBANA",CENTRO,44001104,-12.2494583,-38.9613754,323,Com acessibilidade,2026-09-28 09:13:00,919479353825073362014950
UE2015 (Anterior),FEIRA DE SANTANA,154,5,1795665,CIEM PROFESSOR JOSELITO FALCÃO DE AMORIM,"RUA CORONEL ÁLVARO SIMÕES, S/N - ZONA URBANA",CENTRO,44001104,-12.2494583,-38.9613754,323,Com acessibilidade,2026-09-28 09:23:00,737661282807984649927372
UE2015 (Anterior),FEIRA DE SANTANA,154,6,1771321,CIEM PROFESSOR JOSELITO FALCÃO DE AMORIM,"RUA CORONEL ÁLVARO SIMÕES, S/N - ZONA URBANA",CENTRO,44001104,-12.2494583,-38.9613754,323,Com acessibilidade,2026-09-28 09:33:00,737661396907078096101403
UE2015 (Anterior),FEIRA DE SANTANA,154,7,1769548,CIEM PROFESSOR JOSELITO FALCÃO DE AMORIM,"RUA CORONEL ÁLVARO SIMÕES, S/N - ZONA URBANA",CENTRO,44001104,-12.2494583,-38.9613754,324,Com acessibilidade,2026-09-28 09:44:00,222510997856726165832893
UE2015 (Anterior),FEIRA DE SANTANA,154,8,1836680,CIEM PROFESSOR JOSELITO FALCÃO DE AMORIM,"RUA CORONEL ÁLVARO SIMÕES, S/N - ZONA URBANA",CENTRO,44001104,-12.2494583,-38.9613754,323,Com acessibilidade,2026-09-28 09:53:00,565944443890080219500560
UE2015 (Anterior),FEIRA DE SANTANA,154,9,1847527,CIEM PROFESSOR JOSELITO FALCÃO DE AMORIM,"RUA CORONEL ÁLVARO SIMÕES, S/N - ZONA URBANA",CENTRO,44001104,-12.2494583,-38.9613754,327,Com acessibilidade,2026-09-28 10:03:00,990287989133147527841635
UE2015 (Anterior),FEIRA DE SANTANA,154,11,1765348,CIEM PROFESSOR JOSELITO FALCÃO DE AMORIM,"RUA CORONEL ÁLVARO SIMÕES, S/N - ZONA URBANA",CENTRO,44001104,-12.2494583,-38.9613754,341,Com acessibilidade,2026-09-28 10:13:00,889176069422128055491000
UE2015 (Anterior),FEIRA DE SANTANA,154,13,1795568,CIEM PROFESSOR JOSELITO FALCÃO DE AMORIM,"RUA CORONEL ÁLVARO SIMÕES, S/N - ZONA URBANA",CENTRO,44001104,-12.2494583,-38.9613754,325,Com acessibilidade,2026-09-28 10:23:00,697257094403022874485057
UE2015 (Anterior),FEIRA DE SANTANA,154,15,1832675,CIEM PROFESSOR JOSELITO FALCÃO DE AMORIM,"RUA CORONEL ÁLVARO SIMÕES, S/N - ZONA URBANA",CENTRO,44001104,-12.2494583,-38.9613754,342,Com acessibilidade,2026-09-28 10:32:00,626550244296973503021797
UE2015 (Anterior),FEIRA DE SANTANA,154,17,1773595,CIEM PROFESSOR JOSELITO FALCÃO DE AMORIM,"RUA CORONEL ÁLVARO SIMÕES, S/N - ZONA URBANA",CENTRO,44001104,-12.2494583,-38.9613754,335,Com acessibilidade,2026-09-28 10:42:00,151803995649592867004170
UE2015 (Anterior),FEIRA DE SANTANA,154,19,1758875,CIEM PROFESSOR JOSELITO FALCÃO DE AMORIM,"RUA CORONEL ÁLVARO SIMÕES, S/N - ZONA URBANA",CENTRO,44001104,-12.2494583,-38.9613754,345,Com acessibilidade,2026-09-28 10:52:00,374025430071904644729747
UE2015 (Anterior),FEIRA DE SANTANA,154,21,1768354,CIEM PROFESSOR JOSELITO FALCÃO DE AMORIM,"RUA CORONEL ÁLVARO SIMÕES, S/N - ZONA URBANA",CENTRO,44001104,-12.2494583,-38.9613754,327,Com acessibilidade,2026-09-28 11:02:00,293217543763484878346341
UE2015 (Anterior),FEIRA DE SANTANA,154,23,1824419,CIEM PROFESSOR JOSELITO FALCÃO DE AMORIM,"RUA CORONEL ÁLVARO SIMÕES, S/N - ZONA URBANA",CENTRO,44001104,-12.2494583,-38.9613754,342,Com acessibilidade,2026-09-28 11:12:00,929580393526206910578088
UE2015 (Anterior),FEIRA DE SANTANA,154,25,1795120,CIEM PROFESSOR JOSELITO FALCÃO DE AMORIM,"RUA CORONEL ÁLVARO SIMÕES, S/N - ZONA URBANA",CENTRO,44001104,-12.2494583,-38.9613754,338,Com acessibilidade,2026-09-28 11:23:00,616449309295057207193737
UE2015 (Anterior),FEIRA DE SANTANA,154,27,1768853,CIEM PROFESSOR JOSELITO FALCÃO DE AMORIM,"RUA CORONEL ÁLVARO SIMÕES, S/N - ZONA URBANA",CENTRO,44001104,-12.2494583,-38.9613754,344,Com acessibilidade,2026-09-28 11:33:00,293217206363822313103757
UE2015 (Anterior),FEIRA DE SANTANA,154,29,1754169,CENTRO INTEGRADO ASSIS CHATEUBRIAND,"RUA ARIVALDO DE CARVALHO, S/N - ZONA URBANA",SOBRADINHO,44021225,-12.2357658,-38.9758122,353,Com acessibilidade,2026-09-28 09:42:00,111499241495471685631075
UE2015 (Anterior),FEIRA DE SANTANA,154,30,1768683,CENTRO INTEGRADO ASSIS CHATEUBRIAND,"RUA ARIVALDO DE CARVALHO, S/N - ZONA URBANA",SOBRADINHO,44021225,-12.2357658,-38.9758122,354,Com acessibilidade,2026-09-28 09:52:00,666954871950111729130077
UE2015 (Anterior),FEIRA DE SANTANA,154,31,1755595,CENTRO INTEGRADO ASSIS CHATEUBRIAND,"RUA ARIVALDO DE CARVALHO, S/N - ZONA URBANA",SOBRADINHO,44021225,-12.2357658,-38.9758122,352,Com acessibilidade,2026-09-28 10:02:00,747762061158820513949901
UE2015 (Anterior),FEIRA DE SANTANA,154,32,1767884,CENTRO INTEGRADO ASSIS CHATEUBRIAND,"RUA ARIVALDO DE CARVALHO, S/N - ZONA URBANA",SOBRADINHO,44021225,-12.2357658,-38.9758122,354,Com acessibilidade,2026-09-28 10:12:00,20590456986199135431427
UE2015 (Anterior),FEIRA DE SANTANA,154,33,1838628,CENTRO INTEGRADO ASSIS CHATEUBRIAND,"RUA ARIVALDO DE CARVALHO, S/N - ZONA URBANA",SOBRADINHO,44021225,-12.2357658,-38.9758122,352,Com acessibilidade,2026-09-28 10:23:00,980186520482319765504425
UE2015 (Anterior),FEIRA DE SANTANA,154,34,1761679,CENTRO INTEGRADO ASSIS CHATEUBRIAND,"RUA ARIVALDO DE CARVALHO, S/N - ZONA URBANA",SOBRADINHO,44021225,-12.2357658,-38.9758122,352,Com acessibilidade,2026-09-28 10:32:00,707358350354054606130379
UE2015 (Anterior),FEIRA DE SANTANA,154,35,1760410,CENTRO INTEGRADO ASSIS CHATEUBRIAND,"RUA ARIVALDO DE CARVALHO, S/N - ZONA URBANA",SOBRADINHO,44021225,-12.2357658,-38.9758122,352,Com acessibilidade,2026-09-28 10:43:00,91297857293602505430139
UE2015 (Anterior),FEIRA DE SANTANA,154,36,1767443,CENTRO INTEGRADO ASSIS CHATEUBRIAND,"RUA ARIVALDO DE CARVALHO, S/N - ZONA URBANA",SOBRADINHO,44021225,-12.2357658,-38.9758122,350,Com acessibilidade,2026-09-28 10:53:00,939681807977531087014750
UE2015 (Anterior),FEIRA DE SANTANA,154,37,1766152,CENTRO INTEGRADO ASSIS CHATEUBRIAND,"RUA ARIVALDO DE CARVALHO, S/N - ZONA URBANA",SOBRADINHO,44021225,-12.2357658,-38.9758122,359,Com acessibilidade,2026-09-28 11:02:00,879075854571065951230530
UE2015 (Anterior),FEIRA DE SANTANA,154,38,1764538,ESCOLA MUNICIPAL DOUTOR CÍCERO CARVALHO,"RUA PEROLINA ANGÉLICA DA SILVA, 164 - ZONA URBANA",CRUZEIRO,44022032,-12.245798,-38.9741595,259,Com acessibilidade,2026-09-28 08:44:00,616449706145003598765191
UE2015 (Anterior),FEIRA DE SANTANA,154,39,1766788,ESCOLA MUNICIPAL DOUTOR CÍCERO CARVALHO,"RUA PEROLINA ANGÉLICA DA SILVA, 164 - ZONA URBANA",CRUZEIRO,44022032,-12.245798,-38.9741595,257,Com acessibilidade,2026-09-28 08:54:00,990287198683472062507744
UE2015 (Anterior),FEIRA DE SANTANA,154,40,1760407,ESCOLA MUNICIPAL DOUTOR CÍCERO CARVALHO,"RUA PEROLINA ANGÉLICA DA SILVA, 164 - ZONA URBANA",CRUZEIRO,44022032,-12.245798,-38.9741595,257,Com acessibilidade,2026-09-28 09:03:00,717459998655788618383203
UE2015 (Anterior),FEIRA DE SANTANA,154,41,1765840,ESCOLA MUNICIPAL DOUTOR CÍCERO CARVALHO,"RUA PEROLINA ANGÉLICA DA SILVA, 164 - ZONA URBANA",CRUZEIRO,44022032,-12.245798,-38.9741595,259,Com acessibilidade,2026-09-28 09:13:00,767964154560923737966832
UE2015 (Anterior),FEIRA DE SANTANA,154,42,1768638,ESCOLA MUNICIPAL DOUTOR CÍCERO CARVALHO,"RUA PEROLINA ANGÉLICA DA SILVA, 164 - ZONA URBANA",CRUZEIRO,44022032,-12.245798,-38.9741595,257,Com acessibilidade,2026-09-28 09:23:00,50893554889306929390349
UE2015 (Anterior),FEIRA DE SANTANA,154,43,1752003,ESCOLA MUNICIPAL DOUTOR CÍCERO CARVALHO,"RUA PEROLINA ANGÉLICA DA SILVA, 164 - ZONA URBANA",CRUZEIRO,44022032,-12.245798,-38.9741595,259,Com acessibilidade,2026-09-28 09:33:00,232611848107570705252970
UE2015 (Anterior),FEIRA DE SANTANA,154,44,1767051,ESCOLA MUNICIPAL DIVA MATOS PORTELA,RUA ESPLANADA - ZONA URBANA,JARDIM CRUZEIRO,44024138,-12.246076,-38.9818484,413,Com acessibilidade,2026-09-28 16:16:00,20590745386134646287524
UE2015 (Anterior),FEIRA DE SANTANA,154,45,1836915,ESCOLA MUNICIPAL DIVA MATOS PORTELA,RUA ESPLANADA - ZONA URBANA,JARDIM CRUZEIRO,44024138,-12.246076,-38.9818484,410,Com acessibilidade,2026-09-28 16:26:00,50893887689255415200315
UE2015 (Anterior),FEIRA DE SANTANA,154,46,1769109,ESCOLA MUNICIPAL DIVA MATOS PORTELA,RUA ESPLANADA - ZONA URBANA,JARDIM CRUZEIRO,44024138,-12.246076,-38.9818484,415,Com acessibilidade,2026-09-28 16:36:00,909378848374196430907942
UE2015 (Anterior),FEIRA DE SANTANA,154,47,1771414,ESCOLA MUNICIPAL DIVA MATOS PORTELA,RUA ESPLANADA - ZONA URBANA,JARDIM CRUZEIRO,44024138,-12.246076,-38.9818484,408,Com acessibilidade,2026-09-28 16:46:00,252813304409634856030563
UE2015 (Anterior),FEIRA DE SANTANA,154,48,1765961,ESCOLA MUNICIPAL DIVA MATOS PORTELA,RUA ESPLANADA - ZONA URBANA,JARDIM CRUZEIRO,44024138,-12.246076,-38.9818484,413,Com acessibilidade,2026-09-28 16:56:00,273015433411744543614805
UE2015 (Anterior),FEIRA DE SANTANA,154,49,1762508,CENTRO INTEGRADO ASSIS CHATEUBRIAND,"RUA ARIVALDO DE CARVALHO, S/N - ZONA URBANA",SOBRADINHO,44021225,-12.2357658,-38.9758122,350,Com acessibilidade,2026-09-28 11:12:00,495237769833776209828483
UE2015 (Anterior),FEIRA DE SANTANA,154,50,1760998,CENTRO INTEGRADO ASSIS CHATEUBRIAND,"RUA ARIVALDO DE CARVALHO, S/N - ZONA URBANA",SOBRADINHO,44021225,-12.2357658,-38.9758122,351,Com acessibilidade,2026-09-28 11:22:00,778065123561141501972175
UE2015 (Anterior),FEIRA DE SANTANA,154,52,1764357,CENTRO INTEGRADO ASSIS CHATEUBRIAND,"RUA ARIVALDO DE CARVALHO, S/N - ZONA URBANA",SOBRADINHO,44021225,-12.2357658,-38.9758122,349,Com acessibilidade,2026-09-28 11:32:00,101398670994567693275618
UE2015 (Anterior),FEIRA DE SANTANA,154,54,1767208,CENTRO INTEGRADO ASSIS CHATEUBRIAND,"RUA ARIVALDO DE CARVALHO, S/N - ZONA URBANA",SOBRADINHO,44021225,-12.2357658,-38.9758122,352,Com acessibilidade,2026-09-28 11:42:00,384126171122931170672159
UE2015 (Anterior),FEIRA DE SANTANA,154,56,1765827,CENTRO INTEGRADO ASSIS CHATEUBRIAND,"RUA ARIVALDO DE CARVALHO, S/N - ZONA URBANA",SOBRADINHO,44021225,-12.2357658,-38.9758122,349,Com acessibilidade,2026-09-28 11:51:00,424530435226995193760728
UE2015 (Anterior),FEIRA DE SANTANA,154,58,1768709,CENTRO INTEGRADO ASSIS CHATEUBRIAND,"RUA ARIVALDO DE CARVALHO, S/N - ZONA URBANA",SOBRADINHO,44021225,-12.2357658,-38.9758122,354,Com acessibilidade,2026-09-28 12:02:00,697257929553994142125918
UE2015 (Anterior),FEIRA DE SANTANA,154,60,1758052,CENTRO INTEGRADO ASSIS CHATEUBRIAND,"RUA ARIVALDO DE CARVALHO, S/N - ZONA URBANA",SOBRADINHO,44021225,-12.2357658,-38.9758122,353,Com acessibilidade,2026-09-28 12:11:00,202308627804520161622628
UE2015 (Anterior),FEIRA DE SANTANA,154,62,1765562,CENTRO INTEGRADO ASSIS CHATEUBRIAND,"RUA ARIVALDO DE CARVALHO, S/N - ZONA URBANA",SOBRADINHO,44021225,-12.2357658,-38.9758122,351,Com acessibilidade,2026-09-28 12:21:00,101398749894512662690259
UE2015 (Anterior),FEIRA DE SANTANA,154,64,1770589,CENTRO INTEGRADO ASSIS CHATEUBRIAND,"RUA ARIVALDO DE CARVALHO, S/N - ZONA URBANA",SOBRADINHO,44021225,-12.2357658,-38.9758122,348,Com acessibilidade,2026-09-28 12:32:00,182106045702753857251144
UE2015 (Anterior),FEIRA DE SANTANA,154,66,1764430,CENTRO INTEGRADO ASSIS CHATEUBRIAND,"RUA ARIVALDO DE CARVALHO, S/N - ZONA URBANA",SOBRADINHO,44021225,-12.2357658,-38.9758122,352,Com acessibilidade,2026-09-28 12:42:00,767964849760427366457113
UE2015 (Anterior),FEIRA DE SANTANA,154,68,1769714,CENTRO INTEGRADO ASSIS CHATEUBRIAND,"RUA ARIVALDO DE CARVALHO, S/N - ZONA URBANA",SOBRADINHO,44021225,-12.2357658,-38.9758122,353,Com acessibilidade,2026-09-28 12:52:00,959883259679705722201777
UE2015 (Anterior),FEIRA DE SANTANA,154,70,1767331,CENTRO INTEGRADO ASSIS CHATEUBRIAND,"RUA ARIVALDO DE CARVALHO, S/N - ZONA URBANA",SOBRADINHO,44021225,-12.2357658,-38.9758122,355,Com acessibilidade,2026-09-28 13:03:00,788166272862264365515679
UE2015 (Anterior),FEIRA DE SANTANA,154,72,1781715,CENTRO INTEGRADO ASSIS CHATEUBRIAND,"RUA ARIVALDO DE CARVALHO, S/N - ZONA URBANA",SOBRADINHO,44021225,-12.2357658,-38.9758122,348,Com acessibilidade,2026-09-28 13:14:00,747762453458381289089059
UE2015 (Anterior),FEIRA DE SANTANA,154,74,1751009,CENTRO INTEGRADO ASSIS CHATEUBRIAND,"RUA ARIVALDO DE CARVALHO, S/N - ZONA URBANA",SOBRADINHO,44021225,-12.2357658,-38.9758122,350,Com acessibilidade,2026-09-28 13:23:00,798267728263457985789481
UE2015 (Anterior),FEIRA DE SANTANA,154,76,1773291,CENTRO INTEGRADO ASSIS CHATEUBRIAND,"RUA ARIVALDO DE CARVALHO, S/N - ZONA URBANA",SOBRADINHO,44021225,-12.2357658,-38.9758122,353,Com acessibilidade,2026-09-28 13:34:00,788166936262601615182443
UE2015 (Anterior),FEIRA DE SANTANA,154,78,1848243,CENTRO INTEGRADO ASSIS CHATEUBRIAND,"RUA ARIVALDO DE CARVALHO, S/N - ZONA URBANA",SOBRADINHO,44021225,-12.2357658,-38.9758122,354,Com acessibilidade,2026-09-28 13:44:00,525540891836436791442094
UE2015 (Anterior),FEIRA DE SANTANA,154,80,1766946,CENTRO INTEGRADO ASSIS CHATEUBRIAND,"RUA ARIVALDO DE CARVALHO, S/N - ZONA URBANA",SOBRADINHO,44021225,-12.2357658,-38.9758122,351,Com acessibilidade,2026-09-28 13:55:00,50893614489122054707443
UE2015 (Anterior),FEIRA DE SANTANA,154,82,1825069,CENTRO INTEGRADO ASSIS CHATEUBRIAND,"RUA ARIVALDO DE CARVALHO, S/N - ZONA URBANA",SOBRADINHO,44021225,-12.2357658,-38.9758122,351,Com acessibilidade,2026-09-28 14:05:00,50893838489782554975281
UE2015 (Anterior),FEIRA DE SANTANA,154,83,1768894,CENTRO INTEGRADO ASSIS CHATEUBRIAND,"RUA ARIVALDO DE CARVALHO, S/N - ZONA URBANA",SOBRADINHO,44021225,-12.2357658,-38.9758122,353,Com acessibilidade,2026-09-28 14:16:00,374025262421268414889890
UE2015 (Anterior),FEIRA DE SANTANA,154,84,1766818,CENTRO INTEGRADO ASSIS CHATEUBRIAND,"RUA ARIVALDO DE CARVALHO, S/N - ZONA URBANA",SOBRADINHO,44021225,-12.2357658,-38.9758122,353,Com acessibilidade,2026-09-28 14:25:00,384126385522294169877240
UE2015 (Anterior),FEIRA DE SANTANA,154,85,1766758,CENTRO INTEGRADO ASSIS CHATEUBRIAND,"RUA ARIVALDO DE CARVALHO, S/N - ZONA URBANA",SOBRADINHO,44021225,-12.2357658,-38.9758122,353,Com acessibilidade,2026-09-28 14:35:00,697257802353697777404964
UE2015 (Anterior),FEIRA DE SANTANA,154,89,1780021,ESCOLA MUNICIPAL ELISABETH JOHNSON,"RUA DA LIBERDADE, S/N, BARAÚNAS",BARAÚNA,44091100,-12.2394399,-38.9698973,386,Com acessibilidade,2026-09-28 08:42:00,838671386098089297045415
UE2015 (Anterior),FEIRA DE SANTANA,154,90,1768760,ESCOLA MUNICIPAL ELISABETH JOHNSON,"RUA DA LIBERDADE, S/N, BARAÚNAS",BARAÚNA,44091100,-12.2394399,-38.9698973,383,Com acessibilidade,2026-09-28 08:52:00,454833085660796343516540
UE2015 (Anterior),FEIRA DE SANTANA,154,91,1781075,ESCOLA MUNICIPAL ELISABETH JOHNSON,"RUA DA LIBERDADE, S/N, BARAÚNAS",BARAÚNA,44091100,-12.2394399,-38.9698973,382,Com acessibilidade,2026-09-28 09:02:00,60994808321060630958300
UE2015 (Anterior),FEIRA DE SANTANA,154,92,1769383,ESCOLA MUNICIPAL ELISABETH JOHNSON,"RUA DA LIBERDADE, S/N, BARAÚNAS",BARAÚNA,44091100,-12.2394399,-38.9698973,384,Com acessibilidade,2026-09-28 09:11:00,111499965226137006965392
UE2015 (Anterior),FEIRA DE SANTANA,154,93,1761155,ESCOLA MUNICIPAL ELISABETH JOHNSON,"RUA DA LIBERDADE, S/N, BARAÚNAS",BARAÚNA,44091100,-12.2394399,-38.9698973,385,Com acessibilidade,2026-09-28 09:20:00,313419277146353136198064
UE2015 (Anterior),FEIRA DE SANTANA,154,94,1765459,ESCOLA MUNICIPAL ELISABETH JOHNSON,"RUA DA LIBERDADE, S/N, BARAÚNAS",BARAÚNA,44091100,-12.2394399,-38.9698973,385,Com acessibilidade,2026-09-28 09:30:00,273015346042400306016619
UE2015 (Anterior),FEIRA DE SANTANA,154,102,1767005,COLÉGIO ESTADUAL YEDA BARRADAS CARNEIRO (ESCOLA PROF FRANCY BARBOSA),"PRAÇA DO CONJUNTO CENTENARIO, S/N - ZONA URBANA",QUEIMADINHA,44050632,-12.2327338,-38.9621763,343,Sem acessibilidade,2026-09-28 08:42:00,303318616283554388929033
UE2015 (Anterior),FEIRA DE SANTANA,154,103,1764414,COLÉGIO ESTADUAL YEDA BARRADAS CARNEIRO (ESCOLA PROF FRANCY BARBOSA),"PRAÇA DO CONJUNTO CENTENARIO, S/N - ZONA URBANA",QUEIMADINHA,44050632,-12.2327338,-38.9621763,337,Sem acessibilidade,2026-09-28 08:51:00,868974282139131180540981
UE2015 (Anterior),FEIRA DE SANTANA,154,104,1766312,COLÉGIO ESTADUAL YEDA BARRADAS CARNEIRO (ESCOLA PROF FRANCY BARBOSA),"PRAÇA DO CONJUNTO CENTENARIO, S/N - ZONA URBANA",QUEIMADINHA,44050632,-12.2327338,-38.9621763,342,Com acessibilidade,2026-09-28 09:01:00,879075401540804512363278
UE2015 (Anterior),FEIRA DE SANTANA,154,105,1765073,COLÉGIO ESTADUAL YEDA BARRADAS CARNEIRO (ESCOLA PROF FRANCY BARBOSA),"PRAÇA DO CONJUNTO CENTENARIO, S/N - ZONA URBANA",QUEIMADINHA,44050632,-12.2327338,-38.9621763,345,Com acessibilidade,2026-09-28 09:11:00,909378546343920629098804
UE2015 (Anterior),FEIRA DE SANTANA,154,106,1768786,COLÉGIO ESTADUAL YEDA BARRADAS CARNEIRO (ESCOLA PROF FRANCY BARBOSA),"PRAÇA DO CONJUNTO CENTENARIO, S/N - ZONA URBANA",QUEIMADINHA,44050632,-12.2327338,-38.9621763,348,Sem acessibilidade,2026-09-28 09:20:00,899277647642930312990654
UE2015 (Anterior),FEIRA DE SANTANA,154,107,1770079,ESCOLA MUNICIPAL DOUTOR CLOVIS RAMOS LIMA,RUA ARCO VERDE - ZONA URBANA,PARQUE IPÊ,44054560,-12.2182063,-38.9603018,340,Com acessibilidade,2026-09-28 08:42:00,485136344194730838956478
UE2015 (Anterior),FEIRA DE SANTANA,154,108,1780157,ESCOLA MUNICIPAL DOUTOR CLOVIS RAMOS LIMA,RUA ARCO VERDE - ZONA URBANA,PARQUE IPÊ,44054560,-12.2182063,-38.9603018,338,Com acessibilidade,2026-09-28 08:51:00,535641502499803426733564
UE2015 (Anterior),FEIRA DE SANTANA,154,109,1794586,ESCOLA MUNICIPAL DOUTOR CLOVIS RAMOS LIMA,RUA ARCO VERDE - ZONA URBANA,PARQUE IPÊ,44054560,-12.2182063,-38.9603018,338,Com acessibilidade,2026-09-28 09:01:00,414429491187342599340436
UE2015 (Anterior),FEIRA DE SANTANA,154,110,1763252,ESCOLA MUNICIPAL DOUTOR CLOVIS RAMOS LIMA,RUA ARCO VERDE - ZONA URBANA,PARQUE IPÊ,44054560,-12.2182063,-38.9603018,339,Com acessibilidade,2026-09-28 09:11:00,131601295159158767544795
UE2015 (Anterior),FEIRA DE SANTANA,154,111,1767353,ESCOLA MUNICIPAL DOUTOR CLOVIS RAMOS LIMA,RUA ARCO VERDE - ZONA URBANA,PARQUE IPÊ,44054560,-12.2182063,-38.9603018,338,Com acessibilidade,2026-09-28 09:20:00,677055945713717893238928
UE2015 (Anterior),FEIRA DE SANTANA,154,112,1836889,ESCOLA MUNICIPAL DOUTOR CLOVIS RAMOS LIMA,RUA ARCO VERDE - ZONA URBANA,PARQUE IPÊ,44054560,-12.2182063,-38.9603018,337,Com acessibilidade,2026-09-28 09:30:00,535641913099668120210697
UE2015 (Anterior),FEIRA DE SANTANA,154,113,1765063,ESCOLA MUNICIPAL DOUTOR CLOVIS RAMOS LIMA,RUA ARCO VERDE - ZONA URBANA,PARQUE IPÊ,44054560,-12.2182063,-38.9603018,340,Com acessibilidade,2026-09-28 09:39:00,788166274024546886201651
UE2015 (Anterior),FEIRA DE SANTANA,154,114,1753291,COLÉGIO ESTADUAL GOVERNADOR LUIZ VIANA FILHO,"RUA DOIS, S/N - ZONA URBANA",CIDADE NOVA,44053768,-12.2239852,-38.9609441,406,Com acessibilidade,2026-09-28 10:38:00,646752242679414614434864
UE2015 (Anterior),FEIRA DE SANTANA,154,115,1781246,COLÉGIO ESTADUAL GOVERNADOR LUIZ VIANA FILHO,"RUA DOIS, S/N - ZONA URBANA",CIDADE NOVA,44053768,-12.2239852,-38.9609441,402,Com acessibilidade,2026-09-28 10:47:00,828570534997618091492498
UE2015 (Anterior),FEIRA DE SANTANA,154,116,1833785,COLÉGIO ESTADUAL GOVERNADOR LUIZ VIANA FILHO,"RUA DOIS, S/N - ZONA URBANA",CIDADE NOVA,44053768,-12.2239852,-38.9609441,407,Com acessibilidade,2026-09-28 10:58:00,868974689301810873930133
UE2015 (Anterior),FEIRA DE SANTANA,154,117,1788765,COLÉGIO ESTADUAL GOVERNADOR LUIZ VIANA FILHO,"RUA DOIS, S/N - ZONA URBANA",CIDADE NOVA,44053768,-12.2239852,-38.9609441,408,Com acessibilidade,2026-09-28 11:08:00,757863685390362967797424
UE2015 (Anterior),FEIRA DE SANTANA,154,118,1765059,COLÉGIO ESTADUAL GOVERNADOR LUIZ VIANA FILHO,"RUA DOIS, S/N - ZONA URBANA",CIDADE NOVA,44053768,-12.2239852,-38.9609441,407,Com acessibilidade,2026-09-28 11:19:00,151803192030922898568928
UE2015 (Anterior),FEIRA DE SANTANA,154,119,1770889,COLÉGIO ESTADUAL GOVERNADOR LUIZ VIANA FILHO,"RUA DOIS, S/N - ZONA URBANA",CIDADE NOVA,44053768,-12.2239852,-38.9609441,408,Com acessibilidade,2026-09-28 11:27:00,464934610661187220439296
UE2015 (Anterior),FEIRA DE SANTANA,154,120,1765769,COLÉGIO ESTADUAL GOVERNADOR LUIZ VIANA FILHO,"RUA DOIS, S/N - ZONA URBANA",CIDADE NOVA,44053768,-12.2239852,-38.9609441,402,Com acessibilidade,2026-09-28 11:37:00,889176115303692035880352
UE2015 (Anterior),FEIRA DE SANTANA,154,121,1775648,COLÉGIO ESTADUAL GOVERNADOR LUIZ VIANA FILHO,"RUA DOIS, S/N - ZONA URBANA",CIDADE NOVA,44053768,-12.2239852,-38.9609441,405,Com acessibilidade,2026-09-28 11:46:00,596247939774422947780225
UE2015 (Anterior),FEIRA DE SANTANA,154,122,1775133,COLÉGIO ESTADUAL GOVERNADOR LUIZ VIANA FILHO,"RUA DOIS, S/N - ZONA URBANA",CIDADE NOVA,44053768,-12.2239852,-38.9609441,404,Com acessibilidade,2026-09-28 11:55:00,656853101280503899058639
UE2015 (Anterior),FEIRA DE SANTANA,154,123,1810068,COLÉGIO ESTADUAL GOVERNADOR LUIZ VIANA FILHO,"RUA DOIS, S/N - ZONA URBANA",CIDADE NOVA,44053768,-12.2239852,-38.9609441,406,Com acessibilidade,2026-09-28 12:04:00,545742106869984896401359
UE2015 (Anterior),FEIRA DE SANTANA,154,124,1769180,COLÉGIO ESTADUAL GOVERNADOR LUIZ VIANA FILHO,"RUA DOIS, S/N - ZONA URBANA",CIDADE NOVA,44053768,-12.2239852,-38.9609441,406,Com acessibilidade,2026-09-28 12:14:00,212409882136749285590474
UE2015 (Anterior),FEIRA DE SANTANA,154,125,1767111,COLÉGIO ESTADUAL GOVERNADOR LUIZ VIANA FILHO,"RUA DOIS, S/N - ZONA URBANA",CIDADE NOVA,44053768,-12.2239852,-38.9609441,406,Com acessibilidade,2026-09-28 12:24:00,687156468283305462822767
UE2015 (Anterior),FEIRA DE SANTANA,154,126,1766015,COLÉGIO ESTADUAL GOVERNADOR LUIZ VIANA FILHO,"RUA DOIS, S/N - ZONA URBANA",CIDADE NOVA,44053768,-12.2239852,-38.9609441,402,Com acessibilidade,2026-09-28 12:34:00,737661620788449843240922
UE2015 (Anterior),FEIRA DE SANTANA,154,127,1768703,COLÉGIO ESTADUAL GOVERNADOR LUIZ VIANA FILHO,"RUA DOIS, S/N - ZONA URBANA",CIDADE NOVA,44053768,-12.2239852,-38.9609441,403,Com acessibilidade,2026-09-28 12:44:00,374025370952171754999328
UE2015 (Anterior),FEIRA DE SANTANA,154,128,1766392,COLÉGIO ESTADUAL GOVERNADOR LUIZ VIANA FILHO,"RUA DOIS, S/N - ZONA URBANA",CIDADE NOVA,44053768,-12.2239852,-38.9609441,401,Com acessibilidade,2026-09-28 12:55:00,879075980302839429850229
UE2015 (Anterior),FEIRA DE SANTANA,154,129,1765719,ESCOLA MUNICIPAL DOUTOR DEMÓSTHENES ÁLVARO DE BRITO,"RUA IBIAPINA, S/N - ZONA URBANA",MANGABEIRA,44057530,-12.2163174,-38.938074,396,Com acessibilidade,2026-09-28 10:08:00,677055897713176055238739
UE2015 (Anterior),FEIRA DE SANTANA,154,130,1757349,ESCOLA MUNICIPAL DOUTOR DEMÓSTHENES ÁLVARO DE BRITO,"RUA IBIAPINA, S/N - ZONA URBANA",MANGABEIRA,44057530,-12.2163174,-38.938074,397,Com acessibilidade,2026-09-28 10:17:00,666954968812181491374214
UE2015 (Anterior),FEIRA DE SANTANA,154,131,1765373,ESCOLA MUNICIPAL DOUTOR DEMÓSTHENES ÁLVARO DE BRITO,"RUA IBIAPINA, S/N - ZONA URBANA",MANGABEIRA,44057530,-12.2163174,-38.938074,393,Com acessibilidade,2026-09-28 10:27:00,788166197224394415494830
UE2015 (Anterior),FEIRA DE SANTANA,154,132,1841707,ESCOLA MUNICIPAL DOUTOR DEMÓSTHENES ÁLVARO DE BRITO,"RUA IBIAPINA, S/N - ZONA URBANA",MANGABEIRA,44057530,-12.2163174,-38.938074,398,Com acessibilidade,2026-09-28 10:36:00,363924886682997607668995
UE2015 (Anterior),FEIRA DE SANTANA,154,133,1765032,ESCOLA MUNICIPAL DOUTOR DEMÓSTHENES ÁLVARO DE BRITO,"RUA IBIAPINA, S/N - ZONA URBANA",MANGABEIRA,44057530,-12.2163174,-38.938074,395,Com acessibilidade,2026-09-28 10:46:00,10489642147734071333110
UE2015 (Anterior),FEIRA DE SANTANA,154,134,1834261,ESCOLA MUNICIPAL MONSENHOR MÁRIO PESSOA,"RUA BRITO, 100 - ZONA URBANA",CIDADE NOVA,44053334,-12.2300005,-38.9615342,391,Com acessibilidade,2026-09-28 14:03:00,20590762517610571395517
UE2015 (Anterior),FEIRA DE SANTANA,154,135,1824861,ESCOLA MUNICIPAL MONSENHOR MÁRIO PESSOA,"RUA BRITO, 100 - ZONA URBANA",CIDADE NOVA,44053334,-12.2300005,-38.9615342,392,Com acessibilidade,2026-09-28 14:14:00,788166633293539782821327
UE2015 (Anterior),FEIRA DE SANTANA,154,136,1775001,ESCOLA MUNICIPAL MONSENHOR MÁRIO PESSOA,"RUA BRITO, 100 - ZONA URBANA",CIDADE NOVA,44053334,-12.2300005,-38.9615342,394,Com acessibilidade,2026-09-28 14:22:00,313419272046016083629949
UE2015 (Anterior),FEIRA DE SANTANA,154,137,1751433,ESCOLA MUNICIPAL MONSENHOR MÁRIO PESSOA,"RUA BRITO, 100 - ZONA URBANA",CIDADE NOVA,44053334,-12.2300005,-38.9615342,393,Com acessibilidade,2026-09-28 14:32:00,161904232631952433717435
UE2015 (Anterior),FEIRA DE SANTANA,154,138,1782315,ESCOLA MUNICIPAL MONSENHOR MÁRIO PESSOA,"RUA BRITO, 100 - ZONA URBANA",CIDADE NOVA,44053334,-12.2300005,-38.9615342,389,Com acessibilidade,2026-09-28 14:41:00,232611416438044588513768
UE2015 (Anterior),FEIRA DE SANTANA,154,139,1764681,ESCOLA MUNICIPAL MONSENHOR MÁRIO PESSOA,"RUA BRITO, 100 - ZONA URBANA",CIDADE NOVA,44053334,-12.2300005,-38.9615342,392,Com acessibilidade,2026-09-28 14:50:00,929580219107759394042942
UE2015 (Anterior),FEIRA DE SANTANA,154,140,1766891,ESCOLA MUNICIPAL MONSENHOR MÁRIO PESSOA,"RUA BRITO, 100 - ZONA URBANA",CIDADE NOVA,44053334,-12.2300005,-38.9615342,391,Com acessibilidade,2026-09-28 15:00:00,798267162194281504218538
UE2015 (Anterior),FEIRA DE SANTANA,154,141,1768381,ESCOLA MUNICIPAL MONSENHOR MÁRIO PESSOA,"RUA BRITO, 100 - ZONA URBANA",CIDADE NOVA,44053334,-12.2300005,-38.9615342,392,Com acessibilidade,2026-09-28 15:09:00,970085451112098299224250
UE2015 (Anterior),FEIRA DE SANTANA,154,142,1767037,ESCOLA MUNICIPAL DOUTOR CELSO RIBEIRO DALTRO,"PRAÇA CATARINO BRITO DOS SANTOS, SN - ZONA URBANA",QUEIMADINHA,44050732,-12.2380445,-38.9570399,289,Com acessibilidade,2026-09-28 15:14:00,616449204414478646053430
UE2015 (Anterior),FEIRA DE SANTANA,154,143,1768176,ESCOLA MUNICIPAL DOUTOR CELSO RIBEIRO DALTRO,"PRAÇA CATARINO BRITO DOS SANTOS, SN - ZONA URBANA",QUEIMADINHA,44050732,-12.2380445,-38.9570399,289,Com acessibilidade,2026-09-28 15:24:00,505338208403455450625584
UE2015 (Anterior),FEIRA DE SANTANA,154,144,1764840,ESCOLA MUNICIPAL DOUTOR CELSO RIBEIRO DALTRO,"PRAÇA CATARINO BRITO DOS SANTOS, SN - ZONA URBANA",QUEIMADINHA,44050732,-12.2380445,-38.9570399,286,Com acessibilidade,2026-09-28 15:34:00,949782755447984917702848
UE2015 (Anterior),FEIRA DE SANTANA,154,145,1767233,ESCOLA MUNICIPAL DOUTOR CELSO RIBEIRO DALTRO,"PRAÇA CATARINO BRITO DOS SANTOS, SN - ZONA URBANA",QUEIMADINHA,44050732,-12.2380445,-38.9570399,291,Com acessibilidade,2026-09-28 15:44:00,990287916052129680717414
UE2015 (Anterior),FEIRA DE SANTANA,154,146,1769399,ESCOLA MUNICIPAL DOUTOR CELSO RIBEIRO DALTRO,"PRAÇA CATARINO BRITO DOS SANTOS, SN - ZONA URBANA",QUEIMADINHA,44050732,-12.2380445,-38.9570399,288,Com acessibilidade,2026-09-28 15:53:00,444732475097596248847277
UE2015 (Anterior),FEIRA DE SANTANA,154,147,1769496,ESCOLA EDELVIRA D'OLIVEIRA,"RUA RIO GRANDE DO NORTE, 76 - ZONA URBANA",QUEIMADINHA,44050422,-12.2403998,-38.9572754,370,Com acessibilidade,2026-09-28 10:05:00,687156825421971179287070
UE2015 (Anterior),FEIRA DE SANTANA,154,148,1766157,ESCOLA EDELVIRA D'OLIVEIRA,"RUA RIO GRANDE DO NORTE, 76 - ZONA URBANA",QUEIMADINHA,44050422,-12.2403998,-38.9572754,367,Com acessibilidade,2026-09-28 10:15:00,353823603888739695500786
UE2015 (Anterior),FEIRA DE SANTANA,154,149,1762837,ESCOLA EDELVIRA D'OLIVEIRA,"RUA RIO GRANDE DO NORTE, 76 - ZONA URBANA",QUEIMADINHA,44050422,-12.2403998,-38.9572754,367,Sem acessibilidade,2026-09-28 10:24:00,576045935110976442923724
UE2015 (Anterior),FEIRA DE SANTANA,154,150,1766195,ESCOLA EDELVIRA D'OLIVEIRA,"RUA RIO GRANDE DO NORTE, 76 - ZONA URBANA",QUEIMADINHA,44050422,-12.2403998,-38.9572754,367,Sem acessibilidade,2026-09-28 10:33:00,545742988307963642959938
UE2015 (Anterior),FEIRA DE SANTANA,154,151,1792453,ESCOLA EDELVIRA D'OLIVEIRA,"RUA RIO GRANDE DO NORTE, 76 - ZONA URBANA",QUEIMADINHA,44050422,-12.2403998,-38.9572754,367,Sem acessibilidade,2026-09-28 10:42:00,949782497947383932257017
UE2015 (Anterior),FEIRA DE SANTANA,154,152,1842113,ESCOLA EDELVIRA D'OLIVEIRA,"RUA RIO GRANDE DO NORTE, 76 - ZONA URBANA",QUEIMADINHA,44050422,-12.2403998,-38.9572754,364,Sem acessibilidade,2026-09-28 10:52:00,666954323819196923429968
UE2015 (Anterior),FEIRA DE SANTANA,154,153,1767379,ESCOLA EDELVIRA D'OLIVEIRA,"RUA RIO GRANDE DO NORTE, 76 - ZONA URBANA",QUEIMADINHA,44050422,-12.2403998,-38.9572754,366,Sem acessibilidade,2026-09-28 11:01:00,394227160592515622184473
UE2015 (Anterior),FEIRA DE SANTANA,154,154,1763393,ESCOLA EDELVIRA D'OLIVEIRA,"RUA RIO GRANDE DO NORTE, 76 - ZONA URBANA",QUEIMADINHA,44050422,-12.2403998,-38.9572754,366,Sem acessibilidade,2026-09-28 11:10:00,606348485813740964828785
UE2015 (Anterior),FEIRA DE SANTANA,154,155,1753481,ESCOLA EDELVIRA D'OLIVEIRA,"RUA RIO GRANDE DO NORTE, 76 - ZONA URBANA",QUEIMADINHA,44050422,-12.2403998,-38.9572754,365,Sem acessibilidade,2026-09-28 11:20:00,828570814735055973082826
UE2015 (Anterior),FEIRA DE SANTANA,154,156,1767275,ESCOLA EDELVIRA D'OLIVEIRA,"RUA RIO GRANDE DO NORTE, 76 - ZONA URBANA",QUEIMADINHA,44050422,-12.2403998,-38.9572754,364,Sem acessibilidade,2026-09-28 11:30:00,929580021545240859575984
UE2015 (Anterior),FEIRA DE SANTANA,154,157,1787093,ESCOLA MUNICIPAL ESTER DA SILVA SANTANA,"RUA TUPINAMBÁS, S/N - ZONA URBANA",MANGABEIRA,44056080,-12.2238975,-38.9442803,420,Com acessibilidade,2026-09-28 13:03:00,808368011514288277523080
UE2015 (Anterior),FEIRA DE SANTANA,154,158,1766580,ESCOLA MUNICIPAL ESTER DA SILVA SANTANA,"RUA TUPINAMBÁS, S/N - ZONA URBANA",MANGABEIRA,44056080,-12.2238975,-38.9442803,418,Com acessibilidade,2026-09-28 13:13:00,889176208922456915601022
UE2015 (Anterior),FEIRA DE SANTANA,154,159,1761975,ESCOLA MUNICIPAL ESTER DA SILVA SANTANA,"RUA TUPINAMBÁS, S/N - ZONA URBANA",MANGABEIRA,44056080,-12.2238975,-38.9442803,417,Com acessibilidade,2026-09-28 13:23:00,606348037894263569361613
UE2015 (Anterior),FEIRA DE SANTANA,154,160,1765980,ESCOLA MUNICIPAL ESTER DA SILVA SANTANA,"RUA TUPINAMBÁS, S/N - ZONA URBANA",MANGABEIRA,44056080,-12.2238975,-38.9442803,418,Com acessibilidade,2026-09-28 13:32:00,889176390822568890827931
UE2015 (Anterior),FEIRA DE SANTANA,154,161,1751158,ESCOLA MUNICIPAL ESTER DA SILVA SANTANA,"RUA TUPINAMBÁS, S/N - ZONA URBANA",MANGABEIRA,44056080,-12.2238975,-38.9442803,418,Com acessibilidade,2026-09-28 13:43:00,717459332705552397805345
UE2015 (Anterior),FEIRA DE SANTANA,154,162,1826575,COLÉGIO ESTADUAL HILDA CARNEIRO,"RUA D, S/N ,  CONJUNTO FEIRA V - ZONA URBANA",MANGABEIRA,44056194,-12.2295045,-38.9505938,398,Com acessibilidade,2026-09-28 14:04:00,60994790440722074060075
UE2015 (Anterior),FEIRA DE SANTANA,154,163,1766444,COLÉGIO ESTADUAL HILDA CARNEIRO,"RUA D, S/N ,  CONJUNTO FEIRA V - ZONA URBANA",MANGABEIRA,44056194,-12.2295045,-38.9505938,403,Sem acessibilidade,2026-09-28 14:14:00,616449454795362764776778
UE2015 (Anterior),FEIRA DE SANTANA,154,164,1838849,COLÉGIO ESTADUAL HILDA CARNEIRO,"RUA D, S/N ,  CONJUNTO FEIRA V - ZONA URBANA",MANGABEIRA,44056194,-12.2295045,-38.9505938,396,Com acessibilidade,2026-09-28 14:24:00,454833409679294614676301
UE2015 (Anterior),FEIRA DE SANTANA,154,165,1765306,COLÉGIO ESTADUAL HILDA CARNEIRO,"RUA D, S/N ,  CONJUNTO FEIRA V - ZONA URBANA",MANGABEIRA,44056194,-12.2295045,-38.9505938,406,Com acessibilidade,2026-09-28 14:33:00,697257751303554597266865
UE2015 (Anterior),FEIRA DE SANTANA,154,166,1766672,COLÉGIO ESTADUAL HILDA CARNEIRO,"RUA D, S/N ,  CONJUNTO FEIRA V - ZONA URBANA",MANGABEIRA,44056194,-12.2295045,-38.9505938,408,Com acessibilidade,2026-09-28 14:43:00,919479080625860492143840
UE2015 (Anterior),FEIRA DE SANTANA,154,167,1782074,COLÉGIO ESTADUAL IMACULADA CONCEIÇÃO,"RUA CALAMAR, S/N - ZONA URBANA",CONCEIÇÃO,44065104,-12.2339172,-38.9385376,414,Com acessibilidade,2026-09-28 11:14:00,161904449362582829796697
UE2015 (Anterior),FEIRA DE SANTANA,154,168,1755973,COLÉGIO ESTADUAL IMACULADA CONCEIÇÃO,"RUA CALAMAR, S/N - ZONA URBANA",CONCEIÇÃO,44065104,-12.2339172,-38.9385376,403,Com acessibilidade,2026-09-28 11:24:00,384126776384897316751519
UE2015 (Anterior),FEIRA DE SANTANA,154,169,1764854,COLÉGIO ESTADUAL IMACULADA CONCEIÇÃO,"RUA CALAMAR, S/N - ZONA URBANA",CONCEIÇÃO,44065104,-12.2339172,-38.9385376,403,Com acessibilidade,2026-09-28 11:33:00,525540025998052328030552
UE2015 (Anterior),FEIRA DE SANTANA,154,170,1750904,COLÉGIO ESTADUAL IMACULADA CONCEIÇÃO,"RUA CALAMAR, S/N - ZONA URBANA",CONCEIÇÃO,44065104,-12.2339172,-38.9385376,401,Com acessibilidade,2026-09-28 11:43:00,283116864074909437413786
UE2015 (Anterior),FEIRA DE SANTANA,154,171,1779609,COLÉGIO ESTADUAL IMACULADA CONCEIÇÃO,"RUA CALAMAR, S/N - ZONA URBANA",CONCEIÇÃO,44065104,-12.2339172,-38.9385376,405,Com acessibilidade,2026-09-28 11:52:00,101398794956742302903210
UE2015 (Anterior),FEIRA DE SANTANA,154,172,1762322,COLÉGIO ESTADUAL IMACULADA CONCEIÇÃO,"RUA CALAMAR, S/N - ZONA URBANA",CONCEIÇÃO,44065104,-12.2339172,-38.9385376,404,Com acessibilidade,2026-09-28 12:02:00,394227194285696667669764
UE2015 (Anterior),FEIRA DE SANTANA,154,186,1766066,ESCOLA MUNICIPAL ESTER DA SILVA SANTANA,"RUA TUPINAMBÁS, S/N - ZONA URBANA",MANGABEIRA,44056080,-12.2238975,-38.9442803,413,Com acessibilidade,2026-09-28 13:53:00,464934774480390811499170
UE2015 (Anterior),FEIRA DE SANTANA,154,189,1768675,ESCOLA MUNICIPAL DOUTOR CLOVIS RAMOS LIMA,RUA ARCO VERDE - ZONA URBANA,PARQUE IPÊ,44054560,-12.2182063,-38.9603018,340,Com acessibilidade,2026-09-28 09:49:00,798267433925648979799980
UE2015 (Anterior),FEIRA DE SANTANA,154,190,1767422,ESCOLA MUNICIPAL ELISABETH JOHNSON,"RUA DA LIBERDADE, S/N, BARAÚNAS",BARAÚNA,44091100,-12.2394399,-38.9698973,386,Com acessibilidade,2026-09-28 09:40:00,970085695212194569515265
UE2015 (Anterior),FEIRA DE SANTANA,154,191,1767844,COLÉGIO ESTADUAL IMACULADA CONCEIÇÃO,"RUA CALAMAR, S/N - ZONA URBANA",CONCEIÇÃO,44065104,-12.2339172,-38.9385376,408,Sem acessibilidade,2026-09-28 12:12:00,414429246487800138048010
UE2015 (Anterior),FEIRA DE SANTANA,154,192,1767206,ESCOLA MUNICIPAL DIVA MATOS PORTELA,RUA ESPLANADA - ZONA URBANA,JARDIM CRUZEIRO,44024138,-12.246076,-38.9818484,406,Com acessibilidade,2026-09-28 17:06:00,505338440534637299963148
UE2015 (Anterior),FEIRA DE SANTANA,154,193,1769279,CENTRO INTEGRADO ASSIS CHATEUBRIAND,"RUA ARIVALDO DE CARVALHO, S/N - ZONA URBANA",SOBRADINHO,44021225,-12.2357658,-38.9758122,372,Com acessibilidade,2026-09-28 14:46:00,71095128491235591775533
UE2015 (Anterior),FEIRA DE SANTANA,154,198,1764892,COLÉGIO ESTADUAL IMACULADA CONCEIÇÃO,"RUA CALAMAR, S/N - ZONA URBANA",CONCEIÇÃO,44065104,-12.2339172,-38.9385376,410,Sem acessibilidade,2026-09-28 12:23:00,242712845770791860173594
UE2015 (Anterior),FEIRA DE SANTANA,154,199,1765135,ESCOLA MUNICIPAL DOUTOR CLOVIS RAMOS LIMA,RUA ARCO VERDE - ZONA URBANA,PARQUE IPÊ,44054560,-12.2182063,-38.9603018,341,Com acessibilidade,2026-09-28 09:58:00,757863462921622114097255
UE2015 (Anterior),FEIRA DE SANTANA,154,200,1781912,ESCOLA EDELVIRA D'OLIVEIRA,"RUA RIO GRANDE DO NORTE, 76 - ZONA URBANA",QUEIMADINHA,44050422,-12.2403998,-38.9572754,367,Sem acessibilidade,2026-09-28 11:39:00,636651811016582037464036
UE2015 (Anterior),FEIRA DE SANTANA,154,201,1791106,CENTRO INTEGRADO ASSIS CHATEUBRIAND,"RUA ARIVALDO DE CARVALHO, S/N - ZONA URBANA",SOBRADINHO,44021225,-12.2357658,-38.9758122,375,Com acessibilidade,2026-09-28 14:55:00,970085262481156805022629
UE2015 (Anterior),FEIRA DE SANTANA,154,202,1766225,COLÉGIO ESTADUAL HILDA CARNEIRO,"RUA D, S/N ,  CONJUNTO FEIRA V - ZONA URBANA",MANGABEIRA,44056194,-12.2295045,-38.9505938,401,Com acessibilidade,2026-09-28 14:53:00,485136880782522906291565
UE2015 (Anterior),FEIRA DE SANTANA,154,204,1767622,COLÉGIO ESTADUAL GOVERNADOR LUIZ VIANA FILHO,"RUA DOIS, S/N - ZONA URBANA",CIDADE NOVA,44053768,-12.2239852,-38.9609441,408,Com acessibilidade,2026-09-28 13:05:00,545742162369168667386998
UE2015 (Anterior),FEIRA DE SANTANA,154,205,1752597,ESCOLA MUNICIPAL DOUTOR DEMÓSTHENES ÁLVARO DE BRITO,"RUA IBIAPINA, S/N - ZONA URBANA",MANGABEIRA,44057530,-12.2163174,-38.938074,395,Com acessibilidade,2026-09-28 10:55:00,40792773250789920361971
UE2015 (Anterior),FEIRA DE SANTANA,154,206,1752578,COLÉGIO ESTADUAL YEDA BARRADAS CARNEIRO (ESCOLA PROF FRANCY BARBOSA),"PRAÇA DO CONJUNTO CENTENARIO, S/N - ZONA URBANA",QUEIMADINHA,44050632,-12.2327338,-38.9621763,330,Sem acessibilidade,2026-09-28 09:30:00,969984801149095859539719
UE2015 (Anterior),FEIRA DE SANTANA,154,208,1762426,ESCOLA MUNICIPAL DIVA MATOS PORTELA,RUA ESPLANADA - ZONA URBANA,JARDIM CRUZEIRO,44024138,-12.246076,-38.9818484,405,Com acessibilidade,2026-09-28 17:16:00,343722408018565388357368
UE2015 (Anterior),FEIRA DE SANTANA,154,209,1767589,COLÉGIO ESTADUAL GOVERNADOR LUIZ VIANA FILHO,"RUA DOIS, S/N - ZONA URBANA",CIDADE NOVA,44053768,-12.2239852,-38.9609441,407,Com acessibilidade,2026-09-28 13:14:00,889176057903524192571505
UE2015 (Anterior),FEIRA DE SANTANA,154,210,1765031,ESCOLA MUNICIPAL ELISABETH JOHNSON,"RUA DA LIBERDADE, S/N, BARAÚNAS",BARAÚNA,44091100,-12.2394399,-38.9698973,385,Com acessibilidade,2026-09-28 09:50:00,798267049094104438385517
UE2015 (Anterior),FEIRA DE SANTANA,154,211,1766265,ESCOLA MUNICIPAL DOUTOR DEMÓSTHENES ÁLVARO DE BRITO,"RUA IBIAPINA, S/N - ZONA URBANA",MANGABEIRA,44057530,-12.2163174,-38.938074,397,Com acessibilidade,2026-09-28 11:05:00,666954026912064337795959
UE2015 (Anterior),FEIRA DE SANTANA,154,212,1753141,ESCOLA MUNICIPAL DOUTOR CELSO RIBEIRO DALTRO,"PRAÇA CATARINO BRITO DOS SANTOS, SN - ZONA URBANA",QUEIMADINHA,44050732,-12.2380445,-38.9570399,292,Com acessibilidade,2026-09-28 16:03:00,808368278033610605055293
UE2015 (Anterior),FEIRA DE SANTANA,154,215,1766415,CENTRO INTEGRADO ASSIS CHATEUBRIAND,"RUA ARIVALDO DE CARVALHO, S/N - ZONA URBANA",SOBRADINHO,44021225,-12.2357658,-38.9758122,360,Com acessibilidade,2026-09-28 15:06:00,353823159719262213535314
UE2015 (Anterior),FEIRA DE SANTANA,154,216,1769753,COLÉGIO ESTADUAL GOVERNADOR LUIZ VIANA FILHO,"RUA DOIS, S/N - ZONA URBANA",CIDADE NOVA,44053768,-12.2239852,-38.9609441,401,Com acessibilidade,2026-09-28 13:25:00,626550539877420538468068
UE2015 (Anterior),FEIRA DE SANTANA,154,217,1765152,COLÉGIO ESTADUAL DE TEMPO INTEGRAL TEOTÔNIO VILELA,"RUA O, CJ JOÃO PAULO II, S/N - ZONA URBANA",MANGABEIRA,44056568,-12.2170374,-38.9497877,416,Com acessibilidade,2026-09-28 15:10:00,616449631095192436748142
UE2015 (Anterior),FEIRA DE SANTANA,154,219,1769799,COLÉGIO ESTADUAL DE TEMPO INTEGRAL TEOTÔNIO VILELA,"RUA O, CJ JOÃO PAULO II, S/N - ZONA URBANA",MANGABEIRA,44056568,-12.2170374,-38.9497877,411,Com acessibilidade,2026-09-28 15:20:00,899277132323560161449444
UE2015 (Anterior),FEIRA DE SANTANA,154,221,1764961,ESCOLA MUNICIPAL DIVA MATOS PORTELA,RUA ESPLANADA - ZONA URBANA,JARDIM CRUZEIRO,44024138,-12.246076,-38.9818484,404,Com acessibilidade,2026-09-28 17:26:00,333621763117648039741129
UE2015 (Anterior),FEIRA DE SANTANA,154,223,1765136,ESCOLA MUNICIPAL ELISABETH JOHNSON,"RUA DA LIBERDADE, S/N, BARAÚNAS",BARAÚNA,44091100,-12.2394399,-38.9698973,382,Com acessibilidade,2026-09-28 10:00:00,515439161466457458753736
UE2015 (Anterior),FEIRA DE SANTANA,154,224,1838338,COLÉGIO ESTADUAL DE TEMPO INTEGRAL TEOTÔNIO VILELA,"RUA O, CJ JOÃO PAULO II, S/N - ZONA URBANA",MANGABEIRA,44056568,-12.2170374,-38.9497877,414,Com acessibilidade,2026-09-28 15:30:00,757863517109516364734629
UE2015 (Anterior),FEIRA DE SANTANA,154,225,1768678,CENTRO INTEGRADO ASSIS CHATEUBRIAND,"RUA ARIVALDO DE CARVALHO, S/N - ZONA URBANA",SOBRADINHO,44021225,-12.2357658,-38.9758122,376,Com acessibilidade,2026-09-28 15:15:00,293217161613221765769606
UE2015 (Anterior),FEIRA DE SANTANA,154,226,1779336,COLÉGIO ESTADUAL DE TEMPO INTEGRAL TEOTÔNIO VILELA,"RUA O, CJ JOÃO PAULO II, S/N - ZONA URBANA",MANGABEIRA,44056568,-12.2170374,-38.9497877,416,Com acessibilidade,2026-09-28 15:40:00,616449598595469247857340
UE2015 (Anterior),FEIRA DE SANTANA,154,227,1766280,COLÉGIO ESTADUAL DE TEMPO INTEGRAL TEOTÔNIO VILELA,"RUA O, CJ JOÃO PAULO II, S/N - ZONA URBANA",MANGABEIRA,44056568,-12.2170374,-38.9497877,414,Com acessibilidade,2026-09-28 15:49:00,969984057630447678698965
UE2015 (Anterior),FEIRA DE SANTANA,154,228,1762480,COLÉGIO ESTADUAL YEDA BARRADAS CARNEIRO (ESCOLA PROF FRANCY BARBOSA),"PRAÇA DO CONJUNTO CENTENARIO, S/N - ZONA URBANA",QUEIMADINHA,44050632,-12.2327338,-38.9621763,342,Sem acessibilidade,2026-09-28 09:40:00,889176084641108212614331
UE2015 (Anterior),FEIRA DE SANTANA,154,232,1765955,ESCOLA MUNICIPAL PADRE GIOVANNI CIRESOLA,"RUA CARLOS ALBERTO, 514 - ZONA URBANA",CIDADE NOVA,44053274,-12.2214503,-38.9576023,397,Sem acessibilidade,2026-09-28 11:49:00,576045188910615011155471
UE2015 (Anterior),FEIRA DE SANTANA,154,233,1751297,COLÉGIO ESTADUAL DE TEMPO INTEGRAL TEOTÔNIO VILELA,"RUA O, CJ JOÃO PAULO II, S/N - ZONA URBANA",MANGABEIRA,44056568,-12.2170374,-38.9497877,412,Com acessibilidade,2026-09-28 16:00:00,747762467208349099374834
UE2015 (Anterior),FEIRA DE SANTANA,154,234,1755997,ESCOLA MUNICIPAL COMENDADOR JONATHAS TELLES DE CARVALHO,"RUA DA PENHA, S/N - ZONA URBANA",CONCEIÇÃO,44066126,-12.228379,-38.9340434,420,Com acessibilidade,2026-09-28 08:41:00,747762575764927941342004
UE2015 (Anterior),FEIRA DE SANTANA,154,235,1767665,CENTRO INTEGRADO ASSIS CHATEUBRIAND,"RUA ARIVALDO DE CARVALHO, S/N - ZONA URBANA",SOBRADINHO,44021225,-12.2357658,-38.9758122,345,Com acessibilidade,2026-09-28 15:27:00,101398045094269924539016
UE2015 (Anterior),FEIRA DE SANTANA,154,236,1768817,CIEM PROFESSOR JOSELITO FALCÃO DE AMORIM,"RUA CORONEL ÁLVARO SIMÕES, S/N - ZONA URBANA",CENTRO,44001104,-12.2494583,-38.9613754,357,Com acessibilidade,2026-09-28 11:43:00,980186032432609062003935
UE2015 (Anterior),FEIRA DE SANTANA,154,238,1836489,COLÉGIO ESTADUAL DE TEMPO INTEGRAL TEOTÔNIO VILELA,"RUA O, CJ JOÃO PAULO II, S/N - ZONA URBANA",MANGABEIRA,44056568,-12.2170374,-38.9497877,416,Com acessibilidade,2026-09-28 16:10:00,111499386045808116810358
UE2015 (Anterior),FEIRA DE SANTANA,154,239,1760341,ESCOLA MUNICIPAL COMENDADOR JONATHAS TELLES DE CARVALHO,"RUA DA PENHA, S/N - ZONA URBANA",CONCEIÇÃO,44066126,-12.228379,-38.9340434,415,Com acessibilidade,2026-09-28 08:51:00,60994440496339674715057
UE2015 (Anterior),FEIRA DE SANTANA,154,240,1807155,CENTRO INTEGRADO ASSIS CHATEUBRIAND,"RUA ARIVALDO DE CARVALHO, S/N - ZONA URBANA",SOBRADINHO,44021225,-12.2357658,-38.9758122,374,Sem acessibilidade,2026-09-28 15:36:00,172005635201356229428644
UE2015 (Anterior),FEIRA DE SANTANA,154,241,1751852,ESCOLA MUNICIPAL ELISABETH JOHNSON,"RUA DA LIBERDADE, S/N, BARAÚNAS",BARAÚNA,44091100,-12.2394399,-38.9698973,385,Com acessibilidade,2026-09-28 10:09:00,81196655923650148441598
UE2015 (Anterior),FEIRA DE SANTANA,154,242,1767878,ESCOLA MUNICIPAL PADRE GIOVANNI CIRESOLA,"RUA CARLOS ALBERTO, 514 - ZONA URBANA",CIDADE NOVA,44053274,-12.2214503,-38.9576023,402,Com acessibilidade,2026-09-28 11:59:00,242712921677375542397856
UE2015 (Anterior),FEIRA DE SANTANA,154,243,1769744,COLÉGIO ESTADUAL DE TEMPO INTEGRAL TEOTÔNIO VILELA,"RUA O, CJ JOÃO PAULO II, S/N - ZONA URBANA",MANGABEIRA,44056568,-12.2170374,-38.9497877,410,Sem acessibilidade,2026-09-28 16:28:00,879075662121213268835172
UE2015 (Anterior),FEIRA DE SANTANA,154,244,1769305,CENTRO INTEGRADO ASSIS CHATEUBRIAND,"RUA ARIVALDO DE CARVALHO, S/N - ZONA URBANA",SOBRADINHO,44021225,-12.2357658,-38.9758122,351,Com acessibilidade,2026-09-28 15:46:00,434631331427706338477815
UE2015 (Anterior),FEIRA DE SANTANA,154,245,1838218,ESCOLA MUNICIPAL COMENDADOR JONATHAS TELLES DE CARVALHO,"RUA DA PENHA, S/N - ZONA URBANA",CONCEIÇÃO,44066126,-12.228379,-38.9340434,420,Com acessibilidade,2026-09-28 09:00:00,414429420831277460841633
UE2015 (Anterior),FEIRA DE SANTANA,154,248,1757748,CIEM PROFESSOR JOSELITO FALCÃO DE AMORIM,"RUA CORONEL ÁLVARO SIMÕES, S/N - ZONA URBANA",CENTRO,44001104,-12.2494583,-38.9613754,349,Com acessibilidade,2026-09-28 11:53:00,596247930093300072838855
UE2015 (Anterior),FEIRA DE SANTANA,154,249,1765570,COLÉGIO ESTADUAL DE TEMPO INTEGRAL TEOTÔNIO VILELA,"RUA O, CJ JOÃO PAULO II, S/N - ZONA URBANA",MANGABEIRA,44056568,-12.2170374,-38.9497877,408,Com acessibilidade,2026-09-28 16:37:00,717459165205076660843375
UE2015 (Anterior),FEIRA DE SANTANA,154,250,1764481,ESCOLA MUNICIPAL PADRE GIOVANNI CIRESOLA,"RUA CARLOS ALBERTO, 514 - ZONA URBANA",CIDADE NOVA,44053274,-12.2214503,-38.9576023,400,Com acessibilidade,2026-09-28 12:08:00,424530952795148182922429
UE2015 (Anterior),FEIRA DE SANTANA,154,251,1776870,ESCOLA MUNICIPAL COMENDADOR JONATHAS TELLES DE CARVALHO,"RUA DA PENHA, S/N - ZONA URBANA",CONCEIÇÃO,44066126,-12.228379,-38.9340434,416,Com acessibilidade,2026-09-28 09:09:00,838671470573321059568708
UE2015 (Anterior),FEIRA DE SANTANA,154,252,1765940,COLÉGIO ESTADUAL YEDA BARRADAS CARNEIRO (ESCOLA PROF FRANCY BARBOSA),"PRAÇA DO CONJUNTO CENTENARIO, S/N - ZONA URBANA",QUEIMADINHA,44050632,-12.2327338,-38.9621763,330,Com acessibilidade,2026-09-28 09:49:00,586146333411436302599407
UE2015 (Anterior),FEIRA DE SANTANA,154,253,1767525,COLÉGIO ESTADUAL DE TEMPO INTEGRAL TEOTÔNIO VILELA,"RUA O, CJ JOÃO PAULO II, S/N - ZONA URBANA",MANGABEIRA,44056568,-12.2170374,-38.9497877,415,Sem acessibilidade,2026-09-28 16:47:00,707358565904157908476546
UE2015 (Anterior),FEIRA DE SANTANA,154,254,1765200,ESCOLA MUNICIPAL PADRE GIOVANNI CIRESOLA,"RUA CARLOS ALBERTO, 514 - ZONA URBANA",CIDADE NOVA,44053274,-12.2214503,-38.9576023,398,Sem acessibilidade,2026-09-28 12:18:00,656853624818462054084441
UE2015 (Anterior),FEIRA DE SANTANA,154,255,1767179,CIEM PROFESSOR JOSELITO FALCÃO DE AMORIM,"RUA CORONEL ÁLVARO SIMÕES, S/N - ZONA URBANA",CENTRO,44001104,-12.2494583,-38.9613754,352,Com acessibilidade,2026-09-28 12:02:00,363924448870668048682008
UE2015 (Anterior),FEIRA DE SANTANA,154,256,1848327,ESCOLA MUNICIPAL COMENDADOR JONATHAS TELLES DE CARVALHO,"RUA DA PENHA, S/N - ZONA URBANA",CONCEIÇÃO,44066126,-12.228379,-38.9340434,422,Com acessibilidade,2026-09-28 09:19:00,515439703841099242764893
UE2015 (Anterior),FEIRA DE SANTANA,154,257,1758360,COLÉGIO ESTADUAL DE TEMPO INTEGRAL TEOTÔNIO VILELA,"RUA O, CJ JOÃO PAULO II, S/N - ZONA URBANA",MANGABEIRA,44056568,-12.2170374,-38.9497877,416,Com acessibilidade,2026-09-28 16:58:00,30691337537644757083920
UE2015 (Anterior),FEIRA DE SANTANA,154,258,1765932,CENTRO INTEGRADO ASSIS CHATEUBRIAND,"RUA ARIVALDO DE CARVALHO, S/N - ZONA URBANA",SOBRADINHO,44021225,-12.2357658,-38.9758122,374,Sem acessibilidade,2026-09-28 15:56:00,565944973940925070365888
UE2015 (Anterior),FEIRA DE SANTANA,154,259,1825739,ESCOLA MUNICIPAL COMENDADOR JONATHAS TELLES DE CARVALHO,"RUA DA PENHA, S/N - ZONA URBANA",CONCEIÇÃO,44066126,-12.228379,-38.9340434,415,Com acessibilidade,2026-09-28 09:28:00,596247115449196090907192
UE2015 (Anterior),FEIRA DE SANTANA,154,260,1767086,ESCOLA MUNICIPAL PADRE GIOVANNI CIRESOLA,"RUA CARLOS ALBERTO, 514 - ZONA URBANA",CIDADE NOVA,44053274,-12.2214503,-38.9576023,398,Sem acessibilidade,2026-09-28 12:27:00,121500724165953106194911
UE2015 (Anterior),FEIRA DE SANTANA,154,261,1765228,CIEM PROFESSOR JOSELITO FALCÃO DE AMORIM,"RUA CORONEL ÁLVARO SIMÕES, S/N - ZONA URBANA",CENTRO,44001104,-12.2494583,-38.9613754,355,Com acessibilidade,2026-09-28 12:12:00,454833162279848381711648
UE2015 (Anterior),FEIRA DE SANTANA,154,262,1767358,COLÉGIO ESTADUAL DE TEMPO INTEGRAL TEOTÔNIO VILELA,"RUA O, CJ JOÃO PAULO II, S/N - ZONA URBANA",MANGABEIRA,44056568,-12.2170374,-38.9497877,415,Com acessibilidade,2026-09-28 17:08:00,798267611413060563354253
UE2015 (Anterior),FEIRA DE SANTANA,154,263,1787661,ESCOLA MUNICIPAL COMENDADOR JONATHAS TELLES DE CARVALHO,"RUA DA PENHA, S/N - ZONA URBANA",CONCEIÇÃO,44066126,-12.228379,-38.9340434,422,Com acessibilidade,2026-09-28 09:38:00,990287922589683881433143
UE2015 (Anterior),FEIRA DE SANTANA,154,264,1766829,ESCOLA MUNICIPAL ELISABETH JOHNSON,"RUA DA LIBERDADE, S/N, BARAÚNAS",BARAÚNA,44091100,-12.2394399,-38.9698973,383,Com acessibilidade,2026-09-28 10:20:00,454833498260572516408905
UE2015 (Anterior),FEIRA DE SANTANA,154,265,1810554,ESCOLA MUNICIPAL PADRE GIOVANNI CIRESOLA,"RUA CARLOS ALBERTO, 514 - ZONA URBANA",CIDADE NOVA,44053274,-12.2214503,-38.9576023,398,Sem acessibilidade,2026-09-28 12:37:00,252813402778179873342929
UE2015 (Anterior),FEIRA DE SANTANA,154,266,1767348,COLÉGIO ESTADUAL DE TEMPO INTEGRAL TEOTÔNIO VILELA,"RUA O, CJ JOÃO PAULO II, S/N - ZONA URBANA",MANGABEIRA,44056568,-12.2170374,-38.9497877,414,Com acessibilidade,2026-09-28 17:18:00,363924626070721241776394
UE2015 (Anterior),FEIRA DE SANTANA,154,267,1762997,CIEM PROFESSOR JOSELITO FALCÃO DE AMORIM,"RUA CORONEL ÁLVARO SIMÕES, S/N - ZONA URBANA",CENTRO,44001104,-12.2494583,-38.9613754,350,Com acessibilidade,2026-09-28 12:22:00,889176255522367174741854
UE2015 (Anterior),FEIRA DE SANTANA,154,268,1758665,ESCOLA MUNICIPAL COMENDADOR JONATHAS TELLES DE CARVALHO,"RUA DA PENHA, S/N - ZONA URBANA",CONCEIÇÃO,44066126,-12.228379,-38.9340434,414,Com acessibilidade,2026-09-28 09:47:00,788166261668494260844135
UE2015 (Anterior),FEIRA DE SANTANA,154,269,1768152,ESCOLA MUNICIPAL DOUTOR CELSO RIBEIRO DALTRO,"PRAÇA CATARINO BRITO DOS SANTOS, SN - ZONA URBANA",QUEIMADINHA,44050732,-12.2380445,-38.9570399,292,Com acessibilidade,2026-09-28 16:12:00,101398698663933985447153
UE2015 (Anterior),FEIRA DE SANTANA,154,270,1754402,CENTRO INTEGRADO ASSIS CHATEUBRIAND,"RUA ARIVALDO DE CARVALHO, S/N - ZONA URBANA",SOBRADINHO,44021225,-12.2357658,-38.9758122,254,Sem acessibilidade,2026-09-28 16:06:00,879075548271890475624899
UE2015 (Anterior),FEIRA DE SANTANA,154,271,1765305,COLÉGIO ESTADUAL DE TEMPO INTEGRAL TEOTÔNIO VILELA,"RUA O, CJ JOÃO PAULO II, S/N - ZONA URBANA",MANGABEIRA,44056568,-12.2170374,-38.9497877,417,Com acessibilidade,2026-09-28 17:27:00,414429197675796253893034
UE2015 (Anterior),FEIRA DE SANTANA,154,272,1771158,ESCOLA MUNICIPAL PADRE GIOVANNI CIRESOLA,"RUA CARLOS ALBERTO, 514 - ZONA URBANA",CIDADE NOVA,44053274,-12.2214503,-38.9576023,399,Sem acessibilidade,2026-09-28 12:47:00,697257584722707354521116
UE2015 (Anterior),FEIRA DE SANTANA,154,273,1830882,ESCOLA MUNICIPAL COMENDADOR JONATHAS TELLES DE CARVALHO,"RUA DA PENHA, S/N - ZONA URBANA",CONCEIÇÃO,44066126,-12.228379,-38.9340434,414,Com acessibilidade,2026-09-28 09:57:00,363924369626161171628844
UE2015 (Anterior),FEIRA DE SANTANA,154,274,1766792,CIEM PROFESSOR JOSELITO FALCÃO DE AMORIM,"RUA CORONEL ÁLVARO SIMÕES, S/N - ZONA URBANA",CENTRO,44001104,-12.2494583,-38.9613754,328,Com acessibilidade,2026-09-28 12:33:00,424530538676061354328669
UE2015 (Anterior),FEIRA DE SANTANA,154,277,1753541,ESCOLA MUNICIPAL PROFESSORA JULIETA FRUTUOSO DE ARAÚJO,"TRAVESSA LUCIO CERQUEIRA, S/N, SEDE - ZONA RURAL",DISTRITO DE TIQUARUÇU,44140000,-12.078668,-38.9037096,356,Com acessibilidade,2026-09-28 10:35:00,394227836729953857517833
UE2015 (Anterior),FEIRA DE SANTANA,154,279,1793544,ESCOLA MUNICIPAL PROFESSORA JULIETA FRUTUOSO DE ARAÚJO,"TRAVESSA LUCIO CERQUEIRA, S/N, SEDE - ZONA RURAL",DISTRITO DE TIQUARUÇU,44140000,-12.078668,-38.9037096,362,Com acessibilidade,2026-09-28 10:44:00,939681599283510931253576
UE2015 (Anterior),FEIRA DE SANTANA,154,281,1835896,ESCOLA MUNICIPAL PROFESSORA JULIETA FRUTUOSO DE ARAÚJO,"TRAVESSA LUCIO CERQUEIRA, S/N, SEDE - ZONA RURAL",DISTRITO DE TIQUARUÇU,44140000,-12.078668,-38.9037096,360,Com acessibilidade,2026-09-28 10:54:00,475035329937140166951675
UE2015 (Anterior),FEIRA DE SANTANA,154,283,1766720,ESCOLA SÃO JOÃO DA ESCÓCIA,"AVENIDA MARIA QUITÉRIA , 2836 - ZONA URBANA",QUEIMADINHA,44050368,-12.2430736,-38.9543895,384,Com acessibilidade,2026-09-28 13:27:00,81196155761023426325091
UE2015 (Anterior),FEIRA DE SANTANA,154,284,1766926,ESCOLA SÃO JOÃO DA ESCÓCIA,"AVENIDA MARIA QUITÉRIA , 2836 - ZONA URBANA",QUEIMADINHA,44050368,-12.2430736,-38.9543895,388,Com acessibilidade,2026-09-28 13:36:00,388181753960427359776
UE2015 (Anterior),FEIRA DE SANTANA,154,285,1768773,ESCOLA SÃO JOÃO DA ESCÓCIA,"AVENIDA MARIA QUITÉRIA , 2836 - ZONA URBANA",QUEIMADINHA,44050368,-12.2430736,-38.9543895,386,Com acessibilidade,2026-09-28 13:45:00,485136779701462396462717
UE2015 (Anterior),FEIRA DE SANTANA,154,286,1767321,ESCOLA SÃO JOÃO DA ESCÓCIA,"AVENIDA MARIA QUITÉRIA , 2836 - ZONA URBANA",QUEIMADINHA,44050368,-12.2430736,-38.9543895,377,Com acessibilidade,2026-09-28 13:56:00,747762141327881479261596
UE2015 (Anterior),FEIRA DE SANTANA,154,287,1794890,ESCOLA SÃO JOÃO DA ESCÓCIA,"AVENIDA MARIA QUITÉRIA , 2836 - ZONA URBANA",QUEIMADINHA,44050368,-12.2430736,-38.9543895,390,Com acessibilidade,2026-09-28 14:06:00,10489524954814408561051
UE2015 (Anterior),FEIRA DE SANTANA,154,288,1765108,ESCOLA SÃO JOÃO DA ESCÓCIA,"AVENIDA MARIA QUITÉRIA , 2836 - ZONA URBANA",QUEIMADINHA,44050368,-12.2430736,-38.9543895,387,Com acessibilidade,2026-09-28 14:15:00,899277513742719810359420
UE2015 (Anterior),FEIRA DE SANTANA,154,289,1765631,ESCOLA SÃO JOÃO DA ESCÓCIA,"AVENIDA MARIA QUITÉRIA , 2836 - ZONA URBANA",QUEIMADINHA,44050368,-12.2430736,-38.9543895,386,Com acessibilidade,2026-09-28 14:25:00,697257422222603140805805
UE2015 (Anterior),FEIRA DE SANTANA,154,290,1767250,ESCOLA SÃO JOÃO DA ESCÓCIA,"AVENIDA MARIA QUITÉRIA , 2836 - ZONA URBANA",QUEIMADINHA,44050368,-12.2430736,-38.9543895,380,Com acessibilidade,2026-09-28 14:35:00,101398916663106170569842
UE2015 (Anterior),FEIRA DE SANTANA,154,291,1765927,ESCOLA SÃO JOÃO DA ESCÓCIA,"AVENIDA MARIA QUITÉRIA , 2836 - ZONA URBANA",QUEIMADINHA,44050368,-12.2430736,-38.9543895,388,Com acessibilidade,2026-09-28 14:44:00,262914184379284110464998
UE2015 (Anterior),FEIRA DE SANTANA,154,292,1767125,ESCOLA SÃO JOÃO DA ESCÓCIA,"AVENIDA MARIA QUITÉRIA , 2836 - ZONA URBANA",QUEIMADINHA,44050368,-12.2430736,-38.9543895,389,Com acessibilidade,2026-09-28 14:53:00,788166813931820479683169
UE2015 (Anterior),FEIRA DE SANTANA,154,293,1757561,ESCOLA MUNICIPAL ANDRÉ CUSTÓDIO FERREIRA,PRAÇA DO POVOADO SOCORRO - ZONA RURAL,DISTRITO DE TIQUARUÇU,44140000,-12.0640424,-38.9220743,384,Com acessibilidade,2026-09-28 11:22:00,71095219397443831854788
UE2015 (Anterior),FEIRA DE SANTANA,154,294,1764015,ESCOLA MUNICIPAL ANDRÉ CUSTÓDIO FERREIRA,PRAÇA DO POVOADO SOCORRO - ZONA RURAL,DISTRITO DE TIQUARUÇU,44140000,-12.0640424,-38.9220743,384,Com acessibilidade,2026-09-28 11:31:00,626550877852017023709376
UE2015 (Anterior),FEIRA DE SANTANA,154,295,1768737,ESCOLA MUNICIPAL PROFESSORA JULIETA FRUTUOSO DE ARAÚJO,"TRAVESSA LUCIO CERQUEIRA, S/N, SEDE - ZONA RURAL",DISTRITO DE TIQUARUÇU,44140000,-12.078668,-38.9037096,152,Com acessibilidade,2026-09-28 11:03:00,899277253079157748091528
UE2015 (Anterior),FEIRA DE SANTANA,154,297,1765591,ESCOLA MUNICIPAL PROFESSORA JULIETA FRUTUOSO DE ARAÚJO,"TRAVESSA LUCIO CERQUEIRA, S/N, SEDE - ZONA RURAL",DISTRITO DE TIQUARUÇU,44140000,-12.078668,-38.9037096,153,Com acessibilidade,2026-09-28 11:13:00,515439096341862811021864
UE2015 (Anterior),FEIRA DE SANTANA,154,299,1779037,ESCOLA MUNICIPAL GODOFREDO COUTINHO PEREIRA,"BR 116 NORTE, S/N - POVOADO SÃO CRISTÓVÃO - ZONA RURAL",DISTRITO DE TIQUARUÇU,44140000,-12.0857897,-38.9630036,393,Com acessibilidade,2026-09-28 11:41:00,232611033513716587769633
UE2015 (Anterior),FEIRA DE SANTANA,154,300,1765083,ESCOLA MUNICIPAL GODOFREDO COUTINHO PEREIRA,"BR 116 NORTE, S/N - POVOADO SÃO CRISTÓVÃO - ZONA RURAL",DISTRITO DE TIQUARUÇU,44140000,-12.0857897,-38.9630036,394,Sem acessibilidade,2026-09-28 11:50:00,444732712834940165966071
UE2015 (Anterior),FEIRA DE SANTANA,154,301,1765261,ESCOLA MUNICIPAL GODOFREDO COUTINHO PEREIRA,"BR 116 NORTE, S/N - POVOADO SÃO CRISTÓVÃO - ZONA RURAL",DISTRITO DE TIQUARUÇU,44140000,-12.0857897,-38.9630036,394,Com acessibilidade,2026-09-28 12:00:00,969984345486120811960386
UE2015 (Anterior),FEIRA DE SANTANA,154,302,1769605,ESCOLA MUNICIPAL MARIA AMÁLIA MARTINS DALTRO COELHO,POVOADO MANTIBA - ZONA RURAL,DISTRITO DE JAÍBA,44115000,-12.1841275,-38.9183855,342,Com acessibilidade,2026-09-28 12:18:00,879075367977685928424343
UE2015 (Anterior),FEIRA DE SANTANA,154,303,1750263,ESCOLA MUNICIPAL MARIA AMÁLIA MARTINS DALTRO COELHO,POVOADO MANTIBA - ZONA RURAL,DISTRITO DE JAÍBA,44115000,-12.1841275,-38.9183855,341,Com acessibilidade,2026-09-28 12:28:00,828570420272724247482586
UE2015 (Anterior),FEIRA DE SANTANA,154,304,1765983,ESCOLA MUNICIPAL MARIA AMÁLIA MARTINS DALTRO COELHO,POVOADO MANTIBA - ZONA RURAL,DISTRITO DE JAÍBA,44115000,-12.1841275,-38.9183855,343,Com acessibilidade,2026-09-28 12:37:00,909378613780824800868802
UE2015 (Anterior),FEIRA DE SANTANA,154,305,1762417,ESCOLA MUNICIPAL ANÍZIO PEREIRA BERNARDES,"AVENIDA ANÍZIO PEREIRA BERNARDES, S/N - ZONA RURAL",DISTRITO DE MATINHA,44110000,-12.146102,-38.9286201,278,Com acessibilidade,2026-09-28 12:47:00,576045390147585408380928
UE2015 (Anterior),FEIRA DE SANTANA,154,306,1772394,ESCOLA MUNICIPAL ANÍZIO PEREIRA BERNARDES,"AVENIDA ANÍZIO PEREIRA BERNARDES, S/N - ZONA RURAL",DISTRITO DE MATINHA,44110000,-12.146102,-38.9286201,289,Com acessibilidade,2026-09-28 12:56:00,60994991596093041918179
UE2015 (Anterior),FEIRA DE SANTANA,154,307,1764920,ESCOLA MUNICIPAL ANÍZIO PEREIRA BERNARDES,"AVENIDA ANÍZIO PEREIRA BERNARDES, S/N - ZONA RURAL",DISTRITO DE MATINHA,44110000,-12.146102,-38.9286201,273,Sem acessibilidade,2026-09-28 13:05:00,30691074893655203828964
UE2015 (Anterior),FEIRA DE SANTANA,154,308,1769447,ESCOLA MUNICIPAL ANÍZIO PEREIRA BERNARDES,"AVENIDA ANÍZIO PEREIRA BERNARDES, S/N - ZONA RURAL",DISTRITO DE MATINHA,44110000,-12.146102,-38.9286201,291,Sem acessibilidade,2026-09-28 13:15:00,434631588333140460040149
UE2015 (Anterior),FEIRA DE SANTANA,154,309,1763561,ESCOLA MUNICIPAL JOAQUIM PEREIRA DOS SANTOS,"POVOADO CANDEAL II, SN - DISTRITO DE MATINHA - ZONA RURAL",DISTRITO DE MATINHA,44110000,-12.1616058,-38.9228726,374,Com acessibilidade,2026-09-28 13:33:00,697257953059443991395407
UE2015 (Anterior),FEIRA DE SANTANA,154,310,1825643,ESCOLA MUNICIPAL JOAQUIM PEREIRA DOS SANTOS,"POVOADO CANDEAL II, SN - DISTRITO DE MATINHA - ZONA RURAL",DISTRITO DE MATINHA,44110000,-12.1616058,-38.9228726,374,Com acessibilidade,2026-09-28 13:42:00,576045910247348273298847
UE2015 (Anterior),FEIRA DE SANTANA,154,311,1756102,ESCOLA MUNICIPAL CRISPINIANO FERREIRA DA SILVA,POVOADO OLHOS D'ÁGUA DAS MOÇAS - DISTRITO DE MATINHA - ZONA RURAL,DISTRITO DE MATINHA,44110000,-12.1396339,-38.9428646,371,Com acessibilidade,2026-09-28 14:01:00,444732893634899311545802
UE2015 (Anterior),FEIRA DE SANTANA,154,312,1762783,ESCOLA MUNICIPAL CRISPINIANO FERREIRA DA SILVA,POVOADO OLHOS D'ÁGUA DAS MOÇAS - DISTRITO DE MATINHA - ZONA RURAL,DISTRITO DE MATINHA,44110000,-12.1396339,-38.9428646,374,Com acessibilidade,2026-09-28 14:11:00,677055237357211298841377
UE2015 (Anterior),FEIRA DE SANTANA,154,313,1780722,ESCOLA MUNICIPAL CRISPINIANO FERREIRA DA SILVA,POVOADO OLHOS D'ÁGUA DAS MOÇAS - DISTRITO DE MATINHA - ZONA RURAL,DISTRITO DE MATINHA,44110000,-12.1396339,-38.9428646,381,Com acessibilidade,2026-09-28 14:20:00,10489683691578668764557
UE2015 (Anterior),FEIRA DE SANTANA,154,314,1765676,ESCOLA MUNICIPAL ROSA MARIA ESPERIDIÃO LEITE,"AVENIDA ANÍZIO PEREIRA BERNARDES, S/N - ZONA RURAL",DISTRITO DE MATINHA,44110000,-12.1462297,-38.9293203,383,Com acessibilidade,2026-09-28 14:40:00,374025157927115142090265
UE2015 (Anterior),FEIRA DE SANTANA,154,315,1765278,ESCOLA MUNICIPAL ROSA MARIA ESPERIDIÃO LEITE,"AVENIDA ANÍZIO PEREIRA BERNARDES, S/N - ZONA RURAL",DISTRITO DE MATINHA,44110000,-12.1462297,-38.9293203,381,Com acessibilidade,2026-09-28 14:49:00,262914155816637012291882
UE2015 (Anterior),FEIRA DE SANTANA,154,316,1765951,ESCOLA MUNICIPAL ROSA MARIA ESPERIDIÃO LEITE,"AVENIDA ANÍZIO PEREIRA BERNARDES, S/N - ZONA RURAL",DISTRITO DE MATINHA,44110000,-12.1462297,-38.9293203,381,Com acessibilidade,2026-09-28 14:58:00,293217292519688878828170
UE2015 (Anterior),FEIRA DE SANTANA,154,317,1766426,ESCOLA MUNICIPAL ROSA MARIA ESPERIDIÃO LEITE,"AVENIDA ANÍZIO PEREIRA BERNARDES, S/N - ZONA RURAL",DISTRITO DE MATINHA,44110000,-12.1462297,-38.9293203,379,Com acessibilidade,2026-09-28 15:08:00,798267906169842419626293
UE2015 (Anterior),FEIRA DE SANTANA,154,318,1767376,ESCOLA MUNICIPAL ROSA MARIA ESPERIDIÃO LEITE,"AVENIDA ANÍZIO PEREIRA BERNARDES, S/N - ZONA RURAL",DISTRITO DE MATINHA,44110000,-12.1462297,-38.9293203,381,Com acessibilidade,2026-09-28 15:17:00,363924587526435396165782
UE2015 (Anterior),FEIRA DE SANTANA,154,319,1766286,ESCOLA MUNICIPAL ROSA MARIA ESPERIDIÃO LEITE,"AVENIDA ANÍZIO PEREIRA BERNARDES, S/N - ZONA RURAL",DISTRITO DE MATINHA,44110000,-12.1462297,-38.9293203,379,Com acessibilidade,2026-09-28 15:27:00,262914596016427081096257
UE2015 (Anterior),FEIRA DE SANTANA,154,320,1766042,ESCOLA MUNICIPAL ROSA MARIA ESPERIDIÃO LEITE,"AVENIDA ANÍZIO PEREIRA BERNARDES, S/N - ZONA RURAL",DISTRITO DE MATINHA,44110000,-12.1462297,-38.9293203,381,Com acessibilidade,2026-09-28 15:37:00,161904575606415223986830
UE2015 (Anterior),FEIRA DE SANTANA,154,321,1771489,ESCOLA MUNICIPAL ROSA MARIA ESPERIDIÃO LEITE,"AVENIDA ANÍZIO PEREIRA BERNARDES, S/N - ZONA RURAL",DISTRITO DE MATINHA,44110000,-12.1462297,-38.9293203,381,Com acessibilidade,2026-09-28 15:47:00,848772362574188069346317
UE2015 (Anterior),FEIRA DE SANTANA,154,322,1770532,COLÉGIO ESTADUAL DE TEMPO INTEGRAL TEOTÔNIO VILELA,"RUA O, CJ JOÃO PAULO II, S/N - ZONA URBANA",MANGABEIRA,44056568,-12.2170374,-38.9497877,417,Com acessibilidade,2026-09-28 17:37:00,959883581629421396977032
UE2015 (Anterior),FEIRA DE SANTANA,154,323,1764338,ESCOLA MUNICIPAL JOAQUIM PEREIRA DOS SANTOS,"POVOADO CANDEAL II, SN - DISTRITO DE MATINHA - ZONA RURAL",DISTRITO DE MATINHA,44110000,-12.1616058,-38.9228726,374,Com acessibilidade,2026-09-28 13:52:00,343722082024201978767126
UE2015 (Anterior),FEIRA DE SANTANA,154,324,1753309,ESCOLA MUNICIPAL PADRE GIOVANNI CIRESOLA,"RUA CARLOS ALBERTO, 514 - ZONA URBANA",CIDADE NOVA,44053274,-12.2214503,-38.9576023,400,Sem acessibilidade,2026-09-28 12:57:00,919479763344012107692159
UE2015 (Anterior),FEIRA DE SANTANA,154,325,1767463,ESCOLA MUNICIPAL COMENDADOR JONATHAS TELLES DE CARVALHO,"RUA DA PENHA, S/N - ZONA URBANA",CONCEIÇÃO,44066126,-12.228379,-38.9340434,414,Com acessibilidade,2026-09-28 10:06:00,353823314325713603784517
UE2015 (Anterior),FEIRA DE SANTANA,154,326,1765203,COLÉGIO ESTADUAL DE TEMPO INTEGRAL TEOTÔNIO VILELA,"RUA O, CJ JOÃO PAULO II, S/N - ZONA URBANA",MANGABEIRA,44056568,-12.2170374,-38.9497877,411,Com acessibilidade,2026-09-28 17:47:00,505338576084063687950869
UE2015 (Anterior),FEIRA DE SANTANA,154,327,1765114,ESCOLA MUNICIPAL PADRE GIOVANNI CIRESOLA,"RUA CARLOS ALBERTO, 514 - ZONA URBANA",CIDADE NOVA,44053274,-12.2214503,-38.9576023,396,Sem acessibilidade,2026-09-28 13:07:00,788166960131543799481698
UE2015 (Anterior),FEIRA DE SANTANA,154,328,1825575,ESCOLA MUNICIPAL COMENDADOR JONATHAS TELLES DE CARVALHO,"RUA DA PENHA, S/N - ZONA URBANA",CONCEIÇÃO,44066126,-12.228379,-38.9340434,413,Com acessibilidade,2026-09-28 10:16:00,868974157576310266745867
UE2015 (Anterior),FEIRA DE SANTANA,154,329,1768937,COLÉGIO ESTADUAL DE TEMPO INTEGRAL TEOTÔNIO VILELA,"RUA O, CJ JOÃO PAULO II, S/N - ZONA URBANA",MANGABEIRA,44056568,-12.2170374,-38.9497877,411,Sem acessibilidade,2026-09-28 17:57:00,879075274221523560007395
UE2015 (Anterior),FEIRA DE SANTANA,154,330,1765706,CIEM PROFESSOR JOSELITO FALCÃO DE AMORIM,"RUA CORONEL ÁLVARO SIMÕES, S/N - ZONA URBANA",CENTRO,44001104,-12.2494583,-38.9613754,328,Com acessibilidade,2026-09-28 12:43:00,60994547840793378584441
UE2015 (Anterior),FEIRA DE SANTANA,154,331,1765945,ESCOLA MUNICIPAL COMENDADOR JONATHAS TELLES DE CARVALHO,"RUA DA PENHA, S/N - ZONA URBANA",CONCEIÇÃO,44066126,-12.228379,-38.9340434,415,Com acessibilidade,2026-09-28 10:25:00,121500713302595599207343
UE2015 (Anterior),FEIRA DE SANTANA,154,332,1766302,ESCOLA MUNICIPAL ELISABETH JOHNSON,"RUA DA LIBERDADE, S/N, BARAÚNAS",BARAÚNA,44091100,-12.2394399,-38.9698973,382,Sem acessibilidade,2026-09-28 10:30:00,464934166361672706913287
UE2015 (Anterior),FEIRA DE SANTANA,154,333,1752628,CIEM PROFESSOR JOSELITO FALCÃO DE AMORIM,"RUA CORONEL ÁLVARO SIMÕES, S/N - ZONA URBANA",CENTRO,44001104,-12.2494583,-38.9613754,332,Com acessibilidade,2026-09-28 12:53:00,40792857138860557153714
UE2015 (Anterior),FEIRA DE SANTANA,154,334,1761575,ESCOLA MUNICIPAL DOUTOR CELSO RIBEIRO DALTRO,"PRAÇA CATARINO BRITO DOS SANTOS, SN - ZONA URBANA",QUEIMADINHA,44050732,-12.2380445,-38.9570399,291,Com acessibilidade,2026-09-28 16:22:00,202308121073120836047089
UE2015 (Anterior),FEIRA DE SANTANA,154,335,1826251,ESCOLA MUNICIPAL ANTÔNIO GONÇALVES DA SILVA,"RUA TIJUCA, 1355 - ZONA URBANA",PARQUE IPÊ,44054394,-12.2155711,-38.9527618,404,Com acessibilidade,2026-09-28 12:52:00,818469840027561471174802
UE2015 (Anterior),FEIRA DE SANTANA,154,337,1756858,ESCOLA MUNICIPAL THEÓDULO BASTOS DE CARVALHO JUNIOR,"RUA JOSÉ SANDOVAL DO CARMO, SN - ZONA URBANA",MANGABEIRA,44057128,-12.2224819,-38.936077,395,Com acessibilidade,2026-09-28 14:28:00,212409467167332617694002
UE2015 (Anterior),FEIRA DE SANTANA,154,338,1766977,ESCOLA MUNICIPAL DOUTOR CELSO RIBEIRO DALTRO,"PRAÇA CATARINO BRITO DOS SANTOS, SN - ZONA URBANA",QUEIMADINHA,44050732,-12.2380445,-38.9570399,289,Com acessibilidade,2026-09-28 16:32:00,363924721789373302873845
UE2015 (Anterior),FEIRA DE SANTANA,154,339,1767124,ESCOLA MUNICIPAL ANTÔNIO GONÇALVES DA SILVA,"RUA TIJUCA, 1355 - ZONA URBANA",PARQUE IPÊ,44054394,-12.2155711,-38.9527618,409,Com acessibilidade,2026-09-28 13:01:00,616449081307955576898968
UE2015 (Anterior),FEIRA DE SANTANA,154,340,1767506,ESCOLA MUNICIPAL THEÓDULO BASTOS DE CARVALHO JUNIOR,"RUA JOSÉ SANDOVAL DO CARMO, SN - ZONA URBANA",MANGABEIRA,44057128,-12.2224819,-38.936077,396,Com acessibilidade,2026-09-28 14:38:00,333621880979549198754221
UE2015 (Anterior),FEIRA DE SANTANA,154,341,1765697,ESCOLA MUNICIPAL ANTÔNIO GONÇALVES DA SILVA,"RUA TIJUCA, 1355 - ZONA URBANA",PARQUE IPÊ,44054394,-12.2155711,-38.9527618,407,Com acessibilidade,2026-09-28 13:12:00,273015930073772343970566
UE2015 (Anterior),FEIRA DE SANTANA,154,342,1767574,ESCOLA MUNICIPAL THEÓDULO BASTOS DE CARVALHO JUNIOR,"RUA JOSÉ SANDOVAL DO CARMO, SN - ZONA URBANA",MANGABEIRA,44057128,-12.2224819,-38.936077,394,Com acessibilidade,2026-09-28 14:48:00,515439288697819180996727
UE2015 (Anterior),FEIRA DE SANTANA,154,343,1754284,ESCOLA MUNICIPAL THEÓDULO BASTOS DE CARVALHO JUNIOR,"RUA JOSÉ SANDOVAL DO CARMO, SN - ZONA URBANA",MANGABEIRA,44057128,-12.2224819,-38.936077,397,Com acessibilidade,2026-09-28 14:58:00,626550504908013434761776
UE2015 (Anterior),FEIRA DE SANTANA,154,344,1766663,ESCOLA MUNICIPAL ANTÔNIO GONÇALVES DA SILVA,"RUA TIJUCA, 1355 - ZONA URBANA",PARQUE IPÊ,44054394,-12.2155711,-38.9527618,406,Com acessibilidade,2026-09-28 13:22:00,838671829629428786974400
UE2015 (Anterior),FEIRA DE SANTANA,154,345,1765316,ESCOLA MUNICIPAL EMILIANA SOUZA OLIVEIRA,"RUA MANTENÓPOLIS, SN - ZONA URBANA",CONCEIÇÃO,44065578,-12.2399828,-38.935557,414,Com acessibilidade,2026-09-28 16:06:00,717459812617733762118012
UE2015 (Anterior),FEIRA DE SANTANA,154,346,1769193,CSU - CENTRO SOCIAL URBANO,"RUA TOSTÃO, SN - ZONA URBANA",CIDADE NOVA,44053438,-12.2253869,-38.9639439,398,Com acessibilidade,2026-09-28 15:19:00,646752850279855289384105
UE2015 (Anterior),FEIRA DE SANTANA,154,347,1756455,ESCOLA MUNICIPAL THEÓDULO BASTOS DE CARVALHO JUNIOR,"RUA JOSÉ SANDOVAL DO CARMO, SN - ZONA URBANA",MANGABEIRA,44057128,-12.2224819,-38.936077,397,Com acessibilidade,2026-09-28 15:07:00,161904481162147422835785
UE2015 (Anterior),FEIRA DE SANTANA,154,348,1791655,ESCOLA MUNICIPAL EMILIANA SOUZA OLIVEIRA,"RUA MANTENÓPOLIS, SN - ZONA URBANA",CONCEIÇÃO,44065578,-12.2399828,-38.935557,408,Com acessibilidade,2026-09-28 16:16:00,495237925795603098193263
UE2015 (Anterior),FEIRA DE SANTANA,154,349,1765242,ESCOLA MUNICIPAL ANTÔNIO GONÇALVES DA SILVA,"RUA TIJUCA, 1355 - ZONA URBANA",PARQUE IPÊ,44054394,-12.2155711,-38.9527618,407,Com acessibilidade,2026-09-28 13:32:00,778065312223454474772714
UE2015 (Anterior),FEIRA DE SANTANA,154,350,1769190,ESCOLA MUNICIPAL GODOFREDO COUTINHO PEREIRA,"BR 116 NORTE, S/N - POVOADO SÃO CRISTÓVÃO - ZONA RURAL",DISTRITO DE TIQUARUÇU,44140000,-12.0857897,-38.9630036,394,Sem acessibilidade,2026-09-28 12:09:00,838671459473620473706405
UE2015 (Anterior),FEIRA DE SANTANA,154,351,1793781,ESCOLA MUNICIPAL THEÓDULO BASTOS DE CARVALHO JUNIOR,"RUA JOSÉ SANDOVAL DO CARMO, SN - ZONA URBANA",MANGABEIRA,44057128,-12.2224819,-38.936077,397,Com acessibilidade,2026-09-28 15:18:00,172005904763318454841674
UE2015 (Anterior),FEIRA DE SANTANA,154,352,1757735,ESCOLA MUNICIPAL ROSA MARIA ESPERIDIÃO LEITE,"AVENIDA ANÍZIO PEREIRA BERNARDES, S/N - ZONA RURAL",DISTRITO DE MATINHA,44110000,-12.1462297,-38.9293203,383,Com acessibilidade,2026-09-28 15:57:00,252813092815683134974997
UE2015 (Anterior),FEIRA DE SANTANA,154,353,1755373,ESCOLA MUNICIPAL EMILIANA SOUZA OLIVEIRA,"RUA MANTENÓPOLIS, SN - ZONA URBANA",CONCEIÇÃO,44065578,-12.2399828,-38.935557,419,Com acessibilidade,2026-09-28 16:25:00,970085928043103949160768
UE2015 (Anterior),FEIRA DE SANTANA,154,354,1750260,ESCOLA MUNICIPAL ANTÔNIO GONÇALVES DA SILVA,"RUA TIJUCA, 1355 - ZONA URBANA",PARQUE IPÊ,44054394,-12.2155711,-38.9527618,405,Com acessibilidade,2026-09-28 14:00:00,717459776417094418914442
UE2015 (Anterior),FEIRA DE SANTANA,154,355,1779683,ESCOLA MUNICIPAL THEÓDULO BASTOS DE CARVALHO JUNIOR,"RUA JOSÉ SANDOVAL DO CARMO, SN - ZONA URBANA",MANGABEIRA,44057128,-12.2224819,-38.936077,394,Com acessibilidade,2026-09-28 15:27:00,495237662295652281322817
UE2015 (Anterior),FEIRA DE SANTANA,154,356,1753755,ESCOLA MUNICIPAL EMILIANA SOUZA OLIVEIRA,"RUA MANTENÓPOLIS, SN - ZONA URBANA",CONCEIÇÃO,44065578,-12.2399828,-38.935557,419,Com acessibilidade,2026-09-28 16:35:00,388288946224691475917
UE2015 (Anterior),FEIRA DE SANTANA,154,357,1765467,ESCOLA MUNICIPAL ANTÔNIO GONÇALVES DA SILVA,"RUA TIJUCA, 1355 - ZONA URBANA",PARQUE IPÊ,44054394,-12.2155711,-38.9527618,409,Com acessibilidade,2026-09-28 14:09:00,747762130020755271675382
UE2015 (Anterior),FEIRA DE SANTANA,154,358,1768749,CSU - CENTRO SOCIAL URBANO,"RUA TOSTÃO, SN - ZONA URBANA",CIDADE NOVA,44053438,-12.2253869,-38.9639439,398,Com acessibilidade,2026-09-28 15:28:00,475035971762708855198149
UE2015 (Anterior),FEIRA DE SANTANA,154,359,1761793,ESCOLA MUNICIPAL EMILIANA SOUZA OLIVEIRA,"RUA MANTENÓPOLIS, SN - ZONA URBANA",CONCEIÇÃO,44065578,-12.2399828,-38.935557,418,Com acessibilidade,2026-09-28 16:45:00,616449226907921809227715
UE2015 (Anterior),FEIRA DE SANTANA,154,360,1762505,ESCOLA MUNICIPAL THEÓDULO BASTOS DE CARVALHO JUNIOR,"RUA JOSÉ SANDOVAL DO CARMO, SN - ZONA URBANA",MANGABEIRA,44057128,-12.2224819,-38.936077,396,Com acessibilidade,2026-09-28 15:37:00,131601823559384236811285
UE2015 (Anterior),FEIRA DE SANTANA,154,361,1841826,ESCOLA MUNICIPAL EMILIANA SOUZA OLIVEIRA,"RUA MANTENÓPOLIS, SN - ZONA URBANA",CONCEIÇÃO,44065578,-12.2399828,-38.935557,414,Com acessibilidade,2026-09-28 16:54:00,161904966662491400778363
UE2015 (Anterior),FEIRA DE SANTANA,154,362,1837975,ESCOLA MUNICIPAL ANTÔNIO GONÇALVES DA SILVA,"RUA TIJUCA, 1355 - ZONA URBANA",PARQUE IPÊ,44054394,-12.2155711,-38.9527618,407,Com acessibilidade,2026-09-28 14:19:00,848772753030945405717743
UE2015 (Anterior),FEIRA DE SANTANA,154,363,1834242,ESCOLA MUNICIPAL THEÓDULO BASTOS DE CARVALHO JUNIOR,"RUA JOSÉ SANDOVAL DO CARMO, SN - ZONA URBANA",MANGABEIRA,44057128,-12.2224819,-38.936077,394,Com acessibilidade,2026-09-28 15:47:00,81196101854428771865040
UE2015 (Anterior),FEIRA DE SANTANA,154,364,1760912,ESCOLA MUNICIPAL EMILIANA SOUZA OLIVEIRA,"RUA MANTENÓPOLIS, SN - ZONA URBANA",CONCEIÇÃO,44065578,-12.2399828,-38.935557,419,Com acessibilidade,2026-09-28 17:04:00,353823485181341359073901
UE2015 (Anterior),FEIRA DE SANTANA,154,365,1765294,CSU - CENTRO SOCIAL URBANO,"RUA TOSTÃO, SN - ZONA URBANA",CIDADE NOVA,44053438,-12.2253869,-38.9639439,400,Com acessibilidade,2026-09-28 15:38:00,565944807471880165200223
UE2015 (Anterior),FEIRA DE SANTANA,154,366,1765375,ESCOLA MUNICIPAL THEÓDULO BASTOS DE CARVALHO JUNIOR,"RUA JOSÉ SANDOVAL DO CARMO, SN - ZONA URBANA",MANGABEIRA,44057128,-12.2224819,-38.936077,397,Com acessibilidade,2026-09-28 15:56:00,394227745185757669081004
UE2015 (Anterior),FEIRA DE SANTANA,154,367,1764222,ESCOLA MUNICIPAL EMILIANA SOUZA OLIVEIRA,"RUA MANTENÓPOLIS, SN - ZONA URBANA",CONCEIÇÃO,44065578,-12.2399828,-38.935557,418,Com acessibilidade,2026-09-28 17:13:00,495237956395501830096112
UE2015 (Anterior),FEIRA DE SANTANA,154,368,1844087,CSU - CENTRO SOCIAL URBANO,"RUA TOSTÃO, SN - ZONA URBANA",CIDADE NOVA,44053438,-12.2253869,-38.9639439,395,Com acessibilidade,2026-09-28 15:47:00,131601700928471933375405
UE2015 (Anterior),FEIRA DE SANTANA,154,369,1766731,ESCOLA MUNICIPAL EMILIANA SOUZA OLIVEIRA,"RUA MANTENÓPOLIS, SN - ZONA URBANA",CONCEIÇÃO,44065578,-12.2399828,-38.935557,419,Com acessibilidade,2026-09-28 17:23:00,101398787956204909248515
UE2015 (Anterior),FEIRA DE SANTANA,154,370,1767330,CSU - CENTRO SOCIAL URBANO,"RUA TOSTÃO, SN - ZONA URBANA",CIDADE NOVA,44053438,-12.2253869,-38.9639439,396,Com acessibilidade,2026-09-28 15:56:00,101398865125466547189970
UE2015 (Anterior),FEIRA DE SANTANA,154,371,1763730,CSU - CENTRO SOCIAL URBANO,"RUA TOSTÃO, SN - ZONA URBANA",CIDADE NOVA,44053438,-12.2253869,-38.9639439,397,Com acessibilidade,2026-09-28 16:06:00,252813125840275075227434
UE2015 (Anterior),FEIRA DE SANTANA,154,372,1767392,ESCOLA MUNICIPAL PADRE GIOVANNI CIRESOLA,"RUA CARLOS ALBERTO, 514 - ZONA URBANA",CIDADE NOVA,44053274,-12.2214503,-38.9576023,394,Sem acessibilidade,2026-09-28 13:17:00,374025356290225335373712
UE2015 (Anterior),FEIRA DE SANTANA,154,373,1793287,FACULDADE CATÓLICA DE FEIRA DE SANTANA,"AVENIDA DOM JACKSON BERENGUER PRADO, S/N - ZONA URBANA",PAPAGAIO,44059850,-12.2001918,-38.9364711,419,Com acessibilidade,2026-09-28 16:06:00,505338599940524774721352
UE2015 (Anterior),FEIRA DE SANTANA,154,374,1767816,ESCOLA MUNICIPAL ANÍZIO PEREIRA BERNARDES,"AVENIDA ANÍZIO PEREIRA BERNARDES, S/N - ZONA RURAL",DISTRITO DE MATINHA,44110000,-12.146102,-38.9286201,269,Sem acessibilidade,2026-09-28 13:24:00,586146786648310767351679
UE2015 (Anterior),FEIRA DE SANTANA,154,375,1767775,CSU - CENTRO SOCIAL URBANO,"RUA TOSTÃO, SN - ZONA URBANA",CIDADE NOVA,44053438,-12.2253869,-38.9639439,400,Com acessibilidade,2026-09-28 16:15:00,414429729956456231175777
UE2015 (Anterior),FEIRA DE SANTANA,154,378,1757279,COLÉGIO ESTADUAL GOVERNADOR LUIZ VIANA FILHO,"RUA DOIS, S/N - ZONA URBANA",CIDADE NOVA,44053768,-12.2239852,-38.9609441,405,Com acessibilidade,2026-09-28 13:35:00,980186624613873695680384
UE2015 (Anterior),FEIRA DE SANTANA,154,379,1764086,COLÉGIO ESTADUAL IMACULADA CONCEIÇÃO,"RUA CALAMAR, S/N - ZONA URBANA",CONCEIÇÃO,44065104,-12.2339172,-38.9385376,395,Sem acessibilidade,2026-09-28 12:33:00,565944315802204732583191
UE2015 (Anterior),FEIRA DE SANTANA,154,380,1763296,FACULDADE CATÓLICA DE FEIRA DE SANTANA,"AVENIDA DOM JACKSON BERENGUER PRADO, S/N - ZONA URBANA",PAPAGAIO,44059850,-12.2001918,-38.9364711,414,Com acessibilidade,2026-09-28 16:15:00,283116114618320587387393
UE2015 (Anterior),FEIRA DE SANTANA,154,381,1766594,COLÉGIO ESTADUAL IMACULADA CONCEIÇÃO,"RUA CALAMAR, S/N - ZONA URBANA",CONCEIÇÃO,44065104,-12.2339172,-38.9385376,408,Sem acessibilidade,2026-09-28 12:42:00,464934409492123997833538
UE2015 (Anterior),FEIRA DE SANTANA,154,382,1767237,COLÉGIO ESTADUAL GOVERNADOR LUIZ VIANA FILHO,"RUA DOIS, S/N - ZONA URBANA",CIDADE NOVA,44053768,-12.2239852,-38.9609441,403,Com acessibilidade,2026-09-28 13:45:00,959883009210934853512142
UE2015 (Anterior),FEIRA DE SANTANA,154,383,1763169,ESCOLA MUNICIPAL CRISPINIANO FERREIRA DA SILVA,POVOADO OLHOS D'ÁGUA DAS MOÇAS - DISTRITO DE MATINHA - ZONA RURAL,DISTRITO DE MATINHA,44110000,-12.1396339,-38.9428646,344,Com acessibilidade,2026-09-28 14:30:00,899277059479548471421991
UE2015 (Anterior),FEIRA DE SANTANA,154,384,1765291,FACULDADE CATÓLICA DE FEIRA DE SANTANA,"AVENIDA DOM JACKSON BERENGUER PRADO, S/N - ZONA URBANA",PAPAGAIO,44059850,-12.2001918,-38.9364711,416,Com acessibilidade,2026-09-28 16:25:00,545742814544679218117071
UE2015 (Anterior),FEIRA DE SANTANA,154,385,1765997,COLÉGIO ESTADUAL GOVERNADOR LUIZ VIANA FILHO,"RUA DOIS, S/N - ZONA URBANA",CIDADE NOVA,44053768,-12.2239852,-38.9609441,402,Com acessibilidade,2026-09-28 13:54:00,879075258102875237420538
UE2015 (Anterior),FEIRA DE SANTANA,154,386,1769194,ESCOLA SÃO JOÃO DA ESCÓCIA,"AVENIDA MARIA QUITÉRIA , 2836 - ZONA URBANA",QUEIMADINHA,44050368,-12.2430736,-38.9543895,261,Com acessibilidade,2026-09-28 15:03:00,414429908894117357844298
UE2015 (Anterior),FEIRA DE SANTANA,154,387,1764132,ESCOLA MUNICIPAL EURIDES FRANCO DE LACERDA,"RUA FREI JOAQUIM, S/N",CONCEIÇÃO,44065738,-12.2327382,-38.937204,397,Sem acessibilidade,2026-09-28 08:51:00,485136086616754928177821
UE2015 (Anterior),FEIRA DE SANTANA,154,388,1765062,FACULDADE CATÓLICA DE FEIRA DE SANTANA,"AVENIDA DOM JACKSON BERENGUER PRADO, S/N - ZONA URBANA",PAPAGAIO,44059850,-12.2001918,-38.9364711,400,Sem acessibilidade,2026-09-28 16:34:00,303318018320459592019921
UE2015 (Anterior),FEIRA DE SANTANA,154,389,1765076,ESCOLA MUNICIPAL DIVA MATOS PORTELA,RUA ESPLANADA - ZONA URBANA,JARDIM CRUZEIRO,44024138,-12.246076,-38.9818484,191,Sem acessibilidade,2026-09-28 17:36:00,828570648266223514446962
UE2015 (Anterior),FEIRA DE SANTANA,154,390,1765653,ESCOLA MUNICIPAL EURIDES FRANCO DE LACERDA,"RUA FREI JOAQUIM, S/N",CONCEIÇÃO,44065738,-12.2327382,-38.937204,404,Sem acessibilidade,2026-09-28 08:59:00,242712141792071612197294
UE2015 (Anterior),FEIRA DE SANTANA,154,391,1765907,ESCOLA MUNICIPAL EURIDES FRANCO DE LACERDA,"RUA FREI JOAQUIM, S/N",CONCEIÇÃO,44065738,-12.2327382,-38.937204,190,Sem acessibilidade,2026-09-28 09:07:00,495237504417849474550324
UE2015 (Anterior),FEIRA DE SANTANA,154,392,1766431,FACULDADE CATÓLICA DE FEIRA DE SANTANA,"AVENIDA DOM JACKSON BERENGUER PRADO, S/N - ZONA URBANA",PAPAGAIO,44059850,-12.2001918,-38.9364711,96,Sem acessibilidade,2026-09-28 16:44:00,970085094587210543660925
UE2015 (Anterior),FEIRA DE SANTANA,155,1,1795283,ESCOLA MUNICIPAL JOÃO DURVAL CARNEIRO,AVENIDA JOAO DURVAL CARNEIRO SN - ZONA URBANA,CASEB,44037000,-12.2354391,-38.9450518,346,Sem acessibilidade,2026-09-25 08:52:00,242723355517313004060763
UE2015 (Anterior),FEIRA DE SANTANA,155,2,1792405,ESCOLA MUNICIPAL JOÃO DURVAL CARNEIRO,AVENIDA JOAO DURVAL CARNEIRO SN - ZONA URBANA,CASEB,44037000,-12.2354391,-38.9450518,344,Sem acessibilidade,2026-09-25 09:02:00,40703265297776314828827
UE2015 (Anterior),FEIRA DE SANTANA,155,3,1765296,ESCOLA MUNICIPAL JOÃO DURVAL CARNEIRO,AVENIDA JOAO DURVAL CARNEIRO SN - ZONA URBANA,CASEB,44037000,-12.2354391,-38.9450518,346,Sem acessibilidade,2026-09-25 09:12:00,303329636623125855334037
UE2015 (Anterior),FEIRA DE SANTANA,155,4,1767119,ESCOLA MUNICIPAL JOÃO DURVAL CARNEIRO,AVENIDA JOAO DURVAL CARNEIRO SN - ZONA URBANA,CASEB,44037000,-12.2354391,-38.9450518,344,Sem acessibilidade,2026-09-25 09:22:00,485147923441399637542933
UE2015 (Anterior),FEIRA DE SANTANA,155,5,1764919,ESCOLA MUNICIPAL JOÃO DURVAL CARNEIRO,AVENIDA JOAO DURVAL CARNEIRO SN - ZONA URBANA,CASEB,44037000,-12.2354391,-38.9450518,346,Sem acessibilidade,2026-09-25 09:32:00,949793490987945913312354
UE2015 (Anterior),FEIRA DE SANTANA,155,6,1767424,ESCOLA MUNICIPAL JOÃO DURVAL CARNEIRO,AVENIDA JOAO DURVAL CARNEIRO SN - ZONA URBANA,CASEB,44037000,-12.2354391,-38.9450518,347,Sem acessibilidade,2026-09-25 09:42:00,757874414868849430373689
UE2015 (Anterior),FEIRA DE SANTANA,155,7,1765661,ESCOLA MUNICIPAL JOÃO DURVAL CARNEIRO,AVENIDA JOAO DURVAL CARNEIRO SN - ZONA URBANA,CASEB,44037000,-12.2354391,-38.9450518,342,Sem acessibilidade,2026-09-25 09:52:00,656864425158838930724602
UE2015 (Anterior),FEIRA DE SANTANA,155,8,1771411,ESCOLA MUNICIPAL JOÃO DURVAL CARNEIRO,AVENIDA JOAO DURVAL CARNEIRO SN - ZONA URBANA,CASEB,44037000,-12.2354391,-38.9450518,347,Sem acessibilidade,2026-09-25 10:01:00,959894838788695495659755
UE2015 (Anterior),FEIRA DE SANTANA,155,9,1832172,ESCOLA MUNICIPAL JOÃO DURVAL CARNEIRO,AVENIDA JOAO DURVAL CARNEIRO SN - ZONA URBANA,CASEB,44037000,-12.2354391,-38.9450518,343,Sem acessibilidade,2026-09-25 10:12:00,818480809974714961509520
UE2015 (Anterior),FEIRA DE SANTANA,155,10,1751586,ESCOLA MUNICIPAL JOÃO DURVAL CARNEIRO,AVENIDA JOAO DURVAL CARNEIRO SN - ZONA URBANA,CASEB,44037000,-12.2354391,-38.9450518,346,Sem acessibilidade,2026-09-25 10:23:00,949793019387009110548206
UE2015 (Anterior),FEIRA DE SANTANA,155,11,1755622,COLEGIO ESTADUAL JUIZ JORGE FARIAS GOES,RUA MOGI DAS CRUZES S/N - ZONA URBANA,CAMPO DO GADO VELHO,44038290,-12.2371078,-38.951951,248,Sem acessibilidade,2026-09-25 08:51:00,273026456799272979029702
UE2015 (Anterior),FEIRA DE SANTANA,155,12,1766789,COLEGIO ESTADUAL JUIZ JORGE FARIAS GOES,RUA MOGI DAS CRUZES S/N - ZONA URBANA,CAMPO DO GADO VELHO,44038290,-12.2371078,-38.951951,247,Sem acessibilidade,2026-09-25 09:02:00,565955855228298726454685
UE2015 (Anterior),FEIRA DE SANTANA,155,13,1764852,COLEGIO ESTADUAL JUIZ JORGE FARIAS GOES,RUA MOGI DAS CRUZES S/N - ZONA URBANA,CAMPO DO GADO VELHO,44038290,-12.2371078,-38.951951,244,Sem acessibilidade,2026-09-25 09:12:00,10400419073838417914613
UE2015 (Anterior),FEIRA DE SANTANA,155,14,1767009,COLEGIO ESTADUAL JUIZ JORGE FARIAS GOES,RUA MOGI DAS CRUZES S/N - ZONA URBANA,CAMPO DO GADO VELHO,44038290,-12.2371078,-38.951951,250,Sem acessibilidade,2026-09-25 09:22:00,454844961317365686820880
UE2015 (Anterior),FEIRA DE SANTANA,155,15,1765534,COLEGIO ESTADUAL JUIZ JORGE FARIAS GOES,RUA MOGI DAS CRUZES S/N - ZONA URBANA,CAMPO DO GADO VELHO,44038290,-12.2371078,-38.951951,249,Sem acessibilidade,2026-09-25 09:32:00,576056193029571949308969
UE2015 (Anterior),FEIRA DE SANTANA,155,16,1766136,COLEGIO ESTADUAL JUIZ JORGE FARIAS GOES,RUA MOGI DAS CRUZES S/N - ZONA URBANA,CAMPO DO GADO VELHO,44038290,-12.2371078,-38.951951,248,Sem acessibilidade,2026-09-25 09:42:00,980197717070072837372595
UE2015 (Anterior),FEIRA DE SANTANA,155,17,1757180,COLEGIO ESTADUAL JUIZ JORGE FARIAS GOES,RUA MOGI DAS CRUZES S/N - ZONA URBANA,CAMPO DO GADO VELHO,44038290,-12.2371078,-38.951951,247,Sem acessibilidade,2026-09-25 09:52:00,464945301718643961595950
UE2015 (Anterior),FEIRA DE SANTANA,155,18,1768316,COLEGIO ESTADUAL JUIZ JORGE FARIAS GOES,RUA MOGI DAS CRUZES S/N - ZONA URBANA,CAMPO DO GADO VELHO,44038290,-12.2371078,-38.951951,248,Sem acessibilidade,2026-09-25 10:02:00,616460564333427928656240
UE2015 (Anterior),FEIRA DE SANTANA,155,19,1765802,COLEGIO ESTADUAL JUIZ JORGE FARIAS GOES,RUA MOGI DAS CRUZES S/N - ZONA URBANA,CAMPO DO GADO VELHO,44038290,-12.2371078,-38.951951,247,Sem acessibilidade,2026-09-25 10:12:00,404339468312309718753514
UE2015 (Anterior),FEIRA DE SANTANA,155,20,1757971,COLEGIO ESTADUAL JUIZ JORGE FARIAS GOES,RUA MOGI DAS CRUZES S/N - ZONA URBANA,CAMPO DO GADO VELHO,44038290,-12.2371078,-38.951951,248,Sem acessibilidade,2026-09-25 10:21:00,399142572926005113976
UE2015 (Anterior),FEIRA DE SANTANA,155,21,1821577,COLEGIO ESTADUAL JUIZ JORGE FARIAS GOES,RUA MOGI DAS CRUZES S/N - ZONA URBANA,CAMPO DO GADO VELHO,44038290,-12.2371078,-38.951951,249,Sem acessibilidade,2026-09-25 10:32:00,788177034950865693424815
UE2015 (Anterior),FEIRA DE SANTANA,155,29,1754026,COLÉGIO DIPLOMATA,"RUA CARAÍBAS, 421",PONTO CENTRAL,44075239,-12.2520834,-38.9470414,337,Sem acessibilidade,2026-09-25 16:10:00,747773879946167622944603
UE2015 (Anterior),FEIRA DE SANTANA,155,30,1794155,COLÉGIO DIPLOMATA,"RUA CARAÍBAS, 421",PONTO CENTRAL,44075239,-12.2520834,-38.9470414,339,Sem acessibilidade,2026-09-25 16:19:00,626561836234674275820685
UE2015 (Anterior),FEIRA DE SANTANA,155,31,1766786,COLÉGIO DIPLOMATA,"RUA CARAÍBAS, 421",PONTO CENTRAL,44075239,-12.2520834,-38.9470414,336,Sem acessibilidade,2026-09-25 16:29:00,394238710811538414827583
UE2015 (Anterior),FEIRA DE SANTANA,155,32,1768940,COLÉGIO DIPLOMATA,"RUA CARAÍBAS, 421",PONTO CENTRAL,44075239,-12.2520834,-38.9470414,338,Sem acessibilidade,2026-09-25 16:38:00,91208521281258455501230
UE2015 (Anterior),FEIRA DE SANTANA,155,33,1754507,COLÉGIO DIPLOMATA,"RUA CARAÍBAS, 421",PONTO CENTRAL,44075239,-12.2520834,-38.9470414,332,Sem acessibilidade,2026-09-25 16:47:00,475046019419659307530463
UE2015 (Anterior),FEIRA DE SANTANA,155,34,1756923,COLÉGIO DIPLOMATA,"RUA CARAÍBAS, 421",PONTO CENTRAL,44075239,-12.2520834,-38.9470414,342,Sem acessibilidade,2026-09-25 15:31:00,161915819574728467980403
UE2015 (Anterior),FEIRA DE SANTANA,155,35,1766036,COLÉGIO DIPLOMATA,"RUA CARAÍBAS, 421",PONTO CENTRAL,44075239,-12.2520834,-38.9470414,341,Sem acessibilidade,2026-09-25 15:41:00,616460372619269654644674
UE2015 (Anterior),FEIRA DE SANTANA,155,36,1775975,COLÉGIO DIPLOMATA,"RUA CARAÍBAS, 421",PONTO CENTRAL,44075239,-12.2520834,-38.9470414,339,Sem acessibilidade,2026-09-25 14:44:00,828581694740570615659462
UE2015 (Anterior),FEIRA DE SANTANA,155,37,1770390,COLÉGIO DIPLOMATA,"RUA CARAÍBAS, 421",PONTO CENTRAL,44075239,-12.2520834,-38.9470414,338,Sem acessibilidade,2026-09-25 14:53:00,656864632023424746384986
UE2015 (Anterior),FEIRA DE SANTANA,155,50,1768230,ESCOLA MUNICIPAL DOUTOR NILTON BELLAS VIEIRA,RUA VIRGINOPOLIS S/N - ZONA URBANA,PARQUE GETÚLIO VARGAS,44042230,-12.2523475,-38.9348743,379,Sem acessibilidade,2026-09-25 10:58:00,384137738156065988723333
UE2015 (Anterior),FEIRA DE SANTANA,155,51,1766165,ESCOLA MUNICIPAL DOUTOR NILTON BELLAS VIEIRA,RUA VIRGINOPOLIS S/N - ZONA URBANA,PARQUE GETÚLIO VARGAS,44042230,-12.2523475,-38.9348743,374,Sem acessibilidade,2026-09-25 09:01:00,121511580830788813464393
UE2015 (Anterior),FEIRA DE SANTANA,155,52,1765206,ESCOLA MUNICIPAL DOUTOR NILTON BELLAS VIEIRA,RUA VIRGINOPOLIS S/N - ZONA URBANA,PARQUE GETÚLIO VARGAS,44042230,-12.2523475,-38.9348743,374,Sem acessibilidade,2026-09-25 09:10:00,101309674728789901826273
UE2015 (Anterior),FEIRA DE SANTANA,155,53,1764716,ESCOLA MUNICIPAL DOUTOR NILTON BELLAS VIEIRA,RUA VIRGINOPOLIS S/N - ZONA URBANA,PARQUE GETÚLIO VARGAS,44042230,-12.2523475,-38.9348743,378,Sem acessibilidade,2026-09-25 09:20:00,131612818731900627899311
UE2015 (Anterior),FEIRA DE SANTANA,155,54,1765516,ESCOLA MUNICIPAL DOUTOR NILTON BELLAS VIEIRA,RUA VIRGINOPOLIS S/N - ZONA URBANA,PARQUE GETÚLIO VARGAS,44042230,-12.2523475,-38.9348743,372,Sem acessibilidade,2026-09-25 09:31:00,141713938332072028660570
UE2015 (Anterior),FEIRA DE SANTANA,155,55,1767101,ESCOLA PROFESSOR OTÁVIO MANSUR DE CARVALHO,"RUA ELPÍDIO NOVA, S/N - ZONA URBANA",SÃO JOÃO,44051432,-12.2412996,-38.9514953,358,Sem acessibilidade,2026-09-25 15:41:00,798278698251440717898946
UE2015 (Anterior),FEIRA DE SANTANA,155,56,1764773,ESCOLA PROFESSOR OTÁVIO MANSUR DE CARVALHO,"RUA ELPÍDIO NOVA, S/N - ZONA URBANA",SÃO JOÃO,44051432,-12.2412996,-38.9514953,372,Sem acessibilidade,2026-09-25 15:51:00,323531334504064969892947
UE2015 (Anterior),FEIRA DE SANTANA,155,57,1767297,ESCOLA MUNICIPAL HORÁCIO SILVA BASTOS,"RUA PIRACICABA, S/N - ZONA URBANA",CASEB,44001001,-12.2399871,-38.9435539,393,Sem acessibilidade,2026-09-25 13:18:00,606359722332250774154955
UE2015 (Anterior),FEIRA DE SANTANA,155,58,1766787,ESCOLA MUNICIPAL HORÁCIO SILVA BASTOS,"RUA PIRACICABA, S/N - ZONA URBANA",CASEB,44001001,-12.2399871,-38.9435539,392,Sem acessibilidade,2026-09-25 13:28:00,101309338882844047306620
UE2015 (Anterior),FEIRA DE SANTANA,155,59,1769363,ESCOLA MUNICIPAL HORÁCIO SILVA BASTOS,"RUA PIRACICABA, S/N - ZONA URBANA",CASEB,44001001,-12.2399871,-38.9435539,392,Sem acessibilidade,2026-09-25 13:37:00,40703382376800871267892
UE2015 (Anterior),FEIRA DE SANTANA,155,60,1765453,COLÉGIO ESTADUAL ODORICO TAVARES,"RUA JAPAO, S/N - ZONA URBANA",CASEB,44026000,-12.2456903,-38.9477271,377,Sem acessibilidade,2026-09-25 11:17:00,959894377467314667643097
UE2015 (Anterior),FEIRA DE SANTANA,155,61,1775952,COLÉGIO ESTADUAL ODORICO TAVARES,"RUA JAPAO, S/N - ZONA URBANA",CASEB,44026000,-12.2456903,-38.9477271,374,Sem acessibilidade,2026-09-25 11:26:00,475046006319858711071201
UE2015 (Anterior),FEIRA DE SANTANA,155,62,1763778,COLÉGIO ESTADUAL ODORICO TAVARES,"RUA JAPAO, S/N - ZONA URBANA",CASEB,44026000,-12.2456903,-38.9477271,390,Sem acessibilidade,2026-09-25 11:36:00,444743089316918223774053
UE2015 (Anterior),FEIRA DE SANTANA,155,63,1795721,COLÉGIO ESTADUAL ODORICO TAVARES,"RUA JAPAO, S/N - ZONA URBANA",CASEB,44026000,-12.2456903,-38.9477271,381,Sem acessibilidade,2026-09-25 11:46:00,131612889585693368519809
UE2015 (Anterior),FEIRA DE SANTANA,155,64,1767114,COLÉGIO ESTADUAL ODORICO TAVARES,"RUA JAPAO, S/N - ZONA URBANA",CASEB,44026000,-12.2456903,-38.9477271,378,Sem acessibilidade,2026-09-25 11:56:00,151814015687804326412492
UE2015 (Anterior),FEIRA DE SANTANA,155,65,1764545,COLÉGIO ESTADUAL ODORICO TAVARES,"RUA JAPAO, S/N - ZONA URBANA",CASEB,44026000,-12.2456903,-38.9477271,378,Sem acessibilidade,2026-09-25 12:11:00,232622200795280502671062
UE2015 (Anterior),FEIRA DE SANTANA,155,66,1750677,COLÉGIO ESTADUAL ODORICO TAVARES,"RUA JAPAO, S/N - ZONA URBANA",CASEB,44026000,-12.2456903,-38.9477271,377,Sem acessibilidade,2026-09-25 12:20:00,91208170481165044662448
UE2015 (Anterior),FEIRA DE SANTANA,155,67,1765339,COLÉGIO ESTADUAL ODORICO TAVARES,"RUA JAPAO, S/N - ZONA URBANA",CASEB,44026000,-12.2456903,-38.9477271,391,Sem acessibilidade,2026-09-25 12:30:00,293228483301450805727337
UE2015 (Anterior),FEIRA DE SANTANA,155,68,1766319,COLÉGIO ESTADUAL ODORICO TAVARES,"RUA JAPAO, S/N - ZONA URBANA",CASEB,44026000,-12.2456903,-38.9477271,385,Sem acessibilidade,2026-09-25 12:40:00,182117480990433560089417
UE2015 (Anterior),FEIRA DE SANTANA,155,69,1769032,ESCOLA MUNICIPAL PROFESSORA MARIA JOSÉ DANTAS CARNEIRO,"RUA SAO VALENTIM, N 41 - ZONA URBANA",CASEB,44040700,-12.2426089,-38.9430952,254,Sem acessibilidade,2026-09-25 14:53:00,141713557086918095437287
UE2015 (Anterior),FEIRA DE SANTANA,155,70,1823412,ESCOLA MUNICIPAL PROFESSORA MARIA JOSÉ DANTAS CARNEIRO,"RUA SAO VALENTIM, N 41 - ZONA URBANA",CASEB,44040700,-12.2426089,-38.9430952,254,Sem acessibilidade,2026-09-25 15:03:00,91208588081524125126751
UE2015 (Anterior),FEIRA DE SANTANA,155,71,1759339,ESCOLA MUNICIPAL PROFESSORA MARIA JOSÉ DANTAS CARNEIRO,"RUA SAO VALENTIM, N 41 - ZONA URBANA",CASEB,44040700,-12.2426089,-38.9430952,254,Sem acessibilidade,2026-09-25 15:12:00,848783441356291170483397
UE2015 (Anterior),FEIRA DE SANTANA,155,72,1766791,ESCOLA MUNICIPAL PROFESSORA MARIA JOSÉ DANTAS CARNEIRO,"RUA SAO VALENTIM, N 41 - ZONA URBANA",CASEB,44040700,-12.2426089,-38.9430952,253,Sem acessibilidade,2026-09-25 15:22:00,404339117512943462322995
UE2015 (Anterior),FEIRA DE SANTANA,155,73,1755887,COLÉGIO ESTADUAL PROFESSORA TECLA MELLO,"AVENIDA CENTENARIO, 697 - ZONA URBANA",SIM,44085132,-12.2549654,-38.9253119,396,Sem acessibilidade,2026-09-25 09:51:00,464945281164577391885471
UE2015 (Anterior),FEIRA DE SANTANA,155,74,1775854,COLÉGIO ESTADUAL PROFESSORA TECLA MELLO,"AVENIDA CENTENARIO, 697 - ZONA URBANA",SIM,44085132,-12.2549654,-38.9253119,406,Sem acessibilidade,2026-09-25 10:01:00,687167619586425839164791
UE2015 (Anterior),FEIRA DE SANTANA,155,75,1763822,COLÉGIO ESTADUAL PROFESSORA TECLA MELLO,"AVENIDA CENTENARIO, 697 - ZONA URBANA",SIM,44085132,-12.2549654,-38.9253119,396,Sem acessibilidade,2026-09-25 10:29:00,586157620576060350923626
UE2015 (Anterior),FEIRA DE SANTANA,155,76,1767288,COLÉGIO ESTADUAL PROFESSORA TECLA MELLO,"AVENIDA CENTENARIO, 697 - ZONA URBANA",SIM,44085132,-12.2549654,-38.9253119,403,Sem acessibilidade,2026-09-25 10:39:00,454844600663022175461879
UE2015 (Anterior),FEIRA DE SANTANA,155,77,1836555,COLÉGIO ESTADUAL PROFESSORA TECLA MELLO,"AVENIDA CENTENARIO, 697 - ZONA URBANA",SIM,44085132,-12.2549654,-38.9253119,408,Sem acessibilidade,2026-09-25 10:49:00,101309369728764199082690
UE2015 (Anterior),FEIRA DE SANTANA,155,78,1757263,CEEP - CENTRO  ESTADUAL DE EDUCAÇÃO PROFISSIONAL ÁUREO DE O. FILHO,RUA BRUXELAS S/N - ZONA URBANA,SANTA MONICA,44077790,-12.263088,-38.9365527,380,Sem acessibilidade,2026-09-25 11:02:00,545753913747467416919906
UE2015 (Anterior),FEIRA DE SANTANA,155,79,1766736,CEEP - CENTRO  ESTADUAL DE EDUCAÇÃO PROFISSIONAL ÁUREO DE O. FILHO,RUA BRUXELAS S/N - ZONA URBANA,SANTA MONICA,44077790,-12.263088,-38.9365527,398,Sem acessibilidade,2026-09-25 11:12:00,697268178362701188031542
UE2015 (Anterior),FEIRA DE SANTANA,155,80,1766025,CEEP - CENTRO  ESTADUAL DE EDUCAÇÃO PROFISSIONAL ÁUREO DE O. FILHO,RUA BRUXELAS S/N - ZONA URBANA,SANTA MONICA,44077790,-12.263088,-38.9365527,378,Sem acessibilidade,2026-09-25 11:22:00,252824817018356324328502
UE2015 (Anterior),FEIRA DE SANTANA,155,81,1765517,CEEP - CENTRO  ESTADUAL DE EDUCAÇÃO PROFISSIONAL ÁUREO DE O. FILHO,RUA BRUXELAS S/N - ZONA URBANA,SANTA MONICA,44077790,-12.263088,-38.9365527,391,Sem acessibilidade,2026-09-25 11:33:00,353834021328615497516822
UE2015 (Anterior),FEIRA DE SANTANA,155,82,1789729,CEEP - CENTRO  ESTADUAL DE EDUCAÇÃO PROFISSIONAL ÁUREO DE O. FILHO,RUA BRUXELAS S/N - ZONA URBANA,SANTA MONICA,44077790,-12.263088,-38.9365527,377,Sem acessibilidade,2026-09-25 11:44:00,596258373852010135291648
UE2015 (Anterior),FEIRA DE SANTANA,155,83,1779871,CEEP - CENTRO  ESTADUAL DE EDUCAÇÃO PROFISSIONAL ÁUREO DE O. FILHO,RUA BRUXELAS S/N - ZONA URBANA,SANTA MONICA,44077790,-12.263088,-38.9365527,379,Sem acessibilidade,2026-09-25 11:53:00,707369592863142630587927
UE2015 (Anterior),FEIRA DE SANTANA,155,84,1754100,CEEP - CENTRO  ESTADUAL DE EDUCAÇÃO PROFISSIONAL ÁUREO DE O. FILHO,RUA BRUXELAS S/N - ZONA URBANA,SANTA MONICA,44077790,-12.263088,-38.9365527,388,Sem acessibilidade,2026-09-25 12:03:00,262925268219360803003914
UE2015 (Anterior),FEIRA DE SANTANA,155,85,1767185,CEEP - CENTRO  ESTADUAL DE EDUCAÇÃO PROFISSIONAL ÁUREO DE O. FILHO,RUA BRUXELAS S/N - ZONA URBANA,SANTA MONICA,44077790,-12.263088,-38.9365527,388,Sem acessibilidade,2026-09-25 12:14:00,242723355117505150810248
UE2015 (Anterior),FEIRA DE SANTANA,155,86,1763105,CEEP - CENTRO  ESTADUAL DE EDUCAÇÃO PROFISSIONAL ÁUREO DE O. FILHO,RUA BRUXELAS S/N - ZONA URBANA,SANTA MONICA,44077790,-12.263088,-38.9365527,389,Sem acessibilidade,2026-09-25 12:24:00,899288119282241741084379
UE2015 (Anterior),FEIRA DE SANTANA,155,87,1765222,CEEP - CENTRO  ESTADUAL DE EDUCAÇÃO PROFISSIONAL ÁUREO DE O. FILHO,RUA BRUXELAS S/N - ZONA URBANA,SANTA MONICA,44077790,-12.263088,-38.9365527,391,Sem acessibilidade,2026-09-25 12:35:00,374036706030887954431222
UE2015 (Anterior),FEIRA DE SANTANA,155,88,1765809,CEEP - CENTRO  ESTADUAL DE EDUCAÇÃO PROFISSIONAL ÁUREO DE O. FILHO,RUA BRUXELAS S/N - ZONA URBANA,SANTA MONICA,44077790,-12.263088,-38.9365527,388,Sem acessibilidade,2026-09-25 12:45:00,545753986047140813853934
UE2015 (Anterior),FEIRA DE SANTANA,155,89,1765385,ESCOLA MUNICIPAL MONTEIRO LOBATO,RUA JOSÉ PEREIRA MASCARENHAS - ZONA URBANA,CAPUCHINHOS,44058970,-12.2583807,-38.9468086,285,Sem acessibilidade,2026-09-25 08:51:00,697268249214692342573419
UE2015 (Anterior),FEIRA DE SANTANA,155,90,1837123,ESCOLA MUNICIPAL MONTEIRO LOBATO,RUA JOSÉ PEREIRA MASCARENHAS - ZONA URBANA,CAPUCHINHOS,44058970,-12.2583807,-38.9468086,285,Sem acessibilidade,2026-09-25 09:01:00,384137015583045019810750
UE2015 (Anterior),FEIRA DE SANTANA,155,91,1765410,ESCOLA MUNICIPAL MONTEIRO LOBATO,RUA JOSÉ PEREIRA MASCARENHAS - ZONA URBANA,CAPUCHINHOS,44058970,-12.2583807,-38.9468086,284,Sem acessibilidade,2026-09-25 09:10:00,757874498320434155665293
UE2015 (Anterior),FEIRA DE SANTANA,155,92,1766737,ESCOLA MUNICIPAL MONTEIRO LOBATO,RUA JOSÉ PEREIRA MASCARENHAS - ZONA URBANA,CAPUCHINHOS,44058970,-12.2583807,-38.9468086,284,Sem acessibilidade,2026-09-25 09:20:00,40703892749816662039001
UE2015 (Anterior),FEIRA DE SANTANA,155,93,1765984,ESCOLA MUNICIPAL MONTEIRO LOBATO,RUA JOSÉ PEREIRA MASCARENHAS - ZONA URBANA,CAPUCHINHOS,44058970,-12.2583807,-38.9468086,285,Sem acessibilidade,2026-09-25 09:30:00,525551480897389806544750
UE2015 (Anterior),FEIRA DE SANTANA,155,94,1766096,ESCOLA MUNICIPAL MONTEIRO LOBATO,RUA JOSÉ PEREIRA MASCARENHAS - ZONA URBANA,CAPUCHINHOS,44058970,-12.2583807,-38.9468086,283,Sem acessibilidade,2026-09-25 09:39:00,40703113549538519060123
UE2015 (Anterior),FEIRA DE SANTANA,155,95,1758900,ESCOLA MUNICIPAL MONTEIRO LOBATO,RUA JOSÉ PEREIRA MASCARENHAS - ZONA URBANA,CAPUCHINHOS,44058970,-12.2583807,-38.9468086,285,Sem acessibilidade,2026-09-25 09:49:00,535652710198112233903503
UE2015 (Anterior),FEIRA DE SANTANA,155,96,1766509,ESCOLA MUNICIPAL MONTEIRO LOBATO,RUA JOSÉ PEREIRA MASCARENHAS - ZONA URBANA,CAPUCHINHOS,44058970,-12.2583807,-38.9468086,285,Sem acessibilidade,2026-09-25 09:58:00,293228582374898698464024
UE2015 (Anterior),FEIRA DE SANTANA,155,97,1756916,ESCOLA MUNICIPAL MONTEIRO LOBATO,RUA JOSÉ PEREIRA MASCARENHAS - ZONA URBANA,CAPUCHINHOS,44058970,-12.2583807,-38.9468086,283,Sem acessibilidade,2026-09-25 10:08:00,848783247929074020729424
UE2015 (Anterior),FEIRA DE SANTANA,155,98,1788505,ESCOLA MUNICIPAL MONTEIRO LOBATO,RUA JOSÉ PEREIRA MASCARENHAS - ZONA URBANA,CAPUCHINHOS,44058970,-12.2583807,-38.9468086,284,Sem acessibilidade,2026-09-25 10:18:00,838682348128150192105210
UE2015 (Anterior),FEIRA DE SANTANA,155,99,1766367,ESCOLA MUNICIPAL MONTEIRO LOBATO,RUA JOSÉ PEREIRA MASCARENHAS - ZONA URBANA,CAPUCHINHOS,44058970,-12.2583807,-38.9468086,284,Sem acessibilidade,2026-09-25 10:27:00,343733966279688699206240
UE2015 (Anterior),FEIRA DE SANTANA,155,100,1757770,ESCOLA MUNICIPAL MONTEIRO LOBATO,RUA JOSÉ PEREIRA MASCARENHAS - ZONA URBANA,CAPUCHINHOS,44058970,-12.2583807,-38.9468086,283,Sem acessibilidade,2026-09-25 10:38:00,111410201356613858061976
UE2015 (Anterior),FEIRA DE SANTANA,155,101,1795295,COLÉGIO ESTADUAL ROTARY DE FEIRA DE SANTANA,"RUA JOÃO SAMPAIO MACHADO, N 235 - ZONA URBANA",CAPUCHINHOS,44052200,-12.2595411,-38.9487136,397,Sem acessibilidade,2026-09-25 14:02:00,555854751500806310110238
UE2015 (Anterior),FEIRA DE SANTANA,155,102,1767001,UNEF - UNIDADE DE ENSINO SUPERIOR DE FEIRA DE SANTANA,"AVENIDA LUIS EDUARDO MAGALHÃES, S/N",SUBAÉ,44079002,-12.2750475,-38.9339365,314,Com acessibilidade,2026-09-25 10:48:00,313430622776902494963681
UE2015 (Anterior),FEIRA DE SANTANA,155,103,1766125,UNEF - UNIDADE DE ENSINO SUPERIOR DE FEIRA DE SANTANA,"AVENIDA LUIS EDUARDO MAGALHÃES, S/N",SUBAÉ,44079002,-12.2750475,-38.9339365,310,Sem acessibilidade,2026-09-25 10:57:00,515450930396125824868440
UE2015 (Anterior),FEIRA DE SANTANA,155,104,1750319,UNEF - UNIDADE DE ENSINO SUPERIOR DE FEIRA DE SANTANA,"AVENIDA LUIS EDUARDO MAGALHÃES, S/N",SUBAÉ,44079002,-12.2750475,-38.9339365,318,Sem acessibilidade,2026-09-25 11:07:00,949793472039212176239682
UE2015 (Anterior),FEIRA DE SANTANA,155,105,1751079,UNEF - UNIDADE DE ENSINO SUPERIOR DE FEIRA DE SANTANA,"AVENIDA LUIS EDUARDO MAGALHÃES, S/N",SUBAÉ,44079002,-12.2750475,-38.9339365,321,Sem acessibilidade,2026-09-25 11:17:00,495248132994850997805581
UE2015 (Anterior),FEIRA DE SANTANA,155,106,1768911,UNEF - UNIDADE DE ENSINO SUPERIOR DE FEIRA DE SANTANA,"AVENIDA LUIS EDUARDO MAGALHÃES, S/N",SUBAÉ,44079002,-12.2750475,-38.9339365,319,Sem acessibilidade,2026-09-25 11:27:00,81107838753538579991803
UE2015 (Anterior),FEIRA DE SANTANA,155,107,1765210,UNEF - UNIDADE DE ENSINO SUPERIOR DE FEIRA DE SANTANA,"AVENIDA LUIS EDUARDO MAGALHÃES, S/N",SUBAÉ,44079002,-12.2750475,-38.9339365,317,Sem acessibilidade,2026-09-25 11:36:00,747773606819215358268873
UE2015 (Anterior),FEIRA DE SANTANA,155,108,1765096,UNEF - UNIDADE DE ENSINO SUPERIOR DE FEIRA DE SANTANA,"AVENIDA LUIS EDUARDO MAGALHÃES, S/N",SUBAÉ,44079002,-12.2750475,-38.9339365,324,Sem acessibilidade,2026-09-25 11:45:00,192218164164680974915939
UE2015 (Anterior),FEIRA DE SANTANA,155,109,1775349,UNEF - UNIDADE DE ENSINO SUPERIOR DE FEIRA DE SANTANA,"AVENIDA LUIS EDUARDO MAGALHÃES, S/N",SUBAÉ,44079002,-12.2750475,-38.9339365,323,Sem acessibilidade,2026-09-25 11:55:00,919490991736494408711067
UE2015 (Anterior),FEIRA DE SANTANA,155,110,1766760,UNEF - UNIDADE DE ENSINO SUPERIOR DE FEIRA DE SANTANA,"AVENIDA LUIS EDUARDO MAGALHÃES, S/N",SUBAÉ,44079002,-12.2750475,-38.9339365,314,Sem acessibilidade,2026-09-25 12:05:00,192218351264438346481854
UE2015 (Anterior),FEIRA DE SANTANA,155,111,1840379,UNEF - UNIDADE DE ENSINO SUPERIOR DE FEIRA DE SANTANA,"AVENIDA LUIS EDUARDO MAGALHÃES, S/N",SUBAÉ,44079002,-12.2750475,-38.9339365,319,Sem acessibilidade,2026-09-25 12:14:00,40703319249307863794687
UE2015 (Anterior),FEIRA DE SANTANA,155,112,1766805,UNEF - UNIDADE DE ENSINO SUPERIOR DE FEIRA DE SANTANA,"AVENIDA LUIS EDUARDO MAGALHÃES, S/N",SUBAÉ,44079002,-12.2750475,-38.9339365,327,Sem acessibilidade,2026-09-25 12:24:00,838682216228181885408181
UE2015 (Anterior),FEIRA DE SANTANA,155,113,1654601,UNEF - UNIDADE DE ENSINO SUPERIOR DE FEIRA DE SANTANA,"AVENIDA LUIS EDUARDO MAGALHÃES, S/N",SUBAÉ,44079002,-12.2750475,-38.9339365,316,Sem acessibilidade,2026-09-25 12:34:00,131612620658579591838865
UE2015 (Anterior),FEIRA DE SANTANA,155,114,1655631,UNEF - UNIDADE DE ENSINO SUPERIOR DE FEIRA DE SANTANA,"AVENIDA LUIS EDUARDO MAGALHÃES, S/N",SUBAÉ,44079002,-12.2750475,-38.9339365,321,Sem acessibilidade,2026-09-25 12:44:00,798278391424328733702659
UE2015 (Anterior),FEIRA DE SANTANA,155,115,1760929,UNEF - UNIDADE DE ENSINO SUPERIOR DE FEIRA DE SANTANA,"AVENIDA LUIS EDUARDO MAGALHÃES, S/N",SUBAÉ,44079002,-12.2750475,-38.9339365,324,Sem acessibilidade,2026-09-25 12:55:00,677066385712365073042557
UE2015 (Anterior),FEIRA DE SANTANA,155,116,1769763,UNEF - UNIDADE DE ENSINO SUPERIOR DE FEIRA DE SANTANA,"AVENIDA LUIS EDUARDO MAGALHÃES, S/N",SUBAÉ,44079002,-12.2750475,-38.9339365,325,Sem acessibilidade,2026-09-25 13:05:00,899288713634241293416345
UE2015 (Anterior),FEIRA DE SANTANA,155,117,1754071,UNEF - UNIDADE DE ENSINO SUPERIOR DE FEIRA DE SANTANA,"AVENIDA LUIS EDUARDO MAGALHÃES, S/N",SUBAÉ,44079002,-12.2750475,-38.9339365,319,Sem acessibilidade,2026-09-25 13:15:00,818480741626259141278817
UE2015 (Anterior),FEIRA DE SANTANA,155,118,1767345,COLÉGIO ESTADUAL SANTO ANTÔNIO,RUA CONEGO CUPERTINO LACERDA S/N - ZONA URBANA,BRASÍLIA,44001001,-12.2663796,-38.9487148,358,Sem acessibilidade,2026-09-25 08:51:00,879086918418879654739194
UE2015 (Anterior),FEIRA DE SANTANA,155,119,1765622,COLÉGIO ESTADUAL SANTO ANTÔNIO,RUA CONEGO CUPERTINO LACERDA S/N - ZONA URBANA,BRASÍLIA,44001001,-12.2663796,-38.9487148,358,Sem acessibilidade,2026-09-25 09:01:00,576056720888234816902185
UE2015 (Anterior),FEIRA DE SANTANA,155,120,1766263,COLÉGIO ESTADUAL SANTO ANTÔNIO,RUA CONEGO CUPERTINO LACERDA S/N - ZONA URBANA,BRASÍLIA,44001001,-12.2663796,-38.9487148,356,Sem acessibilidade,2026-09-25 09:10:00,990298228430672734640273
UE2015 (Anterior),FEIRA DE SANTANA,155,121,1766210,COLÉGIO ESTADUAL SANTO ANTÔNIO,RUA CONEGO CUPERTINO LACERDA S/N - ZONA URBANA,BRASÍLIA,44001001,-12.2663796,-38.9487148,357,Sem acessibilidade,2026-09-25 09:19:00,262925602957576517022924
UE2015 (Anterior),FEIRA DE SANTANA,155,122,1767440,COLÉGIO ESTADUAL SANTO ANTÔNIO,RUA CONEGO CUPERTINO LACERDA S/N - ZONA URBANA,BRASÍLIA,44001001,-12.2663796,-38.9487148,358,Sem acessibilidade,2026-09-25 09:28:00,727571173103056491342785
UE2015 (Anterior),FEIRA DE SANTANA,155,123,1768080,COLÉGIO ESTADUAL SANTO ANTÔNIO,RUA CONEGO CUPERTINO LACERDA S/N - ZONA URBANA,BRASÍLIA,44001001,-12.2663796,-38.9487148,356,Sem acessibilidade,2026-09-25 09:37:00,515450073582862612757456
UE2015 (Anterior),FEIRA DE SANTANA,155,124,1765730,COLÉGIO ESTADUAL SANTO ANTÔNIO,RUA CONEGO CUPERTINO LACERDA S/N - ZONA URBANA,BRASÍLIA,44001001,-12.2663796,-38.9487148,355,Sem acessibilidade,2026-09-25 09:46:00,707369372101076283412229
UE2015 (Anterior),FEIRA DE SANTANA,155,125,1764909,COLÉGIO ESTADUAL SANTO ANTÔNIO,RUA CONEGO CUPERTINO LACERDA S/N - ZONA URBANA,BRASÍLIA,44001001,-12.2663796,-38.9487148,357,Sem acessibilidade,2026-09-25 09:56:00,81107861239548117072088
UE2015 (Anterior),FEIRA DE SANTANA,155,126,1793083,COLÉGIO ESTADUAL SANTO ANTÔNIO,RUA CONEGO CUPERTINO LACERDA S/N - ZONA URBANA,BRASÍLIA,44001001,-12.2663796,-38.9487148,355,Sem acessibilidade,2026-09-25 10:23:00,687167576799744828958244
UE2015 (Anterior),FEIRA DE SANTANA,155,127,1765609,COLÉGIO ESTADUAL SANTO ANTÔNIO,RUA CONEGO CUPERTINO LACERDA S/N - ZONA URBANA,BRASÍLIA,44001001,-12.2663796,-38.9487148,357,Sem acessibilidade,2026-09-25 10:33:00,727571726403877560228915
UE2015 (Anterior),FEIRA DE SANTANA,155,128,1763562,FAT - FACULDADE ANÍSIO TEIXEIRA,"RUA BRIGADEIRO EDUARDO GOMES, 359- PONTO CENTRAL - ZONA URBANA",CAPUCHINHOS,44075525,-12.2580128,-38.9521986,295,Com acessibilidade,2026-09-25 14:40:00,666965773697138321815484
UE2015 (Anterior),FEIRA DE SANTANA,155,129,1768815,FAT - FACULDADE ANÍSIO TEIXEIRA,"RUA BRIGADEIRO EDUARDO GOMES, 359- PONTO CENTRAL - ZONA URBANA",CAPUCHINHOS,44075525,-12.2580128,-38.9521986,295,Com acessibilidade,2026-09-25 14:49:00,565955786487663100459996
UE2015 (Anterior),FEIRA DE SANTANA,155,130,1837356,FAT - FACULDADE ANÍSIO TEIXEIRA,"RUA BRIGADEIRO EDUARDO GOMES, 359- PONTO CENTRAL - ZONA URBANA",CAPUCHINHOS,44075525,-12.2580128,-38.9521986,295,Com acessibilidade,2026-09-25 14:58:00,333632632464450411084818
UE2015 (Anterior),FEIRA DE SANTANA,155,131,1764350,FAT - FACULDADE ANÍSIO TEIXEIRA,"RUA BRIGADEIRO EDUARDO GOMES, 359- PONTO CENTRAL - ZONA URBANA",CAPUCHINHOS,44075525,-12.2580128,-38.9521986,295,Com acessibilidade,2026-09-25 15:07:00,525551938883235922333496
UE2015 (Anterior),FEIRA DE SANTANA,155,132,1750912,FAT - FACULDADE ANÍSIO TEIXEIRA,"RUA BRIGADEIRO EDUARDO GOMES, 359- PONTO CENTRAL - ZONA URBANA",CAPUCHINHOS,44075525,-12.2580128,-38.9521986,293,Sem acessibilidade,2026-09-25 15:17:00,909389429521706578037151
UE2015 (Anterior),FEIRA DE SANTANA,155,133,1764446,FAT - FACULDADE ANÍSIO TEIXEIRA,"RUA BRIGADEIRO EDUARDO GOMES, 359- PONTO CENTRAL - ZONA URBANA",CAPUCHINHOS,44075525,-12.2580128,-38.9521986,295,Sem acessibilidade,2026-09-25 15:26:00,788177416409609838759581
UE2015 (Anterior),FEIRA DE SANTANA,155,134,1759944,FAT - FACULDADE ANÍSIO TEIXEIRA,"RUA BRIGADEIRO EDUARDO GOMES, 359- PONTO CENTRAL - ZONA URBANA",CAPUCHINHOS,44075525,-12.2580128,-38.9521986,296,Sem acessibilidade,2026-09-25 15:35:00,81107824539925538308735
UE2015 (Anterior),FEIRA DE SANTANA,155,135,1766446,FAT - FACULDADE ANÍSIO TEIXEIRA,"RUA BRIGADEIRO EDUARDO GOMES, 359- PONTO CENTRAL - ZONA URBANA",CAPUCHINHOS,44075525,-12.2580128,-38.9521986,295,Sem acessibilidade,2026-09-25 15:44:00,161915012047028978317491
UE2015 (Anterior),FEIRA DE SANTANA,155,136,1766396,ESCOLA MUNICIPAL PROFA ECILDA RAMOS DE SOUZA,RUA ADENIL FALCAO S/N - ZONA URBANA,BRASÍLIA,44075970,-12.2714505,-38.9511256,403,Sem acessibilidade,2026-09-25 11:28:00,666965621884182124720843
UE2015 (Anterior),FEIRA DE SANTANA,155,137,1769600,ESCOLA MUNICIPAL PROFA ECILDA RAMOS DE SOUZA,RUA ADENIL FALCAO S/N - ZONA URBANA,BRASÍLIA,44075970,-12.2714505,-38.9511256,401,Sem acessibilidade,2026-09-25 11:37:00,757874822293298256249964
UE2015 (Anterior),FEIRA DE SANTANA,155,138,1766467,ESCOLA MUNICIPAL PROFA ECILDA RAMOS DE SOUZA,RUA ADENIL FALCAO S/N - ZONA URBANA,BRASÍLIA,44075970,-12.2714505,-38.9511256,397,Sem acessibilidade,2026-09-25 11:48:00,71006254225774086961013
UE2015 (Anterior),FEIRA DE SANTANA,155,139,1766848,ESCOLA MUNICIPAL PROFA ECILDA RAMOS DE SOUZA,RUA ADENIL FALCAO S/N - ZONA URBANA,BRASÍLIA,44075970,-12.2714505,-38.9511256,399,Sem acessibilidade,2026-09-25 11:58:00,121511416230919618989883
UE2015 (Anterior),FEIRA DE SANTANA,155,140,1765808,COLÉGIO ESTADUAL DE TEMPO INTEGRAL PROFA CÉLIA SANTOS ANDRADE,AVENIDA DOUOTOR EDUARDO FROES DA MOTA  S/N - ZONA URBANA,35 BI,44065240,-12.2783539,-38.9413039,90,Sem acessibilidade,2026-09-25 13:45:00,980197359516693024352122
UE2015 (Anterior),FEIRA DE SANTANA,155,144,1766044,COLÉGIO ESTADUAL DE TEMPO INTEGRAL PROFA CÉLIA SANTOS ANDRADE,AVENIDA DOUOTOR EDUARDO FROES DA MOTA  S/N - ZONA URBANA,35 BI,44065240,-12.2783539,-38.9413039,92,Sem acessibilidade,2026-09-25 13:54:00,343733159252079905900201
UE2015 (Anterior),FEIRA DE SANTANA,155,148,1835511,COLÉGIO ESTADUAL DE TEMPO INTEGRAL PROFA CÉLIA SANTOS ANDRADE,AVENIDA DOUOTOR EDUARDO FROES DA MOTA  S/N - ZONA URBANA,35 BI,44065240,-12.2783539,-38.9413039,92,Sem acessibilidade,2026-09-25 14:04:00,949793199212339548101861
UE2015 (Anterior),FEIRA DE SANTANA,155,149,1825836,ESCOLA MUNICIPAL REITOR EDGAR SANTOS,CONJUNTO JOAO MARINHO FALCAO - ZONA URBANA,JOMAFA,44075970,-12.2789304,-38.9486586,177,Sem acessibilidade,2026-09-25 12:38:00,848783205902568691878522
UE2015 (Anterior),FEIRA DE SANTANA,155,151,1822634,ESCOLA MUNICIPAL REITOR EDGAR SANTOS,CONJUNTO JOAO MARINHO FALCAO - ZONA URBANA,JOMAFA,44075970,-12.2789304,-38.9486586,179,Sem acessibilidade,2026-09-25 12:49:00,959894501113833020135705
UE2015 (Anterior),FEIRA DE SANTANA,155,153,1837970,ESCOLA MUNICIPAL REITOR EDGAR SANTOS,CONJUNTO JOAO MARINHO FALCAO - ZONA URBANA,JOMAFA,44075970,-12.2789304,-38.9486586,180,Sem acessibilidade,2026-09-25 13:00:00,161915931734166591749321
UE2015 (Anterior),FEIRA DE SANTANA,155,155,1761981,ESCOLA MUNICIPAL REITOR EDGAR SANTOS,CONJUNTO JOAO MARINHO FALCAO - ZONA URBANA,JOMAFA,44075970,-12.2789304,-38.9486586,178,Sem acessibilidade,2026-09-25 13:14:00,545753534772919940246318
UE2015 (Anterior),FEIRA DE SANTANA,155,157,1772920,ESCOLA MUNICIPAL REITOR EDGAR SANTOS,CONJUNTO JOAO MARINHO FALCAO - ZONA URBANA,JOMAFA,44075970,-12.2789304,-38.9486586,179,Sem acessibilidade,2026-09-25 13:25:00,353834567353887919833508
UE2015 (Anterior),FEIRA DE SANTANA,155,172,1774949,ESCOLA MUNICIPAL PROFA ECILDA RAMOS DE SOUZA,RUA ADENIL FALCAO S/N - ZONA URBANA,BRASÍLIA,44075970,-12.2714505,-38.9511256,401,Sem acessibilidade,2026-09-25 12:08:00,757874553493203046884370
UE2015 (Anterior),FEIRA DE SANTANA,155,173,1839302,COLÉGIO ESTADUAL ODORICO TAVARES,"RUA JAPAO, S/N - ZONA URBANA",CASEB,44026000,-12.2456903,-38.9477271,384,Sem acessibilidade,2026-09-25 12:50:00,666965578438006073821870
UE2015 (Anterior),FEIRA DE SANTANA,155,174,1760289,ESCOLA MUNICIPAL JOÃO DURVAL CARNEIRO,AVENIDA JOAO DURVAL CARNEIRO SN - ZONA URBANA,CASEB,44037000,-12.2354391,-38.9450518,347,Sem acessibilidade,2026-09-25 10:33:00,303329323723457851965430
UE2015 (Anterior),FEIRA DE SANTANA,155,176,1809959,UNEF - UNIDADE DE ENSINO SUPERIOR DE FEIRA DE SANTANA,"AVENIDA LUIS EDUARDO MAGALHÃES, S/N",SUBAÉ,44079002,-12.2750475,-38.9339365,323,Sem acessibilidade,2026-09-25 13:24:00,394238638484857969443416
UE2015 (Anterior),FEIRA DE SANTANA,155,177,1809639,COLÉGIO ESTADUAL ODORICO TAVARES,"RUA JAPAO, S/N - ZONA URBANA",CASEB,44026000,-12.2456903,-38.9477271,391,Sem acessibilidade,2026-09-25 12:59:00,889187239060852654265205
UE2015 (Anterior),FEIRA DE SANTANA,155,178,1766765,COLÉGIO ESTADUAL SANTO ANTÔNIO,RUA CONEGO CUPERTINO LACERDA S/N - ZONA URBANA,BRASÍLIA,44001001,-12.2663796,-38.9487148,359,Sem acessibilidade,2026-09-25 10:43:00,969995423427203262910834
UE2015 (Anterior),FEIRA DE SANTANA,155,179,1768352,FAT - FACULDADE ANÍSIO TEIXEIRA,"RUA BRIGADEIRO EDUARDO GOMES, 359- PONTO CENTRAL - ZONA URBANA",CAPUCHINHOS,44075525,-12.2580128,-38.9521986,295,Sem acessibilidade,2026-09-25 15:53:00,50804629536939684004594
UE2015 (Anterior),FEIRA DE SANTANA,155,180,1757055,COLÉGIO ESTADUAL ODORICO TAVARES,"RUA JAPAO, S/N - ZONA URBANA",CASEB,44026000,-12.2456903,-38.9477271,381,Sem acessibilidade,2026-09-25 13:09:00,262925910298897877840161
UE2015 (Anterior),FEIRA DE SANTANA,155,182,1766959,COLÉGIO ESTADUAL DE TEMPO INTEGRAL PROFA CÉLIA SANTOS ANDRADE,AVENIDA DOUOTOR EDUARDO FROES DA MOTA  S/N - ZONA URBANA,35 BI,44065240,-12.2783539,-38.9413039,228,Sem acessibilidade,2026-09-25 14:14:00,262925130344741025666735
UE2015 (Anterior),FEIRA DE SANTANA,155,183,1840381,ESCOLA MUNICIPAL JOÃO DURVAL CARNEIRO,AVENIDA JOAO DURVAL CARNEIRO SN - ZONA URBANA,CASEB,44037000,-12.2354391,-38.9450518,343,Sem acessibilidade,2026-09-25 10:43:00,434642417036670095592926
UE2015 (Anterior),FEIRA DE SANTANA,155,184,1765397,UNEF - UNIDADE DE ENSINO SUPERIOR DE FEIRA DE SANTANA,"AVENIDA LUIS EDUARDO MAGALHÃES, S/N",SUBAÉ,44079002,-12.2750475,-38.9339365,324,Sem acessibilidade,2026-09-25 13:34:00,394238489184947595020477
UE2015 (Anterior),FEIRA DE SANTANA,155,185,1764694,COLÉGIO ESTADUAL ROTARY DE FEIRA DE SANTANA,"RUA JOÃO SAMPAIO MACHADO, N 235 - ZONA URBANA",CAPUCHINHOS,44052200,-12.2595411,-38.9487136,400,Sem acessibilidade,2026-09-25 14:12:00,121511324957463618946343
UE2015 (Anterior),FEIRA DE SANTANA,155,186,1766992,CEEP - CENTRO  ESTADUAL DE EDUCAÇÃO PROFISSIONAL ÁUREO DE O. FILHO,RUA BRUXELAS S/N - ZONA URBANA,SANTA MONICA,44077790,-12.263088,-38.9365527,391,Sem acessibilidade,2026-09-25 12:56:00,273026588520031808720810
UE2015 (Anterior),FEIRA DE SANTANA,155,187,1763515,FAT - FACULDADE ANÍSIO TEIXEIRA,"RUA BRIGADEIRO EDUARDO GOMES, 359- PONTO CENTRAL - ZONA URBANA",CAPUCHINHOS,44075525,-12.2580128,-38.9521986,296,Sem acessibilidade,2026-09-25 16:02:00,232622656554709048856056
UE2015 (Anterior),FEIRA DE SANTANA,155,188,1836633,COLEGIO ESTADUAL JUIZ JORGE FARIAS GOES,RUA MOGI DAS CRUZES S/N - ZONA URBANA,CAMPO DO GADO VELHO,44038290,-12.2371078,-38.951951,249,Sem acessibilidade,2026-09-25 10:44:00,515450040523822306386560
UE2015 (Anterior),FEIRA DE SANTANA,155,190,1751732,ESCOLA MUNICIPAL PROFESSORA MARIA JOSÉ DANTAS CARNEIRO,"RUA SAO VALENTIM, N 41 - ZONA URBANA",CASEB,44040700,-12.2426089,-38.9430952,254,Sem acessibilidade,2026-09-25 15:31:00,323531045404888784313029
UE2015 (Anterior),FEIRA DE SANTANA,155,191,1761030,ESCOLA MUNICIPAL HELENA ASSIS SUZART,"RUA VISCONDE DE MAUA, N 439 - ZONA URBANA",ESTAÇÃO NOVA,44045330,-12.246533,-38.9446735,397,Sem acessibilidade,2026-09-25 14:25:00,919490745763554903047885
UE2015 (Anterior),FEIRA DE SANTANA,155,192,1809911,COLÉGIO ESTADUAL PROFESSORA TECLA MELLO,"AVENIDA CENTENARIO, 697 - ZONA URBANA",SIM,44085132,-12.2549654,-38.9253119,399,Sem acessibilidade,2026-09-25 11:08:00,545753488372880614748716
UE2015 (Anterior),FEIRA DE SANTANA,155,193,1753786,COLÉGIO ESTADUAL SANTO ANTÔNIO,RUA CONEGO CUPERTINO LACERDA S/N - ZONA URBANA,BRASÍLIA,44001001,-12.2663796,-38.9487148,355,Sem acessibilidade,2026-09-25 10:52:00,101309154141362678646076
UE2015 (Anterior),FEIRA DE SANTANA,155,194,1758869,ESCOLA MUNICIPAL JOÃO DURVAL CARNEIRO,AVENIDA JOAO DURVAL CARNEIRO SN - ZONA URBANA,CASEB,44037000,-12.2354391,-38.9450518,347,Sem acessibilidade,2026-09-25 10:53:00,172016330510500606154102
UE2015 (Anterior),FEIRA DE SANTANA,155,195,1768916,COLÉGIO ESTADUAL ROTARY DE FEIRA DE SANTANA,"RUA JOÃO SAMPAIO MACHADO, N 235 - ZONA URBANA",CAPUCHINHOS,44052200,-12.2595411,-38.9487136,399,Sem acessibilidade,2026-09-25 14:22:00,434642706788867844590023
UE2015 (Anterior),FEIRA DE SANTANA,155,196,1767431,UNEF - UNIDADE DE ENSINO SUPERIOR DE FEIRA DE SANTANA,"AVENIDA LUIS EDUARDO MAGALHÃES, S/N",SUBAÉ,44079002,-12.2750475,-38.9339365,315,Com acessibilidade,2026-09-25 13:43:00,980197365543558223155246
UE2015 (Anterior),FEIRA DE SANTANA,155,197,1769606,ESCOLA MUNICIPAL DOUTOR NILTON BELLAS VIEIRA,RUA VIRGINOPOLIS S/N - ZONA URBANA,PARQUE GETÚLIO VARGAS,44042230,-12.2523475,-38.9348743,379,Sem acessibilidade,2026-09-25 09:41:00,555854045673576429251378
UE2015 (Anterior),FEIRA DE SANTANA,155,198,1756339,FAT - FACULDADE ANÍSIO TEIXEIRA,"RUA BRIGADEIRO EDUARDO GOMES, 359- PONTO CENTRAL - ZONA URBANA",CAPUCHINHOS,44075525,-12.2580128,-38.9521986,294,Sem acessibilidade,2026-09-25 16:11:00,798278398110284687492308
UE2015 (Anterior),FEIRA DE SANTANA,155,199,1766923,ESCOLA MUNICIPAL PROFA ECILDA RAMOS DE SOUZA,RUA ADENIL FALCAO S/N - ZONA URBANA,BRASÍLIA,44075970,-12.2714505,-38.9511256,402,Sem acessibilidade,2026-09-25 12:18:00,121511830230660027837160
UE2015 (Anterior),FEIRA DE SANTANA,155,200,1825807,COLÉGIO ESTADUAL DE TEMPO INTEGRAL PROFA CÉLIA SANTOS ANDRADE,AVENIDA DOUOTOR EDUARDO FROES DA MOTA  S/N - ZONA URBANA,35 BI,44065240,-12.2783539,-38.9413039,225,Sem acessibilidade,2026-09-25 14:23:00,646763821582149446609648
UE2015 (Anterior),FEIRA DE SANTANA,155,201,1754325,UNEF - UNIDADE DE ENSINO SUPERIOR DE FEIRA DE SANTANA,"AVENIDA LUIS EDUARDO MAGALHÃES, S/N",SUBAÉ,44079002,-12.2750475,-38.9339365,315,Sem acessibilidade,2026-09-25 13:53:00,141713435159805526237208
UE2015 (Anterior),FEIRA DE SANTANA,155,202,1838462,COLÉGIO ESTADUAL ROTARY DE FEIRA DE SANTANA,"RUA JOÃO SAMPAIO MACHADO, N 235 - ZONA URBANA",CAPUCHINHOS,44052200,-12.2595411,-38.9487136,398,Sem acessibilidade,2026-09-25 14:31:00,576056973902025287525984
UE2015 (Anterior),FEIRA DE SANTANA,155,203,1790136,COLEGIO ESTADUAL JUIZ JORGE FARIAS GOES,RUA MOGI DAS CRUZES S/N - ZONA URBANA,CAMPO DO GADO VELHO,44038290,-12.2371078,-38.951951,245,Sem acessibilidade,2026-09-25 11:06:00,303329818102503812851467
UE2015 (Anterior),FEIRA DE SANTANA,155,205,1768128,UNEX,"AVENIDA ARTÊMIA PIRES FREITAS, S/N - ZONA URBANA",SIM,44085370,-12.2464256,-38.9248203,352,Com acessibilidade,2026-09-25 15:13:00,303329032723820551322378
UE2015 (Anterior),FEIRA DE SANTANA,155,206,1783497,COLÉGIO ESTADUAL SANTO ANTÔNIO,RUA CONEGO CUPERTINO LACERDA S/N - ZONA URBANA,BRASÍLIA,44001001,-12.2663796,-38.9487148,358,Sem acessibilidade,2026-09-25 11:01:00,788177624109636237319092
UE2015 (Anterior),FEIRA DE SANTANA,155,207,1767359,COLÉGIO ESTADUAL DE TEMPO INTEGRAL PROFA CÉLIA SANTOS ANDRADE,AVENIDA DOUOTOR EDUARDO FROES DA MOTA  S/N - ZONA URBANA,35 BI,44065240,-12.2783539,-38.9413039,226,Sem acessibilidade,2026-09-25 14:33:00,485147439266077532709035
UE2015 (Anterior),FEIRA DE SANTANA,155,208,1769003,ESCOLA MUNICIPAL HELENA ASSIS SUZART,"RUA VISCONDE DE MAUA, N 439 - ZONA URBANA",ESTAÇÃO NOVA,44045330,-12.246533,-38.9446735,396,Sem acessibilidade,2026-09-25 14:34:00,10400073373674386190406
UE2015 (Anterior),FEIRA DE SANTANA,155,209,1793184,COLÉGIO ESTADUAL ROTARY DE FEIRA DE SANTANA,"RUA JOÃO SAMPAIO MACHADO, N 235 - ZONA URBANA",CAPUCHINHOS,44052200,-12.2595411,-38.9487136,397,Sem acessibilidade,2026-09-25 14:41:00,970096141242512669992023
UE2015 (Anterior),FEIRA DE SANTANA,155,210,1766830,ESCOLA MUNICIPAL REITOR EDGAR SANTOS,CONJUNTO JOAO MARINHO FALCAO - ZONA URBANA,JOMAFA,44075970,-12.2789304,-38.9486586,177,Sem acessibilidade,2026-09-25 13:35:00,313430569849931203084362
UE2015 (Anterior),FEIRA DE SANTANA,155,212,1754086,ESCOLA MUNICIPAL HORÁCIO SILVA BASTOS,"RUA PIRACICABA, S/N - ZONA URBANA",CASEB,44001001,-12.2399871,-38.9435539,391,Sem acessibilidade,2026-09-25 13:47:00,788177256950631293462254
UE2015 (Anterior),FEIRA DE SANTANA,155,213,1764427,UNEX,"AVENIDA ARTÊMIA PIRES FREITAS, S/N - ZONA URBANA",SIM,44085370,-12.2464256,-38.9248203,356,Com acessibilidade,2026-09-25 15:24:00,555854132848237232030660
UE2015 (Anterior),FEIRA DE SANTANA,155,214,1836565,COLÉGIO ESTADUAL SANTO ANTÔNIO,RUA CONEGO CUPERTINO LACERDA S/N - ZONA URBANA,BRASÍLIA,44001001,-12.2663796,-38.9487148,357,Sem acessibilidade,2026-09-25 11:10:00,697268386700561579635051
UE2015 (Anterior),FEIRA DE SANTANA,155,215,1762245,UNEX,"AVENIDA ARTÊMIA PIRES FREITAS, S/N - ZONA URBANA",SIM,44085370,-12.2464256,-38.9248203,357,Com acessibilidade,2026-09-25 15:34:00,30602834896806887541339
UE2015 (Anterior),FEIRA DE SANTANA,155,216,1762923,ESCOLA MUNICIPAL HELENA ASSIS SUZART,"RUA VISCONDE DE MAUA, N 439 - ZONA URBANA",ESTAÇÃO NOVA,44045330,-12.246533,-38.9446735,398,Sem acessibilidade,2026-09-25 14:44:00,980197895270732317354521
UE2015 (Anterior),FEIRA DE SANTANA,155,217,1840311,COLÉGIO ESTADUAL ROTARY DE FEIRA DE SANTANA,"RUA JOÃO SAMPAIO MACHADO, N 235 - ZONA URBANA",CAPUCHINHOS,44052200,-12.2595411,-38.9487136,400,Sem acessibilidade,2026-09-25 14:50:00,273026297772833312576465
UE2015 (Anterior),FEIRA DE SANTANA,155,219,1768772,FAT - FACULDADE ANÍSIO TEIXEIRA,"RUA BRIGADEIRO EDUARDO GOMES, 359- PONTO CENTRAL - ZONA URBANA",CAPUCHINHOS,44075525,-12.2580128,-38.9521986,293,Sem acessibilidade,2026-09-25 16:20:00,414440658172922601551706
UE2015 (Anterior),FEIRA DE SANTANA,155,220,1773882,FAT - FACULDADE ANÍSIO TEIXEIRA,"RUA BRIGADEIRO EDUARDO GOMES, 359- PONTO CENTRAL - ZONA URBANA",CAPUCHINHOS,44075525,-12.2580128,-38.9521986,292,Sem acessibilidade,2026-09-25 16:30:00,990298312330592055837693
UE2015 (Anterior),FEIRA DE SANTANA,155,221,1766472,FAT - FACULDADE ANÍSIO TEIXEIRA,"RUA BRIGADEIRO EDUARDO GOMES, 359- PONTO CENTRAL - ZONA URBANA",CAPUCHINHOS,44075525,-12.2580128,-38.9521986,293,Sem acessibilidade,2026-09-25 16:39:00,464945894777690209190433
UE2015 (Anterior),FEIRA DE SANTANA,155,222,1767035,FAT - FACULDADE ANÍSIO TEIXEIRA,"RUA BRIGADEIRO EDUARDO GOMES, 359- PONTO CENTRAL - ZONA URBANA",CAPUCHINHOS,44075525,-12.2580128,-38.9521986,296,Sem acessibilidade,2026-09-25 16:48:00,182117728349430058420504
UE2015 (Anterior),FEIRA DE SANTANA,155,223,1810699,FAT - FACULDADE ANÍSIO TEIXEIRA,"RUA BRIGADEIRO EDUARDO GOMES, 359- PONTO CENTRAL - ZONA URBANA",CAPUCHINHOS,44075525,-12.2580128,-38.9521986,303,Sem acessibilidade,2026-09-25 13:43:00,616460265915188886922354
UE2015 (Anterior),FEIRA DE SANTANA,155,224,1764978,FAT - FACULDADE ANÍSIO TEIXEIRA,"RUA BRIGADEIRO EDUARDO GOMES, 359- PONTO CENTRAL - ZONA URBANA",CAPUCHINHOS,44075525,-12.2580128,-38.9521986,297,Sem acessibilidade,2026-09-25 13:54:00,182117949072918343457574
UE2015 (Anterior),FEIRA DE SANTANA,155,225,1810192,COLÉGIO ESTADUAL DE TEMPO INTEGRAL PROFA CARMINDA MASCARENHAS VIEIRA,"RUA CASTRO ALVES, S/N - ZONA URBANA",SERRARIA BRASIL,44003198,-12.2636183,-38.9620939,257,Sem acessibilidade,2026-09-25 14:43:00,394238263957074095291479
UE2015 (Anterior),FEIRA DE SANTANA,155,226,1766189,COLÉGIO ESTADUAL DE TEMPO INTEGRAL PROFA CARMINDA MASCARENHAS VIEIRA,"RUA CASTRO ALVES, S/N - ZONA URBANA",SERRARIA BRASIL,44003198,-12.2636183,-38.9620939,258,Sem acessibilidade,2026-09-25 14:52:00,30602015721731318580364
UE2015 (Anterior),FEIRA DE SANTANA,155,227,1841854,COLÉGIO ESTADUAL DE TEMPO INTEGRAL PROFA CARMINDA MASCARENHAS VIEIRA,"RUA CASTRO ALVES, S/N - ZONA URBANA",SERRARIA BRASIL,44003198,-12.2636183,-38.9620939,257,Sem acessibilidade,2026-09-25 15:02:00,899288985407256252951874
UE2015 (Anterior),FEIRA DE SANTANA,155,228,1763285,COLÉGIO ESTADUAL DE TEMPO INTEGRAL PROFA CARMINDA MASCARENHAS VIEIRA,"RUA CASTRO ALVES, S/N - ZONA URBANA",SERRARIA BRASIL,44003198,-12.2636183,-38.9620939,257,Sem acessibilidade,2026-09-25 15:12:00,646763846282097710600702
UE2015 (Anterior),FEIRA DE SANTANA,155,229,1762009,COLÉGIO ESTADUAL DE TEMPO INTEGRAL PROFA CARMINDA MASCARENHAS VIEIRA,"RUA CASTRO ALVES, S/N - ZONA URBANA",SERRARIA BRASIL,44003198,-12.2636183,-38.9620939,259,Sem acessibilidade,2026-09-25 15:22:00,949793251712481101503477
UE2015 (Anterior),FEIRA DE SANTANA,155,230,1766847,COLÉGIO ESTADUAL DE TEMPO INTEGRAL PROFA CARMINDA MASCARENHAS VIEIRA,"RUA CASTRO ALVES, S/N - ZONA URBANA",SERRARIA BRASIL,44003198,-12.2636183,-38.9620939,253,Sem acessibilidade,2026-09-25 15:32:00,747773131592378193219432
UE2015 (Anterior),FEIRA DE SANTANA,155,231,1769039,COLÉGIO ESTADUAL DE TEMPO INTEGRAL PROFA CARMINDA MASCARENHAS VIEIRA,"RUA CASTRO ALVES, S/N - ZONA URBANA",SERRARIA BRASIL,44003198,-12.2636183,-38.9620939,256,Sem acessibilidade,2026-09-25 15:41:00,91208592827744742071488
UE2015 (Anterior),FEIRA DE SANTANA,155,232,1764945,COLÉGIO ESTADUAL DE TEMPO INTEGRAL PROFA CARMINDA MASCARENHAS VIEIRA,"RUA CASTRO ALVES, S/N - ZONA URBANA",SERRARIA BRASIL,44003198,-12.2636183,-38.9620939,255,Sem acessibilidade,2026-09-25 15:51:00,374036984955119354264887
UE2015 (Anterior),FEIRA DE SANTANA,155,233,1766512,COLÉGIO ESTADUAL DE TEMPO INTEGRAL PROFA CARMINDA MASCARENHAS VIEIRA,"RUA CASTRO ALVES, S/N - ZONA URBANA",SERRARIA BRASIL,44003198,-12.2636183,-38.9620939,257,Sem acessibilidade,2026-09-25 16:00:00,30602754521366741188649
UE2015 (Anterior),FEIRA DE SANTANA,155,234,1764281,COLÉGIO ESTADUAL DE TEMPO INTEGRAL PROFA CARMINDA MASCARENHAS VIEIRA,"RUA CASTRO ALVES, S/N - ZONA URBANA",SERRARIA BRASIL,44003198,-12.2636183,-38.9620939,257,Sem acessibilidade,2026-09-25 16:11:00,697268524087184481870587
UE2015 (Anterior),FEIRA DE SANTANA,155,235,1766960,COLÉGIO ESTADUAL DE TEMPO INTEGRAL PROFA CARMINDA MASCARENHAS VIEIRA,"RUA CASTRO ALVES, S/N - ZONA URBANA",SERRARIA BRASIL,44003198,-12.2636183,-38.9620939,258,Sem acessibilidade,2026-09-25 16:20:00,737672678091243113847864
UE2015 (Anterior),FEIRA DE SANTANA,155,236,1763874,COLÉGIO ESTADUAL DE TEMPO INTEGRAL PROFA CARMINDA MASCARENHAS VIEIRA,"RUA CASTRO ALVES, S/N - ZONA URBANA",SERRARIA BRASIL,44003198,-12.2636183,-38.9620939,257,Sem acessibilidade,2026-09-25 16:29:00,697268748987835645129343
UE2015 (Anterior),FEIRA DE SANTANA,155,237,1805464,COLÉGIO ESTADUAL DE TEMPO INTEGRAL PROFA CARMINDA MASCARENHAS VIEIRA,"RUA CASTRO ALVES, S/N - ZONA URBANA",SERRARIA BRASIL,44003198,-12.2636183,-38.9620939,257,Sem acessibilidade,2026-09-25 16:39:00,515450679169748913587447
UE2015 (Anterior),FEIRA DE SANTANA,155,238,1806770,COLÉGIO ESTADUAL DE TEMPO INTEGRAL PROFA CARMINDA MASCARENHAS VIEIRA,"RUA CASTRO ALVES, S/N - ZONA URBANA",SERRARIA BRASIL,44003198,-12.2636183,-38.9620939,256,Sem acessibilidade,2026-09-25 16:48:00,182117456336434696699634
UE2015 (Anterior),FEIRA DE SANTANA,155,239,1765379,COLÉGIO ESTADUAL DURVALINA CARNEIRO,"RUA VALENTIM ALVES CERQUEIRA, S/N - ZONA URBANA",SANTO ANTÔNIO DOS PRAZERES,44026000,-12.2445095,-38.9331837,382,Sem acessibilidade,2026-09-25 16:58:00,889187263606220501230837
UE2015 (Anterior),FEIRA DE SANTANA,155,240,1766841,COLÉGIO ESTADUAL DURVALINA CARNEIRO,"RUA VALENTIM ALVES CERQUEIRA, S/N - ZONA URBANA",SANTO ANTÔNIO DOS PRAZERES,44026000,-12.2445095,-38.9331837,377,Sem acessibilidade,2026-09-25 16:19:00,192218650641248120732936
UE2015 (Anterior),FEIRA DE SANTANA,155,241,1765098,COLÉGIO ESTADUAL DURVALINA CARNEIRO,"RUA VALENTIM ALVES CERQUEIRA, S/N - ZONA URBANA",SANTO ANTÔNIO DOS PRAZERES,44026000,-12.2445095,-38.9331837,386,Sem acessibilidade,2026-09-25 16:29:00,374036947759517471805985
UE2015 (Anterior),FEIRA DE SANTANA,155,242,1764273,COLÉGIO ESTADUAL DURVALINA CARNEIRO,"RUA VALENTIM ALVES CERQUEIRA, S/N - ZONA URBANA",SANTO ANTÔNIO DOS PRAZERES,44026000,-12.2445095,-38.9331837,383,Sem acessibilidade,2026-09-25 16:39:00,959894637317183316141869
UE2015 (Anterior),FEIRA DE SANTANA,155,243,1805632,COLÉGIO ESTADUAL DURVALINA CARNEIRO,"RUA VALENTIM ALVES CERQUEIRA, S/N - ZONA URBANA",SANTO ANTÔNIO DOS PRAZERES,44026000,-12.2445095,-38.9331837,389,Sem acessibilidade,2026-09-25 13:58:00,414440204463424294144745
UE2015 (Anterior),FEIRA DE SANTANA,155,244,1766869,COLÉGIO ESTADUAL DURVALINA CARNEIRO,"RUA VALENTIM ALVES CERQUEIRA, S/N - ZONA URBANA",SANTO ANTÔNIO DOS PRAZERES,44026000,-12.2445095,-38.9331837,386,Sem acessibilidade,2026-09-25 14:08:00,30602938425708293829114
UE2015 (Anterior),FEIRA DE SANTANA,155,245,1753330,COLÉGIO ESTADUAL DURVALINA CARNEIRO,"RUA VALENTIM ALVES CERQUEIRA, S/N - ZONA URBANA",SANTO ANTÔNIO DOS PRAZERES,44026000,-12.2445095,-38.9331837,389,Sem acessibilidade,2026-09-25 14:17:00,414440423563104029003166
UE2015 (Anterior),FEIRA DE SANTANA,155,246,1826030,COLÉGIO ESTADUAL DURVALINA CARNEIRO,"RUA VALENTIM ALVES CERQUEIRA, S/N - ZONA URBANA",SANTO ANTÔNIO DOS PRAZERES,44026000,-12.2445095,-38.9331837,384,Sem acessibilidade,2026-09-25 14:27:00,485147602270264268618015
UE2015 (Anterior),FEIRA DE SANTANA,155,247,1842219,COLÉGIO ESTADUAL DURVALINA CARNEIRO,"RUA VALENTIM ALVES CERQUEIRA, S/N - ZONA URBANA",SANTO ANTÔNIO DOS PRAZERES,44026000,-12.2445095,-38.9331837,373,Sem acessibilidade,2026-09-25 14:36:00,717470940493519302350618
UE2015 (Anterior),FEIRA DE SANTANA,155,248,1776667,COLÉGIO ESTADUAL DURVALINA CARNEIRO,"RUA VALENTIM ALVES CERQUEIRA, S/N - ZONA URBANA",SANTO ANTÔNIO DOS PRAZERES,44026000,-12.2445095,-38.9331837,388,Sem acessibilidade,2026-09-25 14:45:00,71006416729891099948140
UE2015 (Anterior),FEIRA DE SANTANA,155,249,1765987,COLÉGIO ESTADUAL DURVALINA CARNEIRO,"RUA VALENTIM ALVES CERQUEIRA, S/N - ZONA URBANA",SANTO ANTÔNIO DOS PRAZERES,44026000,-12.2445095,-38.9331837,376,Sem acessibilidade,2026-09-25 14:55:00,121511579534035038047418
UE2015 (Anterior),FEIRA DE SANTANA,155,250,1818292,ESCOLA MUNICIPAL SÃO FRANCISCO DE ASSIS,FAZENDA REGISTRO,REGISTRO,44115000,-12.2426743,-38.8815957,423,Sem acessibilidade,2026-09-25 13:17:00,151814689408739168681081
UE2015 (Anterior),FEIRA DE SANTANA,155,251,1766742,ESCOLA MUNICIPAL SÃO FRANCISCO DE ASSIS,FAZENDA REGISTRO,REGISTRO,44115000,-12.2426743,-38.8815957,423,Sem acessibilidade,2026-09-25 13:27:00,222521861115897112068720
UE2015 (Anterior),FEIRA DE SANTANA,155,252,1763258,ESCOLA CIVICO-MILITAR MUNICIPAL QUINZE DE NOVEMBRO,"RUA MARTINIANO FREIRA, S/N, SEDE - ZONA RURAL",DISTRITO DE JAÍBA,44115000,-12.2066077,-38.8688701,217,Sem acessibilidade,2026-09-25 15:30:00,677066425912169123942903
UE2015 (Anterior),FEIRA DE SANTANA,155,253,1765501,ESCOLA CIVICO-MILITAR MUNICIPAL QUINZE DE NOVEMBRO,"RUA MARTINIANO FREIRA, S/N, SEDE - ZONA RURAL",DISTRITO DE JAÍBA,44115000,-12.2066077,-38.8688701,215,Sem acessibilidade,2026-09-25 15:39:00,535652396698659466565620
UE2015 (Anterior),FEIRA DE SANTANA,155,254,1754142,ESCOLA MUNICIPAL AMBRÓSIO BISPO,FAZENDA RETIRO - ZONA RURAL,DISTRITO DE JAÍBA,44115000,-12.2077635,-38.8912279,414,Sem acessibilidade,2026-09-25 15:10:00,606359577805919903417304
UE2015 (Anterior),FEIRA DE SANTANA,155,255,1810443,ESCOLA MUNICIPAL AMBRÓSIO BISPO,FAZENDA RETIRO - ZONA RURAL,DISTRITO DE JAÍBA,44115000,-12.2077635,-38.8912279,418,Sem acessibilidade,2026-09-25 15:20:00,343733420979741062199919
UE2015 (Anterior),FEIRA DE SANTANA,155,256,1766833,ESCOLA CIVICO-MILITAR MUNICIPAL QUINZE DE NOVEMBRO,"RUA MARTINIANO FREIRA, S/N, SEDE - ZONA RURAL",DISTRITO DE JAÍBA,44115000,-12.2066077,-38.8688701,227,Sem acessibilidade,2026-09-25 15:49:00,990298189344200495453325
UE2015 (Anterior),FEIRA DE SANTANA,155,257,1764455,ESCOLA CIVICO-MILITAR MUNICIPAL QUINZE DE NOVEMBRO,"RUA MARTINIANO FREIRA, S/N, SEDE - ZONA RURAL",DISTRITO DE JAÍBA,44115000,-12.2066077,-38.8688701,225,Sem acessibilidade,2026-09-25 16:00:00,333632632178666232972600
UE2015 (Anterior),FEIRA DE SANTANA,155,258,1814531,ESCOLA CIVICO-MILITAR MUNICIPAL QUINZE DE NOVEMBRO,"RUA MARTINIANO FREIRA, S/N, SEDE - ZONA RURAL",DISTRITO DE JAÍBA,44115000,-12.2066077,-38.8688701,222,Sem acessibilidade,2026-09-25 16:09:00,161915570561124826910226
UE2015 (Anterior),FEIRA DE SANTANA,155,259,1838151,ESCOLA CIVICO-MILITAR MUNICIPAL QUINZE DE NOVEMBRO,"RUA MARTINIANO FREIRA, S/N, SEDE - ZONA RURAL",DISTRITO DE JAÍBA,44115000,-12.2066077,-38.8688701,232,Sem acessibilidade,2026-09-25 16:19:00,828581342327876077578590
UE2015 (Anterior),FEIRA DE SANTANA,155,260,1766213,ESCOLA CIVICO-MILITAR MUNICIPAL QUINZE DE NOVEMBRO,"RUA MARTINIANO FREIRA, S/N, SEDE - ZONA RURAL",DISTRITO DE JAÍBA,44115000,-12.2066077,-38.8688701,229,Sem acessibilidade,2026-09-25 16:28:00,778076370722843003423044
UE2015 (Anterior),FEIRA DE SANTANA,155,261,1763320,ESCOLA CIVICO-MILITAR MUNICIPAL QUINZE DE NOVEMBRO,"RUA MARTINIANO FREIRA, S/N, SEDE - ZONA RURAL",DISTRITO DE JAÍBA,44115000,-12.2066077,-38.8688701,225,Sem acessibilidade,2026-09-25 16:38:00,677066386112837956238908
UE2015 (Anterior),FEIRA DE SANTANA,155,262,1766658,ESCOLA CIVICO-MILITAR MUNICIPAL QUINZE DE NOVEMBRO,"RUA MARTINIANO FREIRA, S/N, SEDE - ZONA RURAL",DISTRITO DE JAÍBA,44115000,-12.2066077,-38.8688701,216,Sem acessibilidade,2026-09-25 16:47:00,939692754038118370595536
UE2015 (Anterior),FEIRA DE SANTANA,155,263,1775268,ESCOLA CIVICO-MILITAR MUNICIPAL QUINZE DE NOVEMBRO,"RUA MARTINIANO FREIRA, S/N, SEDE - ZONA RURAL",DISTRITO DE JAÍBA,44115000,-12.2066077,-38.8688701,225,Sem acessibilidade,2026-09-25 12:17:00,535652468583007753463316
UE2015 (Anterior),FEIRA DE SANTANA,155,264,1780048,ESCOLA CIVICO-MILITAR MUNICIPAL QUINZE DE NOVEMBRO,"RUA MARTINIANO FREIRA, S/N, SEDE - ZONA RURAL",DISTRITO DE JAÍBA,44115000,-12.2066077,-38.8688701,230,Sem acessibilidade,2026-09-25 12:26:00,555854591785046247782213
UE2015 (Anterior),FEIRA DE SANTANA,155,265,1791392,ESCOLA CIVICO-MILITAR MUNICIPAL QUINZE DE NOVEMBRO,"RUA MARTINIANO FREIRA, S/N, SEDE - ZONA RURAL",DISTRITO DE JAÍBA,44115000,-12.2066077,-38.8688701,222,Sem acessibilidade,2026-09-25 12:36:00,586157736288168466877886
UE2015 (Anterior),FEIRA DE SANTANA,155,266,1829069,COLÉGIO ESTADUAL TEMPO INTEGRAL PROFA ANA ALICE FIGUEREDO DOS SANTOS,"AV. JOÃO DURVAL CARNEIRO, S/N - ZONA URBANA",BRASÍLIA,44088126,-12.2709007,-38.9543752,231,Sem acessibilidade,2026-09-25 11:19:00,616460877692116071973192
UE2015 (Anterior),FEIRA DE SANTANA,155,267,1752976,COLÉGIO ESTADUAL TEMPO INTEGRAL PROFA ANA ALICE FIGUEREDO DOS SANTOS,"AV. JOÃO DURVAL CARNEIRO, S/N - ZONA URBANA",BRASÍLIA,44088126,-12.2709007,-38.9543752,230,Sem acessibilidade,2026-09-25 11:29:00,394238766470984407869368
UE2015 (Anterior),FEIRA DE SANTANA,155,268,1832335,COLÉGIO ESTADUAL TEMPO INTEGRAL PROFA ANA ALICE FIGUEREDO DOS SANTOS,"AV. JOÃO DURVAL CARNEIRO, S/N - ZONA URBANA",BRASÍLIA,44088126,-12.2709007,-38.9543752,233,Sem acessibilidade,2026-09-25 11:38:00,273026754258886276640247
UE2015 (Anterior),FEIRA DE SANTANA,155,269,1790052,COLÉGIO ESTADUAL TEMPO INTEGRAL PROFA ANA ALICE FIGUEREDO DOS SANTOS,"AV. JOÃO DURVAL CARNEIRO, S/N - ZONA URBANA",BRASÍLIA,44088126,-12.2709007,-38.9543752,229,Sem acessibilidade,2026-09-25 11:47:00,505349098081130689841976
UE2015 (Anterior),FEIRA DE SANTANA,155,270,1776280,COLÉGIO ESTADUAL TEMPO INTEGRAL PROFA ANA ALICE FIGUEREDO DOS SANTOS,"AV. JOÃO DURVAL CARNEIRO, S/N - ZONA URBANA",BRASÍLIA,44088126,-12.2709007,-38.9543752,230,Sem acessibilidade,2026-09-25 11:56:00,626561295393278205767781
UE2015 (Anterior),FEIRA DE SANTANA,155,271,1769615,COLÉGIO ESTADUAL TEMPO INTEGRAL PROFA ANA ALICE FIGUEREDO DOS SANTOS,"AV. JOÃO DURVAL CARNEIRO, S/N - ZONA URBANA",BRASÍLIA,44088126,-12.2709007,-38.9543752,232,Sem acessibilidade,2026-09-25 12:06:00,454844234876765505002621
UE2015 (Anterior),FEIRA DE SANTANA,155,272,1768718,COLÉGIO ESTADUAL TEMPO INTEGRAL PROFA ANA ALICE FIGUEREDO DOS SANTOS,"AV. JOÃO DURVAL CARNEIRO, S/N - ZONA URBANA",BRASÍLIA,44088126,-12.2709007,-38.9543752,231,Sem acessibilidade,2026-09-25 12:15:00,374036266568706030181283
UE2015 (Anterior),FEIRA DE SANTANA,155,273,1764362,COLÉGIO ESTADUAL TEMPO INTEGRAL PROFA ANA ALICE FIGUEREDO DOS SANTOS,"AV. JOÃO DURVAL CARNEIRO, S/N - ZONA URBANA",BRASÍLIA,44088126,-12.2709007,-38.9543752,228,Sem acessibilidade,2026-09-25 12:24:00,101309107541458248690454
UE2015 (Anterior),FEIRA DE SANTANA,155,274,1796287,COLÉGIO ESTADUAL TEMPO INTEGRAL PROFA ANA ALICE FIGUEREDO DOS SANTOS,"AV. JOÃO DURVAL CARNEIRO, S/N - ZONA URBANA",BRASÍLIA,44088126,-12.2709007,-38.9543752,231,Sem acessibilidade,2026-09-25 12:33:00,399117631374205735158
UE2015 (Anterior),FEIRA DE SANTANA,155,275,1835107,COLÉGIO ESTADUAL TEMPO INTEGRAL PROFA ANA ALICE FIGUEREDO DOS SANTOS,"AV. JOÃO DURVAL CARNEIRO, S/N - ZONA URBANA",BRASÍLIA,44088126,-12.2709007,-38.9543752,231,Sem acessibilidade,2026-09-25 12:43:00,737672958604195155041556
UE2015 (Anterior),FEIRA DE SANTANA,155,276,1761980,COLÉGIO ESTADUAL TEMPO INTEGRAL PROFA ANA ALICE FIGUEREDO DOS SANTOS,"AV. JOÃO DURVAL CARNEIRO, S/N - ZONA URBANA",BRASÍLIA,44088126,-12.2709007,-38.9543752,231,Sem acessibilidade,2026-09-25 12:53:00,10400348532560669712863
UE2015 (Anterior),FEIRA DE SANTANA,155,277,1765806,COLÉGIO ESTADUAL TEMPO INTEGRAL PROFA ANA ALICE FIGUEREDO DOS SANTOS,"AV. JOÃO DURVAL CARNEIRO, S/N - ZONA URBANA",BRASÍLIA,44088126,-12.2709007,-38.9543752,229,Sem acessibilidade,2026-09-25 13:03:00,717470155002923816402895
UE2015 (Anterior),FEIRA DE SANTANA,155,278,1752644,COLÉGIO ESTADUAL TEMPO INTEGRAL PROFA ANA ALICE FIGUEREDO DOS SANTOS,"AV. JOÃO DURVAL CARNEIRO, S/N - ZONA URBANA",BRASÍLIA,44088126,-12.2709007,-38.9543752,231,Sem acessibilidade,2026-09-25 13:13:00,444743999775742765035820
UE2015 (Anterior),FEIRA DE SANTANA,155,279,1759861,COLÉGIO ESTADUAL TEMPO INTEGRAL PROFA ANA ALICE FIGUEREDO DOS SANTOS,"AV. JOÃO DURVAL CARNEIRO, S/N - ZONA URBANA",BRASÍLIA,44088126,-12.2709007,-38.9543752,229,Sem acessibilidade,2026-09-25 13:23:00,141713803945537935648682
UE2015 (Anterior),FEIRA DE SANTANA,155,280,1763200,COLÉGIO ESTADUAL TEMPO INTEGRAL PROFA ANA ALICE FIGUEREDO DOS SANTOS,"AV. JOÃO DURVAL CARNEIRO, S/N - ZONA URBANA",BRASÍLIA,44088126,-12.2709007,-38.9543752,230,Sem acessibilidade,2026-09-25 13:33:00,81107827339562077996427
UE2015 (Anterior),FEIRA DE SANTANA,155,281,1756224,COLÉGIO ESTADUAL TEMPO INTEGRAL PROFA ANA ALICE FIGUEREDO DOS SANTOS,"AV. JOÃO DURVAL CARNEIRO, S/N - ZONA URBANA",BRASÍLIA,44088126,-12.2709007,-38.9543752,230,Sem acessibilidade,2026-09-25 13:42:00,399853931509595745488
UE2015 (Anterior),FEIRA DE SANTANA,155,282,1766777,COLÉGIO ESTADUAL TEMPO INTEGRAL PROFA ANA ALICE FIGUEREDO DOS SANTOS,"AV. JOÃO DURVAL CARNEIRO, S/N - ZONA URBANA",BRASÍLIA,44088126,-12.2709007,-38.9543752,228,Sem acessibilidade,2026-09-25 13:52:00,222521188953810027160550
UE2015 (Anterior),FEIRA DE SANTANA,155,283,1765974,ESCOLA MUNICIPAL DA AMIZADE,"BR 324, KM 100, PQ. DE EXPOSIÇÕES - POVO TANQUINHO - ZONA RURAL",DISTRITO DE HUMILDES,44135000,-12.2952426,-38.899726,411,Sem acessibilidade,2026-09-25 14:03:00,818480882612131161756995
UE2015 (Anterior),FEIRA DE SANTANA,155,284,1764983,ESCOLA MUNICIPAL DA AMIZADE,"BR 324, KM 100, PQ. DE EXPOSIÇÕES - POVO TANQUINHO - ZONA RURAL",DISTRITO DE HUMILDES,44135000,-12.2952426,-38.899726,412,Sem acessibilidade,2026-09-25 14:12:00,990298173730330641782187
UE2015 (Anterior),FEIRA DE SANTANA,155,285,1763841,ESCOLA MUNICIPAL DA AMIZADE,"BR 324, KM 100, PQ. DE EXPOSIÇÕES - POVO TANQUINHO - ZONA RURAL",DISTRITO DE HUMILDES,44135000,-12.2952426,-38.899726,407,Sem acessibilidade,2026-09-25 14:21:00,475046760778833472028768
UE2015 (Anterior),FEIRA DE SANTANA,155,286,1765780,UNEX,"AVENIDA ARTÊMIA PIRES FREITAS, S/N - ZONA URBANA",SIM,44085370,-12.2464256,-38.9248203,353,Com acessibilidade,2026-09-25 15:45:00,879086279380802940548924
UE2015 (Anterior),FEIRA DE SANTANA,155,287,1770432,ESCOLA MUNICIPAL HORÁCIO SILVA BASTOS,"RUA PIRACICABA, S/N - ZONA URBANA",CASEB,44001001,-12.2399871,-38.9435539,392,Sem acessibilidade,2026-09-25 13:56:00,374036885109243061614246
UE2015 (Anterior),FEIRA DE SANTANA,155,288,1765028,ESCOLA MUNICIPAL MARIA ANTONIA DA COSTA,"RUA RIO MADEIRA, 171 - ZONA URBANA",SANTA MONICA,44077828,-12.2670778,-38.9360517,391,Sem acessibilidade,2026-09-25 13:39:00,677066293060570323121520
UE2015 (Anterior),FEIRA DE SANTANA,155,289,1766753,UNEX,"AVENIDA ARTÊMIA PIRES FREITAS, S/N - ZONA URBANA",SIM,44085370,-12.2464256,-38.9248203,358,Com acessibilidade,2026-09-25 15:54:00,899288629882845544082236
UE2015 (Anterior),FEIRA DE SANTANA,155,290,1767189,ESCOLA MUNICIPAL MARIA ANTONIA DA COSTA,"RUA RIO MADEIRA, 171 - ZONA URBANA",SANTA MONICA,44077828,-12.2670778,-38.9360517,397,Sem acessibilidade,2026-09-25 13:49:00,399816393999995295539
UE2015 (Anterior),FEIRA DE SANTANA,155,291,1767126,ESCOLA MUNICIPAL HORÁCIO SILVA BASTOS,"RUA PIRACICABA, S/N - ZONA URBANA",CASEB,44001001,-12.2399871,-38.9435539,393,Sem acessibilidade,2026-09-25 14:06:00,121511048284658856755754
UE2015 (Anterior),FEIRA DE SANTANA,155,292,1756153,UNEX,"AVENIDA ARTÊMIA PIRES FREITAS, S/N - ZONA URBANA",SIM,44085370,-12.2464256,-38.9248203,358,Com acessibilidade,2026-09-25 16:05:00,868985894279543906718335
UE2015 (Anterior),FEIRA DE SANTANA,155,293,1761432,ESCOLA MUNICIPAL MARIA ANTONIA DA COSTA,"RUA RIO MADEIRA, 171 - ZONA URBANA",SANTA MONICA,44077828,-12.2670778,-38.9360517,397,Sem acessibilidade,2026-09-25 13:58:00,121511262405135638253597
UE2015 (Anterior),FEIRA DE SANTANA,155,294,1767870,ESCOLA MUNICIPAL MARIA ANTONIA DA COSTA,"RUA RIO MADEIRA, 171 - ZONA URBANA",SANTA MONICA,44077828,-12.2670778,-38.9360517,398,Sem acessibilidade,2026-09-25 14:09:00,949793191487680025090353
UE2015 (Anterior),FEIRA DE SANTANA,155,295,1758032,PRÉ-ESCOLA MUNICIPAL ALDA MARQUES,RUA BRUXELAS - ZONA URBANA,SANTA MONICA,44055470,-12.2636377,-38.9359312,339,Sem acessibilidade,2026-09-25 14:50:00,414440777734972836044911
UE2015 (Anterior),FEIRA DE SANTANA,155,296,1767643,ESCOLA MUNICIPAL ADELICE CAVALCANTE,"RUA IPAUMIRIM, N. 205 - ZONA URBANA",SIM,44086480,-12.250895,-38.9055867,396,Sem acessibilidade,2026-09-25 16:09:00,990298469968959954591878
UE2015 (Anterior),FEIRA DE SANTANA,155,297,1765303,ESCOLA MUNICIPAL HORÁCIO SILVA BASTOS,"RUA PIRACICABA, S/N - ZONA URBANA",CASEB,44001001,-12.2399871,-38.9435539,391,Sem acessibilidade,2026-09-25 14:15:00,828581409954370851110339
UE2015 (Anterior),FEIRA DE SANTANA,155,298,1775826,ESCOLA MUNICIPAL MARIA ANTONIA DA COSTA,"RUA RIO MADEIRA, 171 - ZONA URBANA",SANTA MONICA,44077828,-12.2670778,-38.9360517,394,Sem acessibilidade,2026-09-25 14:20:00,838682529576128410129137
UE2015 (Anterior),FEIRA DE SANTANA,155,299,1751431,FAT - FACULDADE ANÍSIO TEIXEIRA,"RUA BRIGADEIRO EDUARDO GOMES, 359- PONTO CENTRAL - ZONA URBANA",CAPUCHINHOS,44075525,-12.2580128,-38.9521986,295,Sem acessibilidade,2026-09-25 14:05:00,91208890163556670197748
UE2015 (Anterior),FEIRA DE SANTANA,155,300,1836058,UNEX,"AVENIDA ARTÊMIA PIRES FREITAS, S/N - ZONA URBANA",SIM,44085370,-12.2464256,-38.9248203,353,Com acessibilidade,2026-09-25 16:15:00,71006348600844737020918
UE2015 (Anterior),FEIRA DE SANTANA,155,301,1766139,PRÉ-ESCOLA MUNICIPAL ALDA MARQUES,RUA BRUXELAS - ZONA URBANA,SANTA MONICA,44055470,-12.2636377,-38.9359312,317,Sem acessibilidade,2026-09-25 15:02:00,202319581913567165810179
UE2015 (Anterior),FEIRA DE SANTANA,155,302,1766820,UNEX,"AVENIDA ARTÊMIA PIRES FREITAS, S/N - ZONA URBANA",SIM,44085370,-12.2464256,-38.9248203,335,Com acessibilidade,2026-09-25 16:25:00,848783334077703716320285
UE2015 (Anterior),FEIRA DE SANTANA,155,303,1838284,UNEX,"AVENIDA ARTÊMIA PIRES FREITAS, S/N - ZONA URBANA",SIM,44085370,-12.2464256,-38.9248203,303,Com acessibilidade,2026-09-25 16:35:00,879086479580822451606708
UE2015 (Anterior),FEIRA DE SANTANA,155,800,1790207,CASE ZILDA ARNS,"RUA JOSÉ DOMINGOS SERVO, S/N - ZONA URBANA",SIM,44085380,-12.2474882,-38.921875,0,Sem acessibilidade,2026-09-25 13:06:00,697268410362116943443447
UE2015 (Anterior),FEIRA DE SANTANA,155,801,1764318,UNEX,"AVENIDA ARTÊMIA PIRES FREITAS, S/N - ZONA URBANA",SIM,44085370,-12.2464256,-38.9248203,309,Com acessibilidade,2026-09-25 16:45:00,283127119221321447053593
UE2015 (Anterior),FEIRA DE SANTANA,155,871,1753230,UNEX,"AVENIDA ARTÊMIA PIRES FREITAS, S/N - ZONA URBANA",SIM,44085370,-12.2464256,-38.9248203,224,Com acessibilidade,2026-09-25 16:55:00,919490237884041308481355
UE2015 (Anterior),FEIRA DE SANTANA,155,872,1768523,FAT - FACULDADE ANÍSIO TEIXEIRA,"RUA BRIGADEIRO EDUARDO GOMES, 359- PONTO CENTRAL - ZONA URBANA",CAPUCHINHOS,44075525,-12.2580128,-38.9521986,297,Com acessibilidade,2026-09-25 14:15:00,374036801791924729724664
UE2015 (Anterior),FEIRA DE SANTANA,155,873,1766711,UNEX,"AVENIDA ARTÊMIA PIRES FREITAS, S/N - ZONA URBANA",SIM,44085370,-12.2464256,-38.9248203,229,Sem acessibilidade,2026-09-25 16:19:00,889187423557935677698334
UE2015 (Anterior),FEIRA DE SANTANA,155,874,1763748,ESCOLA MUNICIPAL ADELICE CAVALCANTE,"RUA IPAUMIRIM, N. 205 - ZONA URBANA",SIM,44086480,-12.250895,-38.9055867,396,Sem acessibilidade,2026-09-25 15:11:00,717470368740094289143738
UE2015 (Anterior),FEIRA DE SANTANA,155,876,1767693,ESCOLA MUNICIPAL ADELICE CAVALCANTE,"RUA IPAUMIRIM, N. 205 - ZONA URBANA",SIM,44086480,-12.250895,-38.9055867,392,Sem acessibilidade,2026-09-25 15:20:00,495248360418893328741477
UE2015 (Anterior),FEIRA DE SANTANA,155,878,1764910,ESCOLA CIVICO-MILITAR MUNICIPAL QUINZE DE NOVEMBRO,"RUA MARTINIANO FREIRA, S/N, SEDE - ZONA RURAL",DISTRITO DE JAÍBA,44115000,-12.2066077,-38.8688701,216,Sem acessibilidade,2026-09-25 12:45:00,576056669187171862929115
UE2015 (Anterior),FEIRA DE SANTANA,155,879,1762955,ESCOLA PROFESSOR OTÁVIO MANSUR DE CARVALHO,"RUA ELPÍDIO NOVA, S/N - ZONA URBANA",SÃO JOÃO,44051432,-12.2412996,-38.9514953,223,Sem acessibilidade,2026-09-25 16:00:00,757874958047080439965328
UE2015 (Anterior),FEIRA DE SANTANA,155,880,1765269,ESCOLA MUNICIPAL PROFESSORA LÍDICE ANTUNES BARROS,"RUA CHANA, S/N - ZONA URBANA",SANTO ANTÔNIO DOS PRAZERES,44071744,-12.2396203,-38.9177688,253,Sem acessibilidade,2026-09-25 12:54:00,808379081010429568378063
UE2015 (Anterior),FEIRA DE SANTANA,155,881,1751187,ESCOLA MUNICIPAL PROFESSORA LÍDICE ANTUNES BARROS,"RUA CHANA, S/N - ZONA URBANA",SANTO ANTÔNIO DOS PRAZERES,44071744,-12.2396203,-38.9177688,249,Sem acessibilidade,2026-09-25 13:04:00,747773135404026821161078
UE2015 (Anterior),FEIRA DE SANTANA,155,882,1776668,ESCOLA MUNICIPAL ADELICE CAVALCANTE,"RUA IPAUMIRIM, N. 205 - ZONA URBANA",SIM,44086480,-12.250895,-38.9055867,398,Sem acessibilidade,2026-09-25 15:30:00,464945961515955180493572
UE2015 (Anterior),FEIRA DE SANTANA,155,883,1791487,ESCOLA MUNICIPAL MARIA ANTONIA DA COSTA,"RUA RIO MADEIRA, 171 - ZONA URBANA",SANTA MONICA,44077828,-12.2670778,-38.9360517,396,Sem acessibilidade,2026-09-25 14:31:00,353834968028808308019792
UE2015 (Anterior),FEIRA DE SANTANA,155,884,1765293,ESCOLA MUNICIPAL ADELICE CAVALCANTE,"RUA IPAUMIRIM, N. 205 - ZONA URBANA",SIM,44086480,-12.250895,-38.9055867,400,Sem acessibilidade,2026-09-25 15:40:00,399720969584256396901
UE2015 (Anterior),FEIRA DE SANTANA,155,885,1825799,COLÉGIO ESTADUAL PROFESSORA TECLA MELLO,"AVENIDA CENTENARIO, 697 - ZONA URBANA",SIM,44085132,-12.2549654,-38.9253119,325,Sem acessibilidade,2026-09-25 11:18:00,899288725007324954551571
UE2015 (Anterior),FEIRA DE SANTANA,155,886,1795184,ESCOLA MUNICIPAL PROFESSOR LUCIANO RIBEIRO,"RUA UIRAPURU, S/N - PARQUE LAGOA SUBAÉ - ZONA URBANA",PARQUE LAGOA SUBAÉ,44078250,-12.2707882,-38.9255156,56,Sem acessibilidade,2026-09-25 08:51:00,71006014030075850975262
UE2015 (Anterior),FEIRA DE SANTANA,155,887,1768801,ESCOLA MUNICIPAL PROFESSORA LÍDICE ANTUNES BARROS,"RUA CHANA, S/N - ZONA URBANA",SANTO ANTÔNIO DOS PRAZERES,44071744,-12.2396203,-38.9177688,251,Sem acessibilidade,2026-09-25 13:29:00,262925318756071372600702
UE2015 (Anterior),FEIRA DE SANTANA,155,888,1848278,COLÉGIO DIPLOMATA,"RUA CARAÍBAS, 421",PONTO CENTRAL,44075239,-12.2520834,-38.9470414,226,Sem acessibilidade,2026-09-25 15:04:00,262925427084769812090093
UE2015 (Anterior),FEIRA DE SANTANA,155,889,1842499,ESCOLA MUNICIPAL ADELICE CAVALCANTE,"RUA IPAUMIRIM, N. 205 - ZONA URBANA",SIM,44086480,-12.250895,-38.9055867,399,Sem acessibilidade,2026-09-25 15:49:00,697268960438908345510788
UE2015 (Anterior),FEIRA DE SANTANA,155,890,1766403,ESCOLA MUNICIPAL DA AMIZADE,"BR 324, KM 100, PQ. DE EXPOSIÇÕES - POVO TANQUINHO - ZONA RURAL",DISTRITO DE HUMILDES,44135000,-12.2952426,-38.899726,50,Sem acessibilidade,2026-09-25 14:31:00,151814504846605777371732
UE2015 (Anterior),FEIRA DE SANTANA,155,891,1767147,ESCOLA MUNICIPAL PROFA ECILDA RAMOS DE SOUZA,RUA ADENIL FALCAO S/N - ZONA URBANA,BRASÍLIA,44075970,-12.2714505,-38.9511256,58,Sem acessibilidade,2026-09-25 12:29:00,81107540926781429842794
UE2015 (Anterior),FEIRA DE SANTANA,155,893,1764916,COLÉGIO ESTADUAL ROTARY DE FEIRA DE SANTANA,"RUA JOÃO SAMPAIO MACHADO, N 235 - ZONA URBANA",CAPUCHINHOS,44052200,-12.2595411,-38.9487136,57,Sem acessibilidade,2026-09-25 15:00:00,343733022279565649141424
UE2015 (Anterior),FEIRA DE SANTANA,155,894,1839310,ESCOLA MUNICIPAL MARIA ANTONIA DA COSTA,"RUA RIO MADEIRA, 171 - ZONA URBANA",SANTA MONICA,44077828,-12.2670778,-38.9360517,54,Sem acessibilidade,2026-09-25 14:40:00,899288680082367263803026
UE2015 (Anterior),FEIRA DE SANTANA,155,896,1765634,ESCOLA MUNICIPAL ADELICE CAVALCANTE,"RUA IPAUMIRIM, N. 205 - ZONA URBANA",SIM,44086480,-12.250895,-38.9055867,78,Sem acessibilidade,2026-09-25 15:59:00,283127290897582969032329
UE2015 (Anterior),FEIRA DE SANTANA,156,1,1772801,COLÉGIO ESTADUAL DE MARIA QUITÉRIA,"ESTRADA DE  MARIA QUITÉRIA, S/N - ZONA RURAL",DISTRITO DE MARIA QUITÉRIA,44110000,-12.1511522,-38.9870811,327,Sem acessibilidade,2026-09-29 08:17:00,677077788548098891173065
UE2015 (Anterior),FEIRA DE SANTANA,156,2,1760158,COLÉGIO ESTADUAL DE MARIA QUITÉRIA,"ESTRADA DE  MARIA QUITÉRIA, S/N - ZONA RURAL",DISTRITO DE MARIA QUITÉRIA,44110000,-12.1511522,-38.9870811,337,Sem acessibilidade,2026-09-29 08:27:00,202330427801717747252006
UE2015 (Anterior),FEIRA DE SANTANA,156,3,1765238,COLÉGIO ESTADUAL DE MARIA QUITÉRIA,"ESTRADA DE  MARIA QUITÉRIA, S/N - ZONA RURAL",DISTRITO DE MARIA QUITÉRIA,44110000,-12.1511522,-38.9870811,340,Sem acessibilidade,2026-09-29 08:36:00,565966894437090549248421
UE2015 (Anterior),FEIRA DE SANTANA,156,4,1790030,COLÉGIO ESTADUAL DE MARIA QUITÉRIA,"ESTRADA DE  MARIA QUITÉRIA, S/N - ZONA RURAL",DISTRITO DE MARIA QUITÉRIA,44110000,-12.1511522,-38.9870811,328,Sem acessibilidade,2026-09-29 08:46:00,656875095546271664841676
UE2015 (Anterior),FEIRA DE SANTANA,156,5,1841897,COLÉGIO ESTADUAL DE MARIA QUITÉRIA,"ESTRADA DE  MARIA QUITÉRIA, S/N - ZONA RURAL",DISTRITO DE MARIA QUITÉRIA,44110000,-12.1511522,-38.9870811,331,Sem acessibilidade,2026-09-29 08:56:00,970007523378682079944286
UE2015 (Anterior),FEIRA DE SANTANA,156,6,1836017,COLÉGIO ESTADUAL DE MARIA QUITÉRIA,"ESTRADA DE  MARIA QUITÉRIA, S/N - ZONA RURAL",DISTRITO DE MARIA QUITÉRIA,44110000,-12.1511522,-38.9870811,325,Sem acessibilidade,2026-09-29 09:06:00,475057137328841040472583
UE2015 (Anterior),FEIRA DE SANTANA,156,7,1769107,COLÉGIO ESTADUAL DE MARIA QUITÉRIA,"ESTRADA DE  MARIA QUITÉRIA, S/N - ZONA RURAL",DISTRITO DE MARIA QUITÉRIA,44110000,-12.1511522,-38.9870811,331,Sem acessibilidade,2026-09-29 09:16:00,747784514955206301518131
UE2015 (Anterior),FEIRA DE SANTANA,156,8,1767710,COLÉGIO ESTADUAL DE MARIA QUITÉRIA,"ESTRADA DE  MARIA QUITÉRIA, S/N - ZONA RURAL",DISTRITO DE MARIA QUITÉRIA,44110000,-12.1511522,-38.9870811,332,Sem acessibilidade,2026-09-29 09:26:00,242734127105793834541713
UE2015 (Anterior),FEIRA DE SANTANA,156,9,1758646,COLÉGIO ESTADUAL DE MARIA QUITÉRIA,"ESTRADA DE  MARIA QUITÉRIA, S/N - ZONA RURAL",DISTRITO DE MARIA QUITÉRIA,44110000,-12.1511522,-38.9870811,331,Com acessibilidade,2026-09-29 09:35:00,131623123894706713772687
UE2015 (Anterior),FEIRA DE SANTANA,156,10,1818349,ESCOLA MUNICIPAL DR. FRANCISCO MARTINS DA SILVA,"AV PÉ DE SERRA, S/N, SEDE - ZONA RURAL",DISTRITO DE MARIA QUITÉRIA,44110000,-12.149311,-38.9918789,309,Sem acessibilidade,2026-09-29 10:34:00,646774715845224492105892
UE2015 (Anterior),FEIRA DE SANTANA,156,11,1765266,ESCOLA MUNICIPAL DR. FRANCISCO MARTINS DA SILVA,"AV PÉ DE SERRA, S/N, SEDE - ZONA RURAL",DISTRITO DE MARIA QUITÉRIA,44110000,-12.149311,-38.9918789,307,Sem acessibilidade,2026-09-29 10:44:00,980108160179651423268089
UE2015 (Anterior),FEIRA DE SANTANA,156,12,1764791,ESCOLA MUNICIPAL DR. FRANCISCO MARTINS DA SILVA,"AV PÉ DE SERRA, S/N, SEDE - ZONA RURAL",DISTRITO DE MARIA QUITÉRIA,44110000,-12.149311,-38.9918789,309,Sem acessibilidade,2026-09-29 10:54:00,454855746226217105971702
UE2015 (Anterior),FEIRA DE SANTANA,156,13,1768159,ESCOLA MUNICIPAL DR. FRANCISCO MARTINS DA SILVA,"AV PÉ DE SERRA, S/N, SEDE - ZONA RURAL",DISTRITO DE MARIA QUITÉRIA,44110000,-12.149311,-38.9918789,307,Sem acessibilidade,2026-09-29 11:03:00,273037676608629454632118
UE2015 (Anterior),FEIRA DE SANTANA,156,14,1767323,ESCOLA MUNICIPAL DR. FRANCISCO MARTINS DA SILVA,"AV PÉ DE SERRA, S/N, SEDE - ZONA RURAL",DISTRITO DE MARIA QUITÉRIA,44110000,-12.149311,-38.9918789,306,Sem acessibilidade,2026-09-29 11:12:00,464956970327839514426892
UE2015 (Anterior),FEIRA DE SANTANA,156,15,1766118,ESCOLA MUNICIPAL DR. FRANCISCO MARTINS DA SILVA,"AV PÉ DE SERRA, S/N, SEDE - ZONA RURAL",DISTRITO DE MARIA QUITÉRIA,44110000,-12.149311,-38.9918789,308,Sem acessibilidade,2026-09-29 11:22:00,525562142033986720050285
UE2015 (Anterior),FEIRA DE SANTANA,156,16,1764893,ESCOLA MUNICIPAL DR. FRANCISCO MARTINS DA SILVA,"AV PÉ DE SERRA, S/N, SEDE - ZONA RURAL",DISTRITO DE MARIA QUITÉRIA,44110000,-12.149311,-38.9918789,306,Sem acessibilidade,2026-09-29 11:32:00,545764279635096955290403
UE2015 (Anterior),FEIRA DE SANTANA,156,17,1756939,ESCOLA MUNICIPAL JOSÉ TAVARES CARNEIRO,"RUA NOSSA SENHORA DA CONCEIÇÃO, 41, SEDE - ZONA RURAL",DISTRITO DE MARIA QUITÉRIA,44110000,-12.1495629,-38.9896484,387,Sem acessibilidade,2026-09-29 12:11:00,636673470744040029275885
UE2015 (Anterior),FEIRA DE SANTANA,156,18,1764956,ESCOLA MUNICIPAL JOSÉ TAVARES CARNEIRO,"RUA NOSSA SENHORA DA CONCEIÇÃO, 41, SEDE - ZONA RURAL",DISTRITO DE MARIA QUITÉRIA,44110000,-12.1495629,-38.9896484,378,Sem acessibilidade,2026-09-29 12:22:00,565966518837135429142831
UE2015 (Anterior),FEIRA DE SANTANA,156,19,1756308,ESCOLA MUNICIPAL JOSÉ TAVARES CARNEIRO,"RUA NOSSA SENHORA DA CONCEIÇÃO, 41, SEDE - ZONA RURAL",DISTRITO DE MARIA QUITÉRIA,44110000,-12.1495629,-38.9896484,390,Sem acessibilidade,2026-09-29 12:32:00,555865611536218942009982
UE2015 (Anterior),FEIRA DE SANTANA,156,20,1766708,COLÉGIO ESTADUAL DE MARIA QUITÉRIA,"ESTRADA DE  MARIA QUITÉRIA, S/N - ZONA RURAL",DISTRITO DE MARIA QUITÉRIA,44110000,-12.1511522,-38.9870811,328,Sem acessibilidade,2026-09-29 09:44:00,424552564123017570537041
UE2015 (Anterior),FEIRA DE SANTANA,156,21,1777207,ESCOLA MUNICIPAL JOSÉ TAVARES CARNEIRO,"RUA NOSSA SENHORA DA CONCEIÇÃO, 41, SEDE - ZONA RURAL",DISTRITO DE MARIA QUITÉRIA,44110000,-12.1495629,-38.9896484,381,Sem acessibilidade,2026-09-29 12:43:00,404350651521225084086707
UE2015 (Anterior),FEIRA DE SANTANA,156,22,1767303,COLÉGIO ESTADUAL DE MARIA QUITÉRIA,"ESTRADA DE  MARIA QUITÉRIA, S/N - ZONA RURAL",DISTRITO DE MARIA QUITÉRIA,44110000,-12.1511522,-38.9870811,322,Sem acessibilidade,2026-09-29 09:53:00,687178040349291178397153
UE2015 (Anterior),FEIRA DE SANTANA,156,23,1763961,ESCOLA MUNICIPAL DR. FRANCISCO MARTINS DA SILVA,"AV PÉ DE SERRA, S/N, SEDE - ZONA RURAL",DISTRITO DE MARIA QUITÉRIA,44110000,-12.149311,-38.9918789,302,Sem acessibilidade,2026-09-29 11:41:00,40714519385615601523486
UE2015 (Anterior),FEIRA DE SANTANA,156,39,1765483,ESCOLA MUNICIPAL DR. COLBERT MARTINS DA SILVA,"RUA PADRE CARLOS OLÍMPIO, S/N, SEDE - ZONA RURAL",DISTRITO DE JAGUARA,44125000,-12.124835,-39.1074093,286,Sem acessibilidade,2026-09-29 13:41:00,808390009261590847724646
UE2015 (Anterior),FEIRA DE SANTANA,156,40,1766898,ESCOLA MUNICIPAL DR. COLBERT MARTINS DA SILVA,"RUA PADRE CARLOS OLÍMPIO, S/N, SEDE - ZONA RURAL",DISTRITO DE JAGUARA,44125000,-12.124835,-39.1074093,282,Sem acessibilidade,2026-09-29 13:51:00,151825432096030138409351
UE2015 (Anterior),FEIRA DE SANTANA,156,41,1841741,ESCOLA MUNICIPAL DR. COLBERT MARTINS DA SILVA,"RUA PADRE CARLOS OLÍMPIO, S/N, SEDE - ZONA RURAL",DISTRITO DE JAGUARA,44125000,-12.124835,-39.1074093,281,Sem acessibilidade,2026-09-29 14:01:00,818491200162355815184385
UE2015 (Anterior),FEIRA DE SANTANA,156,42,1757029,ESCOLA MUNICIPAL DR. COLBERT MARTINS DA SILVA,"RUA PADRE CARLOS OLÍMPIO, S/N, SEDE - ZONA RURAL",DISTRITO DE JAGUARA,44125000,-12.124835,-39.1074093,283,Sem acessibilidade,2026-09-29 14:11:00,818491316062443141830014
UE2015 (Anterior),FEIRA DE SANTANA,156,43,1768697,COLÉGIO ESTADUAL DE JAGUARA,"PRAÇA DA MATRIZ, S/N - ZONA RURAL",DISTRITO DE JAGUARA,44125000,-12.1240644,-39.1084638,244,Sem acessibilidade,2026-09-29 15:18:00,20512630283258639446683
UE2015 (Anterior),FEIRA DE SANTANA,156,44,1824613,COLÉGIO ESTADUAL DE JAGUARA,"PRAÇA DA MATRIZ, S/N - ZONA RURAL",DISTRITO DE JAGUARA,44125000,-12.1240644,-39.1084638,237,Sem acessibilidade,2026-09-29 15:30:00,889198609169732343894491
UE2015 (Anterior),FEIRA DE SANTANA,156,45,1783341,COLÉGIO ESTADUAL DE JAGUARA,"PRAÇA DA MATRIZ, S/N - ZONA RURAL",DISTRITO DE JAGUARA,44125000,-12.1240644,-39.1084638,243,Sem acessibilidade,2026-09-29 15:36:00,495259329630769690093985
UE2015 (Anterior),FEIRA DE SANTANA,156,46,1785239,COLÉGIO ESTADUAL DE JAGUARA,"PRAÇA DA MATRIZ, S/N - ZONA RURAL",DISTRITO DE JAGUARA,44125000,-12.1240644,-39.1084638,241,Sem acessibilidade,2026-09-29 15:50:00,616471558042648329672598
UE2015 (Anterior),FEIRA DE SANTANA,156,65,1766048,ESCOLA MUNICIPAL ÁLVARO PEREIRA BOAVENTURA,"RUA SÓSTENES DE CARVALHO, S/N, SEDE - ZONA RURAL",DISTRITO BONFIM DE FEIRA,44120000,-12.266236,-39.1994612,228,Sem acessibilidade,2026-09-29 11:32:00,262936232026817145730542
UE2015 (Anterior),FEIRA DE SANTANA,156,66,1765289,ESCOLA MUNICIPAL ÁLVARO PEREIRA BOAVENTURA,"RUA SÓSTENES DE CARVALHO, S/N, SEDE - ZONA RURAL",DISTRITO BONFIM DE FEIRA,44120000,-12.266236,-39.1994612,228,Sem acessibilidade,2026-09-29 11:40:00,434653519543936617630445
UE2015 (Anterior),FEIRA DE SANTANA,156,67,1777848,ESCOLA MUNICIPAL ÁLVARO PEREIRA BOAVENTURA,"RUA SÓSTENES DE CARVALHO, S/N, SEDE - ZONA RURAL",DISTRITO BONFIM DE FEIRA,44120000,-12.266236,-39.1994612,228,Sem acessibilidade,2026-09-29 11:49:00,464956651646594353044058
UE2015 (Anterior),FEIRA DE SANTANA,156,68,1759645,ESCOLA MUNICIPAL ÁLVARO PEREIRA BOAVENTURA,"RUA SÓSTENES DE CARVALHO, S/N, SEDE - ZONA RURAL",DISTRITO BONFIM DE FEIRA,44120000,-12.266236,-39.1994612,223,Sem acessibilidade,2026-09-29 11:57:00,91219393409178319335470
UE2015 (Anterior),FEIRA DE SANTANA,156,69,1842088,ESCOLA MUNICIPAL ÁLVARO PEREIRA BOAVENTURA,"RUA SÓSTENES DE CARVALHO, S/N, SEDE - ZONA RURAL",DISTRITO BONFIM DE FEIRA,44120000,-12.266236,-39.1994612,228,Sem acessibilidade,2026-09-29 12:05:00,20512438902629508498386
UE2015 (Anterior),FEIRA DE SANTANA,156,70,1810323,ESCOLA MUNICIPAL ÁLVARO PEREIRA BOAVENTURA,"RUA SÓSTENES DE CARVALHO, S/N, SEDE - ZONA RURAL",DISTRITO BONFIM DE FEIRA,44120000,-12.266236,-39.1994612,227,Com acessibilidade,2026-09-29 12:18:00,50815545105957487395864
UE2015 (Anterior),FEIRA DE SANTANA,156,71,1756930,ESCOLA MUNICIPAL ÁLVARO PEREIRA BOAVENTURA,"RUA SÓSTENES DE CARVALHO, S/N, SEDE - ZONA RURAL",DISTRITO BONFIM DE FEIRA,44120000,-12.266236,-39.1994612,229,Sem acessibilidade,2026-09-29 12:38:00,71017677007154276197904
UE2015 (Anterior),FEIRA DE SANTANA,156,72,1765292,ESCOLA MUNICIPAL ÁLVARO PEREIRA BOAVENTURA,"RUA SÓSTENES DE CARVALHO, S/N, SEDE - ZONA RURAL",DISTRITO BONFIM DE FEIRA,44120000,-12.266236,-39.1994612,228,Sem acessibilidade,2026-09-29 12:49:00,737683447373970192577590
UE2015 (Anterior),FEIRA DE SANTANA,156,73,1764780,ESCOLA MUNICIPAL ÁLVARO PEREIRA BOAVENTURA,"RUA SÓSTENES DE CARVALHO, S/N, SEDE - ZONA RURAL",DISTRITO BONFIM DE FEIRA,44120000,-12.266236,-39.1994612,228,Sem acessibilidade,2026-09-29 12:57:00,454855274245643225801067
UE2015 (Anterior),FEIRA DE SANTANA,156,84,1756639,ESCOLA MUNICIPAL JOSÉ TAVARES CARNEIRO,"RUA NOSSA SENHORA DA CONCEIÇÃO, 41, SEDE - ZONA RURAL",DISTRITO DE MARIA QUITÉRIA,44110000,-12.1495629,-38.9896484,387,Sem acessibilidade,2026-09-29 12:54:00,919401911472890692560183
UE2015 (Anterior),FEIRA DE SANTANA,156,87,1766970,ESCOLA MUNICIPAL DR. FRANCISCO MARTINS DA SILVA,"AV PÉ DE SERRA, S/N, SEDE - ZONA RURAL",DISTRITO DE MARIA QUITÉRIA,44110000,-12.149311,-38.9918789,307,Sem acessibilidade,2026-09-29 11:51:00,273037604508930433840141
UE2015 (Anterior),FEIRA DE SANTANA,156,91,1839890,COLÉGIO ESTADUAL DE MARIA QUITÉRIA,"ESTRADA DE  MARIA QUITÉRIA, S/N - ZONA RURAL",DISTRITO DE MARIA QUITÉRIA,44110000,-12.1511522,-38.9870811,333,Sem acessibilidade,2026-09-29 10:14:00,242734985805642892439651
UE2015 (Anterior),FEIRA DE SANTANA,156,92,1765503,ESCOLA MUNICIPAL JOSÉ TAVARES CARNEIRO,"RUA NOSSA SENHORA DA CONCEIÇÃO, 41, SEDE - ZONA RURAL",DISTRITO DE MARIA QUITÉRIA,44110000,-12.1495629,-38.9896484,389,Sem acessibilidade,2026-09-29 13:04:00,555865408636195158010610
UE2015 (Anterior),FEIRA DE SANTANA,156,93,1766806,ESCOLA MUNICIPAL DR. FRANCISCO MARTINS DA SILVA,"AV PÉ DE SERRA, S/N, SEDE - ZONA RURAL",DISTRITO DE MARIA QUITÉRIA,44110000,-12.149311,-38.9918789,308,Sem acessibilidade,2026-09-29 12:01:00,858895817366171113330726
UE2015 (Anterior),FEIRA DE SANTANA,156,102,1765693,ESCOLA MUNICIPAL ÁLVARO PEREIRA BOAVENTURA,"RUA SÓSTENES DE CARVALHO, S/N, SEDE - ZONA RURAL",DISTRITO BONFIM DE FEIRA,44120000,-12.266236,-39.1994612,229,Sem acessibilidade,2026-09-29 13:07:00,60916374306915345554699
UE2015 (Anterior),FEIRA DE SANTANA,156,103,1751817,ESCOLA MUNICIPAL ÁLVARO PEREIRA BOAVENTURA,"RUA SÓSTENES DE CARVALHO, S/N, SEDE - ZONA RURAL",DISTRITO BONFIM DE FEIRA,44120000,-12.266236,-39.1994612,224,Sem acessibilidade,2026-09-29 13:35:00,939603354593917801375937
UE2015 (Anterior),FEIRA DE SANTANA,156,104,1769259,ESCOLA MUNICIPAL ÁLVARO PEREIRA BOAVENTURA,"RUA SÓSTENES DE CARVALHO, S/N, SEDE - ZONA RURAL",DISTRITO BONFIM DE FEIRA,44120000,-12.266236,-39.1994612,229,Sem acessibilidade,2026-09-29 13:44:00,495259020449499350183395
UE2015 (Anterior),FEIRA DE SANTANA,156,112,1752904,ESCOLA MUNICIPAL DEOCLECIANO MARTINS DA SILVA,"POVOADO PÉ DE SERRA, S/N - ZONA RURAL",DISTRITO DE MARIA QUITÉRIA,44110000,-12.1326841,-39.029272,375,Com acessibilidade,2026-09-29 08:18:00,242734625420734667072405
UE2015 (Anterior),FEIRA DE SANTANA,156,113,1752929,ESCOLA MUNICIPAL ANTÔNIO ALVES OLIVEIRA,"RUA AVARÉ, S/N - ZONA URBANA",ASA BRANCA,44021510,-12.2092793,-38.9921606,367,Sem acessibilidade,2026-09-29 12:43:00,616471105815438035423863
UE2015 (Anterior),FEIRA DE SANTANA,156,119,1834420,CENTRO MUNICIPAL DE EDUCAÇÃO INFANTIL PAULINO MARTINS DOS SANTOS,PRIMEIRA TRAVESSA ARTHUR DE FREITAS - ZONA RURAL,DISTRITO DE MARIA QUITÉRIA,44110000,-12.1498481,-38.991402,348,Com acessibilidade,2026-09-29 09:08:00,747784895870258222595368
UE2015 (Anterior),FEIRA DE SANTANA,156,121,1767658,ESCOLA MUNICIPAL DR. COLBERT MARTINS DA SILVA,"RUA PADRE CARLOS OLÍMPIO, S/N, SEDE - ZONA RURAL",DISTRITO DE JAGUARA,44125000,-12.124835,-39.1074093,283,Sem acessibilidade,2026-09-29 14:21:00,172027517398891296615416
UE2015 (Anterior),FEIRA DE SANTANA,156,122,1764555,ESCOLA MUNICIPAL DR. COLBERT MARTINS DA SILVA,"RUA PADRE CARLOS OLÍMPIO, S/N, SEDE - ZONA RURAL",DISTRITO DE JAGUARA,44125000,-12.124835,-39.1074093,279,Sem acessibilidade,2026-09-29 14:35:00,60916510187152869421686
UE2015 (Anterior),FEIRA DE SANTANA,156,123,1752806,ESCOLA MUNICIPAL ANTÔNIO CARNEIRO LAGO,POVOADO MORRINHOS - ZONA RURAL,DISTRITO DE JAGUARA,44125000,-12.1652935,-39.1247434,239,Sem acessibilidade,2026-09-29 14:24:00,525562089352457263942168
UE2015 (Anterior),FEIRA DE SANTANA,156,124,1751103,ESCOLA MUNICIPAL ANTÔNIO CARNEIRO LAGO,POVOADO MORRINHOS - ZONA RURAL,DISTRITO DE JAGUARA,44125000,-12.1652935,-39.1247434,236,Sem acessibilidade,2026-09-29 14:33:00,310675600952802688822
UE2015 (Anterior),FEIRA DE SANTANA,156,126,1772739,ESCOLA MUNICIPAL ANTÔNIO JÚLIO DA SILVA,POVOADO OLHOS D'ÁGUA DAS FORMIGAS,CIS NORTE,44110000,-12.0692766,-38.9879979,387,Sem acessibilidade,2026-09-29 08:34:00,788188679438179707273234
UE2015 (Anterior),FEIRA DE SANTANA,156,128,1753995,CENTRO MUNICIPAL DE EDUCAÇÃO INFANTIL PAULINO MARTINS DOS SANTOS,PRIMEIRA TRAVESSA ARTHUR DE FREITAS - ZONA RURAL,DISTRITO DE MARIA QUITÉRIA,44110000,-12.1498481,-38.991402,351,Com acessibilidade,2026-09-29 09:17:00,242734357120779593807899
UE2015 (Anterior),FEIRA DE SANTANA,156,131,1766423,ESCOLA MUNICIPAL FIRMINO JOSÉ DE BRITO,FAZENDA MALHADOR - ZONA RURAL,DISTRITO DE JAGUARA,44125000,-12.2031436,-39.072978,299,Sem acessibilidade,2026-09-29 08:18:00,616471021621108000812196
UE2015 (Anterior),FEIRA DE SANTANA,156,133,1765798,ESCOLA MUNICIPAL ÁLVARO PEREIRA BOAVENTURA,"RUA SÓSTENES DE CARVALHO, S/N, SEDE - ZONA RURAL",DISTRITO BONFIM DE FEIRA,44120000,-12.266236,-39.1994612,229,Sem acessibilidade,2026-09-29 14:16:00,192229820819174878107557
UE2015 (Anterior),FEIRA DE SANTANA,156,135,1775700,ESCOLA MUNICIPAL DR. COLBERT MARTINS DA SILVA,"RUA PADRE CARLOS OLÍMPIO, S/N, SEDE - ZONA RURAL",DISTRITO DE JAGUARA,44125000,-12.124835,-39.1074093,284,Sem acessibilidade,2026-09-29 14:45:00,485158337729663613186393
UE2015 (Anterior),FEIRA DE SANTANA,156,137,1765319,ESCOLA MUNICIPAL DEOCLECIANO MARTINS DA SILVA,"POVOADO PÉ DE SERRA, S/N - ZONA RURAL",DISTRITO DE MARIA QUITÉRIA,44110000,-12.1326841,-39.029272,376,Com acessibilidade,2026-09-29 08:29:00,980108058094636136186760
UE2015 (Anterior),FEIRA DE SANTANA,156,141,1765805,ESCOLA MUNICIPAL DR. COLBERT MARTINS DA SILVA,"RUA PADRE CARLOS OLÍMPIO, S/N, SEDE - ZONA RURAL",DISTRITO DE JAGUARA,44125000,-12.124835,-39.1074093,282,Sem acessibilidade,2026-09-29 15:05:00,60916547687991898145558
UE2015 (Anterior),FEIRA DE SANTANA,156,175,1767705,ESCOLA MUNICIPAL REVERENDO SEVERINO SOARES,"RUA ESCALADA, N. 37 - ZONA URBANA",GABRIELA,44028312,-12.2314049,-38.9824145,398,Sem acessibilidade,2026-09-29 08:23:00,353845481656581960138387
UE2015 (Anterior),FEIRA DE SANTANA,156,176,1766897,ESCOLA MUNICIPAL REVERENDO SEVERINO SOARES,"RUA ESCALADA, N. 37 - ZONA URBANA",GABRIELA,44028312,-12.2314049,-38.9824145,396,Sem acessibilidade,2026-09-29 08:34:00,161926401237555009321686
UE2015 (Anterior),FEIRA DE SANTANA,156,177,1766217,ESCOLA MUNICIPAL REVERENDO SEVERINO SOARES,"RUA ESCALADA, N. 37 - ZONA URBANA",GABRIELA,44028312,-12.2314049,-38.9824145,398,Sem acessibilidade,2026-09-29 10:14:00,767986114273160059221494
UE2015 (Anterior),FEIRA DE SANTANA,156,178,1767493,ESCOLA MUNICIPAL REVERENDO SEVERINO SOARES,"RUA ESCALADA, N. 37 - ZONA URBANA",GABRIELA,44028312,-12.2314049,-38.9824145,398,Sem acessibilidade,2026-09-29 08:54:00,808390262101370167217429
UE2015 (Anterior),FEIRA DE SANTANA,156,179,1764592,ESCOLA MUNICIPAL REVERENDO SEVERINO SOARES,"RUA ESCALADA, N. 37 - ZONA URBANA",GABRIELA,44028312,-12.2314049,-38.9824145,392,Sem acessibilidade,2026-09-29 09:04:00,737683308594960915297808
UE2015 (Anterior),FEIRA DE SANTANA,156,180,1767511,ESCOLA MUNICIPAL REVERENDO SEVERINO SOARES,"RUA ESCALADA, N. 37 - ZONA URBANA",GABRIELA,44028312,-12.2314049,-38.9824145,394,Sem acessibilidade,2026-09-29 09:13:00,535663189574786110460838
UE2015 (Anterior),FEIRA DE SANTANA,156,181,1765934,COLÉGIO ESTADUAL EDITH MACHADO BOAVENTURA,"AV. PRIMAVERA, 2770 - ZONA URBANA",PAMPALONA,44034020,-12.217549,-38.9882837,385,Sem acessibilidade,2026-09-29 08:18:00,919401679245405042410411
UE2015 (Anterior),FEIRA DE SANTANA,156,182,1761163,COLÉGIO ESTADUAL EDITH MACHADO BOAVENTURA,"AV. PRIMAVERA, 2770 - ZONA URBANA",PAMPALONA,44034020,-12.217549,-38.9882837,389,Sem acessibilidade,2026-09-29 08:28:00,91219964263675525140679
UE2015 (Anterior),FEIRA DE SANTANA,156,183,1757494,COLÉGIO ESTADUAL EDITH MACHADO BOAVENTURA,"AV. PRIMAVERA, 2770 - ZONA URBANA",PAMPALONA,44034020,-12.217549,-38.9882837,387,Sem acessibilidade,2026-09-29 08:38:00,161926145570831071007624
UE2015 (Anterior),FEIRA DE SANTANA,156,184,1765698,COLÉGIO ESTADUAL EDITH MACHADO BOAVENTURA,"AV. PRIMAVERA, 2770 - ZONA URBANA",PAMPALONA,44034020,-12.217549,-38.9882837,383,Sem acessibilidade,2026-09-29 08:48:00,333643421587098417575376
UE2015 (Anterior),FEIRA DE SANTANA,156,185,1821206,COLÉGIO ESTADUAL EDITH MACHADO BOAVENTURA,"AV. PRIMAVERA, 2770 - ZONA URBANA",PAMPALONA,44034020,-12.217549,-38.9882837,379,Sem acessibilidade,2026-09-29 08:57:00,222532428676003387298264
UE2015 (Anterior),FEIRA DE SANTANA,156,186,1751064,COLÉGIO ESTADUAL EDITH MACHADO BOAVENTURA,"AV. PRIMAVERA, 2770 - ZONA URBANA",PAMPALONA,44034020,-12.217549,-38.9882837,385,Sem acessibilidade,2026-09-29 09:07:00,182128494272625277397513
UE2015 (Anterior),FEIRA DE SANTANA,156,187,1752873,COLÉGIO ESTADUAL EDITH MACHADO BOAVENTURA,"AV. PRIMAVERA, 2770 - ZONA URBANA",PAMPALONA,44034020,-12.217549,-38.9882837,393,Sem acessibilidade,2026-09-29 09:17:00,111421530265641701902961
UE2015 (Anterior),FEIRA DE SANTANA,156,188,1763312,COLÉGIO ESTADUAL EDITH MACHADO BOAVENTURA,"AV. PRIMAVERA, 2770 - ZONA URBANA",PAMPALONA,44034020,-12.217549,-38.9882837,388,Sem acessibilidade,2026-09-29 09:27:00,656875186619274999506279
UE2015 (Anterior),FEIRA DE SANTANA,156,189,1766950,COLÉGIO ESTADUAL EDITH MACHADO BOAVENTURA,"AV. PRIMAVERA, 2770 - ZONA URBANA",PAMPALONA,44034020,-12.217549,-38.9882837,385,Sem acessibilidade,2026-09-29 09:36:00,293239932583931602419005
UE2015 (Anterior),FEIRA DE SANTANA,156,190,1766272,COLÉGIO ESTADUAL EDITH MACHADO BOAVENTURA,"AV. PRIMAVERA, 2770 - ZONA URBANA",PAMPALONA,44034020,-12.217549,-38.9882837,382,Sem acessibilidade,2026-09-29 09:47:00,515461233805317375039964
UE2015 (Anterior),FEIRA DE SANTANA,156,191,1768769,COLÉGIO ESTADUAL EDITH MACHADO BOAVENTURA,"AV. PRIMAVERA, 2770 - ZONA URBANA",PAMPALONA,44034020,-12.217549,-38.9882837,393,Sem acessibilidade,2026-09-29 09:56:00,262936091880089762595987
UE2015 (Anterior),FEIRA DE SANTANA,156,192,1764443,COLÉGIO ESTADUAL EDITH MACHADO BOAVENTURA,"AV. PRIMAVERA, 2770 - ZONA URBANA",PAMPALONA,44034020,-12.217549,-38.9882837,390,Sem acessibilidade,2026-09-29 10:06:00,434653370297886802792897
UE2015 (Anterior),FEIRA DE SANTANA,156,193,1765324,COLÉGIO ESTADUAL DA POLÍCIA MILITAR - CPM DIVA PORTELA,"RUA TRÊS PODERES, S/N - ZONA URBANA",CAMPO LIMPO,44023000,-12.2194372,-38.9697803,347,Sem acessibilidade,2026-09-29 08:19:00,151825206302711154054985
UE2015 (Anterior),FEIRA DE SANTANA,156,194,1757209,COLÉGIO ESTADUAL DA POLÍCIA MILITAR - CPM DIVA PORTELA,"RUA TRÊS PODERES, S/N - ZONA URBANA",CAMPO LIMPO,44023000,-12.2194372,-38.9697803,347,Sem acessibilidade,2026-09-29 08:30:00,444754601531557853982627
UE2015 (Anterior),FEIRA DE SANTANA,156,195,1765959,COLÉGIO ESTADUAL DA POLÍCIA MILITAR - CPM DIVA PORTELA,"RUA TRÊS PODERES, S/N - ZONA URBANA",CAMPO LIMPO,44023000,-12.2194372,-38.9697803,347,Sem acessibilidade,2026-09-29 08:40:00,313441589918512655260763
UE2015 (Anterior),FEIRA DE SANTANA,156,196,1766875,COLÉGIO ESTADUAL DA POLÍCIA MILITAR - CPM DIVA PORTELA,"RUA TRÊS PODERES, S/N - ZONA URBANA",CAMPO LIMPO,44023000,-12.2194372,-38.9697803,345,Sem acessibilidade,2026-09-29 08:50:00,262936648213557759082286
UE2015 (Anterior),FEIRA DE SANTANA,156,197,1762896,COLÉGIO ESTADUAL DA POLÍCIA MILITAR - CPM DIVA PORTELA,"RUA TRÊS PODERES, S/N - ZONA URBANA",CAMPO LIMPO,44023000,-12.2194372,-38.9697803,346,Sem acessibilidade,2026-09-29 09:00:00,687178171955636925011312
UE2015 (Anterior),FEIRA DE SANTANA,156,198,1756251,COLÉGIO ESTADUAL DA POLÍCIA MILITAR - CPM DIVA PORTELA,"RUA TRÊS PODERES, S/N - ZONA URBANA",CAMPO LIMPO,44023000,-12.2194372,-38.9697803,346,Sem acessibilidade,2026-09-29 09:11:00,323542927719436305028641
UE2015 (Anterior),FEIRA DE SANTANA,156,199,1766451,COLÉGIO ESTADUAL DA POLÍCIA MILITAR - CPM DIVA PORTELA,"RUA TRÊS PODERES, S/N - ZONA URBANA",CAMPO LIMPO,44023000,-12.2194372,-38.9697803,344,Sem acessibilidade,2026-09-29 09:20:00,121522838299256840264069
UE2015 (Anterior),FEIRA DE SANTANA,156,200,1766059,COLÉGIO ESTADUAL DA POLÍCIA MILITAR - CPM DIVA PORTELA,"RUA TRÊS PODERES, S/N - ZONA URBANA",CAMPO LIMPO,44023000,-12.2194372,-38.9697803,345,Sem acessibilidade,2026-09-29 09:31:00,495259676336783791398585
UE2015 (Anterior),FEIRA DE SANTANA,156,201,1793822,COLÉGIO ESTADUAL DA POLÍCIA MILITAR - CPM DIVA PORTELA,"RUA TRÊS PODERES, S/N - ZONA URBANA",CAMPO LIMPO,44023000,-12.2194372,-38.9697803,346,Sem acessibilidade,2026-09-29 09:40:00,333643621320644137899332
UE2015 (Anterior),FEIRA DE SANTANA,156,202,1766296,COLÉGIO ESTADUAL DA POLÍCIA MILITAR - CPM DIVA PORTELA,"RUA TRÊS PODERES, S/N - ZONA URBANA",CAMPO LIMPO,44023000,-12.2194372,-38.9697803,344,Sem acessibilidade,2026-09-29 09:50:00,374047778224778230476525
UE2015 (Anterior),FEIRA DE SANTANA,156,203,1773021,COLÉGIO ESTADUAL DA POLÍCIA MILITAR - CPM DIVA PORTELA,"RUA TRÊS PODERES, S/N - ZONA URBANA",CAMPO LIMPO,44023000,-12.2194372,-38.9697803,346,Sem acessibilidade,2026-09-29 10:01:00,949704458781047579863723
UE2015 (Anterior),FEIRA DE SANTANA,156,204,1765823,COLÉGIO ESTADUAL DA POLÍCIA MILITAR - CPM DIVA PORTELA,"RUA TRÊS PODERES, S/N - ZONA URBANA",CAMPO LIMPO,44023000,-12.2194372,-38.9697803,346,Sem acessibilidade,2026-09-29 10:11:00,879097496174061920346265
UE2015 (Anterior),FEIRA DE SANTANA,156,205,1768652,COLÉGIO ESTADUAL DA POLÍCIA MILITAR - CPM DIVA PORTELA,"RUA TRÊS PODERES, S/N - ZONA URBANA",CAMPO LIMPO,44023000,-12.2194372,-38.9697803,343,Sem acessibilidade,2026-09-29 10:21:00,656875387652937036127588
UE2015 (Anterior),FEIRA DE SANTANA,156,206,1765785,ESCOLA MUNICIPAL DR. NOIDE CERQUEIRA,"RUA SENAI, S/N - ZONA URBANA",CAMPO LIMPO,44032352,-12.230275,-38.9674524,351,Sem acessibilidade,2026-09-29 11:43:00,515461350205223239391811
UE2015 (Anterior),FEIRA DE SANTANA,156,207,1768862,ESCOLA MUNICIPAL DR. NOIDE CERQUEIRA,"RUA SENAI, S/N - ZONA URBANA",CAMPO LIMPO,44032352,-12.230275,-38.9674524,354,Sem acessibilidade,2026-09-29 11:52:00,232633185977964629205233
UE2015 (Anterior),FEIRA DE SANTANA,156,208,1767707,ESCOLA MUNICIPAL DR. NOIDE CERQUEIRA,"RUA SENAI, S/N - ZONA URBANA",CAMPO LIMPO,44032352,-12.230275,-38.9674524,348,Sem acessibilidade,2026-09-29 12:03:00,535663595207990317850890
UE2015 (Anterior),FEIRA DE SANTANA,156,209,1757052,ESCOLA MUNICIPAL DR. NOIDE CERQUEIRA,"RUA SENAI, S/N - ZONA URBANA",CAMPO LIMPO,44032352,-12.230275,-38.9674524,352,Com acessibilidade,2026-09-29 12:12:00,970007144651451480062971
UE2015 (Anterior),FEIRA DE SANTANA,156,210,1750520,ESCOLA MUNICIPAL DR. NOIDE CERQUEIRA,"RUA SENAI, S/N - ZONA URBANA",CAMPO LIMPO,44032352,-12.230275,-38.9674524,347,Sem acessibilidade,2026-09-29 12:22:00,899299145943461400379273
UE2015 (Anterior),FEIRA DE SANTANA,156,211,1842507,ESCOLA MUNICIPAL DR. NOIDE CERQUEIRA,"RUA SENAI, S/N - ZONA URBANA",CAMPO LIMPO,44032352,-12.230275,-38.9674524,352,Sem acessibilidade,2026-09-29 13:34:00,310362554919781036730
UE2015 (Anterior),FEIRA DE SANTANA,156,212,1762714,SENAI - FEIRA DE SANTANA,"AV. EDUARDO FRÓES DA MOTA, 5000 - ZONA URBANA",CAMPO LIMPO,44032002,-12.2307677,-38.9681338,337,Sem acessibilidade,2026-09-29 08:26:00,757885221321190954699494
UE2015 (Anterior),FEIRA DE SANTANA,156,213,1767322,SENAI - FEIRA DE SANTANA,"AV. EDUARDO FRÓES DA MOTA, 5000 - ZONA URBANA",CAMPO LIMPO,44032002,-12.2307677,-38.9681338,335,Sem acessibilidade,2026-09-29 08:35:00,969906544442421249844664
UE2015 (Anterior),FEIRA DE SANTANA,156,214,1764184,SENAI - FEIRA DE SANTANA,"AV. EDUARDO FRÓES DA MOTA, 5000 - ZONA URBANA",CAMPO LIMPO,44032002,-12.2307677,-38.9681338,340,Sem acessibilidade,2026-09-29 08:45:00,363946052782914893938317
UE2015 (Anterior),FEIRA DE SANTANA,156,215,1763551,SENAI - FEIRA DE SANTANA,"AV. EDUARDO FRÓES DA MOTA, 5000 - ZONA URBANA",CAMPO LIMPO,44032002,-12.2307677,-38.9681338,349,Sem acessibilidade,2026-09-29 08:55:00,475057279793115632493703
UE2015 (Anterior),FEIRA DE SANTANA,156,216,1758640,SENAI - FEIRA DE SANTANA,"AV. EDUARDO FRÓES DA MOTA, 5000 - ZONA URBANA",CAMPO LIMPO,44032002,-12.2307677,-38.9681338,336,Sem acessibilidade,2026-09-29 09:04:00,384148290984611667270561
UE2015 (Anterior),FEIRA DE SANTANA,156,217,1772628,SENAI - FEIRA DE SANTANA,"AV. EDUARDO FRÓES DA MOTA, 5000 - ZONA URBANA",CAMPO LIMPO,44032002,-12.2307677,-38.9681338,340,Sem acessibilidade,2026-09-29 09:14:00,868996887532182028158975
UE2015 (Anterior),FEIRA DE SANTANA,156,218,1835216,ANEXO DO COLÉGIO ESTADUAL DE TEMPO INTEGRAL PROFª ANA ANGÉLICA VERGNE,"AV. TRANSNORDESTINA, S/N, DERBA",CAMPO LIMPO,44021090,-12.2111595,-38.9662584,392,Com acessibilidade,2026-09-29 10:58:00,515461647397551530563606
UE2015 (Anterior),FEIRA DE SANTANA,156,219,1767098,ANEXO DO COLÉGIO ESTADUAL DE TEMPO INTEGRAL PROFª ANA ANGÉLICA VERGNE,"AV. TRANSNORDESTINA, S/N, DERBA",CAMPO LIMPO,44021090,-12.2111595,-38.9662584,397,Com acessibilidade,2026-09-29 11:08:00,495259730795194845085235
UE2015 (Anterior),FEIRA DE SANTANA,156,220,1775780,ANEXO DO COLÉGIO ESTADUAL DE TEMPO INTEGRAL PROFª ANA ANGÉLICA VERGNE,"AV. TRANSNORDESTINA, S/N, DERBA",CAMPO LIMPO,44021090,-12.2111595,-38.9662584,397,Com acessibilidade,2026-09-29 11:17:00,273037594473991840808080
UE2015 (Anterior),FEIRA DE SANTANA,156,221,1767380,ANEXO DO COLÉGIO ESTADUAL DE TEMPO INTEGRAL PROFª ANA ANGÉLICA VERGNE,"AV. TRANSNORDESTINA, S/N, DERBA",CAMPO LIMPO,44021090,-12.2111595,-38.9662584,394,Com acessibilidade,2026-09-29 11:26:00,798289227525534032289786
UE2015 (Anterior),FEIRA DE SANTANA,156,222,1765258,ANEXO DO COLÉGIO ESTADUAL DE TEMPO INTEGRAL PROFª ANA ANGÉLICA VERGNE,"AV. TRANSNORDESTINA, S/N, DERBA",CAMPO LIMPO,44021090,-12.2111595,-38.9662584,393,Com acessibilidade,2026-09-29 11:36:00,909300440036735286663537
UE2015 (Anterior),FEIRA DE SANTANA,156,223,1765694,ANEXO DO COLÉGIO ESTADUAL DE TEMPO INTEGRAL PROFª ANA ANGÉLICA VERGNE,"AV. TRANSNORDESTINA, S/N, DERBA",CAMPO LIMPO,44021090,-12.2111595,-38.9662584,395,Com acessibilidade,2026-09-29 11:45:00,141724796060998900276774
UE2015 (Anterior),FEIRA DE SANTANA,156,224,1765768,COLÉGIO ESTADUAL DA POLÍCIA MILITAR - CPM DIVA PORTELA,"RUA TRÊS PODERES, S/N - ZONA URBANA",CAMPO LIMPO,44023000,-12.2194372,-38.9697803,344,Sem acessibilidade,2026-09-29 10:32:00,394249159526839994448840
UE2015 (Anterior),FEIRA DE SANTANA,156,225,1753314,COLÉGIO ESTADUAL EDITH MACHADO BOAVENTURA,"AV. PRIMAVERA, 2770 - ZONA URBANA",PAMPALONA,44034020,-12.217549,-38.9882837,392,Sem acessibilidade,2026-09-29 10:16:00,475057345501014304991726
UE2015 (Anterior),FEIRA DE SANTANA,156,226,1767273,ESCOLA MUNICIPAL DEOCLECIANO MARTINS DA SILVA,"POVOADO PÉ DE SERRA, S/N - ZONA RURAL",DISTRITO DE MARIA QUITÉRIA,44110000,-12.1326841,-39.029272,375,Com acessibilidade,2026-09-29 08:38:00,576067556253249657599479
UE2015 (Anterior),FEIRA DE SANTANA,156,228,1834438,COLÉGIO ESTADUAL EDITH MACHADO BOAVENTURA,"AV. PRIMAVERA, 2770 - ZONA URBANA",PAMPALONA,44034020,-12.217549,-38.9882837,381,Sem acessibilidade,2026-09-29 10:25:00,939603136047490877619052
UE2015 (Anterior),FEIRA DE SANTANA,156,230,1753551,ESCOLA MUNICIPAL FIRMINO JOSÉ DE BRITO,FAZENDA MALHADOR - ZONA RURAL,DISTRITO DE JAGUARA,44125000,-12.2031436,-39.072978,298,Sem acessibilidade,2026-09-29 08:27:00,525562919112036083394707
UE2015 (Anterior),FEIRA DE SANTANA,156,234,1823895,COLÉGIO ESTADUAL EDITH MACHADO BOAVENTURA,"AV. PRIMAVERA, 2770 - ZONA URBANA",PAMPALONA,44034020,-12.217549,-38.9882837,385,Sem acessibilidade,2026-09-29 10:35:00,980108811252639731276456
UE2015 (Anterior),FEIRA DE SANTANA,156,236,1756058,COLÉGIO ESTADUAL EDITH MACHADO BOAVENTURA,"AV. PRIMAVERA, 2770 - ZONA URBANA",PAMPALONA,44034020,-12.217549,-38.9882837,383,Com acessibilidade,2026-09-29 10:44:00,212431261575885880915921
UE2015 (Anterior),FEIRA DE SANTANA,156,238,1776637,COLÉGIO ESTADUAL EDITH MACHADO BOAVENTURA,"AV. PRIMAVERA, 2770 - ZONA URBANA",PAMPALONA,44034020,-12.217549,-38.9882837,384,Sem acessibilidade,2026-09-29 10:54:00,131623404067891223373889
UE2015 (Anterior),FEIRA DE SANTANA,156,243,1767265,CENTRO MUNICIPAL DE EDUCAÇÃO INFANTIL PAULINO MARTINS DOS SANTOS,PRIMEIRA TRAVESSA ARTHUR DE FREITAS - ZONA RURAL,DISTRITO DE MARIA QUITÉRIA,44110000,-12.1498481,-38.991402,349,Com acessibilidade,2026-09-29 09:27:00,333643124529958535282884
UE2015 (Anterior),FEIRA DE SANTANA,156,244,1752636,ESCOLA MUNICIPAL NORMA SUELY MASCARENHAS,"RUA B (VASP), S/N, CJ. GEORGE AMERICO - ZONA URBANA",CAMPO LIMPO,44033061,-12.2233303,-38.9801012,387,Sem acessibilidade,2026-09-29 12:26:00,384148289825234800727622
UE2015 (Anterior),FEIRA DE SANTANA,156,245,1757597,ESCOLA MUNICIPAL PROFESSORA ODETE DE OLIVEIRA ALMEIDA,"RUA HERÁCLITO DE CARVALHO, S/N - ZONA URBANA",PAMPALONA,44022170,-12.2226671,-38.9856449,365,Sem acessibilidade,2026-09-29 09:44:00,555865562876141178301263
UE2015 (Anterior),FEIRA DE SANTANA,156,247,1765568,ESCOLA MUNICIPAL CHICO MENDES,"PRAÇA CENTENÁRIO, S/N - ZONA URBANA",CAMPO LIMPO,44021090,-12.2259133,-38.968256,380,Com acessibilidade,2026-09-29 11:55:00,424552658488369179263833
UE2015 (Anterior),FEIRA DE SANTANA,156,248,1846323,ESCOLA MUNICIPAL JANETE GOMES MEDEIROS,"RUA LARANJEIRAS DO SUL, 32, LOTEAMENTO JARDIM ROMANO  - ZONA URBANA",CAMPO LIMPO,44033283,-12.2165174,-38.9773661,386,Com acessibilidade,2026-09-29 11:22:00,747784080761204205413902
UE2015 (Anterior),FEIRA DE SANTANA,156,249,1766144,COLÉGIO ESTADUAL DE MARIA QUITÉRIA,"ESTRADA DE  MARIA QUITÉRIA, S/N - ZONA RURAL",DISTRITO DE MARIA QUITÉRIA,44110000,-12.1511522,-38.9870811,342,Sem acessibilidade,2026-09-29 10:24:00,970007426278460813687753
UE2015 (Anterior),FEIRA DE SANTANA,156,251,1776134,COLÉGIO ESTADUAL DA POLÍCIA MILITAR - CPM DIVA PORTELA,"RUA TRÊS PODERES, S/N - ZONA URBANA",CAMPO LIMPO,44023000,-12.2194372,-38.9697803,353,Com acessibilidade,2026-09-29 10:42:00,879097515274403556444842
UE2015 (Anterior),FEIRA DE SANTANA,156,252,1757672,ESCOLA MUNICIPAL ANTÔNIO ALVES OLIVEIRA,"RUA AVARÉ, S/N - ZONA URBANA",ASA BRANCA,44021510,-12.2092793,-38.9921606,369,Sem acessibilidade,2026-09-29 12:53:00,182128933172098922725293
UE2015 (Anterior),FEIRA DE SANTANA,156,253,1765225,COLÉGIO ESTADUAL DA POLÍCIA MILITAR - CPM DIVA PORTELA,"RUA TRÊS PODERES, S/N - ZONA URBANA",CAMPO LIMPO,44023000,-12.2194372,-38.9697803,345,Sem acessibilidade,2026-09-29 10:52:00,818491673168439682019156
UE2015 (Anterior),FEIRA DE SANTANA,156,255,1781717,COLÉGIO ESTADUAL DA POLÍCIA MILITAR - CPM DIVA PORTELA,"RUA TRÊS PODERES, S/N - ZONA URBANA",CAMPO LIMPO,44023000,-12.2194372,-38.9697803,346,Sem acessibilidade,2026-09-29 11:02:00,929502007079200124944199
UE2015 (Anterior),FEIRA DE SANTANA,156,256,1766438,ESCOLA MUNICIPAL PROFESSORA ODETE DE OLIVEIRA ALMEIDA,"RUA HERÁCLITO DE CARVALHO, S/N - ZONA URBANA",PAMPALONA,44022170,-12.2226671,-38.9856449,363,Sem acessibilidade,2026-09-29 09:55:00,374047564858124789601689
UE2015 (Anterior),FEIRA DE SANTANA,156,257,1775454,ESCOLA MUNICIPAL DEOCLECIANO MARTINS DA SILVA,"POVOADO PÉ DE SERRA, S/N - ZONA RURAL",DISTRITO DE MARIA QUITÉRIA,44110000,-12.1326841,-39.029272,377,Com acessibilidade,2026-09-29 08:48:00,767986067572521901570817
UE2015 (Anterior),FEIRA DE SANTANA,156,258,1836922,ESCOLA MUNICIPAL CHICO MENDES,"PRAÇA CENTENÁRIO, S/N - ZONA URBANA",CAMPO LIMPO,44021090,-12.2259133,-38.968256,387,Sem acessibilidade,2026-09-29 12:05:00,20512435748627236169710
UE2015 (Anterior),FEIRA DE SANTANA,156,259,1762189,ESCOLA MUNICIPAL NORMA SUELY MASCARENHAS,"RUA B (VASP), S/N, CJ. GEORGE AMERICO - ZONA URBANA",CAMPO LIMPO,44033061,-12.2233303,-38.9801012,385,Com acessibilidade,2026-09-29 12:36:00,929502441079869560798489
UE2015 (Anterior),FEIRA DE SANTANA,156,261,1766383,COLÉGIO ESTADUAL DA POLÍCIA MILITAR - CPM DIVA PORTELA,"RUA TRÊS PODERES, S/N - ZONA URBANA",CAMPO LIMPO,44023000,-12.2194372,-38.9697803,348,Sem acessibilidade,2026-09-29 11:11:00,161926873003465495895698
UE2015 (Anterior),FEIRA DE SANTANA,156,266,1822180,ESCOLA MUNICIPAL NORMA SUELY MASCARENHAS,"RUA B (VASP), S/N, CJ. GEORGE AMERICO - ZONA URBANA",CAMPO LIMPO,44033061,-12.2233303,-38.9801012,383,Sem acessibilidade,2026-09-29 12:47:00,757885017562855664667852
UE2015 (Anterior),FEIRA DE SANTANA,156,267,1765233,ESCOLA MUNICIPAL ANTÔNIO ALVES OLIVEIRA,"RUA AVARÉ, S/N - ZONA URBANA",ASA BRANCA,44021510,-12.2092793,-38.9921606,365,Sem acessibilidade,2026-09-29 13:04:00,323542697586967009157056
UE2015 (Anterior),FEIRA DE SANTANA,156,268,1764603,ESCOLA MUNICIPAL REVERENDO SEVERINO SOARES,"RUA ESCALADA, N. 37 - ZONA URBANA",GABRIELA,44028312,-12.2314049,-38.9824145,394,Sem acessibilidade,2026-09-29 09:23:00,40714523325383010291804
UE2015 (Anterior),FEIRA DE SANTANA,156,269,1766767,SENAI - FEIRA DE SANTANA,"AV. EDUARDO FRÓES DA MOTA, 5000 - ZONA URBANA",CAMPO LIMPO,44032002,-12.2307677,-38.9681338,335,Sem acessibilidade,2026-09-29 09:23:00,666976252212000037699511
UE2015 (Anterior),FEIRA DE SANTANA,156,270,1777309,COLÉGIO ESTADUAL EDITH MACHADO BOAVENTURA,"AV. PRIMAVERA, 2770 - ZONA URBANA",PAMPALONA,44034020,-12.217549,-38.9882837,382,Sem acessibilidade,2026-09-29 11:03:00,495259164903848251094393
UE2015 (Anterior),FEIRA DE SANTANA,156,271,1835025,ESCOLA MUNICIPAL JOSÉ TAVARES CARNEIRO,"RUA NOSSA SENHORA DA CONCEIÇÃO, 41, SEDE - ZONA RURAL",DISTRITO DE MARIA QUITÉRIA,44110000,-12.1495629,-38.9896484,395,Sem acessibilidade,2026-09-29 13:19:00,555865336536638875340406
UE2015 (Anterior),FEIRA DE SANTANA,156,272,1766754,CENTRO MUNICIPAL DE EDUCAÇÃO INFANTIL PAULINO MARTINS DOS SANTOS,PRIMEIRA TRAVESSA ARTHUR DE FREITAS - ZONA RURAL,DISTRITO DE MARIA QUITÉRIA,44110000,-12.1498481,-38.991402,349,Com acessibilidade,2026-09-29 09:36:00,131623023109778220893212
UE2015 (Anterior),FEIRA DE SANTANA,156,277,1826054,ESCOLA MUNICIPAL CHICO MENDES,"PRAÇA CENTENÁRIO, S/N - ZONA URBANA",CAMPO LIMPO,44021090,-12.2259133,-38.968256,390,Sem acessibilidade,2026-09-29 12:14:00,868996301832489477041820
UE2015 (Anterior),FEIRA DE SANTANA,156,280,1765185,COLÉGIO ESTADUAL EDITH MACHADO BOAVENTURA,"AV. PRIMAVERA, 2770 - ZONA URBANA",PAMPALONA,44034020,-12.217549,-38.9882837,381,Sem acessibilidade,2026-09-29 11:13:00,363946104590807289703397
UE2015 (Anterior),FEIRA DE SANTANA,156,281,1824636,ESCOLA MUNICIPAL JANETE GOMES MEDEIROS,"RUA LARANJEIRAS DO SUL, 32, LOTEAMENTO JARDIM ROMANO  - ZONA URBANA",CAMPO LIMPO,44033283,-12.2165174,-38.9773661,387,Com acessibilidade,2026-09-29 11:32:00,889198734075431793109689
UE2015 (Anterior),FEIRA DE SANTANA,156,282,1763696,ESCOLA MUNICIPAL JOSÉ TAVARES CARNEIRO,"RUA NOSSA SENHORA DA CONCEIÇÃO, 41, SEDE - ZONA RURAL",DISTRITO DE MARIA QUITÉRIA,44110000,-12.1495629,-38.9896484,389,Sem acessibilidade,2026-09-29 13:31:00,310964681704518659887
UE2015 (Anterior),FEIRA DE SANTANA,156,283,1761762,ESCOLA MUNICIPAL NORMA SUELY MASCARENHAS,"RUA B (VASP), S/N, CJ. GEORGE AMERICO - ZONA URBANA",CAMPO LIMPO,44033061,-12.2233303,-38.9801012,378,Sem acessibilidade,2026-09-29 12:57:00,485158551435673023637959
UE2015 (Anterior),FEIRA DE SANTANA,156,285,1757032,ESCOLA MUNICIPAL PROFESSORA ODETE DE OLIVEIRA ALMEIDA,"RUA HERÁCLITO DE CARVALHO, S/N - ZONA URBANA",PAMPALONA,44022170,-12.2226671,-38.9856449,367,Sem acessibilidade,2026-09-29 10:05:00,919401201812292807764456
UE2015 (Anterior),FEIRA DE SANTANA,156,286,1766019,ESCOLA MUNICIPAL REVERENDO SEVERINO SOARES,"RUA ESCALADA, N. 37 - ZONA URBANA",GABRIELA,44028312,-12.2314049,-38.9824145,395,Sem acessibilidade,2026-09-29 09:34:00,50815457526558252478360
UE2015 (Anterior),FEIRA DE SANTANA,156,287,1840911,ESCOLA MUNICIPAL CHICO MENDES,"PRAÇA CENTENÁRIO, S/N - ZONA URBANA",CAMPO LIMPO,44021090,-12.2259133,-38.968256,379,Sem acessibilidade,2026-09-29 12:24:00,747784256620455116712502
UE2015 (Anterior),FEIRA DE SANTANA,156,288,1766999,ESCOLA MUNICIPAL NORMA SUELY MASCARENHAS,"RUA B (VASP), S/N, CJ. GEORGE AMERICO - ZONA URBANA",CAMPO LIMPO,44033061,-12.2233303,-38.9801012,382,Sem acessibilidade,2026-09-29 13:08:00,939603551480857867410647
UE2015 (Anterior),FEIRA DE SANTANA,156,289,1822535,ESCOLA MUNICIPAL CHICO MENDES,"PRAÇA CENTENÁRIO, S/N - ZONA URBANA",CAMPO LIMPO,44021090,-12.2259133,-38.968256,377,Sem acessibilidade,2026-09-29 12:34:00,808390539826606596550261
UE2015 (Anterior),FEIRA DE SANTANA,156,291,1767193,ESCOLA MUNICIPAL PROFESSORA ODETE DE OLIVEIRA ALMEIDA,"RUA HERÁCLITO DE CARVALHO, S/N - ZONA URBANA",PAMPALONA,44022170,-12.2226671,-38.9856449,366,Sem acessibilidade,2026-09-29 10:15:00,687178608889151175893370
UE2015 (Anterior),FEIRA DE SANTANA,156,293,1767248,ESCOLA MUNICIPAL NORMA SUELY MASCARENHAS,"RUA B (VASP), S/N, CJ. GEORGE AMERICO - ZONA URBANA",CAMPO LIMPO,44033061,-12.2233303,-38.9801012,379,Sem acessibilidade,2026-09-29 13:18:00,828592969969832030113397
UE2015 (Anterior),FEIRA DE SANTANA,156,294,1765214,ESCOLA MUNICIPAL CHICO MENDES,"PRAÇA CENTENÁRIO, S/N - ZONA URBANA",CAMPO LIMPO,44021090,-12.2259133,-38.968256,388,Sem acessibilidade,2026-09-29 12:45:00,121522374258087865928385
UE2015 (Anterior),FEIRA DE SANTANA,156,295,1808507,ESCOLA MUNICIPAL JANETE GOMES MEDEIROS,"RUA LARANJEIRAS DO SUL, 32, LOTEAMENTO JARDIM ROMANO  - ZONA URBANA",CAMPO LIMPO,44033283,-12.2165174,-38.9773661,368,Com acessibilidade,2026-09-29 11:42:00,313441676618958266467353
UE2015 (Anterior),FEIRA DE SANTANA,156,296,1765881,ESCOLA MUNICIPAL PROFESSORA ODETE DE OLIVEIRA ALMEIDA,"RUA HERÁCLITO DE CARVALHO, S/N - ZONA URBANA",PAMPALONA,44022170,-12.2226671,-38.9856449,362,Sem acessibilidade,2026-09-29 10:25:00,798289260100356801368543
UE2015 (Anterior),FEIRA DE SANTANA,156,297,1765396,ESCOLA MUNICIPAL CHICO MENDES,"PRAÇA CENTENÁRIO, S/N - ZONA URBANA",CAMPO LIMPO,44021090,-12.2259133,-38.968256,380,Sem acessibilidade,2026-09-29 12:55:00,81118665154136962719882
UE2015 (Anterior),FEIRA DE SANTANA,156,298,1758686,ESCOLA MUNICIPAL CHICO MENDES,"PRAÇA CENTENÁRIO, S/N - ZONA URBANA",CAMPO LIMPO,44021090,-12.2259133,-38.968256,390,Sem acessibilidade,2026-09-29 13:05:00,929502616138639942645213
UE2015 (Anterior),FEIRA DE SANTANA,156,299,1769891,ESCOLA MUNICIPAL NORMA SUELY MASCARENHAS,"RUA B (VASP), S/N, CJ. GEORGE AMERICO - ZONA URBANA",CAMPO LIMPO,44033061,-12.2233303,-38.9801012,383,Sem acessibilidade,2026-09-29 13:30:00,343744140321978252058331
UE2015 (Anterior),FEIRA DE SANTANA,156,300,1769113,ESCOLA MUNICIPAL ANTÔNIO ALVES OLIVEIRA,"RUA AVARÉ, S/N - ZONA URBANA",ASA BRANCA,44021510,-12.2092793,-38.9921606,364,Sem acessibilidade,2026-09-29 13:13:00,636673901317294573885942
UE2015 (Anterior),FEIRA DE SANTANA,156,301,1772823,ESCOLA MUNICIPAL ANTÔNIO ALVES OLIVEIRA,"RUA AVARÉ, S/N - ZONA URBANA",ASA BRANCA,44021510,-12.2092793,-38.9921606,367,Sem acessibilidade,2026-09-29 13:44:00,717481092925717684054611
UE2015 (Anterior),FEIRA DE SANTANA,156,303,1765877,COLÉGIO ESTADUAL EDITH MACHADO BOAVENTURA,"AV. PRIMAVERA, 2770 - ZONA URBANA",PAMPALONA,44034020,-12.217549,-38.9882837,381,Sem acessibilidade,2026-09-29 11:23:00,262936869180794728178458
UE2015 (Anterior),FEIRA DE SANTANA,156,305,1811396,ESCOLA MUNICIPAL ACIOLY DA SILVA ARAÚJO,"RUA CONDOR, S/N, FEIRA X - ZONA URBANA",MUCHILA,44005686,-12.2756301,-38.9720222,393,Com acessibilidade,2026-09-29 10:06:00,50815876401506278925311
UE2015 (Anterior),FEIRA DE SANTANA,156,306,1795979,ESCOLA MUNICIPAL ACIOLY DA SILVA ARAÚJO,"RUA CONDOR, S/N, FEIRA X - ZONA URBANA",MUCHILA,44005686,-12.2756301,-38.9720222,395,Com acessibilidade,2026-09-29 10:16:00,687178619164229176577286
UE2015 (Anterior),FEIRA DE SANTANA,156,307,1824708,ESCOLA MUNICIPAL ACIOLY DA SILVA ARAÚJO,"RUA CONDOR, S/N, FEIRA X - ZONA URBANA",MUCHILA,44005686,-12.2756301,-38.9720222,390,Com acessibilidade,2026-09-29 10:26:00,111421155507745834866238
UE2015 (Anterior),FEIRA DE SANTANA,156,308,1760943,CENTRO JUVENIL DE CIÊNCIA E CULTURA,"AVENIDA RIO DE JANEIRO, N 156 - ZONA URBANA",PEDRA DO DESCANSO,44007112,-12.2621498,-38.973061,380,Sem acessibilidade,2026-09-29 11:34:00,293239448725989923111635
UE2015 (Anterior),FEIRA DE SANTANA,156,309,1767671,COLÉGIO ESTADUAL HELENA ASSIS SUZART,"RUA A, S/N, FEIRA X - ZONA URBANA",MUCHILA,44006170,-12.2730047,-38.9761302,408,Sem acessibilidade,2026-09-29 12:32:00,161926423112821582330319
UE2015 (Anterior),FEIRA DE SANTANA,156,310,1841355,COLÉGIO ESTADUAL HELENA ASSIS SUZART,"RUA A, S/N, FEIRA X - ZONA URBANA",MUCHILA,44006170,-12.2730047,-38.9761302,407,Sem acessibilidade,2026-09-29 12:42:00,454855798441208800174383
UE2015 (Anterior),FEIRA DE SANTANA,156,311,1764890,COLÉGIO ESTADUAL HELENA ASSIS SUZART,"RUA A, S/N, FEIRA X - ZONA URBANA",MUCHILA,44006170,-12.2730047,-38.9761302,404,Sem acessibilidade,2026-09-29 12:51:00,222532673718998711384791
UE2015 (Anterior),FEIRA DE SANTANA,156,312,1767504,COLÉGIO ESTADUAL HELENA ASSIS SUZART,"RUA A, S/N, FEIRA X - ZONA URBANA",MUCHILA,44006170,-12.2730047,-38.9761302,404,Sem acessibilidade,2026-09-29 13:01:00,111421676907548814095644
UE2015 (Anterior),FEIRA DE SANTANA,156,313,1757335,COLÉGIO ESTADUAL HELENA ASSIS SUZART,"RUA A, S/N, FEIRA X - ZONA URBANA",MUCHILA,44006170,-12.2730047,-38.9761302,405,Sem acessibilidade,2026-09-29 13:12:00,798289465475382811900824
UE2015 (Anterior),FEIRA DE SANTANA,156,314,1766013,COLÉGIO ESTADUAL HELENA ASSIS SUZART,"RUA A, S/N, FEIRA X - ZONA URBANA",MUCHILA,44006170,-12.2730047,-38.9761302,405,Sem acessibilidade,2026-09-29 13:22:00,60916842202740749937984
UE2015 (Anterior),FEIRA DE SANTANA,156,315,1766041,ESCOLA MUNICIPAL DR. WILSON DA COSTA FALCÃO,RUA DOS EXPEDICIONÁRIOS,PEDRA DO DESCANSO,44007270,-12.265615,-38.9787423,383,Sem acessibilidade,2026-09-29 11:32:00,727582610333272972263764
UE2015 (Anterior),FEIRA DE SANTANA,156,316,1767267,ESCOLA MUNICIPAL DR. WILSON DA COSTA FALCÃO,RUA DOS EXPEDICIONÁRIOS,PEDRA DO DESCANSO,44007270,-12.265615,-38.9787423,377,Sem acessibilidade,2026-09-29 11:40:00,293239295990795480301158
UE2015 (Anterior),FEIRA DE SANTANA,156,317,1767532,ESCOLA MUNICIPAL DR. WILSON DA COSTA FALCÃO,RUA DOS EXPEDICIONÁRIOS,PEDRA DO DESCANSO,44007270,-12.265615,-38.9787423,380,Sem acessibilidade,2026-09-29 11:49:00,677077784028807241357571
UE2015 (Anterior),FEIRA DE SANTANA,156,318,1765077,ESCOLA MUNICIPAL DR. WILSON DA COSTA FALCÃO,RUA DOS EXPEDICIONÁRIOS,PEDRA DO DESCANSO,44007270,-12.265615,-38.9787423,395,Sem acessibilidade,2026-09-29 11:57:00,81118301769161969137620
UE2015 (Anterior),FEIRA DE SANTANA,156,319,1824268,ESCOLA MUNICIPAL DR. WILSON DA COSTA FALCÃO,RUA DOS EXPEDICIONÁRIOS,PEDRA DO DESCANSO,44007270,-12.265615,-38.9787423,375,Sem acessibilidade,2026-09-29 12:05:00,858895186046458934080928
UE2015 (Anterior),FEIRA DE SANTANA,156,320,1762846,ESCOLA MUNICIPAL DR. WILSON DA COSTA FALCÃO,RUA DOS EXPEDICIONÁRIOS,PEDRA DO DESCANSO,44007270,-12.265615,-38.9787423,381,Sem acessibilidade,2026-09-29 12:14:00,333643742994952035925475
UE2015 (Anterior),FEIRA DE SANTANA,156,321,1757075,ESCOLA MUNICIPAL DR. WILSON DA COSTA FALCÃO,RUA DOS EXPEDICIONÁRIOS,PEDRA DO DESCANSO,44007270,-12.265615,-38.9787423,375,Sem acessibilidade,2026-09-29 12:24:00,182128701679899962479392
UE2015 (Anterior),FEIRA DE SANTANA,156,322,1763482,ESCOLA MUNICIPAL DR. WILSON DA COSTA FALCÃO,RUA DOS EXPEDICIONÁRIOS,PEDRA DO DESCANSO,44007270,-12.265615,-38.9787423,374,Sem acessibilidade,2026-09-29 12:32:00,606370234521269526318029
UE2015 (Anterior),FEIRA DE SANTANA,156,323,1836826,ESCOLA MUNICIPAL DR. WILSON DA COSTA FALCÃO,RUA DOS EXPEDICIONÁRIOS,PEDRA DO DESCANSO,44007270,-12.265615,-38.9787423,374,Sem acessibilidade,2026-09-29 12:41:00,545764283815220344207269
UE2015 (Anterior),FEIRA DE SANTANA,156,324,1766867,COLÉGIO ESTADUAL DR. JAIR SANTOS SILVA,"AV TOMÉ DE SOUZA, S/N, CONJUNTO FEIRA IX - ZONA URBANA",CALUMBI,44009005,-12.250491,-38.9845863,387,Com acessibilidade,2026-09-29 10:35:00,707380553391358430578418
UE2015 (Anterior),FEIRA DE SANTANA,156,325,1766138,COLÉGIO ESTADUAL DR. JAIR SANTOS SILVA,"AV TOMÉ DE SOUZA, S/N, CONJUNTO FEIRA IX - ZONA URBANA",CALUMBI,44009005,-12.250491,-38.9845863,398,Com acessibilidade,2026-09-29 10:45:00,303340262051040776621545
UE2015 (Anterior),FEIRA DE SANTANA,156,326,1768822,COLÉGIO ESTADUAL DR. JAIR SANTOS SILVA,"AV TOMÉ DE SOUZA, S/N, CONJUNTO FEIRA IX - ZONA URBANA",CALUMBI,44009005,-12.250491,-38.9845863,392,Com acessibilidade,2026-09-29 10:54:00,262936331847022336073592
UE2015 (Anterior),FEIRA DE SANTANA,156,327,1751539,COLÉGIO ESTADUAL DR. JAIR SANTOS SILVA,"AV TOMÉ DE SOUZA, S/N, CONJUNTO FEIRA IX - ZONA URBANA",CALUMBI,44009005,-12.250491,-38.9845863,389,Com acessibilidade,2026-09-29 11:04:00,353845530656779537981501
UE2015 (Anterior),FEIRA DE SANTANA,156,328,1808990,COLÉGIO ESTADUAL DR. JAIR SANTOS SILVA,"AV TOMÉ DE SOUZA, S/N, CONJUNTO FEIRA IX - ZONA URBANA",CALUMBI,44009005,-12.250491,-38.9845863,389,Com acessibilidade,2026-09-29 11:14:00,818491108002328061546581
UE2015 (Anterior),FEIRA DE SANTANA,156,329,1776228,COLÉGIO ESTADUAL DR. JAIR SANTOS SILVA,"AV TOMÉ DE SOUZA, S/N, CONJUNTO FEIRA IX - ZONA URBANA",CALUMBI,44009005,-12.250491,-38.9845863,385,Com acessibilidade,2026-09-29 11:25:00,273037672448944325256628
UE2015 (Anterior),FEIRA DE SANTANA,156,330,1767355,COLÉGIO ESTADUAL DR. JAIR SANTOS SILVA,"AV TOMÉ DE SOUZA, S/N, CONJUNTO FEIRA IX - ZONA URBANA",CALUMBI,44009005,-12.250491,-38.9845863,401,Com acessibilidade,2026-09-29 11:35:00,404350884861168889102577
UE2015 (Anterior),FEIRA DE SANTANA,156,331,1768288,COLÉGIO ESTADUAL DR. JAIR SANTOS SILVA,"AV TOMÉ DE SOUZA, S/N, CONJUNTO FEIRA IX - ZONA URBANA",CALUMBI,44009005,-12.250491,-38.9845863,392,Com acessibilidade,2026-09-29 11:46:00,949704536415869994799644
UE2015 (Anterior),FEIRA DE SANTANA,156,332,1767130,ESCOLA MUNICIPAL OTAVIANO FERREIRA CAMPOS,"RUA SANTANA, S/N - ZONA URBANA",NOVO HORIZONTE,44031470,-12.1890457,-38.9671147,340,Sem acessibilidade,2026-09-29 12:06:00,838693531004503099621100
UE2015 (Anterior),FEIRA DE SANTANA,156,333,1755554,ESCOLA MUNICIPAL OTAVIANO FERREIRA CAMPOS,"RUA SANTANA, S/N - ZONA URBANA",NOVO HORIZONTE,44031470,-12.1890457,-38.9671147,339,Sem acessibilidade,2026-09-29 12:16:00,50815868926817343928431
UE2015 (Anterior),FEIRA DE SANTANA,156,334,1768979,ESCOLA MUNICIPAL OTAVIANO FERREIRA CAMPOS,"RUA SANTANA, S/N - ZONA URBANA",NOVO HORIZONTE,44031470,-12.1890457,-38.9671147,339,Sem acessibilidade,2026-09-29 12:26:00,889198800509736422113585
UE2015 (Anterior),FEIRA DE SANTANA,156,335,1769739,ESCOLA MUNICIPAL OTAVIANO FERREIRA CAMPOS,"RUA SANTANA, S/N - ZONA URBANA",NOVO HORIZONTE,44031470,-12.1890457,-38.9671147,339,Sem acessibilidade,2026-09-29 12:36:00,576067602578513428659759
UE2015 (Anterior),FEIRA DE SANTANA,156,336,1766167,ESCOLA MUNICIPAL OTAVIANO FERREIRA CAMPOS,"RUA SANTANA, S/N - ZONA URBANA",NOVO HORIZONTE,44031470,-12.1890457,-38.9671147,339,Sem acessibilidade,2026-09-29 12:46:00,394249535360424830789739
UE2015 (Anterior),FEIRA DE SANTANA,156,337,1766460,ESCOLA MUNICIPAL OTAVIANO FERREIRA CAMPOS,"RUA SANTANA, S/N - ZONA URBANA",NOVO HORIZONTE,44031470,-12.1890457,-38.9671147,340,Sem acessibilidade,2026-09-29 12:56:00,757885004796875458918479
UE2015 (Anterior),FEIRA DE SANTANA,156,338,1767031,CENTRO MUNICIPAL DE EDUCAÇÃO INFANTIL HUGO NAVARRO SILVA,"RUA CONDOR, S/N, FEIRA X - ZONA URBANA",MUCHILA,44005686,-12.2758557,-38.9727812,397,Com acessibilidade,2026-09-29 13:33:00,101320463906944699496479
UE2015 (Anterior),FEIRA DE SANTANA,156,339,1767678,CENTRO MUNICIPAL DE EDUCAÇÃO INFANTIL HUGO NAVARRO SILVA,"RUA CONDOR, S/N, FEIRA X - ZONA URBANA",MUCHILA,44005686,-12.2758557,-38.9727812,395,Com acessibilidade,2026-09-29 13:44:00,616471083957611571559532
UE2015 (Anterior),FEIRA DE SANTANA,156,340,1773138,CENTRO MUNICIPAL DE EDUCAÇÃO INFANTIL HUGO NAVARRO SILVA,"RUA CONDOR, S/N, FEIRA X - ZONA URBANA",MUCHILA,44005686,-12.2758557,-38.9727812,393,Com acessibilidade,2026-09-29 13:54:00,828592375678917684557572
UE2015 (Anterior),FEIRA DE SANTANA,156,341,1777832,ESCOLA MUNICIPAL THELMA CARNEIRO,"RUA P, CAM B-XXII, S/N, FEIRA X - ZONA URBANA",MUCHILA,44006100,-12.2712102,-38.9781662,412,Sem acessibilidade,2026-09-29 12:49:00,434653094804675555036531
UE2015 (Anterior),FEIRA DE SANTANA,156,342,1766793,ESCOLA MUNICIPAL THELMA CARNEIRO,"RUA P, CAM B-XXII, S/N, FEIRA X - ZONA URBANA",MUCHILA,44006100,-12.2712102,-38.9781662,403,Sem acessibilidade,2026-09-29 12:58:00,646774411725902966821089
UE2015 (Anterior),FEIRA DE SANTANA,156,343,1768660,ESCOLA MUNICIPAL THELMA CARNEIRO,"RUA P, CAM B-XXII, S/N, FEIRA X - ZONA URBANA",MUCHILA,44006100,-12.2712102,-38.9781662,401,Sem acessibilidade,2026-09-29 13:07:00,363946244097219835919934
UE2015 (Anterior),FEIRA DE SANTANA,156,344,1763259,ESCOLA MUNICIPAL THELMA CARNEIRO,"RUA P, CAM B-XXII, S/N, FEIRA X - ZONA URBANA",MUCHILA,44006100,-12.2712102,-38.9781662,409,Sem acessibilidade,2026-09-29 13:19:00,232633222484313825591974
UE2015 (Anterior),FEIRA DE SANTANA,156,345,1768246,ESCOLA MUNICIPAL PROFA. MARÍLIA QUEIROZ DA SILVA,"RUA TEFÉ, 35 - ZONA URBANA",NOVA ESPERANÇA,44019850,-12.2498792,-38.9891842,395,Sem acessibilidade,2026-09-29 13:52:00,111421211998067904622781
UE2015 (Anterior),FEIRA DE SANTANA,156,346,1788531,ESCOLA MUNICIPAL PROFA. MARÍLIA QUEIROZ DA SILVA,"RUA TEFÉ, 35 - ZONA URBANA",NOVA ESPERANÇA,44019850,-12.2498792,-38.9891842,394,Sem acessibilidade,2026-09-29 14:04:00,970007189284721091372021
UE2015 (Anterior),FEIRA DE SANTANA,156,347,1796283,ESCOLA MUNICIPAL PROFA. MARÍLIA QUEIROZ DA SILVA,"RUA TEFÉ, 35 - ZONA URBANA",NOVA ESPERANÇA,44019850,-12.2498792,-38.9891842,391,Sem acessibilidade,2026-09-29 14:14:00,374047697724219216924596
UE2015 (Anterior),FEIRA DE SANTANA,156,348,1758050,UEFS - UNIVERSIDADE ESTADUAL DE FEIRA DE SANTANA,"AVENIDA TRANSNORDESTINA, S/N - ZONA URBANA",NOVO HORIZONTE,44036900,-12.2014667,-38.9689345,374,Com acessibilidade,2026-09-29 13:36:00,91219524955146279800761
UE2015 (Anterior),FEIRA DE SANTANA,156,349,1768803,UEFS - UNIVERSIDADE ESTADUAL DE FEIRA DE SANTANA,"AVENIDA TRANSNORDESTINA, S/N - ZONA URBANA",NOVO HORIZONTE,44036900,-12.2014667,-38.9689345,368,Com acessibilidade,2026-09-29 13:49:00,111421659057464580618695
UE2015 (Anterior),FEIRA DE SANTANA,156,351,1764977,UEFS - UNIVERSIDADE ESTADUAL DE FEIRA DE SANTANA,"AVENIDA TRANSNORDESTINA, S/N - ZONA URBANA",NOVO HORIZONTE,44036900,-12.2014667,-38.9689345,376,Com acessibilidade,2026-09-29 13:58:00,717481443417087266628770
UE2015 (Anterior),FEIRA DE SANTANA,156,353,1769754,COLÉGIO ESTADUAL DE TEMPO INTEGRAL PROFª ANA ANGÉLICA VERGNE DE MORAIS,"AV. TRANSNORDESTINA, S/N, DERBA",CAMPO LIMPO,44034072,-12.2111569,-38.9662205,393,Com acessibilidade,2026-09-29 11:33:00,656875601001279639706097
UE2015 (Anterior),FEIRA DE SANTANA,156,354,1753000,COLÉGIO ESTADUAL DE TEMPO INTEGRAL PROFª ANA ANGÉLICA VERGNE DE MORAIS,"AV. TRANSNORDESTINA, S/N, DERBA",CAMPO LIMPO,44034072,-12.2111569,-38.9662205,390,Com acessibilidade,2026-09-29 11:41:00,848794902420411919814701
UE2015 (Anterior),FEIRA DE SANTANA,156,355,1766550,COLÉGIO ESTADUAL DE TEMPO INTEGRAL PROFª ANA ANGÉLICA VERGNE DE MORAIS,"AV. TRANSNORDESTINA, S/N, DERBA",CAMPO LIMPO,44034072,-12.2111569,-38.9662205,393,Com acessibilidade,2026-09-29 11:50:00,81118257644675158010860
UE2015 (Anterior),FEIRA DE SANTANA,156,356,1764797,COLÉGIO ESTADUAL DE TEMPO INTEGRAL PROFª ANA ANGÉLICA VERGNE DE MORAIS,"AV. TRANSNORDESTINA, S/N, DERBA",CAMPO LIMPO,44034072,-12.2111569,-38.9662205,393,Com acessibilidade,2026-09-29 11:58:00,909300186126058476282344
UE2015 (Anterior),FEIRA DE SANTANA,156,357,1756933,COLÉGIO ESTADUAL DE TEMPO INTEGRAL PROFª ANA ANGÉLICA VERGNE DE MORAIS,"AV. TRANSNORDESTINA, S/N, DERBA",CAMPO LIMPO,44034072,-12.2111569,-38.9662205,393,Com acessibilidade,2026-09-29 12:05:00,969906358632567066880381
UE2015 (Anterior),FEIRA DE SANTANA,156,358,1767316,COLÉGIO ESTADUAL DE TEMPO INTEGRAL PROFª ANA ANGÉLICA VERGNE DE MORAIS,"AV. TRANSNORDESTINA, S/N, DERBA",CAMPO LIMPO,44034072,-12.2111569,-38.9662205,391,Com acessibilidade,2026-09-29 12:14:00,394249891275010560217428
UE2015 (Anterior),FEIRA DE SANTANA,156,359,1808636,COLÉGIO ESTADUAL DE TEMPO INTEGRAL PROFª ANA ANGÉLICA VERGNE DE MORAIS,"AV. TRANSNORDESTINA, S/N, DERBA",CAMPO LIMPO,44034072,-12.2111569,-38.9662205,392,Com acessibilidade,2026-09-29 12:22:00,858895465121429269805009
UE2015 (Anterior),FEIRA DE SANTANA,156,360,1760800,COLÉGIO ESTADUAL DE TEMPO INTEGRAL PROFª ANA ANGÉLICA VERGNE DE MORAIS,"AV. TRANSNORDESTINA, S/N, DERBA",CAMPO LIMPO,44034072,-12.2111569,-38.9662205,388,Com acessibilidade,2026-09-29 12:30:00,929502617228443315813175
UE2015 (Anterior),FEIRA DE SANTANA,156,361,1769392,COLÉGIO ESTADUAL DE TEMPO INTEGRAL PROFª ANA ANGÉLICA VERGNE DE MORAIS,"AV. TRANSNORDESTINA, S/N, DERBA",CAMPO LIMPO,44034072,-12.2111569,-38.9662205,393,Com acessibilidade,2026-09-29 12:38:00,525562329588602951046105
UE2015 (Anterior),FEIRA DE SANTANA,156,362,1765402,COLÉGIO ESTADUAL DE TEMPO INTEGRAL PROFª ANA ANGÉLICA VERGNE DE MORAIS,"AV. TRANSNORDESTINA, S/N, DERBA",CAMPO LIMPO,44034072,-12.2111569,-38.9662205,385,Com acessibilidade,2026-09-29 12:49:00,858895760021098382085295
UE2015 (Anterior),FEIRA DE SANTANA,156,363,1767625,COLÉGIO ESTADUAL DE TEMPO INTEGRAL PROFª ANA ANGÉLICA VERGNE DE MORAIS,"AV. TRANSNORDESTINA, S/N, DERBA",CAMPO LIMPO,44034072,-12.2111569,-38.9662205,394,Com acessibilidade,2026-09-29 12:58:00,606370625696864830484564
UE2015 (Anterior),FEIRA DE SANTANA,156,364,1769695,COLÉGIO ESTADUAL ERNESTO CARNEIRO RIBEIRO,"RUA A, S/N, FEIRA IV - ZONA URBANA",CALUMBI,44008010,-12.2583102,-38.9753208,384,Com acessibilidade,2026-09-29 13:16:00,767986896797637219331118
UE2015 (Anterior),FEIRA DE SANTANA,156,365,1765744,COLÉGIO ESTADUAL ERNESTO CARNEIRO RIBEIRO,"RUA A, S/N, FEIRA IV - ZONA URBANA",CALUMBI,44008010,-12.2583102,-38.9753208,387,Sem acessibilidade,2026-09-29 13:26:00,60916300427023161052605
UE2015 (Anterior),FEIRA DE SANTANA,156,366,1834405,COLÉGIO ESTADUAL ERNESTO CARNEIRO RIBEIRO,"RUA A, S/N, FEIRA IV - ZONA URBANA",CALUMBI,44008010,-12.2583102,-38.9753208,389,Sem acessibilidade,2026-09-29 13:37:00,737683088094851869056330
UE2015 (Anterior),FEIRA DE SANTANA,156,367,1765563,COLÉGIO ESTADUAL ERNESTO CARNEIRO RIBEIRO,"RUA A, S/N, FEIRA IV - ZONA URBANA",CALUMBI,44008010,-12.2583102,-38.9753208,390,Sem acessibilidade,2026-09-29 13:46:00,565966025377708422171304
UE2015 (Anterior),FEIRA DE SANTANA,156,368,1810494,COLÉGIO ESTADUAL ERNESTO CARNEIRO RIBEIRO,"RUA A, S/N, FEIRA IV - ZONA URBANA",CALUMBI,44008010,-12.2583102,-38.9753208,391,Sem acessibilidade,2026-09-29 13:57:00,818491382002114206194988
UE2015 (Anterior),FEIRA DE SANTANA,156,369,1763776,COLÉGIO ESTADUAL ERNESTO CARNEIRO RIBEIRO,"RUA A, S/N, FEIRA IV - ZONA URBANA",CALUMBI,44008010,-12.2583102,-38.9753208,387,Sem acessibilidade,2026-09-29 14:07:00,929502602313880689473184
UE2015 (Anterior),FEIRA DE SANTANA,156,370,1805314,COLÉGIO ESTADUAL ERNESTO CARNEIRO RIBEIRO,"RUA A, S/N, FEIRA IV - ZONA URBANA",CALUMBI,44008010,-12.2583102,-38.9753208,395,Sem acessibilidade,2026-09-29 14:16:00,909300666811884233329317
UE2015 (Anterior),FEIRA DE SANTANA,156,371,1783432,COLÉGIO ESTADUAL ERNESTO CARNEIRO RIBEIRO,"RUA A, S/N, FEIRA IV - ZONA URBANA",CALUMBI,44008010,-12.2583102,-38.9753208,396,Sem acessibilidade,2026-09-29 14:28:00,131623006534342636805126
UE2015 (Anterior),FEIRA DE SANTANA,156,372,1825422,COLÉGIO ESTADUAL ERNESTO CARNEIRO RIBEIRO,"RUA A, S/N, FEIRA IV - ZONA URBANA",CALUMBI,44008010,-12.2583102,-38.9753208,387,Sem acessibilidade,2026-09-29 14:38:00,747784727495046250073541
UE2015 (Anterior),FEIRA DE SANTANA,156,373,1759869,COLÉGIO ESTADUAL ERNESTO CARNEIRO RIBEIRO,"RUA A, S/N, FEIRA IV - ZONA URBANA",CALUMBI,44008010,-12.2583102,-38.9753208,391,Sem acessibilidade,2026-09-29 14:49:00,293239382650752227019480
UE2015 (Anterior),FEIRA DE SANTANA,156,374,1754377,ESCOLA MUNICIPAL ANA MARIA ALVES DOS SANTOS,"RUA  A, S/N, FEIRA X - ZONA URBANA",MUCHILA,44006170,-12.2732368,-38.9760501,390,Sem acessibilidade,2026-09-29 11:34:00,384148584804072912490015
UE2015 (Anterior),FEIRA DE SANTANA,156,375,1775882,ESCOLA MUNICIPAL ANA MARIA ALVES DOS SANTOS,"RUA  A, S/N, FEIRA X - ZONA URBANA",MUCHILA,44006170,-12.2732368,-38.9760501,395,Com acessibilidade,2026-09-29 11:42:00,535663849519171226004008
UE2015 (Anterior),FEIRA DE SANTANA,156,376,1766203,ESCOLA MUNICIPAL ANA MARIA ALVES DOS SANTOS,"RUA  A, S/N, FEIRA X - ZONA URBANA",MUCHILA,44006170,-12.2732368,-38.9760501,393,Sem acessibilidade,2026-09-29 11:50:00,252835674491841776568615
UE2015 (Anterior),FEIRA DE SANTANA,156,377,1768364,ESCOLA MUNICIPAL ANA MARIA ALVES DOS SANTOS,"RUA  A, S/N, FEIRA X - ZONA URBANA",MUCHILA,44006170,-12.2732368,-38.9760501,390,Sem acessibilidade,2026-09-29 11:58:00,606370137926752001796897
UE2015 (Anterior),FEIRA DE SANTANA,156,378,1766220,ESCOLA MUNICIPAL ANA MARIA ALVES DOS SANTOS,"RUA  A, S/N, FEIRA X - ZONA URBANA",MUCHILA,44006170,-12.2732368,-38.9760501,391,Sem acessibilidade,2026-09-29 12:26:00,40714681870890718150931
UE2015 (Anterior),FEIRA DE SANTANA,156,379,1831154,ESCOLA MUNICIPAL ANA MARIA ALVES DOS SANTOS,"RUA  A, S/N, FEIRA X - ZONA URBANA",MUCHILA,44006170,-12.2732368,-38.9760501,391,Sem acessibilidade,2026-09-29 12:34:00,990209740465795181218343
UE2015 (Anterior),FEIRA DE SANTANA,156,380,1768891,ESCOLA MUNICIPAL ANA MARIA ALVES DOS SANTOS,"RUA  A, S/N, FEIRA X - ZONA URBANA",MUCHILA,44006170,-12.2732368,-38.9760501,389,Sem acessibilidade,2026-09-29 12:42:00,310836066753181704738
UE2015 (Anterior),FEIRA DE SANTANA,156,381,1768219,ESCOLA MUNICIPAL ANA MARIA ALVES DOS SANTOS,"RUA  A, S/N, FEIRA X - ZONA URBANA",MUCHILA,44006170,-12.2732368,-38.9760501,390,Sem acessibilidade,2026-09-29 12:50:00,606370546226307697299946
UE2015 (Anterior),FEIRA DE SANTANA,156,382,1795682,ESCOLA MUNICIPAL ANA MARIA ALVES DOS SANTOS,"RUA  A, S/N, FEIRA X - ZONA URBANA",MUCHILA,44006170,-12.2732368,-38.9760501,391,Sem acessibilidade,2026-09-29 13:11:00,434653489309952056949778
UE2015 (Anterior),FEIRA DE SANTANA,156,383,1769858,ESCOLA MUNICIPAL ANA MARIA ALVES DOS SANTOS,"RUA  A, S/N, FEIRA X - ZONA URBANA",MUCHILA,44006170,-12.2732368,-38.9760501,391,Sem acessibilidade,2026-09-29 13:19:00,111421279977197610474999
UE2015 (Anterior),FEIRA DE SANTANA,156,384,1790442,ESCOLA MUNICIPAL ANA MARIA ALVES DOS SANTOS,"RUA  A, S/N, FEIRA X - ZONA URBANA",MUCHILA,44006170,-12.2732368,-38.9760501,388,Sem acessibilidade,2026-09-29 13:27:00,232633507089261610147148
UE2015 (Anterior),FEIRA DE SANTANA,156,385,1764419,ESCOLA MUNICIPAL ANA MARIA ALVES DOS SANTOS,"RUA  A, S/N, FEIRA X - ZONA URBANA",MUCHILA,44006170,-12.2732368,-38.9760501,389,Sem acessibilidade,2026-09-29 13:35:00,310388066984650881046
UE2015 (Anterior),FEIRA DE SANTANA,156,386,1809548,ESCOLA MUNICIPAL ANA MARIA ALVES DOS SANTOS,"RUA  A, S/N, FEIRA X - ZONA URBANA",MUCHILA,44006170,-12.2732368,-38.9760501,388,Sem acessibilidade,2026-09-29 14:05:00,293239782695115610792181
UE2015 (Anterior),FEIRA DE SANTANA,156,387,1766457,ESCOLA MUNICIPAL ANA MARIA ALVES DOS SANTOS,"RUA  A, S/N, FEIRA X - ZONA URBANA",MUCHILA,44006170,-12.2732368,-38.9760501,390,Sem acessibilidade,2026-09-29 14:13:00,848794440850619850681439
UE2015 (Anterior),FEIRA DE SANTANA,156,388,1835006,COLÉGIO ESTADUAL ERNESTO CARNEIRO RIBEIRO,"RUA A, S/N, FEIRA IV - ZONA URBANA",CALUMBI,44008010,-12.2583102,-38.9753208,383,Sem acessibilidade,2026-09-29 15:00:00,838693548004413312150422
UE2015 (Anterior),FEIRA DE SANTANA,156,389,1766849,ESCOLA MUNICIPAL CHICO MENDES,"PRAÇA CENTENÁRIO, S/N - ZONA URBANA",CAMPO LIMPO,44021090,-12.2259133,-38.968256,382,Sem acessibilidade,2026-09-29 13:15:00,293239118875091305658524
UE2015 (Anterior),FEIRA DE SANTANA,156,390,1765868,COLÉGIO ESTADUAL DE TEMPO INTEGRAL PROFª ANA ANGÉLICA VERGNE DE MORAIS,"AV. TRANSNORDESTINA, S/N, DERBA",CAMPO LIMPO,44034072,-12.2111569,-38.9662205,393,Com acessibilidade,2026-09-29 13:06:00,535663431689314020563632
UE2015 (Anterior),FEIRA DE SANTANA,156,391,1768247,ESCOLA MUNICIPAL ACIOLY DA SILVA ARAÚJO,"RUA CONDOR, S/N, FEIRA X - ZONA URBANA",MUCHILA,44005686,-12.2756301,-38.9720222,394,Com acessibilidade,2026-09-29 10:36:00,495259506645219942591843
UE2015 (Anterior),FEIRA DE SANTANA,156,392,1793341,COLÉGIO ESTADUAL ERNESTO CARNEIRO RIBEIRO,"RUA A, S/N, FEIRA IV - ZONA URBANA",CALUMBI,44008010,-12.2583102,-38.9753208,374,Sem acessibilidade,2026-09-29 15:09:00,252835378346467953214131
UE2015 (Anterior),FEIRA DE SANTANA,156,393,1758305,ESCOLA MUNICIPAL PROFESSORA ELI QUEIROZ DE OLIVEIRA,"AVENIDA HOMERO FIGUEIREDO, 100 - ZONA URBANA",GABRIELA,44028354,-12.2288544,-38.9927534,392,Sem acessibilidade,2026-09-29 11:53:00,475057709811270701148331
UE2015 (Anterior),FEIRA DE SANTANA,156,394,1766489,ESCOLA MUNICIPAL JANETE GOMES MEDEIROS,"RUA LARANJEIRAS DO SUL, 32, LOTEAMENTO JARDIM ROMANO  - ZONA URBANA",CAMPO LIMPO,44033283,-12.2165174,-38.9773661,371,Com acessibilidade,2026-09-29 11:53:00,323542660719124214917604
UE2015 (Anterior),FEIRA DE SANTANA,156,395,1752036,ESCOLA MUNICIPAL CHICO MENDES,"PRAÇA CENTENÁRIO, S/N - ZONA URBANA",CAMPO LIMPO,44021090,-12.2259133,-38.968256,378,Sem acessibilidade,2026-09-29 13:26:00,980108431644947380702255
UE2015 (Anterior),FEIRA DE SANTANA,156,398,1757231,ESCOLA MUNICIPAL NORMA SUELY MASCARENHAS,"RUA B (VASP), S/N, CJ. GEORGE AMERICO - ZONA URBANA",CAMPO LIMPO,44033061,-12.2233303,-38.9801012,375,Sem acessibilidade,2026-09-29 13:42:00,252835035712119976768982
UE2015 (Anterior),FEIRA DE SANTANA,156,399,1782450,COLÉGIO ESTADUAL ERNESTO CARNEIRO RIBEIRO,"RUA A, S/N, FEIRA IV - ZONA URBANA",CALUMBI,44008010,-12.2583102,-38.9753208,380,Sem acessibilidade,2026-09-29 15:24:00,394249288660436417858178
UE2015 (Anterior),FEIRA DE SANTANA,156,400,1767521,CENTRO JUVENIL DE CIÊNCIA E CULTURA,"AVENIDA RIO DE JANEIRO, N 156 - ZONA URBANA",PEDRA DO DESCANSO,44007112,-12.2621498,-38.973061,370,Sem acessibilidade,2026-09-29 11:43:00,666976021962372954584232
UE2015 (Anterior),FEIRA DE SANTANA,156,401,1751992,ESCOLA MUNICIPAL PROFESSORA ELI QUEIROZ DE OLIVEIRA,"AVENIDA HOMERO FIGUEIREDO, 100 - ZONA URBANA",GABRIELA,44028354,-12.2288544,-38.9927534,392,Sem acessibilidade,2026-09-29 12:01:00,333643803597659326081260
UE2015 (Anterior),FEIRA DE SANTANA,156,402,1808819,ESCOLA MUNICIPAL OTAVIANO FERREIRA CAMPOS,"RUA SANTANA, S/N - ZONA URBANA",NOVO HORIZONTE,44031470,-12.1890457,-38.9671147,338,Sem acessibilidade,2026-09-29 13:06:00,121522709733909841303060
UE2015 (Anterior),FEIRA DE SANTANA,156,403,1837523,ESCOLA MUNICIPAL DEOCLECIANO MARTINS DA SILVA,"POVOADO PÉ DE SERRA, S/N - ZONA RURAL",DISTRITO DE MARIA QUITÉRIA,44110000,-12.1326841,-39.029272,376,Com acessibilidade,2026-09-29 08:58:00,707380391566555196369109
UE2015 (Anterior),FEIRA DE SANTANA,156,404,1763827,ESCOLA MUNICIPAL ANTÔNIO ALVES OLIVEIRA,"RUA AVARÉ, S/N - ZONA URBANA",ASA BRANCA,44021510,-12.2092793,-38.9921606,367,Com acessibilidade,2026-09-29 13:54:00,273037071981369003307748
UE2015 (Anterior),FEIRA DE SANTANA,156,405,1775572,ESCOLA MUNICIPAL ACIOLY DA SILVA ARAÚJO,"RUA CONDOR, S/N, FEIRA X - ZONA URBANA",MUCHILA,44005686,-12.2756301,-38.9720222,394,Com acessibilidade,2026-09-29 10:45:00,555865466551291630898240
UE2015 (Anterior),FEIRA DE SANTANA,156,406,1757424,ESCOLA MUNICIPAL JANETE GOMES MEDEIROS,"RUA LARANJEIRAS DO SUL, 32, LOTEAMENTO JARDIM ROMANO  - ZONA URBANA",CAMPO LIMPO,44033283,-12.2165174,-38.9773661,381,Com acessibilidade,2026-09-29 12:04:00,141724167601679446135846
UE2015 (Anterior),FEIRA DE SANTANA,156,407,1761593,COLÉGIO ESTADUAL ERNESTO CARNEIRO RIBEIRO,"RUA A, S/N, FEIRA IV - ZONA URBANA",CALUMBI,44008010,-12.2583102,-38.9753208,396,Sem acessibilidade,2026-09-29 15:57:00,727582856693240985547138
UE2015 (Anterior),FEIRA DE SANTANA,156,408,1766078,COLÉGIO ESTADUAL DR. JAIR SANTOS SILVA,"AV TOMÉ DE SOUZA, S/N, CONJUNTO FEIRA IX - ZONA URBANA",CALUMBI,44009005,-12.250491,-38.9845863,393,Com acessibilidade,2026-09-29 11:56:00,858895091206864916599552
UE2015 (Anterior),FEIRA DE SANTANA,156,409,1760623,SENAI - FEIRA DE SANTANA,"AV. EDUARDO FRÓES DA MOTA, 5000 - ZONA URBANA",CAMPO LIMPO,44032002,-12.2307677,-38.9681338,336,Sem acessibilidade,2026-09-29 09:33:00,980108331344416282863659
UE2015 (Anterior),FEIRA DE SANTANA,156,410,1775083,COLÉGIO ESTADUAL DE TEMPO INTEGRAL PROFª ANA ANGÉLICA VERGNE DE MORAIS,"AV. TRANSNORDESTINA, S/N, DERBA",CAMPO LIMPO,44034072,-12.2111569,-38.9662205,392,Com acessibilidade,2026-09-29 13:14:00,81118510344816036574697
UE2015 (Anterior),FEIRA DE SANTANA,156,411,1824758,ESCOLA MUNICIPAL PROFESSORA ELI QUEIROZ DE OLIVEIRA,"AVENIDA HOMERO FIGUEIREDO, 100 - ZONA URBANA",GABRIELA,44028354,-12.2288544,-38.9927534,392,Sem acessibilidade,2026-09-29 12:11:00,929502469156334695467036
UE2015 (Anterior),FEIRA DE SANTANA,156,412,1835349,COLÉGIO ESTADUAL EDITH MACHADO BOAVENTURA,"AV. PRIMAVERA, 2770 - ZONA URBANA",PAMPALONA,44034020,-12.217549,-38.9882837,386,Sem acessibilidade,2026-09-29 11:33:00,434653083297057664718625
UE2015 (Anterior),FEIRA DE SANTANA,156,413,1767128,CENTRO JUVENIL DE CIÊNCIA E CULTURA,"AVENIDA RIO DE JANEIRO, N 156 - ZONA URBANA",PEDRA DO DESCANSO,44007112,-12.2621498,-38.973061,378,Sem acessibilidade,2026-09-29 11:53:00,343744102230144590055482
UE2015 (Anterior),FEIRA DE SANTANA,156,414,1765448,ESCOLA MUNICIPAL PROFESSORA ELI QUEIROZ DE OLIVEIRA,"AVENIDA HOMERO FIGUEIREDO, 100 - ZONA URBANA",GABRIELA,44028354,-12.2288544,-38.9927534,396,Sem acessibilidade,2026-09-29 12:25:00,899299760253671200283259
UE2015 (Anterior),FEIRA DE SANTANA,156,415,1811343,SENAI - FEIRA DE SANTANA,"AV. EDUARDO FRÓES DA MOTA, 5000 - ZONA URBANA",CAMPO LIMPO,44032002,-12.2307677,-38.9681338,341,Sem acessibilidade,2026-09-29 09:42:00,868996846332319921091012
UE2015 (Anterior),FEIRA DE SANTANA,156,416,1767467,CENTRO JUVENIL DE CIÊNCIA E CULTURA,"AVENIDA RIO DE JANEIRO, N 156 - ZONA URBANA",PEDRA DO DESCANSO,44007112,-12.2621498,-38.973061,385,Sem acessibilidade,2026-09-29 12:02:00,636673720759029010295873
UE2015 (Anterior),FEIRA DE SANTANA,156,417,1757277,ESCOLA MUNICIPAL PROFESSOR CARLOS ALBERTO DO CARMO,"RUA E, S/N - CONJUNTO FEIRA IX - ZONA URBANA",CALUMBI,44009310,-12.2565776,-38.9864247,381,Com acessibilidade,2026-09-29 11:46:00,262936465605188515102847
UE2015 (Anterior),FEIRA DE SANTANA,156,418,1809685,ESCOLA MUNICIPAL ACIOLY DA SILVA ARAÚJO,"RUA CONDOR, S/N, FEIRA X - ZONA URBANA",MUCHILA,44005686,-12.2756301,-38.9720222,393,Com acessibilidade,2026-09-29 10:55:00,414451726237241268837772
UE2015 (Anterior),FEIRA DE SANTANA,156,419,1758896,ESCOLA MUNICIPAL PROFESSORA ELI QUEIROZ DE OLIVEIRA,"AVENIDA HOMERO FIGUEIREDO, 100 - ZONA URBANA",GABRIELA,44028354,-12.2288544,-38.9927534,397,Com acessibilidade,2026-09-29 12:39:00,464956884010613888056661
UE2015 (Anterior),FEIRA DE SANTANA,156,420,1766453,CENTRO JUVENIL DE CIÊNCIA E CULTURA,"AVENIDA RIO DE JANEIRO, N 156 - ZONA URBANA",PEDRA DO DESCANSO,44007112,-12.2621498,-38.973061,396,Sem acessibilidade,2026-09-29 12:12:00,545764044250028840594864
UE2015 (Anterior),FEIRA DE SANTANA,156,421,1760860,SENAI - FEIRA DE SANTANA,"AV. EDUARDO FRÓES DA MOTA, 5000 - ZONA URBANA",CAMPO LIMPO,44032002,-12.2307677,-38.9681338,339,Sem acessibilidade,2026-09-29 09:52:00,818491422727351835535588
UE2015 (Anterior),FEIRA DE SANTANA,156,422,1766790,ESCOLA MUNICIPAL PROFESSOR CARLOS ALBERTO DO CARMO,"RUA E, S/N - CONJUNTO FEIRA IX - ZONA URBANA",CALUMBI,44009310,-12.2565776,-38.9864247,387,Com acessibilidade,2026-09-29 12:04:00,697279419548227386715207
UE2015 (Anterior),FEIRA DE SANTANA,156,423,1764513,ESCOLA MUNICIPAL ANTÔNIO ALVES OLIVEIRA,"RUA AVARÉ, S/N - ZONA URBANA",ASA BRANCA,44021510,-12.2092793,-38.9921606,366,Sem acessibilidade,2026-09-29 14:04:00,71017904061823529107978
UE2015 (Anterior),FEIRA DE SANTANA,156,424,1798068,ESCOLA MUNICIPAL PROFESSORA ELI QUEIROZ DE OLIVEIRA,"AVENIDA HOMERO FIGUEIREDO, 100 - ZONA URBANA",GABRIELA,44028354,-12.2288544,-38.9927534,395,Sem acessibilidade,2026-09-29 12:48:00,626572562926796779940370
UE2015 (Anterior),FEIRA DE SANTANA,156,425,1837401,ESCOLA MUNICIPAL ACIOLY DA SILVA ARAÚJO,"RUA CONDOR, S/N, FEIRA X - ZONA URBANA",MUCHILA,44005686,-12.2756301,-38.9720222,394,Com acessibilidade,2026-09-29 11:05:00,242734292220730251747480
UE2015 (Anterior),FEIRA DE SANTANA,156,426,1825776,SENAI - FEIRA DE SANTANA,"AV. EDUARDO FRÓES DA MOTA, 5000 - ZONA URBANA",CAMPO LIMPO,44032002,-12.2307677,-38.9681338,341,Sem acessibilidade,2026-09-29 10:01:00,444754605690547423873136
UE2015 (Anterior),FEIRA DE SANTANA,156,427,1823960,COLÉGIO ESTADUAL DE TEMPO INTEGRAL PROFª ANA ANGÉLICA VERGNE DE MORAIS,"AV. TRANSNORDESTINA, S/N, DERBA",CAMPO LIMPO,44034072,-12.2111569,-38.9662205,391,Com acessibilidade,2026-09-29 13:23:00,798289062215549183016108
UE2015 (Anterior),FEIRA DE SANTANA,156,428,1767935,CENTRO JUVENIL DE CIÊNCIA E CULTURA,"AVENIDA RIO DE JANEIRO, N 156 - ZONA URBANA",PEDRA DO DESCANSO,44007112,-12.2621498,-38.973061,397,Sem acessibilidade,2026-09-29 12:22:00,697279079765262016709776
UE2015 (Anterior),FEIRA DE SANTANA,156,429,1766868,SENAI - FEIRA DE SANTANA,"AV. EDUARDO FRÓES DA MOTA, 5000 - ZONA URBANA",CAMPO LIMPO,44032002,-12.2307677,-38.9681338,338,Sem acessibilidade,2026-09-29 10:10:00,444754931690562409365701
UE2015 (Anterior),FEIRA DE SANTANA,156,430,1766574,ESCOLA MUNICIPAL PROFESSORA ELI QUEIROZ DE OLIVEIRA,"AVENIDA HOMERO FIGUEIREDO, 100 - ZONA URBANA",GABRIELA,44028354,-12.2288544,-38.9927534,397,Sem acessibilidade,2026-09-29 12:57:00,50815623169249550660975
UE2015 (Anterior),FEIRA DE SANTANA,156,431,1764325,ESCOLA MUNICIPAL PROFESSOR CARLOS ALBERTO DO CARMO,"RUA E, S/N - CONJUNTO FEIRA IX - ZONA URBANA",CALUMBI,44009310,-12.2565776,-38.9864247,379,Com acessibilidade,2026-09-29 12:14:00,232633917102857766336612
UE2015 (Anterior),FEIRA DE SANTANA,156,432,1766877,ESCOLA MUNICIPAL ANTÔNIO ALVES OLIVEIRA,"RUA AVARÉ, S/N - ZONA URBANA",ASA BRANCA,44021510,-12.2092793,-38.9921606,365,Sem acessibilidade,2026-09-29 14:19:00,969906757050155204711752
UE2015 (Anterior),FEIRA DE SANTANA,156,433,1757302,SENAI - FEIRA DE SANTANA,"AV. EDUARDO FRÓES DA MOTA, 5000 - ZONA URBANA",CAMPO LIMPO,44032002,-12.2307677,-38.9681338,335,Sem acessibilidade,2026-09-29 10:20:00,111421012657325708284563
UE2015 (Anterior),FEIRA DE SANTANA,156,434,1767850,ESCOLA MUNICIPAL PROFESSORA ELI QUEIROZ DE OLIVEIRA,"AVENIDA HOMERO FIGUEIREDO, 100 - ZONA URBANA",GABRIELA,44028354,-12.2288544,-38.9927534,392,Sem acessibilidade,2026-09-29 13:05:00,91219100773803543004791
UE2015 (Anterior),FEIRA DE SANTANA,156,435,1766282,ESCOLA MUNICIPAL ACIOLY DA SILVA ARAÚJO,"RUA CONDOR, S/N, FEIRA X - ZONA URBANA",MUCHILA,44005686,-12.2756301,-38.9720222,392,Com acessibilidade,2026-09-29 11:15:00,192229311715773578046681
UE2015 (Anterior),FEIRA DE SANTANA,156,436,1809433,ESCOLA MUNICIPAL PROFESSOR CARLOS ALBERTO DO CARMO,"RUA E, S/N - CONJUNTO FEIRA IX - ZONA URBANA",CALUMBI,44009310,-12.2565776,-38.9864247,390,Com acessibilidade,2026-09-29 12:32:00,353845586914016440932291
UE2015 (Anterior),FEIRA DE SANTANA,156,437,1771822,ESCOLA MUNICIPAL JACYRA ALMEIDA SANTOS,"RUA C, S/N, CONJUNTO FEIRA IV - ZONA URBANA",CALUMBI,44008090,-12.2590637,-38.9743912,387,Sem acessibilidade,2026-09-29 13:34:00,677077010746586857693277
UE2015 (Anterior),FEIRA DE SANTANA,156,438,1809915,SENAI - FEIRA DE SANTANA,"AV. EDUARDO FRÓES DA MOTA, 5000 - ZONA URBANA",CAMPO LIMPO,44032002,-12.2307677,-38.9681338,335,Com acessibilidade,2026-09-29 10:29:00,363946810182204755118056
UE2015 (Anterior),FEIRA DE SANTANA,156,439,1845826,COLÉGIO ESTADUAL DE TEMPO INTEGRAL PROFª ANA ANGÉLICA VERGNE DE MORAIS,"AV. TRANSNORDESTINA, S/N, DERBA",CAMPO LIMPO,44034072,-12.2111569,-38.9662205,391,Com acessibilidade,2026-09-29 13:31:00,172027730353874057086231
UE2015 (Anterior),FEIRA DE SANTANA,156,440,1767482,ESCOLA MUNICIPAL ANTÔNIO ALVES OLIVEIRA,"RUA AVARÉ, S/N - ZONA URBANA",ASA BRANCA,44021510,-12.2092793,-38.9921606,365,Sem acessibilidade,2026-09-29 14:29:00,879097510841154759466930
UE2015 (Anterior),FEIRA DE SANTANA,156,441,1753113,ESCOLA MUNICIPAL ACIOLY DA SILVA ARAÚJO,"RUA CONDOR, S/N, FEIRA X - ZONA URBANA",MUCHILA,44005686,-12.2756301,-38.9720222,392,Com acessibilidade,2026-09-29 11:24:00,374047122233977941198559
UE2015 (Anterior),FEIRA DE SANTANA,156,442,1775287,SENAI - FEIRA DE SANTANA,"AV. EDUARDO FRÓES DA MOTA, 5000 - ZONA URBANA",CAMPO LIMPO,44032002,-12.2307677,-38.9681338,336,Sem acessibilidade,2026-09-29 10:39:00,990209854445929889456407
UE2015 (Anterior),FEIRA DE SANTANA,156,443,1761594,ESCOLA MUNICIPAL JACYRA ALMEIDA SANTOS,"RUA C, S/N, CONJUNTO FEIRA IV - ZONA URBANA",CALUMBI,44008090,-12.2590637,-38.9743912,388,Sem acessibilidade,2026-09-29 14:41:00,697279667248599022150396
UE2015 (Anterior),FEIRA DE SANTANA,156,444,1795807,CENTRO MUNICIPAL DE EDUCAÇÃO INFANTIL PAULINO MARTINS DOS SANTOS,PRIMEIRA TRAVESSA ARTHUR DE FREITAS - ZONA RURAL,DISTRITO DE MARIA QUITÉRIA,44110000,-12.1498481,-38.991402,347,Com acessibilidade,2026-09-29 09:46:00,858895930681580011858807
UE2015 (Anterior),FEIRA DE SANTANA,156,445,1764941,ESCOLA MUNICIPAL JACYRA ALMEIDA SANTOS,"RUA C, S/N, CONJUNTO FEIRA IV - ZONA URBANA",CALUMBI,44008090,-12.2590637,-38.9743912,383,Sem acessibilidade,2026-09-29 13:43:00,555865743134484822504026
UE2015 (Anterior),FEIRA DE SANTANA,156,446,1758049,CENTRO MUNICIPAL DE EDUCAÇÃO INFANTIL PAULINO MARTINS DOS SANTOS,PRIMEIRA TRAVESSA ARTHUR DE FREITAS - ZONA RURAL,DISTRITO DE MARIA QUITÉRIA,44110000,-12.1498481,-38.991402,347,Com acessibilidade,2026-09-29 09:56:00,565966866652382060959724
UE2015 (Anterior),FEIRA DE SANTANA,156,447,1793571,ESCOLA MUNICIPAL PROFESSORA ELI QUEIROZ DE OLIVEIRA,"AVENIDA HOMERO FIGUEIREDO, 100 - ZONA URBANA",GABRIELA,44028354,-12.2288544,-38.9927534,398,Sem acessibilidade,2026-09-29 13:30:00,323542733796959448303871
UE2015 (Anterior),FEIRA DE SANTANA,156,448,1825623,CENTRO MUNICIPAL DE EDUCAÇÃO INFANTIL HUGO NAVARRO SILVA,"RUA CONDOR, S/N, FEIRA X - ZONA URBANA",MUCHILA,44005686,-12.2758557,-38.9727812,389,Com acessibilidade,2026-09-29 14:04:00,212431734417962548832967
UE2015 (Anterior),FEIRA DE SANTANA,156,449,1796145,SENAI - FEIRA DE SANTANA,"AV. EDUARDO FRÓES DA MOTA, 5000 - ZONA URBANA",CAMPO LIMPO,44032002,-12.2307677,-38.9681338,334,Sem acessibilidade,2026-09-29 10:48:00,475057105493425049409134
UE2015 (Anterior),FEIRA DE SANTANA,156,450,1768692,ESCOLA MUNICIPAL JACYRA ALMEIDA SANTOS,"RUA C, S/N, CONJUNTO FEIRA IV - ZONA URBANA",CALUMBI,44008090,-12.2590637,-38.9743912,384,Sem acessibilidade,2026-09-29 14:51:00,151825867094147437676053
UE2015 (Anterior),FEIRA DE SANTANA,156,451,1764820,ESCOLA MUNICIPAL PROFESSORA ELI QUEIROZ DE OLIVEIRA,"AVENIDA HOMERO FIGUEIREDO, 100 - ZONA URBANA",GABRIELA,44028354,-12.2288544,-38.9927534,393,Sem acessibilidade,2026-09-29 13:40:00,697279510733412124383443
UE2015 (Anterior),FEIRA DE SANTANA,156,452,1761761,CENTRO MUNICIPAL DE EDUCAÇÃO INFANTIL HUGO NAVARRO SILVA,"RUA CONDOR, S/N, FEIRA X - ZONA URBANA",MUCHILA,44005686,-12.2758557,-38.9727812,389,Com acessibilidade,2026-09-29 14:14:00,404350339736243946921794
UE2015 (Anterior),FEIRA DE SANTANA,156,453,1762159,ESCOLA MUNICIPAL JANETE GOMES MEDEIROS,"RUA LARANJEIRAS DO SUL, 32, LOTEAMENTO JARDIM ROMANO  - ZONA URBANA",CAMPO LIMPO,44033283,-12.2165174,-38.9773661,377,Com acessibilidade,2026-09-29 12:16:00,757885796062510656735291
UE2015 (Anterior),FEIRA DE SANTANA,156,454,1765119,ESCOLA MUNICIPAL ANTÔNIO ALVES OLIVEIRA,"RUA AVARÉ, S/N - ZONA URBANA",ASA BRANCA,44021510,-12.2092793,-38.9921606,365,Sem acessibilidade,2026-09-29 14:39:00,323542470086692365797382
UE2015 (Anterior),FEIRA DE SANTANA,156,455,1811606,ESCOLA MUNICIPAL PROFESSOR CARLOS ALBERTO DO CARMO,"RUA E, S/N - CONJUNTO FEIRA IX - ZONA URBANA",CALUMBI,44009310,-12.2565776,-38.9864247,375,Com acessibilidade,2026-09-29 12:56:00,616471874240730682132729
UE2015 (Anterior),FEIRA DE SANTANA,156,456,1772746,ESCOLA MUNICIPAL PROFESSORA ELI QUEIROZ DE OLIVEIRA,"AVENIDA HOMERO FIGUEIREDO, 100 - ZONA URBANA",GABRIELA,44028354,-12.2288544,-38.9927534,394,Sem acessibilidade,2026-09-29 13:57:00,111421481175417233555302
UE2015 (Anterior),FEIRA DE SANTANA,156,457,1793578,CENTRO MUNICIPAL DE EDUCAÇÃO INFANTIL HUGO NAVARRO SILVA,"RUA CONDOR, S/N, FEIRA X - ZONA URBANA",MUCHILA,44005686,-12.2758557,-38.9727812,389,Com acessibilidade,2026-09-29 14:25:00,273037759523276679345075
UE2015 (Anterior),FEIRA DE SANTANA,156,458,1769943,CENTRO MUNICIPAL DE EDUCAÇÃO INFANTIL HUGO NAVARRO SILVA,"RUA CONDOR, S/N, FEIRA X - ZONA URBANA",MUCHILA,44005686,-12.2758557,-38.9727812,391,Com acessibilidade,2026-09-29 14:35:00,464956058542550150373839
UE2015 (Anterior),FEIRA DE SANTANA,156,459,1767272,ESCOLA MUNICIPAL PROFESSOR CARLOS ALBERTO DO CARMO,"RUA E, S/N - CONJUNTO FEIRA IX - ZONA URBANA",CALUMBI,44009310,-12.2565776,-38.9864247,381,Com acessibilidade,2026-09-29 13:06:00,969906669275746131201269
UE2015 (Anterior),FEIRA DE SANTANA,156,460,1766202,CENTRO MUNICIPAL DE EDUCAÇÃO INFANTIL HUGO NAVARRO SILVA,"RUA CONDOR, S/N, FEIRA X - ZONA URBANA",MUCHILA,44005686,-12.2758557,-38.9727812,395,Com acessibilidade,2026-09-29 14:45:00,949704720490123294491794
UE2015 (Anterior),FEIRA DE SANTANA,156,461,1765810,ESCOLA MUNICIPAL DRA. MARGARIDA LISBOA DE OLIVEIRA,"RUA BRAVO, S/N - ZONA URBANA",GABRIELA,44028300,-12.2329721,-38.9844919,394,Sem acessibilidade,2026-09-29 14:24:00,767986651263695247329171
UE2015 (Anterior),FEIRA DE SANTANA,156,462,1766134,ESCOLA MUNICIPAL PROFESSOR CARLOS ALBERTO DO CARMO,"RUA E, S/N - CONJUNTO FEIRA IX - ZONA URBANA",CALUMBI,44009310,-12.2565776,-38.9864247,374,Com acessibilidade,2026-09-29 14:55:00,818491813589085205711800
UE2015 (Anterior),FEIRA DE SANTANA,156,463,1766783,ESCOLA MUNICIPAL ARTHUR MARTINS DA SILVA,ESTRADA PEDRA FERRADA - ZONA URBANA,PEDRA FERRADA,44037310,-12.1993185,-39.003699,394,Sem acessibilidade,2026-09-29 14:49:00,242734356678706819561645
UE2015 (Anterior),FEIRA DE SANTANA,156,464,1769556,ESCOLA MUNICIPAL FABÍOLA VITAL,"RUA JORGE CERQUEIRA MASCARENHAS, S/N - ZONA URBANA",CAMPO LIMPO,44032356,-12.2296969,-38.9661528,388,Sem acessibilidade,2026-09-29 14:27:00,666976881512805507924427
UE2015 (Anterior),FEIRA DE SANTANA,156,465,1767180,ESCOLA MUNICIPAL DRA. MARGARIDA LISBOA DE OLIVEIRA,"RUA BRAVO, S/N - ZONA URBANA",GABRIELA,44028300,-12.2329721,-38.9844919,396,Sem acessibilidade,2026-09-29 14:34:00,656875984752670611837123
UE2015 (Anterior),FEIRA DE SANTANA,156,466,1777647,ESCOLA MUNICIPAL PROFESSOR CARLOS ALBERTO DO CARMO,"RUA E, S/N - CONJUNTO FEIRA IX - ZONA URBANA",CALUMBI,44009310,-12.2565776,-38.9864247,370,Com acessibilidade,2026-09-29 13:24:00,565966000335384867751778
UE2015 (Anterior),FEIRA DE SANTANA,156,467,1768790,ESCOLA MUNICIPAL FABÍOLA VITAL,"RUA JORGE CERQUEIRA MASCARENHAS, S/N - ZONA URBANA",CAMPO LIMPO,44032356,-12.2296969,-38.9661528,385,Sem acessibilidade,2026-09-29 14:37:00,515461069597745011801929
UE2015 (Anterior),FEIRA DE SANTANA,156,468,1767720,ESCOLA MUNICIPAL DRA. MARGARIDA LISBOA DE OLIVEIRA,"RUA BRAVO, S/N - ZONA URBANA",GABRIELA,44028300,-12.2329721,-38.9844919,397,Sem acessibilidade,2026-09-29 14:45:00,576067231544753848111942
UE2015 (Anterior),FEIRA DE SANTANA,156,469,1760063,ESCOLA MUNICIPAL FABÍOLA VITAL,"RUA JORGE CERQUEIRA MASCARENHAS, S/N - ZONA URBANA",CAMPO LIMPO,44032356,-12.2296969,-38.9661528,387,Sem acessibilidade,2026-09-29 14:47:00,717481488817036167860093
UE2015 (Anterior),FEIRA DE SANTANA,156,470,1795637,UEFS - UNIVERSIDADE ESTADUAL DE FEIRA DE SANTANA,"AVENIDA TRANSNORDESTINA, S/N - ZONA URBANA",NOVO HORIZONTE,44036900,-12.2014667,-38.9689345,358,Com acessibilidade,2026-09-29 14:08:00,71017924753106252799327
UE2015 (Anterior),FEIRA DE SANTANA,156,471,1758077,ESCOLA MUNICIPAL ARTHUR MARTINS DA SILVA,ESTRADA PEDRA FERRADA - ZONA URBANA,PEDRA FERRADA,44037310,-12.1993185,-39.003699,397,Sem acessibilidade,2026-09-29 15:00:00,374047336291953324597316
UE2015 (Anterior),FEIRA DE SANTANA,156,472,1765664,ESCOLA MUNICIPAL DRA. MARGARIDA LISBOA DE OLIVEIRA,"RUA BRAVO, S/N - ZONA URBANA",GABRIELA,44028300,-12.2329721,-38.9844919,395,Sem acessibilidade,2026-09-29 14:54:00,242734313711441902488139
UE2015 (Anterior),FEIRA DE SANTANA,156,473,1794224,ESCOLA MUNICIPAL FABÍOLA VITAL,"RUA JORGE CERQUEIRA MASCARENHAS, S/N - ZONA URBANA",CAMPO LIMPO,44032356,-12.2296969,-38.9661528,402,Sem acessibilidade,2026-09-29 14:57:00,232633418869648010267745
UE2015 (Anterior),FEIRA DE SANTANA,156,474,1779802,ESCOLA MUNICIPAL FABÍOLA VITAL,"RUA JORGE CERQUEIRA MASCARENHAS, S/N - ZONA URBANA",CAMPO LIMPO,44032356,-12.2296969,-38.9661528,397,Sem acessibilidade,2026-09-29 15:07:00,161926450662237620642278
UE2015 (Anterior),FEIRA DE SANTANA,156,475,1754475,UEFS - UNIVERSIDADE ESTADUAL DE FEIRA DE SANTANA,"AVENIDA TRANSNORDESTINA, S/N - ZONA URBANA",NOVO HORIZONTE,44036900,-12.2014667,-38.9689345,343,Com acessibilidade,2026-09-29 14:17:00,262936662572314179188806
UE2015 (Anterior),FEIRA DE SANTANA,156,476,1790213,ESCOLA MUNICIPAL DRA. MARGARIDA LISBOA DE OLIVEIRA,"RUA BRAVO, S/N - ZONA URBANA",GABRIELA,44028300,-12.2329721,-38.9844919,393,Sem acessibilidade,2026-09-29 15:04:00,727582238159588208760541
UE2015 (Anterior),FEIRA DE SANTANA,156,477,1835294,ESCOLA MUNICIPAL ARTHUR MARTINS DA SILVA,ESTRADA PEDRA FERRADA - ZONA URBANA,PEDRA FERRADA,44037310,-12.1993185,-39.003699,395,Sem acessibilidade,2026-09-29 15:09:00,545764164608753538253901
UE2015 (Anterior),FEIRA DE SANTANA,156,478,1750652,APAE FEIRA DE SANTANA,RUA DR. JOÃO EVANGELISTA S/N,TANQUE DA NAÇÃO,44008400,-12.2587623,-38.972252,345,Sem acessibilidade,2026-09-29 13:32:00,141724874275914662979961
UE2015 (Anterior),FEIRA DE SANTANA,156,479,1776421,ESCOLA MUNICIPAL PROF. GEMINIANO COSTA,"TV. MANTINA, 1668",PAMPALONA,44031355,-12.2185536,-38.9816857,379,Sem acessibilidade,2026-09-29 14:05:00,444754289208260347276810
UE2015 (Anterior),FEIRA DE SANTANA,156,480,1766598,ESCOLA MUNICIPAL DR. ALBERTO OLIVEIRA,"RUA H, S/N, CONJUNTO FEIRA X",MUCHILA,44006429,-12.28123,-38.9740723,396,Sem acessibilidade,2026-09-29 14:54:00,91219019305294635634959
UE2015 (Anterior),FEIRA DE SANTANA,156,481,1790262,APAE FEIRA DE SANTANA,RUA DR. JOÃO EVANGELISTA S/N,TANQUE DA NAÇÃO,44008400,-12.2587623,-38.972252,336,Sem acessibilidade,2026-09-29 13:41:00,232633267884022159008713
UE2015 (Anterior),FEIRA DE SANTANA,156,482,1756911,ESCOLA MUNICIPAL PROF. GEMINIANO COSTA,"TV. MANTINA, 1668",PAMPALONA,44031355,-12.2185536,-38.9816857,292,Sem acessibilidade,2026-09-29 14:13:00,434653579307200464286290
UE2015 (Anterior),FEIRA DE SANTANA,156,483,1765484,ESCOLA MUNICIPAL ANTÔNIO JÚLIO DA SILVA,POVOADO OLHOS D'ÁGUA DAS FORMIGAS,CIS NORTE,44110000,-12.0692766,-38.9879979,43,Sem acessibilidade,2026-09-29 08:43:00,232633484483640301284272
UE2015 (Anterior),FEIRA DE SANTANA,156,484,1764143,APAE FEIRA DE SANTANA,RUA DR. JOÃO EVANGELISTA S/N,TANQUE DA NAÇÃO,44008400,-12.2587623,-38.972252,114,Sem acessibilidade,2026-09-29 13:50:00,464956828407274031039422
UE2015 (Anterior),FEIRA DE SANTANA,157,1,1841119,COLÉGIO ESTADUAL DE FEIRA DE SANTANA,"RUA JURACY MAGALHÃES JÚNIOR, S/N - ZONA URBANA",CENTRO,44001360,-12.2569581,-38.9568922,154,Com acessibilidade,2026-09-30 08:32:00,687189798556239996016822
UE2015 (Anterior),FEIRA DE SANTANA,157,3,1785277,COLÉGIO ESTADUAL DE FEIRA DE SANTANA,"RUA JURACY MAGALHÃES JÚNIOR, S/N - ZONA URBANA",CENTRO,44001360,-12.2569581,-38.9568922,153,Com acessibilidade,2026-09-30 08:41:00,363957698124939642891560
UE2015 (Anterior),FEIRA DE SANTANA,157,5,1776547,COLÉGIO ESTADUAL DE FEIRA DE SANTANA,"RUA JURACY MAGALHÃES JÚNIOR, S/N - ZONA URBANA",CENTRO,44001360,-12.2569581,-38.9568922,151,Com acessibilidade,2026-09-30 08:50:00,242745795512833652626246
UE2015 (Anterior),FEIRA DE SANTANA,157,7,1807322,COLÉGIO ESTADUAL DE FEIRA DE SANTANA,"RUA JURACY MAGALHÃES JÚNIOR, S/N - ZONA URBANA",CENTRO,44001360,-12.2569581,-38.9568922,153,Com acessibilidade,2026-09-30 09:00:00,606381374948850449769834
UE2015 (Anterior),FEIRA DE SANTANA,157,9,1767406,COLÉGIO ESTADUAL DE FEIRA DE SANTANA,"RUA JURACY MAGALHÃES JÚNIOR, S/N - ZONA URBANA",CENTRO,44001360,-12.2569581,-38.9568922,152,Com acessibilidade,2026-09-30 09:09:00,909311895978785019959029
UE2015 (Anterior),FEIRA DE SANTANA,157,11,1791446,COLÉGIO ESTADUAL DE FEIRA DE SANTANA,"RUA JURACY MAGALHÃES JÚNIOR, S/N - ZONA URBANA",CENTRO,44001360,-12.2569581,-38.9568922,148,Com acessibilidade,2026-09-30 09:19:00,899210078177869042793903
UE2015 (Anterior),FEIRA DE SANTANA,157,13,1775204,COLÉGIO ESTADUAL DE FEIRA DE SANTANA,"RUA JURACY MAGALHÃES JÚNIOR, S/N - ZONA URBANA",CENTRO,44001360,-12.2569581,-38.9568922,153,Com acessibilidade,2026-09-30 09:28:00,454866857533441946119157
UE2015 (Anterior),FEIRA DE SANTANA,157,15,1766201,COLÉGIO ESTADUAL DE FEIRA DE SANTANA,"RUA JURACY MAGALHÃES JÚNIOR, S/N - ZONA URBANA",CENTRO,44001360,-12.2569581,-38.9568922,152,Com acessibilidade,2026-09-30 09:37:00,525573145340539821072471
UE2015 (Anterior),FEIRA DE SANTANA,157,17,1763020,COLÉGIO ESTADUAL DE FEIRA DE SANTANA,"RUA JURACY MAGALHÃES JÚNIOR, S/N - ZONA URBANA",CENTRO,44001360,-12.2569581,-38.9568922,151,Com acessibilidade,2026-09-30 09:46:00,444765281732470846065901
UE2015 (Anterior),FEIRA DE SANTANA,157,29,1760697,INSTITUTO DE EDUCAÇÃO GASTÃO GUIMARÃES,"AV SAMPAIO, S/N - ZONA URBANA",CENTRO,44001472,-12.257618,-38.9569954,140,Com acessibilidade,2026-09-30 09:56:00,141735274202268166654374
UE2015 (Anterior),FEIRA DE SANTANA,157,32,1763801,INSTITUTO DE EDUCAÇÃO GASTÃO GUIMARÃES,"AV SAMPAIO, S/N - ZONA URBANA",CENTRO,44001472,-12.257618,-38.9569954,138,Com acessibilidade,2026-09-30 10:05:00,707391138658381281178880
UE2015 (Anterior),FEIRA DE SANTANA,157,35,1771555,INSTITUTO DE EDUCAÇÃO GASTÃO GUIMARÃES,"AV SAMPAIO, S/N - ZONA URBANA",CENTRO,44001472,-12.257618,-38.9569954,130,Com acessibilidade,2026-09-30 10:14:00,71028838695776094721247
UE2015 (Anterior),FEIRA DE SANTANA,157,38,1787315,INSTITUTO DE EDUCAÇÃO GASTÃO GUIMARÃES,"AV SAMPAIO, S/N - ZONA URBANA",CENTRO,44001472,-12.257618,-38.9569954,140,Com acessibilidade,2026-09-30 10:24:00,858806947173646762303222
UE2015 (Anterior),FEIRA DE SANTANA,157,41,1765513,INSTITUTO DE EDUCAÇÃO GASTÃO GUIMARÃES,"AV SAMPAIO, S/N - ZONA URBANA",CENTRO,44001472,-12.257618,-38.9569954,143,Com acessibilidade,2026-09-30 10:34:00,434664828531315939259893
UE2015 (Anterior),FEIRA DE SANTANA,157,44,1766068,INSTITUTO DE EDUCAÇÃO GASTÃO GUIMARÃES,"AV SAMPAIO, S/N - ZONA URBANA",CENTRO,44001472,-12.257618,-38.9569954,137,Com acessibilidade,2026-09-30 10:43:00,798200519567692150720404
UE2015 (Anterior),FEIRA DE SANTANA,157,47,1771966,INSTITUTO DE EDUCAÇÃO GASTÃO GUIMARÃES,"AV SAMPAIO, S/N - ZONA URBANA",CENTRO,44001472,-12.257618,-38.9569954,138,Com acessibilidade,2026-09-30 10:52:00,30624083091957671272128
UE2015 (Anterior),FEIRA DE SANTANA,157,50,1766171,INSTITUTO DE EDUCAÇÃO GASTÃO GUIMARÃES,"AV SAMPAIO, S/N - ZONA URBANA",CENTRO,44001472,-12.257618,-38.9569954,141,Com acessibilidade,2026-09-30 11:01:00,858806205673361064488595
UE2015 (Anterior),FEIRA DE SANTANA,157,53,1763871,INSTITUTO DE EDUCAÇÃO GASTÃO GUIMARÃES,"AV SAMPAIO, S/N - ZONA URBANA",CENTRO,44001472,-12.257618,-38.9569954,135,Sem acessibilidade,2026-09-30 11:10:00,545775224742071095615105
UE2015 (Anterior),FEIRA DE SANTANA,157,56,1767802,INSTITUTO DE EDUCAÇÃO GASTÃO GUIMARÃES,"AV SAMPAIO, S/N - ZONA URBANA",CENTRO,44001472,-12.257618,-38.9569954,141,Sem acessibilidade,2026-09-30 11:20:00,757896763663378809940852
UE2015 (Anterior),FEIRA DE SANTANA,157,57,1759159,COLÉGIO ESTADUAL JOÃO BARBOSA DE CARVALHO,"RUA FARMACEUTICO JOSÉ ALVES, 484 (TANQUE DA NAÇÃO ) - ZONA URBANA",CENTRO,44002844,-12.25661663,-38.96997321,182,Com acessibilidade,2026-09-30 11:29:00,50826174293305961030922
UE2015 (Anterior),FEIRA DE SANTANA,157,59,1765529,COLÉGIO ESTADUAL JOÃO BARBOSA DE CARVALHO,"RUA FARMACEUTICO JOSÉ ALVES, 484 (TANQUE DA NAÇÃO ) - ZONA URBANA",CENTRO,44002844,-12.25661663,-38.96997321,180,Com acessibilidade,2026-09-30 11:38:00,293250633617569173080384
UE2015 (Anterior),FEIRA DE SANTANA,157,61,1764696,COLÉGIO ESTADUAL JOÃO BARBOSA DE CARVALHO,"RUA FARMACEUTICO JOSÉ ALVES, 484 (TANQUE DA NAÇÃO ) - ZONA URBANA",CENTRO,44002844,-12.25661663,-38.96997321,182,Com acessibilidade,2026-09-30 11:48:00,727593252760087356612731
UE2015 (Anterior),FEIRA DE SANTANA,157,63,1769206,COLÉGIO ESTADUAL JOÃO BARBOSA DE CARVALHO,"RUA FARMACEUTICO JOSÉ ALVES, 484 (TANQUE DA NAÇÃO ) - ZONA URBANA",CENTRO,44002844,-12.25661663,-38.96997321,183,Com acessibilidade,2026-09-30 11:57:00,475068222035856133158828
UE2015 (Anterior),FEIRA DE SANTANA,157,68,1766240,CENTRO UNIVERSITÁRIO DE CULTURA E ARTE - CUCA,"RUA CONSELHEIRO FRANCO, N 66 - ZONA URBANA",CENTRO,44002128,-12.25739882,-38.96840525,233,Com acessibilidade,2026-09-30 12:07:00,616482919749653723635910
UE2015 (Anterior),FEIRA DE SANTANA,157,69,1765695,CENTRO UNIVERSITÁRIO DE CULTURA E ARTE - CUCA,"RUA CONSELHEIRO FRANCO, N 66 - ZONA URBANA",CENTRO,44002128,-12.25739882,-38.96840525,234,Com acessibilidade,2026-09-30 12:17:00,434664849831565901583353
UE2015 (Anterior),FEIRA DE SANTANA,157,70,1766966,CENTRO UNIVERSITÁRIO DE CULTURA E ARTE - CUCA,"RUA CONSELHEIRO FRANCO, N 66 - ZONA URBANA",CENTRO,44002128,-12.25739882,-38.96840525,236,Com acessibilidade,2026-09-30 12:26:00,363957859724517647039550
UE2015 (Anterior),FEIRA DE SANTANA,157,71,1833467,CENTRO UNIVERSITÁRIO DE CULTURA E ARTE - CUCA,"RUA CONSELHEIRO FRANCO, N 66 - ZONA URBANA",CENTRO,44002128,-12.25739882,-38.96840525,235,Com acessibilidade,2026-09-30 12:35:00,848705446672012973498770
UE2015 (Anterior),FEIRA DE SANTANA,157,72,1773226,CENTRO UNIVERSITÁRIO DE CULTURA E ARTE - CUCA,"RUA CONSELHEIRO FRANCO, N 66 - ZONA URBANA",CENTRO,44002128,-12.25739882,-38.96840525,235,Com acessibilidade,2026-09-30 12:44:00,60927775894259805694787
UE2015 (Anterior),FEIRA DE SANTANA,157,73,1765933,ESCOLA DE 1º GRAU ERNESTINA CARNEIRO,"RUA COELHO NETO, S/N - ZONA URBANA",RUA NOVA,44023216,-12.25122466,-38.97679675,387,Com acessibilidade,2026-09-30 12:55:00,192240011107549227735195
UE2015 (Anterior),FEIRA DE SANTANA,157,74,1765075,ESCOLA DE 1º GRAU ERNESTINA CARNEIRO,"RUA COELHO NETO, S/N - ZONA URBANA",RUA NOVA,44023216,-12.25122466,-38.97679675,384,Com acessibilidade,2026-09-30 13:04:00,20523959390969942599185
UE2015 (Anterior),FEIRA DE SANTANA,157,75,1766942,ESCOLA DE 1º GRAU ERNESTINA CARNEIRO,"RUA COELHO NETO, S/N - ZONA URBANA",RUA NOVA,44023216,-12.25122466,-38.97679675,383,Com acessibilidade,2026-09-30 13:13:00,151836191803118915355271
UE2015 (Anterior),FEIRA DE SANTANA,157,76,1764580,ESCOLA DE 1º GRAU ERNESTINA CARNEIRO,"RUA COELHO NETO, S/N - ZONA URBANA",RUA NOVA,44023216,-12.25122466,-38.97679675,389,Com acessibilidade,2026-09-30 13:22:00,394260542227372799066732
UE2015 (Anterior),FEIRA DE SANTANA,157,77,1764984,ESCOLA DE 1º GRAU ERNESTINA CARNEIRO,"RUA COELHO NETO, S/N - ZONA URBANA",RUA NOVA,44023216,-12.25122466,-38.97679675,387,Com acessibilidade,2026-09-30 13:32:00,222543486910290293283587
UE2015 (Anterior),FEIRA DE SANTANA,157,78,1765491,ESCOLA DE 1º GRAU ERNESTINA CARNEIRO,"RUA COELHO NETO, S/N - ZONA URBANA",RUA NOVA,44023216,-12.25122466,-38.97679675,385,Com acessibilidade,2026-09-30 13:41:00,535674905841626590228525
UE2015 (Anterior),FEIRA DE SANTANA,157,79,1767683,ESCOLA DE 1º GRAU ERNESTINA CARNEIRO,"RUA COELHO NETO, S/N - ZONA URBANA",RUA NOVA,44023216,-12.25122466,-38.97679675,394,Com acessibilidade,2026-09-30 13:51:00,636684110751812041266374
UE2015 (Anterior),FEIRA DE SANTANA,157,80,1805873,ESCOLA DE 1º GRAU ERNESTINA CARNEIRO,"RUA COELHO NETO, S/N - ZONA URBANA",RUA NOVA,44023216,-12.25122466,-38.97679675,389,Com acessibilidade,2026-09-30 14:00:00,576078132745341392437845
UE2015 (Anterior),FEIRA DE SANTANA,157,81,1762823,ESCOLA DE 1º GRAU ERNESTINA CARNEIRO,"RUA COELHO NETO, S/N - ZONA URBANA",RUA NOVA,44023216,-12.25122466,-38.97679675,399,Com acessibilidade,2026-09-30 14:09:00,262947937314663721843809
UE2015 (Anterior),FEIRA DE SANTANA,157,82,1777590,ESCOLA DE 1º GRAU ERNESTINA CARNEIRO,"RUA COELHO NETO, S/N - ZONA URBANA",RUA NOVA,44023216,-12.25122466,-38.97679675,394,Com acessibilidade,2026-09-30 14:19:00,545775328642031657822360
UE2015 (Anterior),FEIRA DE SANTANA,157,83,1762935,ESCOLA COMUNITÁRIA LUIS ALBERTO ( ANTIGA CÉLIDA),"RUA GÓES CALMON, N 475 - ZONA URBANA",RUA NOVA,44023095,-12.2500011,-38.9728148,360,Com acessibilidade,2026-09-30 14:28:00,424563312530930093071820
UE2015 (Anterior),FEIRA DE SANTANA,157,84,1762894,ESCOLA COMUNITÁRIA LUIS ALBERTO ( ANTIGA CÉLIDA),"RUA GÓES CALMON, N 475 - ZONA URBANA",RUA NOVA,44023095,-12.2500011,-38.9728148,364,Com acessibilidade,2026-09-30 14:37:00,434664437631969277925420
UE2015 (Anterior),FEIRA DE SANTANA,157,85,1765833,ESCOLA COMUNITÁRIA LUIS ALBERTO ( ANTIGA CÉLIDA),"RUA GÓES CALMON, N 475 - ZONA URBANA",RUA NOVA,44023095,-12.2500011,-38.9728148,362,Com acessibilidade,2026-09-30 14:46:00,818402926669368265567021
UE2015 (Anterior),FEIRA DE SANTANA,157,86,1765094,ESCOLA MUNICIPAL TEREZA CUNHA SANTANA,"AV TOMÉ DE SOUZA, SN - ZONA URBANA",RUA NOVA,44023684,-12.25179912,-38.98176777,209,Com acessibilidade,2026-09-30 14:56:00,565977786044201990633835
UE2015 (Anterior),FEIRA DE SANTANA,157,87,1764352,ESCOLA MUNICIPAL TEREZA CUNHA SANTANA,"AV TOMÉ DE SOUZA, SN - ZONA URBANA",RUA NOVA,44023684,-12.25179912,-38.98176777,202,Com acessibilidade,2026-09-30 15:05:00,899210224377128489319726
UE2015 (Anterior),FEIRA DE SANTANA,157,88,1770182,ESCOLA MUNICIPAL TEREZA CUNHA SANTANA,"AV TOMÉ DE SOUZA, SN - ZONA URBANA",RUA NOVA,44023684,-12.25179912,-38.98176777,209,Com acessibilidade,2026-09-30 15:14:00,788199222666033154522376
UE2015 (Anterior),FEIRA DE SANTANA,157,89,1766149,ESCOLA MUNICIPAL TEREZA CUNHA SANTANA,"AV TOMÉ DE SOUZA, SN - ZONA URBANA",RUA NOVA,44023684,-12.25179912,-38.98176777,204,Com acessibilidade,2026-09-30 15:23:00,788199338866059172753621
UE2015 (Anterior),FEIRA DE SANTANA,157,90,1766032,ESCOLA MUNICIPAL TEREZA CUNHA SANTANA,"AV TOMÉ DE SOUZA, SN - ZONA URBANA",RUA NOVA,44023684,-12.25179912,-38.98176777,209,Com acessibilidade,2026-09-30 15:32:00,242745875312538528447332
UE2015 (Anterior),FEIRA DE SANTANA,157,91,1765923,ESCOLA MUNICIPAL TEREZA CUNHA SANTANA,"AV TOMÉ DE SOUZA, SN - ZONA URBANA",RUA NOVA,44023684,-12.25179912,-38.98176777,204,Com acessibilidade,2026-09-30 15:41:00,868907606774171524037281
UE2015 (Anterior),FEIRA DE SANTANA,157,92,1824689,ESCOLA MUNICIPAL TEREZA CUNHA SANTANA,"AV TOMÉ DE SOUZA, SN - ZONA URBANA",RUA NOVA,44023684,-12.25179912,-38.98176777,199,Com acessibilidade,2026-09-30 15:51:00,161937015004565062679924
UE2015 (Anterior),FEIRA DE SANTANA,157,116,1807080,COLEGIO ESTADUAL DE TEMPO INTEGRAL DE FEIRA DE SANTANA,"RUA OLNEY ALBERTO SÃO PAULO, N 3031 - ZONA URBANA",AVIÁRIO,44095400,-12.2967353,-38.9232255,396,Com acessibilidade,2026-09-30 16:00:00,525573346840515085281584
UE2015 (Anterior),FEIRA DE SANTANA,157,117,1822811,COLEGIO ESTADUAL DE TEMPO INTEGRAL DE FEIRA DE SANTANA,"RUA OLNEY ALBERTO SÃO PAULO, N 3031 - ZONA URBANA",AVIÁRIO,44095400,-12.2967353,-38.9232255,397,Com acessibilidade,2026-09-30 16:09:00,81129018996707425919235
UE2015 (Anterior),FEIRA DE SANTANA,157,118,1769186,COLEGIO ESTADUAL DE TEMPO INTEGRAL DE FEIRA DE SANTANA,"RUA OLNEY ALBERTO SÃO PAULO, N 3031 - ZONA URBANA",AVIÁRIO,44095400,-12.2967353,-38.9232255,396,Com acessibilidade,2026-09-30 08:33:00,727593762609342200795166
UE2015 (Anterior),FEIRA DE SANTANA,157,119,1769355,COLEGIO ESTADUAL DE TEMPO INTEGRAL DE FEIRA DE SANTANA,"RUA OLNEY ALBERTO SÃO PAULO, N 3031 - ZONA URBANA",AVIÁRIO,44095400,-12.2967353,-38.9232255,396,Com acessibilidade,2026-09-30 08:43:00,717492869708426240418881
UE2015 (Anterior),FEIRA DE SANTANA,157,120,1782461,COLEGIO ESTADUAL DE TEMPO INTEGRAL DE FEIRA DE SANTANA,"RUA OLNEY ALBERTO SÃO PAULO, N 3031 - ZONA URBANA",AVIÁRIO,44095400,-12.2967353,-38.9232255,396,Com acessibilidade,2026-09-30 08:53:00,959816186232750603149807
UE2015 (Anterior),FEIRA DE SANTANA,157,121,1755005,COLEGIO ESTADUAL DE TEMPO INTEGRAL DE FEIRA DE SANTANA,"RUA OLNEY ALBERTO SÃO PAULO, N 3031 - ZONA URBANA",AVIÁRIO,44095400,-12.2967353,-38.9232255,398,Com acessibilidade,2026-09-30 09:03:00,919412259428373262588562
UE2015 (Anterior),FEIRA DE SANTANA,157,122,1755200,COLEGIO ESTADUAL DE TEMPO INTEGRAL DE FEIRA DE SANTANA,"RUA OLNEY ALBERTO SÃO PAULO, N 3031 - ZONA URBANA",AVIÁRIO,44095400,-12.2967353,-38.9232255,396,Com acessibilidade,2026-09-30 09:13:00,767997214813311906185756
UE2015 (Anterior),FEIRA DE SANTANA,157,123,1766920,ESCOLA ESTADUAL CAROLINA MARIA DE JESUS,"RUA SALMO 39, S/N - ZONA URBANA",FRATERNIDADE,44092636,-12.3053274,-38.9534097,420,Com acessibilidade,2026-09-30 09:37:00,262947828963274633028804
UE2015 (Anterior),FEIRA DE SANTANA,157,124,1751963,ESCOLA ESTADUAL CAROLINA MARIA DE JESUS,"RUA SALMO 39, S/N - ZONA URBANA",FRATERNIDADE,44092636,-12.3053274,-38.9534097,420,Com acessibilidade,2026-09-30 09:48:00,899210566726068897700797
UE2015 (Anterior),FEIRA DE SANTANA,157,125,1765673,ESCOLA ESTADUAL CAROLINA MARIA DE JESUS,"RUA SALMO 39, S/N - ZONA URBANA",FRATERNIDADE,44092636,-12.3053274,-38.9534097,420,Com acessibilidade,2026-09-30 09:57:00,262947044163458273639446
UE2015 (Anterior),FEIRA DE SANTANA,157,126,1775215,ESCOLA ESTADUAL CAROLINA MARIA DE JESUS,"RUA SALMO 39, S/N - ZONA URBANA",FRATERNIDADE,44092636,-12.3053274,-38.9534097,419,Com acessibilidade,2026-09-30 10:07:00,303351198067120612575753
UE2015 (Anterior),FEIRA DE SANTANA,157,127,1756546,ESCOLA ESTADUAL CAROLINA MARIA DE JESUS,"RUA SALMO 39, S/N - ZONA URBANA",FRATERNIDADE,44092636,-12.3053274,-38.9534097,423,Com acessibilidade,2026-09-30 10:17:00,131634131350041508540664
UE2015 (Anterior),FEIRA DE SANTANA,157,128,1762889,ESCOLA ESTADUAL CAROLINA MARIA DE JESUS,"RUA SALMO 39, S/N - ZONA URBANA",FRATERNIDADE,44092636,-12.3053274,-38.9534097,423,Com acessibilidade,2026-09-30 10:27:00,464967571383469034825322
UE2015 (Anterior),FEIRA DE SANTANA,157,129,1753174,ESCOLA ESTADUAL CAROLINA MARIA DE JESUS,"RUA SALMO 39, S/N - ZONA URBANA",FRATERNIDADE,44092636,-12.3053274,-38.9534097,416,Com acessibilidade,2026-09-30 10:37:00,121533347249217315343177
UE2015 (Anterior),FEIRA DE SANTANA,157,130,1783444,ESCOLA MUNICIPAL PROFA. VALDEMIRA ALVES BRITO,"RUA VESPASIANO, S/N - ZONA URBANA",TOMBA,44091166,-12.2899826,-38.9509264,422,Com acessibilidade,2026-09-30 10:47:00,363957661773549053325543
UE2015 (Anterior),FEIRA DE SANTANA,157,131,1750737,ESCOLA MUNICIPAL PROFA. VALDEMIRA ALVES BRITO,"RUA VESPASIANO, S/N - ZONA URBANA",TOMBA,44091166,-12.2899826,-38.9509264,422,Com acessibilidade,2026-09-30 10:57:00,838604244120105806075829
UE2015 (Anterior),FEIRA DE SANTANA,157,132,1768350,ESCOLA MUNICIPAL PROFA. VALDEMIRA ALVES BRITO,"RUA VESPASIANO, S/N - ZONA URBANA",TOMBA,44091166,-12.2899826,-38.9509264,426,Com acessibilidade,2026-09-30 11:07:00,91230618146027171429022
UE2015 (Anterior),FEIRA DE SANTANA,157,133,1766106,ESCOLA MUNICIPAL PROFA. VALDEMIRA ALVES BRITO,"RUA VESPASIANO, S/N - ZONA URBANA",TOMBA,44091166,-12.2899826,-38.9509264,423,Com acessibilidade,2026-09-30 11:17:00,980119613735001211272352
UE2015 (Anterior),FEIRA DE SANTANA,157,134,1765590,ESCOLA MUNICIPAL PROFA. VALDEMIRA ALVES BRITO,"RUA VESPASIANO, S/N - ZONA URBANA",TOMBA,44091166,-12.2899826,-38.9509264,420,Com acessibilidade,2026-09-30 11:28:00,687189427105863039266653
UE2015 (Anterior),FEIRA DE SANTANA,157,135,1788391,ESCOLA MUNICIPAL PROFA. VALDEMIRA ALVES BRITO,"RUA VESPASIANO, S/N - ZONA URBANA",TOMBA,44091166,-12.2899826,-38.9509264,421,Com acessibilidade,2026-09-30 11:37:00,434664289080634141803245
UE2015 (Anterior),FEIRA DE SANTANA,157,136,1779617,ESCOLA MUNICIPAL PROFA. VALDEMIRA ALVES BRITO,"RUA VESPASIANO, S/N - ZONA URBANA",TOMBA,44091166,-12.2899826,-38.9509264,423,Com acessibilidade,2026-09-30 11:48:00,131634094550495546891547
UE2015 (Anterior),FEIRA DE SANTANA,157,137,1841690,ESCOLA MUNICIPAL PROFA. VALDEMIRA ALVES BRITO,"RUA VESPASIANO, S/N - ZONA URBANA",TOMBA,44091166,-12.2899826,-38.9509264,424,Com acessibilidade,2026-09-30 11:57:00,333654409270717467955137
UE2015 (Anterior),FEIRA DE SANTANA,157,138,1765991,ESCOLA MUNICIPAL PROFA. VALDEMIRA ALVES BRITO,"RUA VESPASIANO, S/N - ZONA URBANA",TOMBA,44091166,-12.2899826,-38.9509264,423,Com acessibilidade,2026-09-30 12:07:00,808301982017841125034794
UE2015 (Anterior),FEIRA DE SANTANA,157,146,1757423,ESCOLA IRMÃ ROSA APARECIDA,"RUA VÊNUS, 275 - ZONA URBANA",JARDIM ACÁCIA,44004312,-12.2682043,-38.9665685,375,Com acessibilidade,2026-09-30 12:20:00,101331136347836976443161
UE2015 (Anterior),FEIRA DE SANTANA,157,147,1763843,ESCOLA IRMÃ ROSA APARECIDA,"RUA VÊNUS, 275 - ZONA URBANA",JARDIM ACÁCIA,44004312,-12.2682043,-38.9665685,372,Com acessibilidade,2026-09-30 12:30:00,778098915514590868684035
UE2015 (Anterior),FEIRA DE SANTANA,157,148,1764931,ESCOLA IRMÃ ROSA APARECIDA,"RUA VÊNUS, 275 - ZONA URBANA",JARDIM ACÁCIA,44004312,-12.2682043,-38.9665685,374,Com acessibilidade,2026-09-30 12:40:00,970018226234886606277272
UE2015 (Anterior),FEIRA DE SANTANA,157,149,1767697,COLÉGIO ESTADUAL DE TEMPO INTEGRAL GEORGINA DE MELO ERISMANN,"AVENIDA SENADOR QUINTINO, N 457, ZONA URBANA",OLHOS D'ÁGUA,44003615,-12.2649252,-38.9636921,393,Com acessibilidade,2026-09-30 12:50:00,151836510652156154542534
UE2015 (Anterior),FEIRA DE SANTANA,157,150,1762481,COLÉGIO ESTADUAL DE TEMPO INTEGRAL GEORGINA DE MELO ERISMANN,"AVENIDA SENADOR QUINTINO, N 457, ZONA URBANA",OLHOS D'ÁGUA,44003615,-12.2649252,-38.9636921,396,Com acessibilidade,2026-09-30 13:00:00,50826497242719449869134
UE2015 (Anterior),FEIRA DE SANTANA,157,151,1765773,COLÉGIO ESTADUAL DE TEMPO INTEGRAL GEORGINA DE MELO ERISMANN,"AVENIDA SENADOR QUINTINO, N 457, ZONA URBANA",OLHOS D'ÁGUA,44003615,-12.2649252,-38.9636921,392,Com acessibilidade,2026-09-30 13:10:00,970018521934720165933083
UE2015 (Anterior),FEIRA DE SANTANA,157,152,1783227,COLÉGIO ESTADUAL DE TEMPO INTEGRAL GEORGINA DE MELO ERISMANN,"AVENIDA SENADOR QUINTINO, N 457, ZONA URBANA",OLHOS D'ÁGUA,44003615,-12.2649252,-38.9636921,399,Com acessibilidade,2026-09-30 13:20:00,959816616732793471412589
UE2015 (Anterior),FEIRA DE SANTANA,157,153,1766606,COLÉGIO ESTADUAL DE TEMPO INTEGRAL GEORGINA DE MELO ERISMANN,"AVENIDA SENADOR QUINTINO, N 457, ZONA URBANA",OLHOS D'ÁGUA,44003615,-12.2649252,-38.9636921,395,Com acessibilidade,2026-09-30 13:30:00,30624807740968882708867
UE2015 (Anterior),FEIRA DE SANTANA,157,154,1764315,COLÉGIO ESTADUAL DE TEMPO INTEGRAL GEORGINA DE MELO ERISMANN,"AVENIDA SENADOR QUINTINO, N 457, ZONA URBANA",OLHOS D'ÁGUA,44003615,-12.2649252,-38.9636921,395,Com acessibilidade,2026-09-30 13:41:00,414462297878509291308053
UE2015 (Anterior),FEIRA DE SANTANA,157,155,1765743,COLÉGIO ESTADUAL DE TEMPO INTEGRAL GEORGINA DE MELO ERISMANN,"AVENIDA SENADOR QUINTINO, N 457, ZONA URBANA",OLHOS D'ÁGUA,44003615,-12.2649252,-38.9636921,397,Com acessibilidade,2026-09-30 13:51:00,828503817119009593161552
UE2015 (Anterior),FEIRA DE SANTANA,157,156,1762752,COLÉGIO ESTADUAL DE TEMPO INTEGRAL GEORGINA DE MELO ERISMANN,"AVENIDA SENADOR QUINTINO, N 457, ZONA URBANA",OLHOS D'ÁGUA,44003615,-12.2649252,-38.9636921,396,Com acessibilidade,2026-09-30 14:01:00,454866550982292037894245
UE2015 (Anterior),FEIRA DE SANTANA,157,157,1764992,COLÉGIO ESTADUAL DE TEMPO INTEGRAL GEORGINA DE MELO ERISMANN,"AVENIDA SENADOR QUINTINO, N 457, ZONA URBANA",OLHOS D'ÁGUA,44003615,-12.2649252,-38.9636921,398,Com acessibilidade,2026-09-30 14:11:00,151836365552082840047911
UE2015 (Anterior),FEIRA DE SANTANA,157,158,1767546,COLÉGIO ESTADUAL DE TEMPO INTEGRAL GEORGINA DE MELO ERISMANN,"AVENIDA SENADOR QUINTINO, N 457, ZONA URBANA",OLHOS D'ÁGUA,44003615,-12.2649252,-38.9636921,397,Com acessibilidade,2026-09-30 14:20:00,606381928097551832207239
UE2015 (Anterior),FEIRA DE SANTANA,157,159,1795804,COLÉGIO ESTADUAL DE TEMPO INTEGRAL GEORGINA DE MELO ERISMANN,"AVENIDA SENADOR QUINTINO, N 457, ZONA URBANA",OLHOS D'ÁGUA,44003615,-12.2649252,-38.9636921,395,Com acessibilidade,2026-09-30 14:31:00,404361833477512472723580
UE2015 (Anterior),FEIRA DE SANTANA,157,160,1766113,ESCOLA MUNICIPAL JOÃO MARINHO FALCÃO,"RUA PROFESSOR ANTÔNIO GARCIA, 86 - ZONA URBANA",OLHOS D'ÁGUA,44003592,-12.26821,-38.9624782,420,Com acessibilidade,2026-09-30 14:41:00,959816461832158090423611
UE2015 (Anterior),FEIRA DE SANTANA,157,161,1769435,ESCOLA MUNICIPAL JOÃO MARINHO FALCÃO,"RUA PROFESSOR ANTÔNIO GARCIA, 86 - ZONA URBANA",OLHOS D'ÁGUA,44003592,-12.26821,-38.9624782,414,Com acessibilidade,2026-09-30 14:51:00,343755964571634533346712
UE2015 (Anterior),FEIRA DE SANTANA,157,162,1775436,ESCOLA MUNICIPAL JOÃO MARINHO FALCÃO,"RUA PROFESSOR ANTÔNIO GARCIA, 86 - ZONA URBANA",OLHOS D'ÁGUA,44003592,-12.26821,-38.9624782,419,Com acessibilidade,2026-09-30 15:01:00,788199517315733054318991
UE2015 (Anterior),FEIRA DE SANTANA,157,163,1756897,ESCOLA MUNICIPAL JOÃO MARINHO FALCÃO,"RUA PROFESSOR ANTÔNIO GARCIA, 86 - ZONA URBANA",OLHOS D'ÁGUA,44003592,-12.26821,-38.9624782,414,Com acessibilidade,2026-09-30 15:11:00,121533969749164539576419
UE2015 (Anterior),FEIRA DE SANTANA,157,164,1762687,ESCOLA MUNICIPAL JOÃO MARINHO FALCÃO,"RUA PROFESSOR ANTÔNIO GARCIA, 86 - ZONA URBANA",OLHOS D'ÁGUA,44003592,-12.26821,-38.9624782,420,Com acessibilidade,2026-09-30 15:21:00,970018923234102935617554
UE2015 (Anterior),FEIRA DE SANTANA,157,165,1766255,ESCOLA MUNICIPAL JOÃO MARINHO FALCÃO,"RUA PROFESSOR ANTÔNIO GARCIA, 86 - ZONA URBANA",OLHOS D'ÁGUA,44003592,-12.26821,-38.9624782,415,Com acessibilidade,2026-09-30 15:31:00,889109948025100044179528
UE2015 (Anterior),FEIRA DE SANTANA,157,166,1763791,ESCOLA MUNICIPAL JOÃO MARINHO FALCÃO,"RUA PROFESSOR ANTÔNIO GARCIA, 86 - ZONA URBANA",OLHOS D'ÁGUA,44003592,-12.26821,-38.9624782,416,Com acessibilidade,2026-09-30 15:41:00,747795918211058310281276
UE2015 (Anterior),FEIRA DE SANTANA,157,167,1766469,ESCOLA MUNICIPAL JOÃO MARINHO FALCÃO,"RUA PROFESSOR ANTÔNIO GARCIA, 86 - ZONA URBANA",OLHOS D'ÁGUA,44003592,-12.26821,-38.9624782,417,Com acessibilidade,2026-09-30 15:51:00,677088952004071465368532
UE2015 (Anterior),FEIRA DE SANTANA,157,168,1757009,ESCOLA MUNICIPAL JOÃO MARINHO FALCÃO,"RUA PROFESSOR ANTÔNIO GARCIA, 86 - ZONA URBANA",OLHOS D'ÁGUA,44003592,-12.26821,-38.9624782,418,Com acessibilidade,2026-09-30 16:01:00,990220385636058386958177
UE2015 (Anterior),FEIRA DE SANTANA,157,178,1765542,ESCOLA ESTADUAL CAROLINA MARIA DE JESUS,"RUA SALMO 39, S/N - ZONA URBANA",FRATERNIDADE,44092636,-12.3053274,-38.9534097,418,Com acessibilidade,2026-09-30 16:11:00,818402274718967397358566
UE2015 (Anterior),FEIRA DE SANTANA,157,179,1766039,CENTRO UNIVERSITÁRIO DE CULTURA E ARTE - CUCA,"RUA CONSELHEIRO FRANCO, N 66 - ZONA URBANA",CENTRO,44002128,-12.25739882,-38.96840525,235,Sem acessibilidade,2026-09-30 16:21:00,505371074287744493241695
UE2015 (Anterior),FEIRA DE SANTANA,157,181,1766747,ESCOLA COMUNITÁRIA LUIS ALBERTO ( ANTIGA CÉLIDA),"RUA GÓES CALMON, N 475 - ZONA URBANA",RUA NOVA,44023095,-12.2500011,-38.9728148,362,Com acessibilidade,2026-09-30 16:31:00,666987420003992278986827
UE2015 (Anterior),FEIRA DE SANTANA,157,186,1773977,ESCOLA ESTADUAL CAROLINA MARIA DE JESUS,"RUA SALMO 39, S/N - ZONA URBANA",FRATERNIDADE,44092636,-12.3053274,-38.9534097,420,Com acessibilidade,2026-09-30 16:42:00,495270801486986892644840
UE2015 (Anterior),FEIRA DE SANTANA,157,188,1766917,ESCOLA IRMÃ ROSA APARECIDA,"RUA VÊNUS, 275 - ZONA URBANA",JARDIM ACÁCIA,44004312,-12.2682043,-38.9665685,378,Com acessibilidade,2026-09-30 16:52:00,121533652749702540882272
UE2015 (Anterior),FEIRA DE SANTANA,157,189,1765450,ESCOLA MUNICIPAL PROFA. VALDEMIRA ALVES BRITO,"RUA VESPASIANO, S/N - ZONA URBANA",TOMBA,44091166,-12.2899826,-38.9509264,418,Com acessibilidade,2026-09-30 17:01:00,444765089681613933393253
UE2015 (Anterior),FEIRA DE SANTANA,157,190,1769659,COLEGIO ESTADUAL DE TEMPO INTEGRAL DE FEIRA DE SANTANA,"RUA OLNEY ALBERTO SÃO PAULO, N 3031 - ZONA URBANA",AVIÁRIO,44095400,-12.2967353,-38.9232255,396,Com acessibilidade,2026-09-30 08:32:00,101331829366653044074771
UE2015 (Anterior),FEIRA DE SANTANA,157,192,1769759,ESCOLA ESTADUAL CAROLINA MARIA DE JESUS,"RUA SALMO 39, S/N - ZONA URBANA",FRATERNIDADE,44092636,-12.3053274,-38.9534097,421,Com acessibilidade,2026-09-30 08:42:00,576078514713212843149538
UE2015 (Anterior),FEIRA DE SANTANA,157,193,1764808,COLÉGIO ESTADUAL JOÃO BARBOSA DE CARVALHO,"RUA FARMACEUTICO JOSÉ ALVES, 484 (TANQUE DA NAÇÃO ) - ZONA URBANA",CENTRO,44002844,-12.25661663,-38.96997321,181,Com acessibilidade,2026-09-30 08:52:00,596280644715324709215540
UE2015 (Anterior),FEIRA DE SANTANA,157,195,1763772,ESCOLA MUNICIPAL PROFA. VALDEMIRA ALVES BRITO,"RUA VESPASIANO, S/N - ZONA URBANA",TOMBA,44091166,-12.2899826,-38.9509264,419,Com acessibilidade,2026-09-30 09:01:00,505371774506822007681975
UE2015 (Anterior),FEIRA DE SANTANA,157,197,1825730,ESCOLA MUNICIPAL PROF. JOSÉ RAIMUNDO DE AZEVEDO - CAIC,"AV. DOIS, S/N  - ZONA URBANA",FEIRA VII,44091620,-12.2986822,-38.9464724,388,Com acessibilidade,2026-09-30 09:12:00,394260885395873601276595
UE2015 (Anterior),FEIRA DE SANTANA,157,200,1752730,CENTRO UNIVERSITÁRIO DE CULTURA E ARTE - CUCA,"RUA CONSELHEIRO FRANCO, N 66 - ZONA URBANA",CENTRO,44002128,-12.25739882,-38.96840525,235,Sem acessibilidade,2026-09-30 09:22:00,808301989336375412995619
UE2015 (Anterior),FEIRA DE SANTANA,157,202,1765790,ESCOLA MUNICIPAL PROF. JOSÉ RAIMUNDO DE AZEVEDO - CAIC,"AV. DOIS, S/N  - ZONA URBANA",FEIRA VII,44091620,-12.2986822,-38.9464724,385,Com acessibilidade,2026-09-30 09:32:00,121533522968782344151408
UE2015 (Anterior),FEIRA DE SANTANA,157,206,1780036,ESCOLA MUNICIPAL PROF. JOSÉ RAIMUNDO DE AZEVEDO - CAIC,"AV. DOIS, S/N  - ZONA URBANA",FEIRA VII,44091620,-12.2986822,-38.9464724,390,Com acessibilidade,2026-09-30 09:41:00,778098611033454890340415
UE2015 (Anterior),FEIRA DE SANTANA,157,207,1835300,ESCOLA IRMÃ ROSA APARECIDA,"RUA VÊNUS, 275 - ZONA URBANA",JARDIM ACÁCIA,44004312,-12.2682043,-38.9665685,375,Com acessibilidade,2026-09-30 09:51:00,232644188779006364808738
UE2015 (Anterior),FEIRA DE SANTANA,157,209,1761402,ESCOLA MUNICIPAL PROF. JOSÉ RAIMUNDO DE AZEVEDO - CAIC,"AV. DOIS, S/N  - ZONA URBANA",FEIRA VII,44091620,-12.2986822,-38.9464724,385,Com acessibilidade,2026-09-30 10:01:00,321177956402009494407
UE2015 (Anterior),FEIRA DE SANTANA,157,210,1767065,COLEGIO ESTADUAL DE TEMPO INTEGRAL DE FEIRA DE SANTANA,"RUA OLNEY ALBERTO SÃO PAULO, N 3031 - ZONA URBANA",AVIÁRIO,44095400,-12.2967353,-38.9232255,400,Com acessibilidade,2026-09-30 10:10:00,50826300361478091747631
UE2015 (Anterior),FEIRA DE SANTANA,157,213,1767105,ESCOLA MUNICIPAL PROF. JOSÉ RAIMUNDO DE AZEVEDO - CAIC,"AV. DOIS, S/N  - ZONA URBANA",FEIRA VII,44091620,-12.2986822,-38.9464724,394,Com acessibilidade,2026-09-30 10:20:00,919412493047426804427646
UE2015 (Anterior),FEIRA DE SANTANA,157,215,1766798,COLÉGIO ESTADUAL JOÃO BARBOSA DE CARVALHO,"RUA FARMACEUTICO JOSÉ ALVES, 484 (TANQUE DA NAÇÃO ) - ZONA URBANA",CENTRO,44002844,-12.25661663,-38.96997321,179,Com acessibilidade,2026-09-30 10:30:00,424563224098021346142163
UE2015 (Anterior),FEIRA DE SANTANA,157,216,1752779,ESCOLA MUNICIPAL PROF. JOSÉ RAIMUNDO DE AZEVEDO - CAIC,"AV. DOIS, S/N  - ZONA URBANA",FEIRA VII,44091620,-12.2986822,-38.9464724,397,Com acessibilidade,2026-09-30 10:41:00,313452226987071050443913
UE2015 (Anterior),FEIRA DE SANTANA,157,219,1766212,ESCOLA MUNICIPAL PROF. JOSÉ RAIMUNDO DE AZEVEDO - CAIC,"AV. DOIS, S/N  - ZONA URBANA",FEIRA VII,44091620,-12.2986822,-38.9464724,392,Com acessibilidade,2026-09-30 10:50:00,980119221954760692485770
UE2015 (Anterior),FEIRA DE SANTANA,157,220,1769162,ESCOLA ESTADUAL CAROLINA MARIA DE JESUS,"RUA SALMO 39, S/N - ZONA URBANA",FRATERNIDADE,44092636,-12.3053274,-38.9534097,419,Com acessibilidade,2026-09-30 11:00:00,626583945818060857204117
UE2015 (Anterior),FEIRA DE SANTANA,157,221,1765782,ESCOLA MUNICIPAL PROF. JOSÉ RAIMUNDO DE AZEVEDO - CAIC,"AV. DOIS, S/N  - ZONA URBANA",FEIRA VII,44091620,-12.2986822,-38.9464724,397,Com acessibilidade,2026-09-30 11:10:00,333654765789860091415612
UE2015 (Anterior),FEIRA DE SANTANA,157,223,1769853,ESCOLA MUNICIPAL JOÃO MARINHO FALCÃO,"RUA PROFESSOR ANTÔNIO GARCIA, 86 - ZONA URBANA",OLHOS D'ÁGUA,44003592,-12.26821,-38.9624782,418,Com acessibilidade,2026-09-30 11:20:00,545775199710167624760269
UE2015 (Anterior),FEIRA DE SANTANA,157,225,1793382,ESCOLA MUNICIPAL PROF. JOSÉ RAIMUNDO DE AZEVEDO - CAIC,"AV. DOIS, S/N  - ZONA URBANA",FEIRA VII,44091620,-12.2986822,-38.9464724,387,Com acessibilidade,2026-09-30 11:29:00,101331972166350222674104
UE2015 (Anterior),FEIRA DE SANTANA,157,226,1821613,ESCOLA ESTADUAL CAROLINA MARIA DE JESUS,"RUA SALMO 39, S/N - ZONA URBANA",FRATERNIDADE,44092636,-12.3053274,-38.9534097,421,Com acessibilidade,2026-09-30 11:39:00,60927048262403900380101
UE2015 (Anterior),FEIRA DE SANTANA,157,228,1765825,ESCOLA MUNICIPAL JOÃO MARINHO FALCÃO,"RUA PROFESSOR ANTÔNIO GARCIA, 86 - ZONA URBANA",OLHOS D'ÁGUA,44003592,-12.26821,-38.9624782,416,Com acessibilidade,2026-09-30 11:49:00,757896956731180024080611
UE2015 (Anterior),FEIRA DE SANTANA,157,229,1765231,ESCOLA MUNICIPAL PROF. JOSÉ RAIMUNDO DE AZEVEDO - CAIC,"AV. DOIS, S/N  - ZONA URBANA",FEIRA VII,44091620,-12.2986822,-38.9464724,388,Com acessibilidade,2026-09-30 12:00:00,666987979122214454374564
UE2015 (Anterior),FEIRA DE SANTANA,157,231,1767502,CENTRO UNIVERSITÁRIO DE CULTURA E ARTE - CUCA,"RUA CONSELHEIRO FRANCO, N 66 - ZONA URBANA",CENTRO,44002128,-12.25739882,-38.96840525,234,Sem acessibilidade,2026-09-30 12:09:00,828503322238000938217393
UE2015 (Anterior),FEIRA DE SANTANA,157,234,1764836,ESCOLA ESTADUAL CAROLINA MARIA DE JESUS,"RUA SALMO 39, S/N - ZONA URBANA",FRATERNIDADE,44092636,-12.3053274,-38.9534097,419,Com acessibilidade,2026-09-30 12:19:00,929513759548199420373318
UE2015 (Anterior),FEIRA DE SANTANA,157,237,1765900,ESCOLA MUNICIPAL PROF. JOSÉ RAIMUNDO DE AZEVEDO - CAIC,"AV. DOIS, S/N  - ZONA URBANA",FEIRA VII,44091620,-12.2986822,-38.9464724,391,Com acessibilidade,2026-09-30 12:29:00,767997920832128767726097
UE2015 (Anterior),FEIRA DE SANTANA,157,239,1767429,ESCOLA MUNICIPAL PROF. ANTÔNIO ALVES LOPES,"PRAÇA PRINCIPAL, S/N - ZONA URBANA",VIVEIROS,44013000,-12.28502328,-38.98590814,369,Com acessibilidade,2026-09-30 12:39:00,10422391957465649897259
UE2015 (Anterior),FEIRA DE SANTANA,157,240,1778068,ESCOLA COMUNITÁRIA LUIS ALBERTO ( ANTIGA CÉLIDA),"RUA GÓES CALMON, N 475 - ZONA URBANA",RUA NOVA,44023095,-12.2500011,-38.9728148,362,Com acessibilidade,2026-09-30 12:49:00,374058838293911068787845
UE2015 (Anterior),FEIRA DE SANTANA,157,241,1835975,ESCOLA MUNICIPAL PROF. JOSÉ RAIMUNDO DE AZEVEDO - CAIC,"AV. DOIS, S/N  - ZONA URBANA",FEIRA VII,44091620,-12.2986822,-38.9464724,389,Sem acessibilidade,2026-09-30 13:00:00,656886229321318818967687
UE2015 (Anterior),FEIRA DE SANTANA,157,245,1765667,ESCOLA ESTADUAL CAROLINA MARIA DE JESUS,"RUA SALMO 39, S/N - ZONA URBANA",FRATERNIDADE,44092636,-12.3053274,-38.9534097,419,Com acessibilidade,2026-09-30 13:08:00,767997771632982429411166
UE2015 (Anterior),FEIRA DE SANTANA,157,246,1752229,COLEGIO ESTADUAL DE TEMPO INTEGRAL DE FEIRA DE SANTANA,"RUA OLNEY ALBERTO SÃO PAULO, N 3031 - ZONA URBANA",AVIÁRIO,44095400,-12.2967353,-38.9232255,395,Com acessibilidade,2026-09-30 13:20:00,596280710715438457282308
UE2015 (Anterior),FEIRA DE SANTANA,157,248,1767183,ESCOLA MUNICIPAL PROF. JOSÉ RAIMUNDO DE AZEVEDO - CAIC,"AV. DOIS, S/N  - ZONA URBANA",FEIRA VII,44091620,-12.2986822,-38.9464724,403,Sem acessibilidade,2026-09-30 13:25:00,586179926714770827787499
UE2015 (Anterior),FEIRA DE SANTANA,157,251,1755558,ESCOLA MUNICIPAL PROF. ANTÔNIO ALVES LOPES,"PRAÇA PRINCIPAL, S/N - ZONA URBANA",VIVEIROS,44013000,-12.28502328,-38.98590814,370,Com acessibilidade,2026-09-30 13:38:00,131634773369621428993565
UE2015 (Anterior),FEIRA DE SANTANA,157,252,1793566,ESCOLA MUNICIPAL PROF. JOSÉ RAIMUNDO DE AZEVEDO - CAIC,"AV. DOIS, S/N  - ZONA URBANA",FEIRA VII,44091620,-12.2986822,-38.9464724,387,Sem acessibilidade,2026-09-30 13:48:00,909311652946486947096103
UE2015 (Anterior),FEIRA DE SANTANA,157,255,1766871,ESCOLA ESTADUAL CAROLINA MARIA DE JESUS,"RUA SALMO 39, S/N - ZONA URBANA",FRATERNIDADE,44092636,-12.3053274,-38.9534097,418,Com acessibilidade,2026-09-30 13:57:00,131634213369736659239870
UE2015 (Anterior),FEIRA DE SANTANA,157,256,1766452,ESCOLA MUNICIPAL PROF. JOSÉ RAIMUNDO DE AZEVEDO - CAIC,"AV. DOIS, S/N  - ZONA URBANA",FEIRA VII,44091620,-12.2986822,-38.9464724,379,Sem acessibilidade,2026-09-30 14:07:00,848705036340102804194973
UE2015 (Anterior),FEIRA DE SANTANA,157,259,1753384,ESCOLA MUNICIPAL PROFª JOSENITA NERY BOAVENTURA,"RUA ANGELO ALVES FERNANDES, N 25, CONJ. PAULO SOUTO - ZONA URBANA",AVIÁRIO,44096012,-12.2887541,-38.930498,343,Com acessibilidade,2026-09-30 14:17:00,959816478051302957766108
UE2015 (Anterior),FEIRA DE SANTANA,157,261,1766659,ESCOLA ESTADUAL CAROLINA MARIA DE JESUS,"RUA SALMO 39, S/N - ZONA URBANA",FRATERNIDADE,44092636,-12.3053274,-38.9534097,417,Com acessibilidade,2026-09-30 14:26:00,384159099494756029425601
UE2015 (Anterior),FEIRA DE SANTANA,157,262,1806646,ESCOLA MUNICIPAL PROF. ANTÔNIO ALVES LOPES,"PRAÇA PRINCIPAL, S/N - ZONA URBANA",VIVEIROS,44013000,-12.28502328,-38.98590814,363,Com acessibilidade,2026-09-30 14:36:00,778098593633233080374627
UE2015 (Anterior),FEIRA DE SANTANA,157,265,1766904,ESCOLA MUNICIPAL MARIA DA GLÓRIA CARVALHO,"TRAVESSA POLITEAMA, S/N - ZONA URBANA",35 BI,44094396,-12.279335,-38.9332746,417,Com acessibilidade,2026-09-30 14:45:00,454866602201938270134116
UE2015 (Anterior),FEIRA DE SANTANA,157,266,1757160,COLÉGIO ESTADUAL JOÃO BARBOSA DE CARVALHO,"RUA FARMACEUTICO JOSÉ ALVES, 484 (TANQUE DA NAÇÃO ) - ZONA URBANA",CENTRO,44002844,-12.25661663,-38.96997321,182,Com acessibilidade,2026-09-30 14:55:00,30624295259603136435354
UE2015 (Anterior),FEIRA DE SANTANA,157,267,1775531,ESCOLA ESTADUAL CAROLINA MARIA DE JESUS,"RUA SALMO 39, S/N - ZONA URBANA",FRATERNIDADE,44092636,-12.3053274,-38.9534097,422,Com acessibilidade,2026-09-30 15:05:00,980119355554210824266064
UE2015 (Anterior),FEIRA DE SANTANA,157,269,1782972,ESCOLA DE 1º GRAU DR GAMALIEL,"RUA DONA ADALGISA SANTOS BORGES, 500 - ZONA URBANA",TOMBA,44064120,-12.2988487,-38.9496412,422,Com acessibilidade,2026-09-30 15:14:00,889109471044138747327023
UE2015 (Anterior),FEIRA DE SANTANA,157,271,1772012,COLÉGIO ESTADUAL GEORGINA SOARES NASCIMENTO,"RUA DO SALVADOR, S/N - ZONA URBANA",TOMBA,44090056,-12.2914885,-38.9449659,421,Com acessibilidade,2026-09-30 15:24:00,990220778155333051729158
UE2015 (Anterior),FEIRA DE SANTANA,157,273,1765820,ESCOLA DE 1º GRAU DR GAMALIEL,"RUA DONA ADALGISA SANTOS BORGES, 500 - ZONA URBANA",TOMBA,44064120,-12.2988487,-38.9496412,417,Com acessibilidade,2026-09-30 15:33:00,50826055261417943748019
UE2015 (Anterior),FEIRA DE SANTANA,157,274,1777849,ESCOLA MUNICIPAL PROF. ANTÔNIO ALVES LOPES,"PRAÇA PRINCIPAL, S/N - ZONA URBANA",VIVEIROS,44013000,-12.28502328,-38.98590814,361,Com acessibilidade,2026-09-30 15:43:00,767997875532218036166738
UE2015 (Anterior),FEIRA DE SANTANA,157,276,1753353,COLÉGIO ESTADUAL GEORGINA SOARES NASCIMENTO,"RUA DO SALVADOR, S/N - ZONA URBANA",TOMBA,44090056,-12.2914885,-38.9449659,416,Com acessibilidade,2026-09-30 15:52:00,353856687891822615185729
UE2015 (Anterior),FEIRA DE SANTANA,157,277,1752919,ESCOLA DE 1º GRAU DR GAMALIEL,"RUA DONA ADALGISA SANTOS BORGES, 500 - ZONA URBANA",TOMBA,44064120,-12.2988487,-38.9496412,421,Com acessibilidade,2026-09-30 16:02:00,172038610373301272347473
UE2015 (Anterior),FEIRA DE SANTANA,157,280,1766340,COLÉGIO ESTADUAL GEORGINA SOARES NASCIMENTO,"RUA DO SALVADOR, S/N - ZONA URBANA",TOMBA,44090056,-12.2914885,-38.9449659,418,Com acessibilidade,2026-09-30 16:12:00,939614673649159456101981
UE2015 (Anterior),FEIRA DE SANTANA,157,282,1764959,PRÉ-ESCOLA MUNICIPAL JOSÉ MARTINS RIOS,"AVENIDA DO CANAL, S/N - ZONA URBANA",RUA NOVA,44017290,-12.2503619,-38.9726546,416,Com acessibilidade,2026-09-30 16:21:00,737694693229975456852511
UE2015 (Anterior),FEIRA DE SANTANA,157,283,1752799,ESCOLA DE 1º GRAU DR GAMALIEL,"RUA DONA ADALGISA SANTOS BORGES, 500 - ZONA URBANA",TOMBA,44064120,-12.2988487,-38.9496412,418,Com acessibilidade,2026-09-30 16:32:00,353856429591751762174923
UE2015 (Anterior),FEIRA DE SANTANA,157,284,1764785,COLÉGIO ESTADUAL JOÃO BARBOSA DE CARVALHO,"RUA FARMACEUTICO JOSÉ ALVES, 484 (TANQUE DA NAÇÃO ) - ZONA URBANA",CENTRO,44002844,-12.25661663,-38.96997321,248,Com acessibilidade,2026-09-30 08:33:00,232644416526851168673141
UE2015 (Anterior),FEIRA DE SANTANA,157,285,1766691,ESCOLA MUNICIPAL ANTÔNIO BRANDÃO DE SOUZA,"RUA BAMBU, S/N - ZONA RURAL",DISTRITO DE HUMILDES,44135000,-12.3549931,-38.8700404,396,Com acessibilidade,2026-09-30 08:42:00,60927353409700662350791
UE2015 (Anterior),FEIRA DE SANTANA,157,286,1768908,ESCOLA MUNICIPAL ANTÔNIO BRANDÃO DE SOUZA,"RUA BAMBU, S/N - ZONA RURAL",DISTRITO DE HUMILDES,44135000,-12.3549931,-38.8700404,395,Com acessibilidade,2026-09-30 08:52:00,586179988961316092409808
UE2015 (Anterior),FEIRA DE SANTANA,157,287,1766526,ESCOLA MUNICIPAL ANTÔNIO BRANDÃO DE SOUZA,"RUA BAMBU, S/N - ZONA RURAL",DISTRITO DE HUMILDES,44135000,-12.3549931,-38.8700404,397,Com acessibilidade,2026-09-30 09:01:00,818402327084137008301467
UE2015 (Anterior),FEIRA DE SANTANA,157,288,1767091,ESCOLA MUNICIPAL ANTÔNIO BRANDÃO DE SOUZA,"RUA BAMBU, S/N - ZONA RURAL",DISTRITO DE HUMILDES,44135000,-12.3549931,-38.8700404,395,Com acessibilidade,2026-09-30 09:11:00,273048892230685121579505
UE2015 (Anterior),FEIRA DE SANTANA,157,289,1781901,ESCOLA MUNICIPAL ANTÔNIO BRANDÃO DE SOUZA,"RUA BAMBU, S/N - ZONA RURAL",DISTRITO DE HUMILDES,44135000,-12.3549931,-38.8700404,398,Com acessibilidade,2026-09-30 09:21:00,980119712501489895222344
UE2015 (Anterior),FEIRA DE SANTANA,157,290,1782539,ESCOLA MUNICIPAL ANTÔNIO BRANDÃO DE SOUZA,"RUA BAMBU, S/N - ZONA RURAL",DISTRITO DE HUMILDES,44135000,-12.3549931,-38.8700404,395,Com acessibilidade,2026-09-30 09:31:00,828503639585418465993735
UE2015 (Anterior),FEIRA DE SANTANA,157,291,1764925,ESCOLA MUNICIPAL ANTÔNIO BRANDÃO DE SOUZA,"RUA BAMBU, S/N - ZONA RURAL",DISTRITO DE HUMILDES,44135000,-12.3549931,-38.8700404,395,Com acessibilidade,2026-09-30 09:40:00,919412838194520676808358
UE2015 (Anterior),FEIRA DE SANTANA,157,292,1768167,ESCOLA MUNICIPAL ANTÔNIO BRANDÃO DE SOUZA,"RUA BAMBU, S/N - ZONA RURAL",DISTRITO DE HUMILDES,44135000,-12.3549931,-38.8700404,397,Com acessibilidade,2026-09-30 09:50:00,778098800980471101188832
UE2015 (Anterior),FEIRA DE SANTANA,157,293,1763522,ESCOLA MUNICIPAL ANTÔNIO BRANDÃO DE SOUZA,"RUA BAMBU, S/N - ZONA RURAL",DISTRITO DE HUMILDES,44135000,-12.3549931,-38.8700404,396,Com acessibilidade,2026-09-30 09:59:00,485169627451811366366277
UE2015 (Anterior),FEIRA DE SANTANA,157,294,1769007,ESCOLA MUNICIPAL ANTÔNIO BRANDÃO DE SOUZA,"RUA BAMBU, S/N - ZONA RURAL",DISTRITO DE HUMILDES,44135000,-12.3549931,-38.8700404,396,Com acessibilidade,2026-09-30 10:09:00,464967711449421766002069
UE2015 (Anterior),FEIRA DE SANTANA,157,295,1779874,ESCOLA MUNICIPAL ANTÔNIO BRANDÃO DE SOUZA,"RUA BAMBU, S/N - ZONA RURAL",DISTRITO DE HUMILDES,44135000,-12.3549931,-38.8700404,398,Com acessibilidade,2026-09-30 10:18:00,464967823149441986179639
UE2015 (Anterior),FEIRA DE SANTANA,157,296,1776513,COLÉGIO MODELO LUIS EDUARDO MAGALHÃES,"RUA VASCO FILHO, S/N - ZONA URBANA",CENTRO,44025290,-12.2592847,-38.9571334,422,Com acessibilidade,2026-09-30 10:29:00,525573991455664736386945
UE2015 (Anterior),FEIRA DE SANTANA,157,297,1767651,COLÉGIO MODELO LUIS EDUARDO MAGALHÃES,"RUA VASCO FILHO, S/N - ZONA URBANA",CENTRO,44025290,-12.2592847,-38.9571334,418,Com acessibilidade,2026-09-30 10:38:00,969917548999124037105397
UE2015 (Anterior),FEIRA DE SANTANA,157,298,1756683,COLÉGIO MODELO LUIS EDUARDO MAGALHÃES,"RUA VASCO FILHO, S/N - ZONA URBANA",CENTRO,44025290,-12.2592847,-38.9571334,419,Com acessibilidade,2026-09-30 10:49:00,10422702504335192550800
UE2015 (Anterior),FEIRA DE SANTANA,157,299,1767232,COLÉGIO MODELO LUIS EDUARDO MAGALHÃES,"RUA VASCO FILHO, S/N - ZONA URBANA",CENTRO,44025290,-12.2592847,-38.9571334,417,Com acessibilidade,2026-09-30 10:58:00,273048077930617467092683
UE2015 (Anterior),FEIRA DE SANTANA,157,300,1757810,COLÉGIO MODELO LUIS EDUARDO MAGALHÃES,"RUA VASCO FILHO, S/N - ZONA URBANA",CENTRO,44025290,-12.2592847,-38.9571334,419,Com acessibilidade,2026-09-30 11:08:00,313452587434319085143165
UE2015 (Anterior),FEIRA DE SANTANA,157,301,1768932,COLÉGIO MODELO LUIS EDUARDO MAGALHÃES,"RUA VASCO FILHO, S/N - ZONA URBANA",CENTRO,44025290,-12.2592847,-38.9571334,421,Com acessibilidade,2026-09-30 11:17:00,374058754740395560508357
UE2015 (Anterior),FEIRA DE SANTANA,157,302,1792687,COLÉGIO MODELO LUIS EDUARDO MAGALHÃES,"RUA VASCO FILHO, S/N - ZONA URBANA",CENTRO,44025290,-12.2592847,-38.9571334,418,Com acessibilidade,2026-09-30 11:26:00,273048769530315372760368
UE2015 (Anterior),FEIRA DE SANTANA,157,303,1767230,COLÉGIO MODELO LUIS EDUARDO MAGALHÃES,"RUA VASCO FILHO, S/N - ZONA URBANA",CENTRO,44025290,-12.2592847,-38.9571334,423,Com acessibilidade,2026-09-30 11:36:00,717492310574841109192172
UE2015 (Anterior),FEIRA DE SANTANA,157,304,1790276,COLÉGIO MODELO LUIS EDUARDO MAGALHÃES,"RUA VASCO FILHO, S/N - ZONA URBANA",CENTRO,44025290,-12.2592847,-38.9571334,414,Sem acessibilidade,2026-09-30 11:46:00,40725750607265751068681
UE2015 (Anterior),FEIRA DE SANTANA,157,305,1792084,COLÉGIO MODELO LUIS EDUARDO MAGALHÃES,"RUA VASCO FILHO, S/N - ZONA URBANA",CENTRO,44025290,-12.2592847,-38.9571334,417,Sem acessibilidade,2026-09-30 11:55:00,515472335054751346661770
UE2015 (Anterior),FEIRA DE SANTANA,157,306,1771545,COLÉGIO MODELO LUIS EDUARDO MAGALHÃES,"RUA VASCO FILHO, S/N - ZONA URBANA",CENTRO,44025290,-12.2592847,-38.9571334,417,Sem acessibilidade,2026-09-30 12:05:00,949715876297841602664277
UE2015 (Anterior),FEIRA DE SANTANA,157,307,1765236,COLÉGIO MODELO LUIS EDUARDO MAGALHÃES,"RUA VASCO FILHO, S/N - ZONA URBANA",CENTRO,44025290,-12.2592847,-38.9571334,420,Sem acessibilidade,2026-09-30 12:14:00,818402855184735487285041
UE2015 (Anterior),FEIRA DE SANTANA,157,308,1755916,ESCOLA MUNICIPAL DR. JOÃO DUARTE GUIMARÃES,"PRAÇA DO LIMOEIRO, S/N - ZONA URBANA",LIMOEIRO,44097708,-12.3107078,-38.8978428,345,Com acessibilidade,2026-09-30 12:25:00,717492865774795049489754
UE2015 (Anterior),FEIRA DE SANTANA,157,309,1756709,ESCOLA MUNICIPAL DR. JOÃO DUARTE GUIMARÃES,"PRAÇA DO LIMOEIRO, S/N - ZONA URBANA",LIMOEIRO,44097708,-12.3107078,-38.8978428,344,Com acessibilidade,2026-09-30 12:35:00,959816219298127721596083
UE2015 (Anterior),FEIRA DE SANTANA,157,310,1756907,ESCOLA MUNICIPAL DR. JOÃO DUARTE GUIMARÃES,"PRAÇA DO LIMOEIRO, S/N - ZONA URBANA",LIMOEIRO,44097708,-12.3107078,-38.8978428,341,Com acessibilidade,2026-09-30 12:44:00,737694076676929044565265
UE2015 (Anterior),FEIRA DE SANTANA,157,311,1767615,ESCOLA MUNICIPAL DR. JOÃO DUARTE GUIMARÃES,"PRAÇA DO LIMOEIRO, S/N - ZONA URBANA",LIMOEIRO,44097708,-12.3107078,-38.8978428,344,Com acessibilidade,2026-09-30 12:53:00,788199236381995037485465
UE2015 (Anterior),FEIRA DE SANTANA,157,312,1833362,ESCOLA MUNICIPAL DR. JOÃO DUARTE GUIMARÃES,"PRAÇA DO LIMOEIRO, S/N - ZONA URBANA",LIMOEIRO,44097708,-12.3107078,-38.8978428,343,Com acessibilidade,2026-09-30 13:02:00,606381169063407105098624
UE2015 (Anterior),FEIRA DE SANTANA,157,313,1767186,ESCOLA MUNICIPAL DR. JOÃO DUARTE GUIMARÃES,"PRAÇA DO LIMOEIRO, S/N - ZONA URBANA",LIMOEIRO,44097708,-12.3107078,-38.8978428,344,Com acessibilidade,2026-09-30 13:12:00,394260067542285843263173
UE2015 (Anterior),FEIRA DE SANTANA,157,314,1781013,ESCOLA MUNICIPAL DR. JOÃO DUARTE GUIMARÃES,"PRAÇA DO LIMOEIRO, S/N - ZONA URBANA",LIMOEIRO,44097708,-12.3107078,-38.8978428,344,Com acessibilidade,2026-09-30 13:21:00,858806637888769598066645
UE2015 (Anterior),FEIRA DE SANTANA,157,315,1791485,ESCOLA MUNICIPAL DR. JOÃO DUARTE GUIMARÃES,"PRAÇA DO LIMOEIRO, S/N - ZONA URBANA",LIMOEIRO,44097708,-12.3107078,-38.8978428,342,Com acessibilidade,2026-09-30 13:30:00,707391599773637980717947
UE2015 (Anterior),FEIRA DE SANTANA,157,316,1771184,ESCOLA MUNICIPAL DR. JOÃO DUARTE GUIMARÃES,"PRAÇA DO LIMOEIRO, S/N - ZONA URBANA",LIMOEIRO,44097708,-12.3107078,-38.8978428,344,Com acessibilidade,2026-09-30 13:41:00,737694734876826957378423
UE2015 (Anterior),FEIRA DE SANTANA,157,317,1772453,ESCOLA MUNICIPAL DR. JOÃO DUARTE GUIMARÃES,"PRAÇA DO LIMOEIRO, S/N - ZONA URBANA",LIMOEIRO,44097708,-12.3107078,-38.8978428,343,Com acessibilidade,2026-09-30 13:51:00,454866560848630458628975
UE2015 (Anterior),FEIRA DE SANTANA,157,318,1760865,COLÉGIO ESTADUAL PADRE HENRIQUE ALVES BORGES,"RUA CÔNEGO OLÍMPIO, 1218 - ZONA RURAL",DISTRITO DE HUMILDES,44135000,-12.3548204,-38.8686715,390,Com acessibilidade,2026-09-30 14:01:00,101331320113942018244675
UE2015 (Anterior),FEIRA DE SANTANA,157,319,1757254,COLÉGIO ESTADUAL PADRE HENRIQUE ALVES BORGES,"RUA CÔNEGO OLÍMPIO, 1218 - ZONA RURAL",DISTRITO DE HUMILDES,44135000,-12.3548204,-38.8686715,392,Com acessibilidade,2026-09-30 14:11:00,788199115981719415439211
UE2015 (Anterior),FEIRA DE SANTANA,157,320,1753761,COLÉGIO ESTADUAL PADRE HENRIQUE ALVES BORGES,"RUA CÔNEGO OLÍMPIO, 1218 - ZONA RURAL",DISTRITO DE HUMILDES,44135000,-12.3548204,-38.8686715,398,Com acessibilidade,2026-09-30 14:21:00,727593133675747078850169
UE2015 (Anterior),FEIRA DE SANTANA,157,321,1764849,COLÉGIO ESTADUAL PADRE HENRIQUE ALVES BORGES,"RUA CÔNEGO OLÍMPIO, 1218 - ZONA RURAL",DISTRITO DE HUMILDES,44135000,-12.3548204,-38.8686715,392,Com acessibilidade,2026-09-30 14:31:00,91230615012205183366875
UE2015 (Anterior),FEIRA DE SANTANA,157,322,1769449,COLÉGIO ESTADUAL PADRE HENRIQUE ALVES BORGES,"RUA CÔNEGO OLÍMPIO, 1218 - ZONA RURAL",DISTRITO DE HUMILDES,44135000,-12.3548204,-38.8686715,397,Com acessibilidade,2026-09-30 14:41:00,677088302570876338265428
UE2015 (Anterior),FEIRA DE SANTANA,157,323,1765641,COLÉGIO ESTADUAL PADRE HENRIQUE ALVES BORGES,"RUA CÔNEGO OLÍMPIO, 1218 - ZONA RURAL",DISTRITO DE HUMILDES,44135000,-12.3548204,-38.8686715,391,Com acessibilidade,2026-09-30 14:50:00,353856099938577947399383
UE2015 (Anterior),FEIRA DE SANTANA,157,324,1847969,COLÉGIO ESTADUAL PADRE HENRIQUE ALVES BORGES,"RUA CÔNEGO OLÍMPIO, 1218 - ZONA RURAL",DISTRITO DE HUMILDES,44135000,-12.3548204,-38.8686715,386,Com acessibilidade,2026-09-30 15:00:00,101331959213984272629683
UE2015 (Anterior),FEIRA DE SANTANA,157,325,1768834,COLÉGIO ESTADUAL PADRE HENRIQUE ALVES BORGES,"RUA CÔNEGO OLÍMPIO, 1218 - ZONA RURAL",DISTRITO DE HUMILDES,44135000,-12.3548204,-38.8686715,397,Com acessibilidade,2026-09-30 15:10:00,959816911698923956422597
UE2015 (Anterior),FEIRA DE SANTANA,157,326,1752847,COLÉGIO ESTADUAL PADRE HENRIQUE ALVES BORGES,"RUA CÔNEGO OLÍMPIO, 1218 - ZONA RURAL",DISTRITO DE HUMILDES,44135000,-12.3548204,-38.8686715,399,Com acessibilidade,2026-09-30 15:20:00,697290766372756738170548
UE2015 (Anterior),FEIRA DE SANTANA,157,327,1782518,COLÉGIO ESTADUAL PADRE HENRIQUE ALVES BORGES,"RUA CÔNEGO OLÍMPIO, 1218 - ZONA RURAL",DISTRITO DE HUMILDES,44135000,-12.3548204,-38.8686715,399,Com acessibilidade,2026-09-30 15:29:00,374058551940068807823906
UE2015 (Anterior),FEIRA DE SANTANA,157,328,1766100,COLÉGIO ESTADUAL PADRE HENRIQUE ALVES BORGES,"RUA CÔNEGO OLÍMPIO, 1218 - ZONA RURAL",DISTRITO DE HUMILDES,44135000,-12.3548204,-38.8686715,395,Com acessibilidade,2026-09-30 15:40:00,505371793553742239108836
UE2015 (Anterior),FEIRA DE SANTANA,157,329,1765784,COLÉGIO ESTADUAL PADRE HENRIQUE ALVES BORGES,"RUA CÔNEGO OLÍMPIO, 1218 - ZONA RURAL",DISTRITO DE HUMILDES,44135000,-12.3548204,-38.8686715,380,Com acessibilidade,2026-09-30 15:49:00,990220394102867063392050
UE2015 (Anterior),FEIRA DE SANTANA,157,330,1769195,COLÉGIO ESTADUAL PADRE HENRIQUE ALVES BORGES,"RUA CÔNEGO OLÍMPIO, 1218 - ZONA RURAL",DISTRITO DE HUMILDES,44135000,-12.3548204,-38.8686715,395,Com acessibilidade,2026-09-30 15:59:00,232644717926191018142179
UE2015 (Anterior),FEIRA DE SANTANA,157,331,1769167,ESCOLA MUNICIPAL ARMANDO RAMOS MORAES,POVOADO GALHARDO - ZONA RURAL,DISTRITO DE GOVERNADOR JOÃO DURVAL CARNEIRO,44130000,-12.25552937,-39.0713034,342,Com acessibilidade,2026-09-30 16:08:00,495270089052048790367656
UE2015 (Anterior),FEIRA DE SANTANA,157,332,1764774,ESCOLA MUNICIPAL ARMANDO RAMOS MORAES,POVOADO GALHARDO - ZONA RURAL,DISTRITO DE GOVERNADOR JOÃO DURVAL CARNEIRO,44130000,-12.25552937,-39.0713034,342,Com acessibilidade,2026-09-30 16:19:00,707391409273413678797411
UE2015 (Anterior),FEIRA DE SANTANA,157,333,1767049,GRUPO ESCOLAR ANA BRANDOA,RUA DO SALVADOR S/N - ZONA URBANA,TOMBA,44063970,-12.2774462,-38.9561283,402,Com acessibilidade,2026-09-30 16:28:00,444765255647172956077022
UE2015 (Anterior),FEIRA DE SANTANA,157,334,1771538,GRUPO ESCOLAR ANA BRANDOA,RUA DO SALVADOR S/N - ZONA URBANA,TOMBA,44063970,-12.2774462,-38.9561283,402,Com acessibilidade,2026-09-30 08:33:00,586179504269203315206510
UE2015 (Anterior),FEIRA DE SANTANA,157,335,1758047,GRUPO ESCOLAR ANA BRANDOA,RUA DO SALVADOR S/N - ZONA URBANA,TOMBA,44063970,-12.2774462,-38.9561283,403,Com acessibilidade,2026-09-30 08:42:00,969917998807602883465557
UE2015 (Anterior),FEIRA DE SANTANA,157,336,1817144,GRUPO ESCOLAR ANA BRANDOA,RUA DO SALVADOR S/N - ZONA URBANA,TOMBA,44063970,-12.2774462,-38.9561283,401,Com acessibilidade,2026-09-30 08:51:00,798200930590450030266225
UE2015 (Anterior),FEIRA DE SANTANA,157,337,1825044,GRUPO ESCOLAR ANA BRANDOA,RUA DO SALVADOR S/N - ZONA URBANA,TOMBA,44063970,-12.2774462,-38.9561283,400,Com acessibilidade,2026-09-30 09:00:00,343755594645599995164326
UE2015 (Anterior),FEIRA DE SANTANA,157,338,1766218,GRUPO ESCOLAR ANA BRANDOA,RUA DO SALVADOR S/N - ZONA URBANA,TOMBA,44063970,-12.2774462,-38.9561283,402,Com acessibilidade,2026-09-30 09:10:00,20523387713360363960725
UE2015 (Anterior),FEIRA DE SANTANA,157,339,1762761,GRUPO ESCOLAR ANA BRANDOA,RUA DO SALVADOR S/N - ZONA URBANA,TOMBA,44063970,-12.2774462,-38.9561283,403,Com acessibilidade,2026-09-30 09:19:00,30624506914008992502647
UE2015 (Anterior),FEIRA DE SANTANA,157,340,1767292,GRUPO ESCOLAR ANA BRANDOA,RUA DO SALVADOR S/N - ZONA URBANA,TOMBA,44063970,-12.2774462,-38.9561283,400,Com acessibilidade,2026-09-30 09:28:00,394260945750386956738781
UE2015 (Anterior),FEIRA DE SANTANA,157,341,1765044,GRUPO ESCOLAR ANA BRANDOA,RUA DO SALVADOR S/N - ZONA URBANA,TOMBA,44063970,-12.2774462,-38.9561283,401,Com acessibilidade,2026-09-30 09:38:00,111432776022199556631556
UE2015 (Anterior),FEIRA DE SANTANA,157,342,1766821,GRUPO ESCOLAR ANA BRANDOA,RUA DO SALVADOR S/N - ZONA URBANA,TOMBA,44063970,-12.2774462,-38.9561283,398,Com acessibilidade,2026-09-30 09:47:00,626583392773723143680072
UE2015 (Anterior),FEIRA DE SANTANA,157,343,1772666,GRUPO ESCOLAR ANA BRANDOA,RUA DO SALVADOR S/N - ZONA URBANA,TOMBA,44063970,-12.2774462,-38.9561283,399,Com acessibilidade,2026-09-30 09:56:00,414462295652535398524768
UE2015 (Anterior),FEIRA DE SANTANA,157,344,1841078,GRUPO ESCOLAR ANA BRANDOA,RUA DO SALVADOR S/N - ZONA URBANA,TOMBA,44063970,-12.2774462,-38.9561283,405,Com acessibilidade,2026-09-30 10:05:00,343755330145025007097358
UE2015 (Anterior),FEIRA DE SANTANA,157,345,1773427,GRUPO ESCOLAR ANA BRANDOA,RUA DO SALVADOR S/N - ZONA URBANA,TOMBA,44063970,-12.2774462,-38.9561283,409,Com acessibilidade,2026-09-30 10:14:00,727593824783420151862905
UE2015 (Anterior),FEIRA DE SANTANA,157,346,1763010,ESCOLA MUNICIPAL GERALDO DIAS DE SOUZA,"LOTEAMENTO AGNELO COSTA, QUADRA 01, S/N - ZONA RURAL",DISTRITO DE HUMILDES,44135000,-12.3468126,-38.866682,395,Com acessibilidade,2026-09-30 10:24:00,687189893079479622541924
UE2015 (Anterior),FEIRA DE SANTANA,157,347,1795215,ESCOLA MUNICIPAL GERALDO DIAS DE SOUZA,"LOTEAMENTO AGNELO COSTA, QUADRA 01, S/N - ZONA RURAL",DISTRITO DE HUMILDES,44135000,-12.3468126,-38.866682,398,Com acessibilidade,2026-09-30 10:33:00,172038498928983295788320
UE2015 (Anterior),FEIRA DE SANTANA,157,348,1750942,ESCOLA MUNICIPAL GERALDO DIAS DE SOUZA,"LOTEAMENTO AGNELO COSTA, QUADRA 01, S/N - ZONA RURAL",DISTRITO DE HUMILDES,44135000,-12.3468126,-38.866682,398,Com acessibilidade,2026-09-30 10:42:00,606381039871438855570950
UE2015 (Anterior),FEIRA DE SANTANA,157,349,1765774,ESCOLA MUNICIPAL GERALDO DIAS DE SOUZA,"LOTEAMENTO AGNELO COSTA, QUADRA 01, S/N - ZONA RURAL",DISTRITO DE HUMILDES,44135000,-12.3468126,-38.866682,397,Com acessibilidade,2026-09-30 10:51:00,71028613818925647312985
UE2015 (Anterior),FEIRA DE SANTANA,157,350,1768721,ESCOLA MUNICIPAL GERALDO DIAS DE SOUZA,"LOTEAMENTO AGNELO COSTA, QUADRA 01, S/N - ZONA RURAL",DISTRITO DE HUMILDES,44135000,-12.3468126,-38.866682,395,Com acessibilidade,2026-09-30 11:01:00,40725668015556641596453
UE2015 (Anterior),FEIRA DE SANTANA,157,351,1757275,COLÉGIO ESTADUAL JOÃO BAPTISTA CARNEIRO,"BR 116 SUL, KM 07, S/N - ZONA RURAL",DISTRITO DE GOVERNADOR JOÃO DURVAL CARNEIRO,44130000,-12.29244491,-39.02235279,385,Com acessibilidade,2026-09-30 11:10:00,565977296867092820894366
UE2015 (Anterior),FEIRA DE SANTANA,157,352,1773999,COLÉGIO ESTADUAL JOÃO BAPTISTA CARNEIRO,"BR 116 SUL, KM 07, S/N - ZONA RURAL",DISTRITO DE GOVERNADOR JOÃO DURVAL CARNEIRO,44130000,-12.29244491,-39.02235279,385,Com acessibilidade,2026-09-30 11:19:00,767997608187926634341213
UE2015 (Anterior),FEIRA DE SANTANA,157,353,1766448,COLÉGIO ESTADUAL JOÃO BAPTISTA CARNEIRO,"BR 116 SUL, KM 07, S/N - ZONA RURAL",DISTRITO DE GOVERNADOR JOÃO DURVAL CARNEIRO,44130000,-12.29244491,-39.02235279,385,Com acessibilidade,2026-09-30 11:28:00,879008820998056501406700
UE2015 (Anterior),FEIRA DE SANTANA,157,354,1768900,ESCOLA NÚCLEO AGRÁRIO DE OLIVEIRA MELO,"PRAÇA DAS ALGAROBAS, 17 - ZONA RURAL",DISTRITO DE GOVERNADOR JOÃO DURVAL CARNEIRO,44130000,-12.3314032,-39.0597162,177,Com acessibilidade,2026-09-30 11:37:00,212442278032418295348608
UE2015 (Anterior),FEIRA DE SANTANA,157,356,1765799,ESCOLA NÚCLEO AGRÁRIO DE OLIVEIRA MELO,"PRAÇA DAS ALGAROBAS, 17 - ZONA RURAL",DISTRITO DE GOVERNADOR JOÃO DURVAL CARNEIRO,44130000,-12.3314032,-39.0597162,173,Com acessibilidade,2026-09-30 11:47:00,464967744457754616047713
UE2015 (Anterior),FEIRA DE SANTANA,157,358,1765539,ESCOLA NÚCLEO AGRÁRIO DE OLIVEIRA MELO,"PRAÇA DAS ALGAROBAS, 17 - ZONA RURAL",DISTRITO DE GOVERNADOR JOÃO DURVAL CARNEIRO,44130000,-12.3314032,-39.0597162,179,Com acessibilidade,2026-09-30 11:56:00,848705340295156896530163
UE2015 (Anterior),FEIRA DE SANTANA,157,360,1765423,COLÉGIO ESTADUAL EDIVALDO MACHADO BOAVENTURA,"RUA DO CAJUEIRO, 537 - ZONA RURAL",DISTRITO DE GOVERNADOR JOÃO DURVAL CARNEIRO,44130000,-12.33241609,-39.05965565,249,Com acessibilidade,2026-09-30 12:18:00,565977250267767149905013
UE2015 (Anterior),FEIRA DE SANTANA,157,361,1764851,COLÉGIO ESTADUAL EDIVALDO MACHADO BOAVENTURA,"RUA DO CAJUEIRO, 537 - ZONA RURAL",DISTRITO DE GOVERNADOR JOÃO DURVAL CARNEIRO,44130000,-12.33241609,-39.05965565,249,Com acessibilidade,2026-09-30 12:27:00,838604636394053736140099
UE2015 (Anterior),FEIRA DE SANTANA,157,362,1764353,COLÉGIO ESTADUAL EDIVALDO MACHADO BOAVENTURA,"RUA DO CAJUEIRO, 537 - ZONA RURAL",DISTRITO DE GOVERNADOR JOÃO DURVAL CARNEIRO,44130000,-12.33241609,-39.05965565,249,Com acessibilidade,2026-09-30 12:36:00,30624946614272591266405
UE2015 (Anterior),FEIRA DE SANTANA,157,363,1764292,COLÉGIO ESTADUAL EDIVALDO MACHADO BOAVENTURA,"RUA DO CAJUEIRO, 537 - ZONA RURAL",DISTRITO DE GOVERNADOR JOÃO DURVAL CARNEIRO,44130000,-12.33241609,-39.05965565,249,Com acessibilidade,2026-09-30 12:45:00,10422039212275486587682
UE2015 (Anterior),FEIRA DE SANTANA,157,364,1765391,COLÉGIO ESTADUAL EDIVALDO MACHADO BOAVENTURA,"RUA DO CAJUEIRO, 537 - ZONA RURAL",DISTRITO DE GOVERNADOR JOÃO DURVAL CARNEIRO,44130000,-12.33241609,-39.05965565,249,Com acessibilidade,2026-09-30 12:55:00,939614069104285218227953
UE2015 (Anterior),FEIRA DE SANTANA,157,365,1769491,COLÉGIO ESTADUAL EDIVALDO MACHADO BOAVENTURA,"RUA DO CAJUEIRO, 537 - ZONA RURAL",DISTRITO DE GOVERNADOR JOÃO DURVAL CARNEIRO,44130000,-12.33241609,-39.05965565,248,Com acessibilidade,2026-09-30 13:04:00,889109122999823345580991
UE2015 (Anterior),FEIRA DE SANTANA,157,366,1767948,COLÉGIO ESTADUAL EDIVALDO MACHADO BOAVENTURA,"RUA DO CAJUEIRO, 537 - ZONA RURAL",DISTRITO DE GOVERNADOR JOÃO DURVAL CARNEIRO,44130000,-12.33241609,-39.05965565,249,Com acessibilidade,2026-09-30 13:28:00,626583972873029752633051
UE2015 (Anterior),FEIRA DE SANTANA,157,367,1766070,ESCOLA MUNICIPAL MARIA DA GLÓRIA CARVALHO,"TRAVESSA POLITEAMA, S/N - ZONA URBANA",35 BI,44094396,-12.279335,-38.9332746,420,Com acessibilidade,2026-09-30 13:37:00,586179041369003682847115
UE2015 (Anterior),FEIRA DE SANTANA,157,368,1764492,COLÉGIO ESTADUAL GEORGINA SOARES NASCIMENTO,"RUA DO SALVADOR, S/N - ZONA URBANA",TOMBA,44090056,-12.2914885,-38.9449659,412,Com acessibilidade,2026-09-30 13:47:00,616482186672125037900306
UE2015 (Anterior),FEIRA DE SANTANA,157,369,1765628,ESCOLA MUNICIPAL PROF. ANTÔNIO ALVES LOPES,"PRAÇA PRINCIPAL, S/N - ZONA URBANA",VIVEIROS,44013000,-12.28502328,-38.98590814,357,Com acessibilidade,2026-09-30 13:56:00,747795427985272539278220
UE2015 (Anterior),FEIRA DE SANTANA,157,370,1777316,COLÉGIO ESTADUAL GEORGINA SOARES NASCIMENTO,"RUA DO SALVADOR, S/N - ZONA URBANA",TOMBA,44090056,-12.2914885,-38.9449659,419,Com acessibilidade,2026-09-30 14:05:00,242745000835362903612766
UE2015 (Anterior),FEIRA DE SANTANA,157,371,1754122,ESCOLA DE 1º GRAU DR GAMALIEL,"RUA DONA ADALGISA SANTOS BORGES, 500 - ZONA URBANA",TOMBA,44064120,-12.2988487,-38.9496412,420,Com acessibilidade,2026-09-30 14:14:00,404361273651546606640803
UE2015 (Anterior),FEIRA DE SANTANA,157,372,1765964,CENTRO MUNICIPAL DE EDUCAÇÃO INFANTIL ANTONIO CARLOS MACHADO,"AV DOIS, SN, CONJUNTO FEIRA 07 - ZONA URBANA",TOMBA,44091480,-12.2979548,-38.9464389,402,Com acessibilidade,2026-09-30 14:24:00,151836134926388510522576
UE2015 (Anterior),FEIRA DE SANTANA,157,373,1765080,ESCOLA MUNICIPAL PROFª JOSENITA NERY BOAVENTURA,"RUA ANGELO ALVES FERNANDES, N 25, CONJ. PAULO SOUTO - ZONA URBANA",AVIÁRIO,44096012,-12.2887541,-38.930498,346,Com acessibilidade,2026-09-30 14:33:00,485169570559732929351523
UE2015 (Anterior),FEIRA DE SANTANA,157,374,1765259,COLÉGIO ESTADUAL GEORGINA SOARES NASCIMENTO,"RUA DO SALVADOR, S/N - ZONA URBANA",TOMBA,44090056,-12.2914885,-38.9449659,420,Com acessibilidade,2026-09-30 14:42:00,151836353426426386107027
UE2015 (Anterior),FEIRA DE SANTANA,157,375,1764213,ESCOLA MUNICIPAL GERALDO DIAS DE SOUZA,"LOTEAMENTO AGNELO COSTA, QUADRA 01, S/N - ZONA RURAL",DISTRITO DE HUMILDES,44135000,-12.3468126,-38.866682,394,Com acessibilidade,2026-09-30 14:52:00,838604149594192416857626
UE2015 (Anterior),FEIRA DE SANTANA,157,376,1780149,COLÉGIO ESTADUAL GEORGINA SOARES NASCIMENTO,"RUA DO SALVADOR, S/N - ZONA URBANA",TOMBA,44090056,-12.2914885,-38.9449659,416,Com acessibilidade,2026-09-30 15:01:00,697290114780640200510494
UE2015 (Anterior),FEIRA DE SANTANA,157,377,1765413,COLÉGIO ESTADUAL GEORGINA SOARES NASCIMENTO,"RUA DO SALVADOR, S/N - ZONA URBANA",TOMBA,44090056,-12.2914885,-38.9449659,417,Com acessibilidade,2026-09-30 15:10:00,454866988056420034583246
UE2015 (Anterior),FEIRA DE SANTANA,157,378,1791547,ESCOLA DE 1º GRAU DR GAMALIEL,"RUA DONA ADALGISA SANTOS BORGES, 500 - ZONA URBANA",TOMBA,44064120,-12.2988487,-38.9496412,424,Com acessibilidade,2026-09-30 15:19:00,111432751922717009662695
UE2015 (Anterior),FEIRA DE SANTANA,157,379,1800383,ESCOLA MUNICIPAL PROF. ANTÔNIO ALVES LOPES,"PRAÇA PRINCIPAL, S/N - ZONA URBANA",VIVEIROS,44013000,-12.28502328,-38.98590814,361,Com acessibilidade,2026-09-30 15:28:00,697290447080317344313797
UE2015 (Anterior),FEIRA DE SANTANA,157,380,1788205,CENTRO MUNICIPAL DE EDUCAÇÃO INFANTIL ANTONIO CARLOS MACHADO,"AV DOIS, SN, CONJUNTO FEIRA 07 - ZONA URBANA",TOMBA,44091480,-12.2979548,-38.9464389,385,Com acessibilidade,2026-09-30 15:38:00,374058201448081940282036
UE2015 (Anterior),FEIRA DE SANTANA,157,381,1841303,ESCOLA MUNICIPAL MARIA DA GLÓRIA CARVALHO,"TRAVESSA POLITEAMA, S/N - ZONA URBANA",35 BI,44094396,-12.279335,-38.9332746,425,Com acessibilidade,2026-09-30 15:47:00,222543168833955250837153
UE2015 (Anterior),FEIRA DE SANTANA,157,382,1765055,ESCOLA DE 1º GRAU DR GAMALIEL,"RUA DONA ADALGISA SANTOS BORGES, 500 - ZONA URBANA",TOMBA,44064120,-12.2988487,-38.9496412,418,Com acessibilidade,2026-09-30 15:56:00,252846309436009024522560
UE2015 (Anterior),FEIRA DE SANTANA,157,383,1761557,ESCOLA MUNICIPAL GENTE MIÚDA ( ANEXO DO COLEGIO GEORGINA MELO ERISMANN,"RUA SENADOR QUINTINO, 523 - BAIRRO OLHOS D'ÁGUA, FEIRA DE SANTANA",OLHOS D'ÁGUA,44007270,-12.2669183,-38.9686691,345,Com acessibilidade,2026-09-30 16:05:00,889109047499228249858268
UE2015 (Anterior),FEIRA DE SANTANA,157,384,1768672,CENTRO MUNICIPAL DE EDUCAÇÃO INFANTIL ANTONIO CARLOS MACHADO,"AV DOIS, SN, CONJUNTO FEIRA 07 - ZONA URBANA",TOMBA,44091480,-12.2979548,-38.9464389,408,Com acessibilidade,2026-09-30 16:15:00,555876828866988543827754
UE2015 (Anterior),FEIRA DE SANTANA,157,385,1775894,ESCOLA MUNICIPAL GERALDO DIAS DE SOUZA,"LOTEAMENTO AGNELO COSTA, QUADRA 01, S/N - ZONA RURAL",DISTRITO DE HUMILDES,44135000,-12.3468126,-38.866682,396,Com acessibilidade,2026-09-30 16:24:00,321387111459703030730
UE2015 (Anterior),FEIRA DE SANTANA,157,386,1765390,CENTRO MUNICIPAL DE EDUCAÇÃO INFANTIL ANTONIO CARLOS MACHADO,"AV DOIS, SN, CONJUNTO FEIRA 07 - ZONA URBANA",TOMBA,44091480,-12.2979548,-38.9464389,404,Com acessibilidade,2026-09-30 16:33:00,131634620224609660064222
UE2015 (Anterior),FEIRA DE SANTANA,157,387,1769354,ESCOLA MUNICIPAL GERALDO DIAS DE SOUZA,"LOTEAMENTO AGNELO COSTA, QUADRA 01, S/N - ZONA RURAL",DISTRITO DE HUMILDES,44135000,-12.3468126,-38.866682,394,Com acessibilidade,2026-09-30 08:34:00,50826652224748251935665
UE2015 (Anterior),FEIRA DE SANTANA,157,388,1769103,CENTRO MUNICIPAL DE EDUCAÇÃO INFANTIL ANTONIO CARLOS MACHADO,"AV DOIS, SN, CONJUNTO FEIRA 07 - ZONA URBANA",TOMBA,44091480,-12.2979548,-38.9464389,395,Com acessibilidade,2026-09-30 08:43:00,858806562404567450326970
UE2015 (Anterior),FEIRA DE SANTANA,157,389,1762081,CENTRO MUNICIPAL DE EDUCAÇÃO INFANTIL ANTONIO CARLOS MACHADO,"AV DOIS, SN, CONJUNTO FEIRA 07 - ZONA URBANA",TOMBA,44091480,-12.2979548,-38.9464389,391,Com acessibilidade,2026-09-30 08:53:00,990220813818794356173408
UE2015 (Anterior),FEIRA DE SANTANA,157,390,1764760,ESCOLA MUNICIPAL GENTE MIÚDA ( ANEXO DO COLEGIO GEORGINA MELO ERISMANN,"RUA SENADOR QUINTINO, 523 - BAIRRO OLHOS D'ÁGUA, FEIRA DE SANTANA",OLHOS D'ÁGUA,44007270,-12.2669183,-38.9686691,356,Com acessibilidade,2026-09-30 09:01:00,252846150044570283190246
UE2015 (Anterior),FEIRA DE SANTANA,157,391,1754346,ESCOLA MUNICIPAL GERALDO DIAS DE SOUZA,"LOTEAMENTO AGNELO COSTA, QUADRA 01, S/N - ZONA RURAL",DISTRITO DE HUMILDES,44135000,-12.3468126,-38.866682,390,Com acessibilidade,2026-09-30 09:11:00,879008885506284563360603
UE2015 (Anterior),FEIRA DE SANTANA,157,392,1767200,ESCOLA MUNICIPAL MARIA DA GLÓRIA CARVALHO,"TRAVESSA POLITEAMA, S/N - ZONA URBANA",35 BI,44094396,-12.279335,-38.9332746,419,Com acessibilidade,2026-09-30 09:20:00,818402938200248288507107
UE2015 (Anterior),FEIRA DE SANTANA,157,393,1767042,CENTRO MUNICIPAL DE EDUCAÇÃO INFANTIL ANTONIO CARLOS MACHADO,"AV DOIS, SN, CONJUNTO FEIRA 07 - ZONA URBANA",TOMBA,44091480,-12.2979548,-38.9464389,399,Com acessibilidade,2026-09-30 09:29:00,858806083404914392218957
UE2015 (Anterior),FEIRA DE SANTANA,157,394,1765277,ESCOLA MUNICIPAL PROF. ANTÔNIO ALVES LOPES,"PRAÇA PRINCIPAL, S/N - ZONA URBANA",VIVEIROS,44013000,-12.28502328,-38.98590814,356,Com acessibilidade,2026-09-30 09:38:00,555876897874635155939844
UE2015 (Anterior),FEIRA DE SANTANA,157,395,1752783,CENTRO MUNICIPAL DE EDUCAÇÃO INFANTIL ANTONIO CARLOS MACHADO,"AV DOIS, SN, CONJUNTO FEIRA 07 - ZONA URBANA",TOMBA,44091480,-12.2979548,-38.9464389,391,Com acessibilidade,2026-09-30 09:47:00,939614388812034681095685
UE2015 (Anterior),FEIRA DE SANTANA,157,396,1765696,CENTRO MUNICIPAL DE EDUCAÇÃO INFANTIL ANTONIO CARLOS MACHADO,"AV DOIS, SN, CONJUNTO FEIRA 07 - ZONA URBANA",TOMBA,44091480,-12.2979548,-38.9464389,401,Com acessibilidade,2026-09-30 09:56:00,313452879550435569960273
UE2015 (Anterior),FEIRA DE SANTANA,157,397,1776479,CENTRO MUNICIPAL DE EDUCAÇÃO INFANTIL ANTONIO CARLOS MACHADO,"AV DOIS, SN, CONJUNTO FEIRA 07 - ZONA URBANA",TOMBA,44091480,-12.2979548,-38.9464389,394,Com acessibilidade,2026-09-30 10:05:00,394260061458071567330117
UE2015 (Anterior),FEIRA DE SANTANA,157,398,1790419,ESCOLA MUNICIPAL GENTE MIÚDA ( ANEXO DO COLEGIO GEORGINA MELO ERISMANN,"RUA SENADOR QUINTINO, 523 - BAIRRO OLHOS D'ÁGUA, FEIRA DE SANTANA",OLHOS D'ÁGUA,44007270,-12.2669183,-38.9686691,331,Com acessibilidade,2026-09-30 10:14:00,970018757416679798135498
UE2015 (Anterior),FEIRA DE SANTANA,157,399,1767457,ESCOLA MUNICIPAL PROFª JOSENITA NERY BOAVENTURA,"RUA ANGELO ALVES FERNANDES, N 25, CONJ. PAULO SOUTO - ZONA URBANA",AVIÁRIO,44096012,-12.2887541,-38.930498,350,Com acessibilidade,2026-09-30 10:24:00,879008762006661502159534
UE2015 (Anterior),FEIRA DE SANTANA,157,400,1766108,ESCOLA MUNICIPAL PROFESSORA MARIA HELENA QUEIROZ,"RUA SALMO 25, SN, CONJUNTO FRATERNIDADE - ZONA URBANA",TOMBA,44092604,-12.3077276,-38.9533749,419,Com acessibilidade,2026-09-30 10:33:00,838604194002649356181559
UE2015 (Anterior),FEIRA DE SANTANA,157,401,1760327,ESCOLA MUNICIPAL GENTE MIÚDA ( ANEXO DO COLEGIO GEORGINA MELO ERISMANN,"RUA SENADOR QUINTINO, 523 - BAIRRO OLHOS D'ÁGUA, FEIRA DE SANTANA",OLHOS D'ÁGUA,44007270,-12.2669183,-38.9686691,347,Com acessibilidade,2026-09-30 10:42:00,555876028574388892950579
UE2015 (Anterior),FEIRA DE SANTANA,157,402,1766855,ESCOLA MUNICIPAL PROFESSORA MARIA HELENA QUEIROZ,"RUA SALMO 25, SN, CONJUNTO FRATERNIDADE - ZONA URBANA",TOMBA,44092604,-12.3077276,-38.9533749,421,Com acessibilidade,2026-09-30 10:51:00,970018553116828685402820
UE2015 (Anterior),FEIRA DE SANTANA,157,403,1767423,ESCOLA MUNICIPAL PROF. ANTÔNIO ALVES LOPES,"PRAÇA PRINCIPAL, S/N - ZONA URBANA",VIVEIROS,44013000,-12.28502328,-38.98590814,367,Com acessibilidade,2026-09-30 11:02:00,444765130863020866430013
UE2015 (Anterior),FEIRA DE SANTANA,157,404,1768143,ESCOLA MUNICIPAL PROFESSORA MARIA HELENA QUEIROZ,"RUA SALMO 25, SN, CONJUNTO FRATERNIDADE - ZONA URBANA",TOMBA,44092604,-12.3077276,-38.9533749,409,Com acessibilidade,2026-09-30 11:11:00,969917767015560786910120
UE2015 (Anterior),FEIRA DE SANTANA,157,405,1753165,ESCOLA MUNICIPAL GENTE MIÚDA ( ANEXO DO COLEGIO GEORGINA MELO ERISMANN,"RUA SENADOR QUINTINO, 523 - BAIRRO OLHOS D'ÁGUA, FEIRA DE SANTANA",OLHOS D'ÁGUA,44007270,-12.2669183,-38.9686691,342,Com acessibilidade,2026-09-30 11:21:00,828503734001515841147936
UE2015 (Anterior),FEIRA DE SANTANA,157,406,1755374,ESCOLA MUNICIPAL PROFESSORA MARIA HELENA QUEIROZ,"RUA SALMO 25, SN, CONJUNTO FRATERNIDADE - ZONA URBANA",TOMBA,44092604,-12.3077276,-38.9533749,417,Com acessibilidade,2026-09-30 11:30:00,717492736390423978310826
UE2015 (Anterior),FEIRA DE SANTANA,157,407,1767667,ESCOLA MUNICIPAL PROFª JOSENITA NERY BOAVENTURA,"RUA ANGELO ALVES FERNANDES, N 25, CONJ. PAULO SOUTO - ZONA URBANA",AVIÁRIO,44096012,-12.2887541,-38.930498,332,Com acessibilidade,2026-09-30 11:39:00,313452448950655611267276
UE2015 (Anterior),FEIRA DE SANTANA,157,408,1826308,ESCOLA MUNICIPAL PROFESSORA MARIA HELENA QUEIROZ,"RUA SALMO 25, SN, CONJUNTO FRATERNIDADE - ZONA URBANA",TOMBA,44092604,-12.3077276,-38.9533749,420,Com acessibilidade,2026-09-30 11:48:00,596280839378954795170371
UE2015 (Anterior),FEIRA DE SANTANA,157,410,1759910,COLÉGIO ESTADUAL JOÃO BARBOSA DE CARVALHO,"RUA FARMACEUTICO JOSÉ ALVES, 484 (TANQUE DA NAÇÃO ) - ZONA URBANA",CENTRO,44002844,-12.25661663,-38.96997321,181,Com acessibilidade,2026-09-30 11:58:00,222543659041671666063284
UE2015 (Anterior),FEIRA DE SANTANA,157,411,1755985,ESCOLA MUNICIPAL PROFESSORA MARIA HELENA QUEIROZ,"RUA SALMO 25, SN, CONJUNTO FRATERNIDADE - ZONA URBANA",TOMBA,44092604,-12.3077276,-38.9533749,417,Com acessibilidade,2026-09-30 12:07:00,889109424207922466969842
UE2015 (Anterior),FEIRA DE SANTANA,157,800,1769601,PRISIONAL - CONJUNTO PENAL DE FEIRA DE SANTANA,"RUA SENADOR QUINTINO, S/N - ZONA URBANA",AVIÁRIO,44095320,-12.2918834,-38.9287438,0,Sem acessibilidade,2026-09-30 12:16:00,737694452992799439974999
UE2015 (Anterior),FEIRA DE SANTANA,157,842,1765237,COLÉGIO ESTADUAL LÁZARO DOS SANTOS FERREIRA,"ESTRADA DA CABRITA, S/N, CONJUNTO VIVEIROS - ZONA URBANA",VIVEIROS,44013460,-12.28486287,-38.98952996,419,Com acessibilidade,2026-09-30 12:25:00,464967682565544022180585
UE2015 (Anterior),FEIRA DE SANTANA,157,843,1839806,ESCOLA MUNICIPAL PROFESSORA MARIA HELENA QUEIROZ,"RUA SALMO 25, SN, CONJUNTO FRATERNIDADE - ZONA URBANA",TOMBA,44092604,-12.3077276,-38.9533749,419,Com acessibilidade,2026-09-30 12:34:00,10422349020112119426333
UE2015 (Anterior),FEIRA DE SANTANA,157,844,1765211,ESCOLA MUNICIPAL ANTONIO ANTUNES DOS SANTOS,"ESTRADA GENIPAPO, S/N - ZONA RURAL",TERRA DURA,44135000,-12.3247816,-38.9215826,361,Sem acessibilidade,2026-09-30 12:44:00,515472955470705072070377
UE2015 (Anterior),FEIRA DE SANTANA,157,845,1750404,ESCOLA MUNICIPAL ANTONIO ANTUNES DOS SANTOS,"ESTRADA GENIPAPO, S/N - ZONA RURAL",TERRA DURA,44135000,-12.3247816,-38.9215826,336,Sem acessibilidade,2026-09-30 12:54:00,111432668830392044329721
UE2015 (Anterior),FEIRA DE SANTANA,157,846,1766802,COLÉGIO ESTADUAL LÁZARO DOS SANTOS FERREIRA,"ESTRADA DA CABRITA, S/N, CONJUNTO VIVEIROS - ZONA URBANA",VIVEIROS,44013460,-12.28486287,-38.98952996,422,Sem acessibilidade,2026-09-30 13:04:00,394260059158338202592299
UE2015 (Anterior),FEIRA DE SANTANA,157,847,1783591,ESCOLA MUNICIPAL PROFª JOSENITA NERY BOAVENTURA,"RUA ANGELO ALVES FERNANDES, N 25, CONJ. PAULO SOUTO - ZONA URBANA",AVIÁRIO,44096012,-12.2887541,-38.930498,310,Sem acessibilidade,2026-09-30 13:14:00,394260165558429074441803
UE2015 (Anterior),FEIRA DE SANTANA,157,848,1767398,COLEGIO ESTADUAL DE TEMPO INTEGRAL DE FEIRA DE SANTANA,"RUA OLNEY ALBERTO SÃO PAULO, N 3031 - ZONA URBANA",AVIÁRIO,44095400,-12.2967353,-38.9232255,401,Sem acessibilidade,2026-09-30 13:23:00,576078453676621252147435
UE2015 (Anterior),FEIRA DE SANTANA,157,850,1842686,ESCOLA MUNICIPAL PROF. JOSÉ RAIMUNDO DE AZEVEDO - CAIC,"AV. DOIS, S/N  - ZONA URBANA",FEIRA VII,44091620,-12.2986822,-38.9464724,289,Sem acessibilidade,2026-09-30 13:32:00,363957434755437704783841
UE2015 (Anterior),FEIRA DE SANTANA,157,851,1765377,PRÉ-ESCOLA MUNICIPAL JOSÉ MARTINS RIOS,"AVENIDA DO CANAL, S/N - ZONA URBANA",RUA NOVA,44017290,-12.2503619,-38.9726546,87,Sem acessibilidade,2026-09-30 13:42:00,980119162817149564465894
UE2015 (Anterior),FEIRA DE SANTANA,157,852,1765017,ESCOLA ESTADUAL CAROLINA MARIA DE JESUS,"RUA SALMO 39, S/N - ZONA URBANA",FRATERNIDADE,44092636,-12.3053274,-38.9534097,312,Sem acessibilidade,2026-09-30 13:52:00,970018264016225484125040
UE2015 (Anterior),FEIRA DE SANTANA,157,853,1769349,COLÉGIO ESTADUAL LÁZARO DOS SANTOS FERREIRA,"ESTRADA DA CABRITA, S/N, CONJUNTO VIVEIROS - ZONA URBANA",VIVEIROS,44013460,-12.28486287,-38.98952996,56,Sem acessibilidade,2026-09-30 14:02:00,606381001179514782916876
UE2015 (Anterior),FEIRA DE SANTANA,157,854,1768455,COLEGIO ESTADUAL DE TEMPO INTEGRAL DE FEIRA DE SANTANA,"RUA OLNEY ALBERTO SÃO PAULO, N 3031 - ZONA URBANA",AVIÁRIO,44095400,-12.2967353,-38.9232255,112,Sem acessibilidade,2026-09-30 14:11:00,495270007368422517085565
UE2015 (Anterior),FEIRA DE SANTANA,157,855,1776188,COLÉGIO ESTADUAL DE TEMPO INTEGRAL GEORGINA DE MELO ERISMANN,"AVENIDA SENADOR QUINTINO, N 457, ZONA URBANA",OLHOS D'ÁGUA,44003615,-12.2649252,-38.9636921,255,Sem acessibilidade,2026-09-30 14:22:00,414462039760500016165358
UE2015 (Anterior),GANDU,151,1,1781928,COLÉGIO ESTADUAL POLIVALENTE,"PRAÇA ELISEU LEAL, S/N - ZONA URBANA",ALMIR RAMOS CARNEIRO,45450000,-13.74108481,-39.48598252,249,Com acessibilidade,2026-09-30 08:25:00,272482383931945756139816
UE2015 (Anterior),GANDU,151,2,1794909,COLÉGIO ESTADUAL POLIVALENTE,"PRAÇA ELISEU LEAL, S/N - ZONA URBANA",ALMIR RAMOS CARNEIRO,45450000,-13.74108481,-39.48598252,247,Com acessibilidade,2026-09-30 08:35:00,221977445926986526825396
UE2015 (Anterior),GANDU,151,3,1767871,COLÉGIO ESTADUAL POLIVALENTE,"PRAÇA ELISEU LEAL, S/N - ZONA URBANA",ALMIR RAMOS CARNEIRO,45450000,-13.74108481,-39.48598252,249,Com acessibilidade,2026-09-30 08:43:00,959250282499662131539275
UE2015 (Anterior),GANDU,151,4,1837080,COLÉGIO ESTADUAL POLIVALENTE,"PRAÇA ELISEU LEAL, S/N - ZONA URBANA",ALMIR RAMOS CARNEIRO,45450000,-13.74108481,-39.48598252,248,Com acessibilidade,2026-09-30 08:52:00,120967566116852012976187
UE2015 (Anterior),GANDU,151,5,1767858,COLÉGIO ESTADUAL POLIVALENTE,"PRAÇA ELISEU LEAL, S/N - ZONA URBANA",ALMIR RAMOS CARNEIRO,45450000,-13.74108481,-39.48598252,250,Com acessibilidade,2026-09-30 09:00:00,40159597408299854654035
UE2015 (Anterior),GANDU,151,6,1754996,COLÉGIO ESTADUAL POLIVALENTE,"PRAÇA ELISEU LEAL, S/N - ZONA URBANA",ALMIR RAMOS CARNEIRO,45450000,-13.74108481,-39.48598252,248,Com acessibilidade,2026-09-30 09:09:00,141169807918029188719834
UE2015 (Anterior),GANDU,151,7,1775850,COLÉGIO ESTADUAL POLIVALENTE,"PRAÇA ELISEU LEAL, S/N - ZONA URBANA",ALMIR RAMOS CARNEIRO,45450000,-13.74108481,-39.48598252,247,Com acessibilidade,2026-09-30 09:18:00,413896183245313861207912
UE2015 (Anterior),GANDU,151,8,1837255,COLÉGIO ESTADUAL POLIVALENTE,"PRAÇA ELISEU LEAL, S/N - ZONA URBANA",ALMIR RAMOS CARNEIRO,45450000,-13.74108481,-39.48598252,249,Com acessibilidade,2026-09-30 09:26:00,959250837099806883236090
UE2015 (Anterior),GANDU,151,9,1814162,COLÉGIO ESTADUAL POLIVALENTE,"PRAÇA ELISEU LEAL, S/N - ZONA URBANA",ALMIR RAMOS CARNEIRO,45450000,-13.74108481,-39.48598252,246,Com acessibilidade,2026-09-30 09:35:00,30058020607909667290427
UE2015 (Anterior),GANDU,151,10,1766384,COLÉGIO ESTADUAL POLIVALENTE,"PRAÇA ELISEU LEAL, S/N - ZONA URBANA",ALMIR RAMOS CARNEIRO,45450000,-13.74108481,-39.48598252,249,Com acessibilidade,2026-09-30 09:44:00,575412648061464524006155
UE2015 (Anterior),GANDU,151,11,1811444,ESCOLA WILSON LINS,"RUA BAHIA, S/N - ZONA URBANA",LIBERDADE,45450000,-13.74180457,-39.4874558,259,Com acessibilidade,2026-09-30 09:53:00,60361249910976176501261
UE2015 (Anterior),GANDU,151,12,1773954,ESCOLA WILSON LINS,"RUA BAHIA, S/N - ZONA URBANA",LIBERDADE,45450000,-13.74180457,-39.4874558,261,Com acessibilidade,2026-09-30 10:01:00,272482564331671783159031
UE2015 (Anterior),GANDU,151,13,1775177,ESCOLA WILSON LINS,"RUA BAHIA, S/N - ZONA URBANA",LIBERDADE,45450000,-13.74180457,-39.4874558,259,Com acessibilidade,2026-09-30 10:10:00,9755402704425727608076
UE2015 (Anterior),GANDU,151,14,1763415,GRUPO ESCOLAR NAVARRO DE BRITO,"RUA HEITOR GUEDES DE MELO, S/N - ZONA URBANA",CENTRO,45450000,-13.74180738,-39.48603683,210,Com acessibilidade,2026-09-30 10:18:00,585513099362560905066027
UE2015 (Anterior),GANDU,151,15,1759620,GRUPO ESCOLAR NAVARRO DE BRITO,"RUA HEITOR GUEDES DE MELO, S/N - ZONA URBANA",CENTRO,45450000,-13.74180738,-39.48603683,213,Com acessibilidade,2026-09-30 10:27:00,514806130955511204243494
UE2015 (Anterior),GANDU,151,16,1769708,ESCOLA AMÁLIA MAGALHÃES,"RUA ALBÉRICO MANOEL DE ASSUNÇÃO, S/N - ZONA URBANA",JARDIM GANDU,45450000,-13.75144864,-39.4876142,362,Com acessibilidade,2026-09-30 10:37:00,110866843715207209130562
UE2015 (Anterior),GANDU,151,17,1767025,ESCOLA AMÁLIA MAGALHÃES,"RUA ALBÉRICO MANOEL DE ASSUNÇÃO, S/N - ZONA URBANA",JARDIM GANDU,45450000,-13.75144864,-39.4876142,365,Com acessibilidade,2026-09-30 10:45:00,494604330353537553498192
UE2015 (Anterior),GANDU,151,18,1839965,ESCOLA AMÁLIA MAGALHÃES,"RUA ALBÉRICO MANOEL DE ASSUNÇÃO, S/N - ZONA URBANA",JARDIM GANDU,45450000,-13.75144864,-39.4876142,364,Com acessibilidade,2026-09-30 10:55:00,969351914900096385279790
UE2015 (Anterior),GANDU,151,19,1793537,ESCOLA AMÁLIA MAGALHÃES,"RUA ALBÉRICO MANOEL DE ASSUNÇÃO, S/N - ZONA URBANA",JARDIM GANDU,45450000,-13.75144864,-39.4876142,365,Com acessibilidade,2026-09-30 11:04:00,29957081706740443089424
UE2015 (Anterior),GANDU,151,20,1752804,COLÉGIO ESTADUAL POLIVALENTE,"PRAÇA ELISEU LEAL, S/N - ZONA URBANA",ALMIR RAMOS CARNEIRO,45450000,-13.74108481,-39.48598252,251,Com acessibilidade,2026-09-30 11:12:00,141169283718810235537729
UE2015 (Anterior),GANDU,151,21,1750798,COLÉGIO ESTADUAL POLIVALENTE,"PRAÇA ELISEU LEAL, S/N - ZONA URBANA",ALMIR RAMOS CARNEIRO,45450000,-13.74108481,-39.48598252,246,Com acessibilidade,2026-09-30 08:25:00,595614849270263437057552
UE2015 (Anterior),GANDU,151,22,1772812,PRÉDIO ESCOLAR ARGENTINA CASTELO BRANCO,"PRAÇA ULISSES MONTEIRO DA COSTA, 410 - ZONA URBANA",CENTRO,45450000,-13.74457368,-39.49029119,320,Com acessibilidade,2026-09-30 08:35:00,595614959770352208510817
UE2015 (Anterior),GANDU,151,23,1806239,PRÉDIO ESCOLAR ARGENTINA CASTELO BRANCO,"PRAÇA ULISSES MONTEIRO DA COSTA, 410 - ZONA URBANA",CENTRO,45450000,-13.74457368,-39.49029119,323,Com acessibilidade,2026-09-30 08:46:00,464301939357384653809942
UE2015 (Anterior),GANDU,151,24,1764043,PRÉDIO ESCOLAR ARGENTINA CASTELO BRANCO,"PRAÇA ULISSES MONTEIRO DA COSTA, 410 - ZONA URBANA",CENTRO,45450000,-13.74457368,-39.49029119,326,Com acessibilidade,2026-09-30 08:55:00,989553562909927460842033
UE2015 (Anterior),GANDU,151,25,1824277,PRÉDIO ESCOLAR ARGENTINA CASTELO BRANCO,"PRAÇA ULISSES MONTEIRO DA COSTA, 410 - ZONA URBANA",CENTRO,45450000,-13.74457368,-39.49029119,329,Com acessibilidade,2026-09-30 09:04:00,888543576599413723856809
UE2015 (Anterior),GANDU,151,26,1785764,ESCOLA MUNICIPAL ANA CRISTINA BARBOSA DA ROCHA,"RUA PEDRO ANTÔNIO DA ROCHA MELO, SN - ZONA URBANA",VITÓRIA,45450000,-13.74247554,-39.48982946,313,Com acessibilidade,2026-09-30 09:13:00,868341662897415162090923
UE2015 (Anterior),GANDU,151,27,1769568,ESCOLA MUNICIPAL ANA CRISTINA BARBOSA DA ROCHA,"RUA PEDRO ANTÔNIO DA ROCHA MELO, SN - ZONA URBANA",VITÓRIA,45450000,-13.74247554,-39.48982946,314,Com acessibilidade,2026-09-30 09:25:00,232078140134019105098102
UE2015 (Anterior),GANDU,151,28,1839999,ESCOLA MUNICIPAL FERNANDO GUEDES ANDRADE,"RUA WILSON GÓES E SILVA, S/N - ZONA URBANA",CENTRO,45450000,-13.74166297,-39.48565854,255,Com acessibilidade,2026-09-30 09:35:00,181573204029052335528241
UE2015 (Anterior),GANDU,151,29,1768079,ESCOLA WILSON LINS,"RUA BAHIA, S/N - ZONA URBANA",LIBERDADE,45450000,-13.74180457,-39.4874558,262,Com acessibilidade,2026-09-30 09:45:00,706725832481669616150007
UE2015 (Anterior),GANDU,151,30,1766823,ESCOLA MUNICIPAL PROFESSORA CERES LIBÂNIO,"RUA RENAN BALEEIRO, S/N - ZONA URBANA",EMÍILIA COSTA,45450000,-13.74680894,-39.48702162,385,Com acessibilidade,2026-09-30 09:53:00,504705713361419828732459
UE2015 (Anterior),GANDU,151,31,1767132,ESCOLA MUNICIPAL PROFESSORA CERES LIBÂNIO,"RUA RENAN BALEEIRO, S/N - ZONA URBANA",EMÍILIA COSTA,45450000,-13.74680894,-39.48702162,383,Com acessibilidade,2026-09-30 10:03:00,60361385117609862105017
UE2015 (Anterior),GANDU,151,32,1765189,ESCOLA MUNICIPAL PROFESSORA CERES LIBÂNIO,"RUA RENAN BALEEIRO, S/N - ZONA URBANA",EMÍILIA COSTA,45450000,-13.74680894,-39.48702162,380,Com acessibilidade,2026-09-30 10:11:00,878442303298367354574530
UE2015 (Anterior),GANDU,151,33,1764715,ESCOLA MUNICIPAL PROFESSORA CERES LIBÂNIO,"RUA RENAN BALEEIRO, S/N - ZONA URBANA",EMÍILIA COSTA,45450000,-13.74680894,-39.48702162,385,Com acessibilidade,2026-09-30 10:20:00,353290890046866691617679
UE2015 (Anterior),GANDU,151,34,1793394,ESCOLA MUNICIPAL PROFESSORA CERES LIBÂNIO,"RUA RENAN BALEEIRO, S/N - ZONA URBANA",EMÍILIA COSTA,45450000,-13.74680894,-39.48702162,382,Com acessibilidade,2026-09-30 10:28:00,676422320778741318616015
UE2015 (Anterior),GANDU,151,35,1776549,GRUPO ESCOLAR RÔMULO GALVÃO,"PRAÇA RUY BARBOSA, S/N - ZONA URBANA",CENTRO,45450000,-13.74716861,-39.48857286,398,Com acessibilidade,2026-09-30 10:34:00,131068896224016143414398
UE2015 (Anterior),GANDU,151,36,1825572,GRUPO ESCOLAR RÔMULO GALVÃO,"PRAÇA RUY BARBOSA, S/N - ZONA URBANA",CENTRO,45450000,-13.74716861,-39.48857286,398,Com acessibilidade,2026-09-30 10:47:00,787533654089966725995297
UE2015 (Anterior),GANDU,151,37,1754900,GRUPO ESCOLAR RÔMULO GALVÃO,"PRAÇA RUY BARBOSA, S/N - ZONA URBANA",CENTRO,45450000,-13.74716861,-39.48857286,392,Com acessibilidade,2026-09-30 10:53:00,676422657978660516202102
UE2015 (Anterior),GANDU,151,38,1795143,GRUPO ESCOLAR RÔMULO GALVÃO,"PRAÇA RUY BARBOSA, S/N - ZONA URBANA",CENTRO,45450000,-13.74716861,-39.48857286,395,Com acessibilidade,2026-09-30 11:07:00,908745997001837542307866
UE2015 (Anterior),GANDU,151,39,1768435,COLÉGIO ESTADUAL POLIVALENTE,"PRAÇA ELISEU LEAL, S/N - ZONA URBANA",ALMIR RAMOS CARNEIRO,45450000,-13.74108481,-39.48598252,246,Com acessibilidade,2026-09-30 11:17:00,615816816372638807861495
UE2015 (Anterior),GANDU,151,40,1841298,ESCOLA MUNICIPAL ELÓDIA VELOSO,"LOTEAMENTO TEOTÔNIO CALHEIRA, S/N - ZONA URBANA",FRANCISCO TEOTÔNIO CALHEIRA,45450000,-13.75065976,-39.49108785,378,Com acessibilidade,2026-09-30 08:24:00,918846199450514440885840
UE2015 (Anterior),GANDU,151,41,1795540,ESCOLA MUNICIPAL DORALICE FERNANDES DE MELO,"RUA BOM JESUS, S/N - ZONA URBANA",JUVÊNCIO LEAL,45450000,-13.75026079,-39.47347077,311,Com acessibilidade,2026-09-30 08:33:00,757230145634377273911499
UE2015 (Anterior),GANDU,151,42,1769205,COLÉGIO ESTADUAL POLIVALENTE,"PRAÇA ELISEU LEAL, S/N - ZONA URBANA",ALMIR RAMOS CARNEIRO,45450000,-13.74108481,-39.48598252,251,Com acessibilidade,2026-09-30 08:41:00,585513082217153584435629
UE2015 (Anterior),GANDU,151,43,1790399,COLÉGIO ESTADUAL POLIVALENTE,"PRAÇA ELISEU LEAL, S/N - ZONA URBANA",ALMIR RAMOS CARNEIRO,45450000,-13.74108481,-39.48598252,247,Com acessibilidade,2026-09-30 08:49:00,767331373435896764025486
UE2015 (Anterior),GANDU,151,44,1781235,ESCOLA MUNICIPAL PADRE VIEIRA,POVOADO ÁGUA PRETA - ZONA RURAL,POVOADO ÁGUA PRETA,45450000,-13.81283925,-39.51918602,184,Com acessibilidade,2026-09-30 08:58:00,312886037890467540313023
UE2015 (Anterior),GANDU,151,110,1786316,ESCOLA MUNICIPAL FERNANDO GUEDES ANDRADE,"RUA WILSON GÓES E SILVA, S/N - ZONA URBANA",CENTRO,45450000,-13.74166297,-39.48565854,258,Com acessibilidade,2026-09-30 09:06:00,545109704013216394165339
UE2015 (Anterior),GANDU,151,118,1766491,ESCOLA ENELICE SANTOS BAIRDI,POVOADO DE TARARANGA - ZONA RURAL,POVOADO TARARANGA,45450000,-13.73713174,-39.39573117,269,Com acessibilidade,2026-09-30 09:14:00,272482314186892699780711
UE2015 (Anterior),GANDU,151,122,1838189,ESCOLA MUNICIPAL PROFESSORA CERES LIBÂNIO,"RUA RENAN BALEEIRO, S/N - ZONA URBANA",EMÍILIA COSTA,45450000,-13.74680894,-39.48702162,385,Com acessibilidade,2026-09-30 09:23:00,686523131427328338624223
UE2015 (Anterior),GANDU,151,127,1809628,CENTRO TERRITORIAL DE EDUCAÇÃO PROF. DO BAIXO SUL - CETEP DO BAIXO SUL,"RODOVIA BR 101, KM 3,68 - ZONA URBANA",CENTRO,45450000,-13.74730803,-39.48279686,215,Com acessibilidade,2026-09-30 09:31:00,888543887047471097834849
UE2015 (Anterior),GANDU,151,128,1793572,GRUPO ESCOLAR NAVARRO DE BRITO,"RUA HEITOR GUEDES DE MELO, S/N - ZONA URBANA",CENTRO,45450000,-13.74180738,-39.48603683,214,Com acessibilidade,2026-09-30 09:39:00,343189454893491053022780
UE2015 (Anterior),GANDU,151,130,1839251,GRUPO ESCOLAR NAVARRO DE BRITO,"RUA HEITOR GUEDES DE MELO, S/N - ZONA URBANA",CENTRO,45450000,-13.74180738,-39.48603683,215,Com acessibilidade,2026-09-30 09:48:00,151270457274326356057941
UE2015 (Anterior),GANDU,151,131,1793268,ESCOLA MUNICIPAL FERNANDO GUEDES ANDRADE,"RUA WILSON GÓES E SILVA, S/N - ZONA URBANA",CENTRO,45450000,-13.74166297,-39.48565854,258,Com acessibilidade,2026-09-30 09:56:00,454200868104577097589046
UE2015 (Anterior),GANDU,151,139,1784516,BRINQUEDOTECA VOVÓ GEL,"RUA 12, S/N - ZONA URBANA",JOÃO BATISTA  DE ASSIS,45450000,-13.75434608,-39.49219041,397,Com acessibilidade,2026-09-30 10:04:00,272482560986886529660013
UE2015 (Anterior),GANDU,151,142,1790059,ESCOLA MUNICIPAL ELÓDIA VELOSO,"LOTEAMENTO TEOTÔNIO CALHEIRA, S/N - ZONA URBANA",FRANCISCO TEOTÔNIO CALHEIRA,45450000,-13.75065976,-39.49108785,377,Com acessibilidade,2026-09-30 10:13:00,737028326632364901540448
UE2015 (Anterior),GANDU,151,146,1769674,ESCOLA MUNICIPAL FERNANDO GUEDES ANDRADE,"RUA WILSON GÓES E SILVA, S/N - ZONA URBANA",CENTRO,45450000,-13.74166297,-39.48565854,255,Com acessibilidade,2026-09-30 10:21:00,767331793635347225550225
UE2015 (Anterior),GANDU,151,149,1824045,ESCOLA MUNICIPAL ELÓDIA VELOSO,"LOTEAMENTO TEOTÔNIO CALHEIRA, S/N - ZONA URBANA",FRANCISCO TEOTÔNIO CALHEIRA,45450000,-13.75065976,-39.49108785,377,Com acessibilidade,2026-09-30 10:29:00,726927088431861875285088
UE2015 (Anterior),GANDU,151,156,1765924,CENTRO TERRITORIAL DE EDUCAÇÃO PROF. DO BAIXO SUL - CETEP DO BAIXO SUL,"RODOVIA BR 101, KM 3,68 - ZONA URBANA",CENTRO,45450000,-13.74730803,-39.48279686,220,Com acessibilidade,2026-09-30 10:38:00,908745008049060780989898
UE2015 (Anterior),GANDU,151,157,1838690,ESCOLA MUNICIPAL DORALICE FERNANDES DE MELO,"RUA BOM JESUS, S/N - ZONA URBANA",JUVÊNCIO LEAL,45450000,-13.75026079,-39.47347077,313,Com acessibilidade,2026-09-30 10:46:00,726927938331838033942499
UE2015 (Anterior),GANDU,151,158,1757615,CENTRO TERRITORIAL DE EDUCAÇÃO PROF. DO BAIXO SUL - CETEP DO BAIXO SUL,"RODOVIA BR 101, KM 3,68 - ZONA URBANA",CENTRO,45450000,-13.74730803,-39.48279686,217,Com acessibilidade,2026-09-30 10:54:00,201775529479263921778294
UE2015 (Anterior),GANDU,151,159,1811713,ESCOLA MUNICIPAL ELÓDIA VELOSO,"LOTEAMENTO TEOTÔNIO CALHEIRA, S/N - ZONA URBANA",FRANCISCO TEOTÔNIO CALHEIRA,45450000,-13.75065976,-39.49108785,377,Com acessibilidade,2026-09-30 11:03:00,595614023118246344716175
UE2015 (Anterior),GANDU,151,160,1810947,CENTRO TERRITORIAL DE EDUCAÇÃO PROF. DO BAIXO SUL - CETEP DO BAIXO SUL,"RODOVIA BR 101, KM 3,68 - ZONA URBANA",CENTRO,45450000,-13.74730803,-39.48279686,216,Com acessibilidade,2026-09-30 08:25:00,868341373280538410928193
UE2015 (Anterior),GANDU,151,163,1780053,GRUPO ESCOLAR RÔMULO GALVÃO,"PRAÇA RUY BARBOSA, S/N - ZONA URBANA",CENTRO,45450000,-13.74716861,-39.48857286,380,Com acessibilidade,2026-09-30 08:35:00,40159883298804800001723
UE2015 (Anterior),GANDU,151,165,1773034,ESCOLA MUNICIPAL ELÓDIA VELOSO,"LOTEAMENTO TEOTÔNIO CALHEIRA, S/N - ZONA URBANA",FRANCISCO TEOTÔNIO CALHEIRA,45450000,-13.75065976,-39.49108785,381,Com acessibilidade,2026-09-30 08:46:00,646119709558566149130224
UE2015 (Anterior),GANDU,151,169,1765682,CENTRO TERRITORIAL DE EDUCAÇÃO PROF. DO BAIXO SUL - CETEP DO BAIXO SUL,"RODOVIA BR 101, KM 3,68 - ZONA URBANA",CENTRO,45450000,-13.74730803,-39.48279686,216,Com acessibilidade,2026-09-30 08:56:00,454200956239463221841170
UE2015 (Anterior),GANDU,151,174,1783799,CENTRO TERRITORIAL DE EDUCAÇÃO PROF. DO BAIXO SUL - CETEP DO BAIXO SUL,"RODOVIA BR 101, KM 3,68 - ZONA URBANA",CENTRO,45450000,-13.74730803,-39.48279686,216,Com acessibilidade,2026-09-30 09:05:00,757230777769355070858376
UE2015 (Anterior),GANDU,151,180,1762225,COLÉGIO ESTADUAL POLIVALENTE,"PRAÇA ELISEU LEAL, S/N - ZONA URBANA",ALMIR RAMOS CARNEIRO,45450000,-13.74108481,-39.48598252,250,Com acessibilidade,2026-09-30 09:14:00,686523339162303783735153
UE2015 (Anterior),GANDU,151,185,1794036,BRINQUEDOTECA VOVÓ GEL,"RUA 12, S/N - ZONA URBANA",JOÃO BATISTA  DE ASSIS,45450000,-13.75434608,-39.49219041,396,Com acessibilidade,2026-09-30 09:25:00,868341066680649548513327
UE2015 (Anterior),GANDU,151,186,1838778,CENTRO TERRITORIAL DE EDUCAÇÃO PROF. DO BAIXO SUL - CETEP DO BAIXO SUL,"RODOVIA BR 101, KM 3,68 - ZONA URBANA",CENTRO,45450000,-13.74730803,-39.48279686,219,Com acessibilidade,2026-09-30 09:34:00,565311872450368679815228
UE2015 (Anterior),GANDU,151,188,1807480,CENTRO TERRITORIAL DE EDUCAÇÃO PROF. DO BAIXO SUL - CETEP DO BAIXO SUL,"RODOVIA BR 101, KM 3,68 - ZONA URBANA",CENTRO,45450000,-13.74730803,-39.48279686,218,Com acessibilidade,2026-09-30 09:43:00,80563615202900490962442
UE2015 (Anterior),GANDU,151,190,1795436,ESCOLA MUNICIPAL MANOEL TIMÓTEO,POVOADO MONTE ALEGRE - ZONA RURAL,POVOADO MONTE ALEGRE,45450000,-13.84978796,-39.45108815,394,Com acessibilidade,2026-09-30 09:52:00,625917347956464786231384
UE2015 (Anterior),GANDU,151,195,1773406,ESCOLA MUNICIPAL ELÓDIA VELOSO,"LOTEAMENTO TEOTÔNIO CALHEIRA, S/N - ZONA URBANA",FRANCISCO TEOTÔNIO CALHEIRA,45450000,-13.75065976,-39.49108785,381,Com acessibilidade,2026-09-30 10:02:00,999654264393467517981508
UE2015 (Anterior),GANDU,151,201,1809046,ESCOLA MUNICIPAL DORALICE FERNANDES DE MELO,"RUA BOM JESUS, S/N - ZONA URBANA",JUVÊNCIO LEAL,45450000,-13.75026079,-39.47347077,303,Com acessibilidade,2026-09-30 10:11:00,211876506515701435100656
UE2015 (Anterior),GANDU,151,203,1789289,ESCOLA WILSON LINS,"RUA BAHIA, S/N - ZONA URBANA",LIBERDADE,45450000,-13.74180457,-39.4874558,260,Com acessibilidade,2026-09-30 10:21:00,80563591802661513486602
UE2015 (Anterior),GANDU,151,234,1806821,CENTRO TERRITORIAL DE EDUCAÇÃO PROF. DO BAIXO SUL - CETEP DO BAIXO SUL,"RODOVIA BR 101, KM 3,68 - ZONA URBANA",CENTRO,45450000,-13.74730803,-39.48279686,217,Com acessibilidade,2026-09-30 10:30:00,858240689179455736617061
UE2015 (Anterior),GANDU,151,237,1760141,ESCOLA MUNICIPAL DORALICE FERNANDES DE MELO,"RUA BOM JESUS, S/N - ZONA URBANA",JUVÊNCIO LEAL,45450000,-13.75026079,-39.47347077,306,Com acessibilidade,2026-09-30 10:39:00,232078390717463412459341
UE2015 (Anterior),GANDU,151,238,1765701,BRINQUEDOTECA VOVÓ GEL,"RUA 12, S/N - ZONA URBANA",JOÃO BATISTA  DE ASSIS,45450000,-13.75434608,-39.49219041,394,Com acessibilidade,2026-09-30 10:49:00,898644161683216803991706
UE2015 (Anterior),GANDU,151,239,1778460,GRUPO ESCOLAR RÔMULO GALVÃO,"PRAÇA RUY BARBOSA, S/N - ZONA URBANA",CENTRO,45450000,-13.74716861,-39.48857286,384,Com acessibilidade,2026-09-30 10:58:00,737028117467077386260561
UE2015 (Anterior),GANDU,151,244,1754031,BRINQUEDOTECA VOVÓ GEL,"RUA 12, S/N - ZONA URBANA",JOÃO BATISTA  DE ASSIS,45450000,-13.75434608,-39.49219041,390,Com acessibilidade,2026-09-30 11:08:00,949149848588941718566806
UE2015 (Anterior),GANDU,151,248,1763523,ESCOLA MUNICIPAL ANA CRISTINA BARBOSA DA ROCHA,"RUA PEDRO ANTÔNIO DA ROCHA MELO, SN - ZONA URBANA",VITÓRIA,45450000,-13.74247554,-39.48982946,314,Sem acessibilidade,2026-09-30 11:17:00,969351303190982181956110
UE2015 (Anterior),GLÓRIA,84,1,1780683,CEAF-CENTRO EDUCACIONAL PROF. ADELINO M. S. JOSÉ FERREIRA,"RUA PROFESSOR ROBERTO SANTOS, S/N - ZONA URBANA",CENTRO,48610000,-9.3440154,-38.2551121,122,Com acessibilidade,2026-09-28 08:19:00,764576877926233710439693
UE2015 (Anterior),GLÓRIA,84,4,1767541,CEAF-CENTRO EDUCACIONAL PROF. ADELINO M. S. JOSÉ FERREIRA,"RUA PROFESSOR ROBERTO SANTOS, S/N - ZONA URBANA",CENTRO,48610000,-9.3440154,-38.2551121,121,Sem acessibilidade,2026-09-28 08:32:00,47304487954205043071883
UE2015 (Anterior),GLÓRIA,84,7,1824458,COLÉGIO ESTADUAL REIS MAGALHÃES,RUA PROFESSOR ROBERTO SANTOS - ZONA URBANA,CENTRO,48620000,-9.3403784,-38.2556367,123,Com acessibilidade,2026-09-28 08:42:00,956495727345206831269535
UE2015 (Anterior),GLÓRIA,84,9,1766386,CEAF-CENTRO EDUCACIONAL PROF. ADELINO M. S. JOSÉ FERREIRA,"RUA PROFESSOR ROBERTO SANTOS, S/N - ZONA URBANA",CENTRO,48610000,-9.3440154,-38.2551121,122,Sem acessibilidade,2026-09-28 08:50:00,623162610312820606569084
UE2015 (Anterior),GLÓRIA,84,11,1791000,ESCOLA MUNICIPAL ALICE RODRIGUES DE MOURA,"RUA PROFESSOR ROBERTO SANTOS, S/N - ZONA URBANA",CENTRO,48620000,-9.3430943,-38.2542715,291,Sem acessibilidade,2026-09-28 08:59:00,229122408872055692192311
UE2015 (Anterior),GLÓRIA,84,12,1766557,ESCOLA MUNICIPAL ALICE RODRIGUES DE MOURA,"RUA PROFESSOR ROBERTO SANTOS, S/N - ZONA URBANA",CENTRO,48620000,-9.3430943,-38.2542715,296,Sem acessibilidade,2026-09-28 09:09:00,370637666887867156777618
UE2015 (Anterior),GLÓRIA,84,13,1764354,ESCOLA MUNICIPAL PROFESSORA JOSENALVA SOARES FERNANDES,RUA DR. HEMETÉRIO DE CARVALHO - ZONA RURAL,POVOADO QUIXABA,48620000,-9.2209522,-38.3126992,196,Sem acessibilidade,2026-09-28 09:18:00,118011518361629752289780
UE2015 (Anterior),GLÓRIA,84,14,1831010,ESCOLA MUNICIPAL PROFESSORA JOSENALVA SOARES FERNANDES,RUA DR. HEMETÉRIO DE CARVALHO - ZONA RURAL,POVOADO QUIXABA,48620000,-9.2209522,-38.3126992,195,Sem acessibilidade,2026-09-28 09:26:00,411041925991875178935382
UE2015 (Anterior),GLÓRIA,84,15,1806642,ESCOLA MUNICIPAL PROFESSORA JOSENALVA SOARES FERNANDES,RUA DR. HEMETÉRIO DE CARVALHO - ZONA RURAL,POVOADO QUIXABA,48620000,-9.2209522,-38.3126992,195,Sem acessibilidade,2026-09-28 09:36:00,330233955683889935442741
UE2015 (Anterior),GLÓRIA,84,16,1808895,ESCOLA MUNICIPAL PROFESSORA JOSENALVA SOARES FERNANDES,RUA DR. HEMETÉRIO DE CARVALHO - ZONA RURAL,POVOADO QUIXABA,48620000,-9.2209522,-38.3126992,194,Sem acessibilidade,2026-09-28 09:44:00,77607804457577552602519
UE2015 (Anterior),GLÓRIA,84,17,1824688,CENTRO EDUCACIONAL MONSENHOR EMÍLIO DE MOURA FERREIRA SANTOS,POVOADO QUIXABA - ZONA RURAL,POVOADO QUIXABA,48610970,-9.2209833,-38.3169649,174,Sem acessibilidade,2026-09-28 09:53:00,592859438409111085369364
UE2015 (Anterior),GLÓRIA,84,18,1810132,COLÉGIO INDÍGENA ÂNGELO PEREIRA,POVOADO BREJO DO BURGO - ZONA RURAL,POVOADO BREJO DO BURGO,48620000,-9.3409522,-38.4681843,260,Sem acessibilidade,2026-09-28 10:06:00,421142377692784135040479
UE2015 (Anterior),GLÓRIA,84,19,1825162,COLÉGIO INDÍGENA ÂNGELO PEREIRA,POVOADO BREJO DO BURGO - ZONA RURAL,POVOADO BREJO DO BURGO,48620000,-9.3409522,-38.4681843,259,Sem acessibilidade,2026-09-28 10:15:00,421142486592809227546921
UE2015 (Anterior),GLÓRIA,84,20,1806998,COLÉGIO INDÍGENA JOSÉ MARTINS,POVOADO BREJO DO BURGO - ZONA RURAL,POVOADO BREJO DO BURGO,48620000,-9.3394371,-38.4882834,252,Sem acessibilidade,2026-09-28 10:28:00,744374882724428317017743
UE2015 (Anterior),GLÓRIA,84,21,1823806,COLÉGIO INDÍGENA JOSÉ MARTINS,POVOADO BREJO DO BURGO - ZONA RURAL,POVOADO BREJO DO BURGO,48620000,-9.3394371,-38.4882834,255,Sem acessibilidade,2026-09-28 10:37:00,996899242349694683039482
UE2015 (Anterior),GLÓRIA,84,22,1755755,ESCOLA MUNICIPAL ANTONIO PEREIRA SOBRINHO,POVOADO BAIXA DAS PEDRAS - ZONA RURAL,POVOADO BAIXA DAS PEDRAS,48610970,-9.1573377,-38.4229844,217,Sem acessibilidade,2026-09-28 10:46:00,996899350649715914798758
UE2015 (Anterior),GLÓRIA,84,23,1840275,ESCOLA MUNICIPAL MANOEL JOSÉ DE SÁ,POVOADO AGROVILAS BORDA DO LARGO V - ZONA RURAL,POVOADO AGROVILAS BORDA DO LAGO V,48620000,-9.1266963,-38.3909125,289,Sem acessibilidade,2026-09-28 10:56:00,309930777580113878424573
UE2015 (Anterior),GLÓRIA,84,24,1764879,ESCOLA MUNICIPAL CHICO CORREIA,POVOADO CHICO CORREIA - ZONA RURAL,POVOADO CHICO CORREIA,48610970,-9.1735249,-38.4662428,111,Sem acessibilidade,2026-09-28 11:05:00,421142001692826925027056
UE2015 (Anterior),GLÓRIA,84,25,1767301,ESCOLA MUNICIPAL ANTONIO PEREIRA SOBRINHO,POVOADO BAIXA DAS PEDRAS - ZONA RURAL,POVOADO BAIXA DAS PEDRAS,48610970,-9.1573377,-38.4229844,216,Sem acessibilidade,2026-09-28 11:13:00,643364338114993035441559
UE2015 (Anterior),GLÓRIA,84,162,1834740,CEAF-CENTRO EDUCACIONAL PROF. ADELINO M. S. JOSÉ FERREIRA,"RUA PROFESSOR ROBERTO SANTOS, S/N - ZONA URBANA",CENTRO,48610000,-9.3440154,-38.2551121,124,Sem acessibilidade,2026-09-28 11:23:00,532253268003974436764145
UE2015 (Anterior),GLÓRIA,84,163,1768924,ESCOLA MUNICIPAL PEDRO CALMON,POVOADO OLHOS D'ÁGUA DE SOUZA - ZONA RURAL,POVOADO OLHOS D'ÁGUA DE SOUZA,48610970,-9.370304,-38.3141475,215,Sem acessibilidade,2026-09-28 11:34:00,97809932659699276650914
UE2015 (Anterior),GLÓRIA,84,176,1769574,CENTRO EDUCACIONAL MONSENHOR EMÍLIO DE MOURA FERREIRA SANTOS,POVOADO QUIXABA - ZONA RURAL,POVOADO QUIXABA,48610970,-9.2209833,-38.3169649,172,Sem acessibilidade,2026-09-28 12:26:00,491849730299258435411926
UE2015 (Anterior),GLÓRIA,84,177,1777005,CENTRO EDUCACIONAL MONSENHOR EMÍLIO DE MOURA FERREIRA SANTOS,POVOADO QUIXABA - ZONA RURAL,POVOADO QUIXABA,48610970,-9.2209833,-38.3169649,171,Sem acessibilidade,2026-09-28 12:35:00,158415505865932419720281
UE2015 (Anterior),GLÓRIA,84,178,1769356,ESCOLA MUNICIPAL ANTONIO PEREIRA SOBRINHO,POVOADO BAIXA DAS PEDRAS - ZONA RURAL,POVOADO BAIXA DAS PEDRAS,48610970,-9.1573377,-38.4229844,213,Sem acessibilidade,2026-09-28 12:43:00,623162089712351376468418
UE2015 (Anterior),GLÓRIA,84,182,1789673,COLÉGIO GREGÓRIO JOÃO MOREIRA,POVOADO CERQUINHA - ZONA RURAL,POVOADO CERQUINHA,48620000,-9.3247645,-38.4518202,311,Sem acessibilidade,2026-09-28 12:53:00,330233200683159535092883
UE2015 (Anterior),GLÓRIA,84,183,1773247,ESCOLA MUNICIPAL ANTONIO PEREIRA SOBRINHO,POVOADO BAIXA DAS PEDRAS - ZONA RURAL,POVOADO BAIXA DAS PEDRAS,48610970,-9.1573377,-38.4229844,215,Sem acessibilidade,2026-09-28 13:02:00,289728261178697434247308
UE2015 (Anterior),GLÓRIA,84,188,1769549,COLÉGIO INDÍGENA ÂNGELO PEREIRA,POVOADO BREJO DO BURGO - ZONA RURAL,POVOADO BREJO DO BURGO,48620000,-9.3409522,-38.4681843,267,Sem acessibilidade,2026-09-28 08:19:00,572657102296041229964333
UE2015 (Anterior),GLÓRIA,84,213,1764847,ESCOLA MUNICIPAL NOVA REPÚBLICA,POVOADO RETIRO - ZONA RURAL,POVOADO RETIRO,48610970,-9.3341579,-38.3266542,268,Sem acessibilidade,2026-09-28 08:31:00,57405632844145684689564
UE2015 (Anterior),GLÓRIA,84,218,1770035,ESCOLA MUNICIPAL JOSÉ MARCELINO NUNES,POVOADO AGROVILAS BORDA DO LAGO III - ZONA RURAL,POVOADO AGROVILAS BORDA DO LAGO III,48620000,-9.0802371,-38.3876425,300,Sem acessibilidade,2026-09-28 08:40:00,471647606086588124892055
UE2015 (Anterior),GLÓRIA,84,219,1765510,ESCOLA MUNICIPAL JOSÉ ACELINO DE MELO,POVOADO AGROVILAS JUSANTE III - ZONA RURAL,POVOADO AGROVILAS JUSANTE III,48620000,-9.2409532,-38.3950275,300,Sem acessibilidade,2026-09-28 08:49:00,623162867701360600375726
UE2015 (Anterior),GLÓRIA,84,220,1810849,ESCOLA MUNICIPAL ALONSO JOSÉ DE MELO,POVOADO AGROVILAS JUSANTE VI - ZONA RURAL,POVOADO AGROVILAS JUSANTE VI,48620000,-9.3276037,-38.4022344,270,Sem acessibilidade,2026-09-28 08:59:00,491849810688328473738454
UE2015 (Anterior),GLÓRIA,84,221,1788568,COLÉGIO ENAIDE NANCY DE SOUZA CAVALCANTI,POVOADO PORTO DA SERRA - ZONA RURAL,POVOADO PORTO DA SERRA,48620000,-9.302162,-38.2790474,255,Sem acessibilidade,2026-09-28 09:07:00,27102459341376895885702
UE2015 (Anterior),GLÓRIA,84,222,1781501,ESCOLA MUNICIPAL LINDEMAR LIBERALINO,POVOADO TORQUATO - ZONA RURAL,PROJETO TORQUATO,48610970,-9.2736179,-38.2815092,315,Sem acessibilidade,2026-09-28 09:18:00,400940943979918924024343
UE2015 (Anterior),GLÓRIA,84,223,1763253,ESCOLA MUNICIPAL JOANA ANGÉLICA,POVOADO LAGOA DO NEGRO - ZONA RURAL,POVOADO LAGOA DO NEGRO,48610970,-9.2574373,-38.4616098,105,Sem acessibilidade,2026-09-28 09:27:00,491849149688020446224417
UE2015 (Anterior),GLÓRIA,84,232,1839682,ESCOLA MUNICIPAL ESTEVAM GOMES DE SOUZA,POVOADO AGROVILAS JUSANTE I - ZONA RURAL,POVOADO AGROVILAS JUSANTE I,48620000,-9.2111159,-38.4061928,266,Sem acessibilidade,2026-09-28 09:37:00,905990511729521243333789
UE2015 (Anterior),GLÓRIA,84,262,1769802,ESCOLA MUNICIPAL PEDRO CALMON,POVOADO OLHOS D'ÁGUA DE SOUZA - ZONA RURAL,POVOADO OLHOS D'ÁGUA DE SOUZA,48610970,-9.370304,-38.3141475,212,Sem acessibilidade,2026-09-28 09:46:00,986798807737625222700790
UE2015 (Anterior),GLÓRIA,84,289,1767799,ESCOLA MUNICIPAL LINDEMAR LIBERALINO,POVOADO TORQUATO - ZONA RURAL,PROJETO TORQUATO,48610970,-9.2736179,-38.2815092,315,Sem acessibilidade,2026-09-28 09:54:00,804980539619395221239997
UE2015 (Anterior),GLÓRIA,84,298,1764242,ESCOLA MUNICIPAL MANOEL JOSÉ DE SÁ,POVOADO AGROVILAS BORDA DO LARGO V - ZONA RURAL,POVOADO AGROVILAS BORDA DO LAGO V,48620000,-9.1266963,-38.3909125,290,Sem acessibilidade,2026-09-28 10:02:00,107910794649189566254612
UE2015 (Anterior),GLÓRIA,84,299,1781212,ESCOLA MUNICIPAL FLORIANO PEIXOTO,POVOADO OLHOS D'ÁGUA DOS COELHOS - ZONA RURAL,POVOADO OLHOS D'ÁGUA DOS COELHOS,48610970,-9.2000844,-38.3797942,156,Sem acessibilidade,2026-09-28 10:11:00,320132123071421438687651
UE2015 (Anterior),GLÓRIA,84,301,1767291,ESCOLA MUNICIPAL JOÃO BATISTA FIGUEIREDO,POVOADO SÍTIO DA LAGOA - ZONA RURAL,POVOADO SÍTIO DA LAGOA,48610970,-9.2674542,-38.2795925,213,Sem acessibilidade,2026-09-28 10:20:00,693869077808815676433341
UE2015 (Anterior),GLÓRIA,84,305,1831977,CENTRO EDUCACIONAL MONSENHOR EMÍLIO DE MOURA FERREIRA SANTOS,POVOADO QUIXABA - ZONA RURAL,POVOADO QUIXABA,48610970,-9.2209833,-38.3169649,174,Sem acessibilidade,2026-09-28 10:29:00,966596780635718944701298
UE2015 (Anterior),GLÓRIA,84,315,1766153,COLÉGIO ENAIDE NANCY DE SOUZA CAVALCANTI,POVOADO PORTO DA SERRA - ZONA RURAL,POVOADO PORTO DA SERRA,48620000,-9.302162,-38.2790474,153,Sem acessibilidade,2026-09-28 10:37:00,411041300880110936032132
UE2015 (Anterior),GLÓRIA,84,334,1757413,ESCOLA MUNICIPAL JOSÉ ALVES,POVOADO SALGADO DOS BENÍCIOS - ZONA RURAL,POVOADO SALGADO DOS BENÍCIOS,48620000,-9.1449557,-38.3647368,326,Sem acessibilidade,2026-09-28 10:56:00,87708005047897228069710
UE2015 (Anterior),GLÓRIA,84,337,1751290,ESCOLA MUNICIPAL CÍCERA BARBOSA DA SILVA,POVOADO AGROVILAS JUSANTE V - ZONA RURAL,POVOADO AGROVILAS JUSANTE V,48620000,-9.3101629,-38.382909,138,Sem acessibilidade,2026-09-28 11:05:00,279627526266677338309918
UE2015 (Anterior),GLÓRIA,84,339,1766399,ESCOLA MUNICIPAL PROFESSOR ROBERTO SANTOS,POVOADO QUEIMADAS - ZONA RURAL,POVOADO QUEIMADAS,48610970,-9.2508896,-38.2904529,229,Sem acessibilidade,2026-09-28 11:14:00,299829760868713402390330
UE2015 (Anterior),GLÓRIA,84,340,1762842,COLÉGIO ENAIDE NANCY DE SOUZA CAVALCANTI,POVOADO PORTO DA SERRA - ZONA RURAL,POVOADO PORTO DA SERRA,48620000,-9.302162,-38.2790474,211,Sem acessibilidade,2026-09-28 11:23:00,27102576241464620940902
UE2015 (Anterior),GLÓRIA,84,352,1753582,COLÉGIO GREGÓRIO JOÃO MOREIRA,POVOADO CERQUINHA - ZONA RURAL,POVOADO CERQUINHA,48620000,-9.3247645,-38.4518202,310,Sem acessibilidade,2026-09-28 11:31:00,835283676422226541998584
UE2015 (Anterior),GLÓRIA,84,363,1810268,ESCOLA MUNICIPAL ALICE RODRIGUES DE MOURA,"RUA PROFESSOR ROBERTO SANTOS, S/N - ZONA URBANA",CENTRO,48620000,-9.3430943,-38.2542715,291,Sem acessibilidade,2026-09-28 12:29:00,875687891526846656498815
UE2015 (Anterior),GLÓRIA,84,367,1785851,COLÉGIO ENAIDE NANCY DE SOUZA CAVALCANTI,POVOADO PORTO DA SERRA - ZONA RURAL,POVOADO PORTO DA SERRA,48620000,-9.302162,-38.2790474,185,Sem acessibilidade,2026-09-28 12:40:00,512051976290039852983255
UE2015 (Anterior),GLÓRIA,84,378,1782378,COLÉGIO ESTADUAL REIS MAGALHÃES,RUA PROFESSOR ROBERTO SANTOS - ZONA URBANA,CENTRO,48620000,-9.3403784,-38.2556367,125,Com acessibilidade,2026-09-28 12:49:00,986798623237133993303888
UE2015 (Anterior),GLÓRIA,84,387,1767913,ESCOLA MUNICIPAL NOVA REPÚBLICA,POVOADO RETIRO - ZONA RURAL,POVOADO RETIRO,48610970,-9.3341579,-38.3266542,111,Sem acessibilidade,2026-09-28 12:59:00,289728881667529813338297
UE2015 (Anterior),GLÓRIA,84,393,1766842,ESCOLA MUNICIPAL JOSÉ MARCELINO NUNES,POVOADO AGROVILAS BORDA DO LAGO III - ZONA RURAL,POVOADO AGROVILAS BORDA DO LAGO III,48620000,-9.0802371,-38.3876425,243,Sem acessibilidade,2026-09-28 13:08:00,532253764992363138711872
UE2015 (Anterior),IBOTIRAMA,173,1,1762669,UNIVERSIDADE ABERTA DO BRASIL - POLO REGIONAL DE IBOTIRAMA,"RUA BOQUIRA, S/N - ZONA URBANA",IBOTIRAMINHA,47520000,-12.1769882,-43.2210053,230,Com acessibilidade,2026-09-24 07:20:00,252716365689711275377231
UE2015 (Anterior),IBOTIRAMA,173,2,1753213,UNIVERSIDADE ABERTA DO BRASIL - POLO REGIONAL DE IBOTIRAMA,"RUA BOQUIRA, S/N - ZONA URBANA",IBOTIRAMINHA,47520000,-12.1769882,-43.2210053,230,Com acessibilidade,2026-09-24 07:34:00,586049805022418276685191
UE2015 (Anterior),IBOTIRAMA,173,3,1825893,UNIVERSIDADE ABERTA DO BRASIL - POLO REGIONAL DE IBOTIRAMA,"RUA BOQUIRA, S/N - ZONA URBANA",IBOTIRAMINHA,47520000,-12.1769882,-43.2210053,228,Com acessibilidade,2026-09-24 07:47:00,565847897020690502780710
UE2015 (Anterior),IBOTIRAMA,173,5,1763317,ESCOLA MUNICIPAL GOVERNADOR LUIZ VIANA FILHO,"RUA PEDRO OLIMPIO DE SOUZA, S/N - ZONA URBANA",CENTRO,47520000,-12.1830607,-43.2190861,154,Com acessibilidade,2026-09-24 07:59:00,818372362745172026685862
UE2015 (Anterior),IBOTIRAMA,173,6,1837456,COLEGIO MUNICIPAL 2 DE JULHO,DISTRITO BOA VISTA,DISTRITO BOA VISTA,47520000,-11.8321267,-43.2962567,212,Com acessibilidade,2026-09-24 08:12:00,283019942692901259723340
UE2015 (Anterior),IBOTIRAMA,173,7,1809108,CENTRO TERRITORIAL DE EDUCAÇÃO PROFISSIONAL VELHO CHICO - CETEP,"RUA EX-COMBATENTE, S/N - ZONA URBANA",CENTRO,47520000,-12.1828367,-43.2167017,224,Sem acessibilidade,2026-09-24 08:25:00,969887732160888051545314
UE2015 (Anterior),IBOTIRAMA,173,8,1772753,CENTRO TERRITORIAL DE EDUCAÇÃO PROFISSIONAL VELHO CHICO - CETEP,"RUA EX-COMBATENTE, S/N - ZONA URBANA",CENTRO,47520000,-12.1828367,-43.2167017,226,Sem acessibilidade,2026-09-24 08:36:00,757766635939830181953423
UE2015 (Anterior),IBOTIRAMA,173,9,1774928,CENTRO TERRITORIAL DE EDUCAÇÃO PROFISSIONAL VELHO CHICO - CETEP,"RUA EX-COMBATENTE, S/N - ZONA URBANA",CENTRO,47520000,-12.1828367,-43.2167017,228,Sem acessibilidade,2026-09-24 08:48:00,878978861551183747492185
UE2015 (Anterior),IBOTIRAMA,173,10,1822441,CENTRO TERRITORIAL DE EDUCAÇÃO PROFISSIONAL VELHO CHICO - CETEP,"RUA EX-COMBATENTE, S/N - ZONA URBANA",CENTRO,47520000,-12.1828367,-43.2167017,226,Sem acessibilidade,2026-09-24 09:26:00,646655715028745994477529
UE2015 (Anterior),IBOTIRAMA,173,11,1781867,CENTRO TERRITORIAL DE EDUCAÇÃO PROFISSIONAL VELHO CHICO - CETEP,"RUA EX-COMBATENTE, S/N - ZONA URBANA",CENTRO,47520000,-12.1828367,-43.2167017,228,Sem acessibilidade,2026-09-24 09:37:00,889079062852149887352008
UE2015 (Anterior),IBOTIRAMA,173,12,1760287,COLÉGIO MUNICIPALIZADO PRESIDENTE MÉDICI,"RUA LOMANTO JUNIOR, SN - ZONA URBANA",CENTRO,47520000,-12.1805245,-43.2163202,231,Com acessibilidade,2026-09-24 10:12:00,939584228257746799323048
UE2015 (Anterior),IBOTIRAMA,173,13,1795855,ESCOLA MUNICIPAL DR. JURACY MAGALHAES JUNIOR,POVOADO SAO LOURENCO - ZONA RURAL,POVOADO SAO LOURENCO,47520000,-12.0668767,-43.1125833,218,Com acessibilidade,2026-09-24 10:00:00,192110597783775514684867
UE2015 (Anterior),IBOTIRAMA,173,14,1755883,COLEGIO MUNICIPAL PROFESSORA ISAURA S. SOARES,POVOADO CANABRAVA - ZONA RURAL,POVOADO CANABRAVA,47520000,-12.2096517,-43.1088833,293,Com acessibilidade,2026-09-24 10:30:00,858776361449700140756738
UE2015 (Anterior),IBOTIRAMA,173,15,1769748,ESCOLA MUNICIPAL ZELIA COUTINHO,POVOADO ITAPEBA DE BAIXO - ZONA RURAL,POVOADO ITAPEBA DE BAIXO,47520000,-12.32883,-43.1618433,235,Com acessibilidade,2026-09-24 10:42:00,505241122014582241613728
UE2015 (Anterior),IBOTIRAMA,173,17,1796361,ESCOLA MUNICIPAL GOVERNADOR LUIZ VIANA FILHO,"RUA PEDRO OLIMPIO DE SOUZA, S/N - ZONA URBANA",CENTRO,47520000,-12.1830607,-43.2190861,156,Com acessibilidade,2026-09-24 10:56:00,899180739653342760978157
UE2015 (Anterior),IBOTIRAMA,173,18,1824337,COLEGIO ESTADUAL DE TEMPO INTEGRAL PROFª ODONTINA LARANJEIRA DE SOUZA,"RUA DA ACRI, SN - ZONA URBANA",SAO FRANCISCO,47520000,-12.1806617,-43.211495,310,Com acessibilidade,2026-09-24 11:11:00,323423277296176618457362
UE2015 (Anterior),IBOTIRAMA,173,19,1815139,COLEGIO ESTADUAL DE TEMPO INTEGRAL PROFª ODONTINA LARANJEIRA DE SOUZA,"RUA DA ACRI, SN - ZONA URBANA",SAO FRANCISCO,47520000,-12.1806617,-43.211495,304,Com acessibilidade,2026-09-24 11:25:00,717362771335937079260825
UE2015 (Anterior),IBOTIRAMA,173,20,1823581,COLEGIO ESTADUAL DE TEMPO INTEGRAL PROFª ODONTINA LARANJEIRA DE SOUZA,"RUA DA ACRI, SN - ZONA URBANA",SAO FRANCISCO,47520000,-12.1806617,-43.211495,310,Com acessibilidade,2026-09-24 11:35:00,788069922442094378599705
UE2015 (Anterior),IBOTIRAMA,173,21,1765165,ESCOLA MUNICIPAL PAULO VI,ATUAL CENTRO DE REUNIOES COMUNITARIAS - ZONA RURAL,POVOADO FAZENDA NOVA,47520000,-12.3588533,-43.2585783,133,Com acessibilidade,2026-09-24 11:46:00,979988228461448896881366
UE2015 (Anterior),IBOTIRAMA,173,22,1757975,COLÉGIO MUNICIPALIZADO PRESIDENTE MÉDICI,"RUA LOMANTO JUNIOR, SN - ZONA URBANA",CENTRO,47520000,-12.1805245,-43.2163202,231,Com acessibilidade,2026-09-24 11:59:00,474938830811246960645031
UE2015 (Anterior),IBOTIRAMA,173,23,1810378,COLÉGIO MUNICIPALIZADO PRESIDENTE MÉDICI,"RUA LOMANTO JUNIOR, SN - ZONA URBANA",CENTRO,47520000,-12.1805245,-43.2163202,232,Com acessibilidade,2026-09-24 12:10:00,111302585775002952655857
UE2015 (Anterior),IBOTIRAMA,173,24,1771312,ESCOLA MUNICIPAL PRESIDENTE MEDICI,POVOADO DE JUA NOVO - ZONA RURAL,POVOADO JUA NOVO,47520000,-11.9550333,-43.3478867,221,Com acessibilidade,2026-09-24 12:21:00,959786538959007433541150
UE2015 (Anterior),IBOTIRAMA,173,25,1808041,ESCOLA MUNICIPAL PRESIDENTE COSTA E SILVA,POVOADO SAPE - ZONA RURAL,POVOADO SAPE,47520000,-12.19529,-43.0718767,211,Com acessibilidade,2026-09-24 12:46:00,283019971892864319571241
UE2015 (Anterior),IBOTIRAMA,173,26,1770625,COLÉGIO MUNICIPAL HENRIQUE TEIXEIRA SANTANA,KM 18 - POVOADO DE LINHA - ZONA RURAL,POVOADO LINHA,47520000,-12.32745,-43.1945067,301,Com acessibilidade,2026-09-24 12:58:00,848675642848659351425851
UE2015 (Anterior),IBOTIRAMA,173,27,1766913,ESC. MUNICIPAL PROF. EDIVALDO BOA VENTURA,"RUA DR. JOAO BORGES DE FIGUEREDO, S/N - ZONA URBANA",CENTRO,47520000,-12.1814917,-43.2196233,221,Com acessibilidade,2026-09-24 13:07:00,131504049277535004594359
UE2015 (Anterior),IBOTIRAMA,173,28,1795403,ESC. MUNICIPAL PROF. EDIVALDO BOA VENTURA,"RUA DR. JOAO BORGES DE FIGUEREDO, S/N - ZONA URBANA",CENTRO,47520000,-12.1814917,-43.2196233,220,Com acessibilidade,2026-09-24 13:18:00,980089005562549969776499
UE2015 (Anterior),IBOTIRAMA,173,29,1764382,ESCOLA MUNICIPAL PROFESSORA EDUARDA SOARES DE ANDRADE,POVOADO LAGAMAR - ZONA RURAL,POVOADO LAGAMAR,47520000,-11.8656656,-43.2971855,174,Com acessibilidade,2026-09-24 13:31:00,111302249875360076876100
UE2015 (Anterior),IBOTIRAMA,173,30,1769326,ESCOLA PROFESSORA MARIA JOAQUINA CASTELO BRANCO SIMOES,"RUA DO CUPERTINO, S/N - ZONA URBANA",VEREDINHA,47520000,-12.1866133,-43.2135567,333,Com acessibilidade,2026-09-24 13:42:00,575948785921986028540111
UE2015 (Anterior),IBOTIRAMA,173,31,1789897,COLEGIO ESTADUAL DE TEMPO INTEGRAL PROFª ODONTINA LARANJEIRA DE SOUZA,"RUA DA ACRI, SN - ZONA URBANA",SAO FRANCISCO,47520000,-12.1806617,-43.211495,309,Com acessibilidade,2026-09-24 13:54:00,252716577089896999044994
UE2015 (Anterior),IBOTIRAMA,173,32,1809978,COLEGIO ESTADUAL DE TEMPO INTEGRAL PROFª ODONTINA LARANJEIRA DE SOUZA,"RUA DA ACRI, SN - ZONA URBANA",SAO FRANCISCO,47520000,-12.1806617,-43.211495,303,Com acessibilidade,2026-09-24 14:05:00,929483355056292626253420
UE2015 (Anterior),IBOTIRAMA,173,33,1788471,ESCOLA MUNICIPAL ZELIA COUTINHO,POVOADO ITAPEBA DE BAIXO - ZONA RURAL,POVOADO ITAPEBA DE BAIXO,47520000,-12.32883,-43.1618433,237,Com acessibilidade,2026-09-24 14:16:00,404231947204936025552677
UE2015 (Anterior),IBOTIRAMA,173,34,1795594,COLEGIO MUNICIPAL RODOLFO DE QUEIROZ,POVOADO BOQUEIRAO - ZONA RURAL,POVOADO BOQUEIRAO,47520000,-12.183095,-43.11558,368,Com acessibilidade,2026-09-24 14:26:00,979988626961592874314226
UE2015 (Anterior),IBOTIRAMA,173,35,1784808,ESCOLA REUNIDAS RUY BARBOSA,"RUA PEDRO OLIMPIO DE SOUZA, S/N - ZONA URBANA",CENTRO,47520000,-12.1832539,-43.2186866,178,Com acessibilidade,2026-09-24 14:37:00,202211963084986164049222
UE2015 (Anterior),IBOTIRAMA,173,37,1756179,COLEGIO ESTADUAL DE TEMPO INTEGRAL PROFª ODONTINA LARANJEIRA DE SOUZA,"RUA DA ACRI, SN - ZONA URBANA",SAO FRANCISCO,47520000,-12.1806617,-43.211495,309,Com acessibilidade,2026-09-24 14:49:00,283019266092294401834845
UE2015 (Anterior),IBOTIRAMA,173,38,1779441,COLEGIO ESTADUAL DE TEMPO INTEGRAL PROFª ODONTINA LARANJEIRA DE SOUZA,"RUA DA ACRI, SN - ZONA URBANA",SAO FRANCISCO,47520000,-12.1806617,-43.211495,306,Com acessibilidade,2026-09-24 14:59:00,202211291784309416670944
UE2015 (Anterior),IBOTIRAMA,173,39,1759591,ESCOLA MUNICIPAL DE EDUCAÇÃO INFANTIL MÃE DJANIRA,"PRACA SAO FRANCISCO, S/N - ZONA URBANA",SAO FRANCISCO,47520000,-12.178565,-43.2126267,321,Com acessibilidade,2026-09-24 15:09:00,161807365380926482354133
UE2015 (Anterior),IBOTIRAMA,173,40,1778918,ESCOLA MUNICIPAL DE EDUCAÇÃO INFANTIL MÃE DJANIRA,"PRACA SAO FRANCISCO, S/N - ZONA URBANA",SAO FRANCISCO,47520000,-12.178565,-43.2126267,320,Com acessibilidade,2026-09-24 15:19:00,646655921728495192599592
UE2015 (Anterior),IBOTIRAMA,173,41,1792956,ESCOLA MUNICIPAL DE EDUCAÇÃO INFANTIL MÃE DJANIRA,"PRACA SAO FRANCISCO, S/N - ZONA URBANA",SAO FRANCISCO,47520000,-12.178565,-43.2126267,322,Com acessibilidade,2026-09-24 15:29:00,939584324057878198343439
UE2015 (Anterior),IBOTIRAMA,173,65,1764722,CENTRO TERRITORIAL DE EDUCAÇÃO PROFISSIONAL VELHO CHICO - CETEP,"RUA EX-COMBATENTE, S/N - ZONA URBANA",CENTRO,47520000,-12.1828367,-43.2167017,227,Sem acessibilidade,2026-09-24 15:39:00,626453591126655494622281
UE2015 (Anterior),IBOTIRAMA,173,66,1780793,COLÉGIO ESTADUAL INDÍGENA MARECHAL RONDON,ALDEIA TUXÁ - ZONA RURAL,ALDEIA TUXÁ,47520000,-12.084369,-43.2551656,286,Com acessibilidade,2026-09-24 16:11:00,505241587114904384637307
UE2015 (Anterior),IBOTIRAMA,173,67,1775272,COLEGIO MUNICIPAL 2 DE JULHO,DISTRITO BOA VISTA,DISTRITO BOA VISTA,47520000,-11.8321267,-43.2962567,214,Com acessibilidade,2026-09-24 16:22:00,343625532398901887068910
UE2015 (Anterior),IBOTIRAMA,173,68,1795652,COLEGIO MUNICIPAL 2 DE JULHO,DISTRITO BOA VISTA,DISTRITO BOA VISTA,47520000,-11.8321267,-43.2962567,212,Com acessibilidade,2026-09-24 16:32:00,182009483582834575212466
UE2015 (Anterior),IBOTIRAMA,173,71,1810501,COLEGIO ESTADUAL DE TEMPO INTEGRAL PROFª ODONTINA LARANJEIRA DE SOUZA,"RUA DA ACRI, SN - ZONA URBANA",SAO FRANCISCO,47520000,-12.1806617,-43.211495,307,Com acessibilidade,2026-09-24 16:42:00,969887561660704801909654
UE2015 (Anterior),IBOTIRAMA,173,75,1809580,CENTRO TERRITORIAL DE EDUCAÇÃO PROFISSIONAL VELHO CHICO - CETEP,"RUA EX-COMBATENTE, S/N - ZONA URBANA",CENTRO,47520000,-12.1828367,-43.2167017,227,Sem acessibilidade,2026-09-24 16:52:00,182009228782010928482870
UE2015 (Anterior),IBOTIRAMA,173,77,1772374,COLEGIO MUNICIPAL CENTRO DA ESPERANCA,"AV. J.K, S/N - ZONA URBANA",CENTRO,47520000,-12.1843583,-43.216645,294,Com acessibilidade,2026-09-24 17:01:00,363827622300780889349345
UE2015 (Anterior),IBOTIRAMA,173,78,1757093,ESCOLA MUNICIPAL SAO JOSE,POVOADO ILHA DO SACO - ZONA RURAL,POVOADO ILHA DO SACO,47520000,-12.27184758,-43.27427169,109,Com acessibilidade,2026-09-24 17:10:00,60897430870502215101733
UE2015 (Anterior),IBOTIRAMA,173,79,1777763,ESCOLA MUNICIPAL SAO FRANCISCO,POVOADO ILHA DO GADO BRAVO - ZONA RURAL,POVOADO ILHA DO GADO BRAVO,47520000,-12.222215,-43.256805,82,Com acessibilidade,2026-09-24 17:20:00,50796534569583432750924
UE2015 (Anterior),IBOTIRAMA,173,80,1773013,CENTRO TERRITORIAL DE EDUCAÇÃO PROFISSIONAL VELHO CHICO - CETEP,"RUA EX-COMBATENTE, S/N - ZONA URBANA",CENTRO,47520000,-12.1828367,-43.2167017,224,Sem acessibilidade,2026-09-24 17:30:00,798170357943418084231329
UE2015 (Anterior),IBOTIRAMA,173,81,1781632,ESCOLA PROFESSORA MARIA JOAQUINA CASTELO BRANCO SIMOES,"RUA DO CUPERTINO, S/N - ZONA URBANA",VEREDINHA,47520000,-12.1866133,-43.2135567,332,Com acessibilidade,2026-09-24 17:40:00,798170462743508759744527
UE2015 (Anterior),IBOTIRAMA,173,82,1656236,COLEGIO ESTADUAL DE TEMPO INTEGRAL PROFª ODONTINA LARANJEIRA DE SOUZA,"RUA DA ACRI, SN - ZONA URBANA",SAO FRANCISCO,47520000,-12.1806617,-43.211495,309,Com acessibilidade,2026-09-24 17:50:00,101201887174901147656977
UE2015 (Anterior),IBOTIRAMA,173,83,1795237,UNIVERSIDADE ABERTA DO BRASIL - POLO REGIONAL DE IBOTIRAMA,"RUA BOQUIRA, S/N - ZONA URBANA",IBOTIRAMINHA,47520000,-12.1769882,-43.2210053,229,Com acessibilidade,2026-09-24 07:21:00,868877759851391817204435
UE2015 (Anterior),IBOTIRAMA,173,84,1842483,ESCOLA MUNICIPAL PRESIDENTE MEDICI,POVOADO DE JUA NOVO - ZONA RURAL,POVOADO JUA NOVO,47520000,-11.9550333,-43.3478867,220,Com acessibilidade,2026-09-24 07:31:00,101201108075720662218811
UE2015 (Anterior),IBOTIRAMA,173,85,1771874,COLEGIO ESTADUAL DE TEMPO INTEGRAL PROFª ODONTINA LARANJEIRA DE SOUZA,"RUA DA ACRI, SN - ZONA URBANA",SAO FRANCISCO,47520000,-12.1806617,-43.211495,307,Com acessibilidade,2026-09-24 07:44:00,586049697123504397518011
UE2015 (Anterior),IBOTIRAMA,173,87,1793104,CENTRO TERRITORIAL DE EDUCAÇÃO PROFISSIONAL VELHO CHICO - CETEP,"RUA EX-COMBATENTE, S/N - ZONA URBANA",CENTRO,47520000,-12.1828367,-43.2167017,227,Sem acessibilidade,2026-09-24 08:01:00,353726686200813624786760
UE2015 (Anterior),IBOTIRAMA,173,89,1767490,ESCOLA MUNICIPAL DEPUTADO JOSÉ ROCHA,ILHA GRANDE - PREDIO DO MEIO - ZONA RURAL,POVOADO ILHA GRANDE,47520000,-12.13858636,-43.27526715,166,Com acessibilidade,2026-09-24 08:18:00,40695591869083751448680
UE2015 (Anterior),IBOTIRAMA,173,90,1766505,ESCOLA MUN. PROF. FRANCISCA ROCHA NOVAES,RODOVIA BA 160 - ZONA URBANA,CANTINHO,47520000,-12.2128833,-43.2073867,235,Com acessibilidade,2026-09-24 08:46:00,616352241926783047263974
UE2015 (Anterior),IBOTIRAMA,173,92,1837805,ESCOLA MUNICIPAL ARLINDO ARAUJO DE SOUZA,PRACA II - ZONA URBANA,SAO FRANCISCO,47520000,-12.1787583,-43.2092133,351,Com acessibilidade,2026-09-24 09:04:00,454736300710236409659089
UE2015 (Anterior),IBOTIRAMA,173,94,1758946,ESCOLA MUNICIPAL CASTRO ALVES,RUA TEIXEIRA LOTT - ZONA URBANA,ALTO DO FUNDAO,47520000,-12.1686917,-43.225555,384,Com acessibilidade,2026-09-24 09:27:00,444635519009617651904067
UE2015 (Anterior),IBOTIRAMA,173,96,1838206,CENTRO TERRITORIAL DE EDUCAÇÃO PROFISSIONAL VELHO CHICO - CETEP,"RUA EX-COMBATENTE, S/N - ZONA URBANA",CENTRO,47520000,-12.1828367,-43.2167017,226,Sem acessibilidade,2026-09-24 09:52:00,192110485784286137423708
UE2015 (Anterior),IBOTIRAMA,173,175,1840644,ESC. MUNICIPAL PROF. EDIVALDO BOA VENTURA,"RUA DR. JOAO BORGES DE FIGUEREDO, S/N - ZONA URBANA",CENTRO,47520000,-12.1814917,-43.2196233,217,Com acessibilidade,2026-09-24 10:02:00,626453759327342966572899
UE2015 (Anterior),IBOTIRAMA,173,176,1769542,ESCOLA MUNICIPAL ARLINDO ARAUJO DE SOUZA,PRACA II - ZONA URBANA,SAO FRANCISCO,47520000,-12.1787583,-43.2092133,350,Com acessibilidade,2026-09-24 10:17:00,242615482689405076054639
UE2015 (Anterior),IBOTIRAMA,173,178,1773915,COLEGIO MUNICIPAL CENTRO DA ESPERANCA,"AV. J.K, S/N - ZONA URBANA",CENTRO,47520000,-12.1843583,-43.216645,292,Com acessibilidade,2026-09-24 10:27:00,202211660185458264813111
UE2015 (Anterior),IBOTIRAMA,173,179,1775173,CENTRO TERRITORIAL DE EDUCAÇÃO PROFISSIONAL VELHO CHICO - CETEP,"RUA EX-COMBATENTE, S/N - ZONA URBANA",CENTRO,47520000,-12.1828367,-43.2167017,227,Sem acessibilidade,2026-09-24 10:37:00,161807730781505768977613
UE2015 (Anterior),IBOTIRAMA,173,181,1751932,CENTRO TERRITORIAL DE EDUCAÇÃO PROFISSIONAL VELHO CHICO - CETEP,"RUA EX-COMBATENTE, S/N - ZONA URBANA",CENTRO,47520000,-12.1828367,-43.2167017,228,Sem acessibilidade,2026-09-24 10:55:00,252716016190634264919394
UE2015 (Anterior),IBOTIRAMA,173,182,1810114,ESCOLA MUNICIPAL CASTRO ALVES,RUA TEIXEIRA LOTT - ZONA URBANA,ALTO DO FUNDAO,47520000,-12.1686917,-43.225555,385,Com acessibilidade,2026-09-24 11:06:00,656756529530762430864882
UE2015 (Anterior),IBOTIRAMA,173,183,1774491,CENTRO TERRITORIAL DE EDUCAÇÃO PROFISSIONAL VELHO CHICO - CETEP,"RUA EX-COMBATENTE, S/N - ZONA URBANA",CENTRO,47520000,-12.1828367,-43.2167017,226,Sem acessibilidade,2026-09-24 11:16:00,848675829149047638467652
UE2015 (Anterior),IBOTIRAMA,173,186,1780095,CENTRO TERRITORIAL DE EDUCAÇÃO PROFISSIONAL VELHO CHICO - CETEP,"RUA EX-COMBATENTE, S/N - ZONA URBANA",CENTRO,47520000,-12.1828367,-43.2167017,225,Sem acessibilidade,2026-09-24 11:26:00,384029692803675069720185
UE2015 (Anterior),IBOTIRAMA,173,187,1816332,COLÉGIO ESTADUAL INDÍGENA MARECHAL RONDON,ALDEIA TUXÁ - ZONA RURAL,ALDEIA TUXÁ,47520000,-12.084369,-43.2551656,285,Com acessibilidade,2026-09-24 11:40:00,171908591982227283725587
UE2015 (Anterior),IBOTIRAMA,173,188,1811211,CENTRO TERRITORIAL DE EDUCAÇÃO PROFISSIONAL VELHO CHICO - CETEP,"RUA EX-COMBATENTE, S/N - ZONA URBANA",CENTRO,47520000,-12.1828367,-43.2167017,223,Sem acessibilidade,2026-09-24 11:49:00,545645077319229804226327
UE2015 (Anterior),IBOTIRAMA,173,190,1787585,CENTRO TERRITORIAL DE EDUCAÇÃO PROFISSIONAL VELHO CHICO - CETEP,"RUA EX-COMBATENTE, S/N - ZONA URBANA",CENTRO,47520000,-12.1828367,-43.2167017,227,Com acessibilidade,2026-09-24 12:00:00,474938192412279112212097
UE2015 (Anterior),IBOTIRAMA,173,192,1766231,CENTRO TERRITORIAL DE EDUCAÇÃO PROFISSIONAL VELHO CHICO - CETEP,"RUA EX-COMBATENTE, S/N - ZONA URBANA",CENTRO,47520000,-12.1828367,-43.2167017,220,Com acessibilidade,2026-09-24 12:20:00,636554579728610003130846
UE2015 (Anterior),IBOTIRAMA,173,193,1767809,COLÉGIO MUNICIPAL HENRIQUE TEIXEIRA SANTANA,KM 18 - POVOADO DE LINHA - ZONA RURAL,POVOADO LINHA,47520000,-12.32745,-43.1945067,300,Com acessibilidade,2026-09-24 12:31:00,848675890849986779353770
UE2015 (Anterior),IBOTIRAMA,173,222,1779884,ESCOLA MUNICIPAL ARLINDO ARAUJO DE SOUZA,PRACA II - ZONA URBANA,SAO FRANCISCO,47520000,-12.1787583,-43.2092133,353,Com acessibilidade,2026-09-24 12:42:00,373928913302678653262508
UE2015 (Anterior),IBOTIRAMA,173,226,1839833,ESCOLA MUN. PROF. FRANCISCA ROCHA NOVAES,RODOVIA BA 160 - ZONA URBANA,CANTINHO,47520000,-12.2128833,-43.2073867,234,Com acessibilidade,2026-09-24 12:53:00,242615221989706269478796
UE2015 (Anterior),IBOTIRAMA,173,227,1768810,ESCOLA MUNICIPAL ARLINDO ARAUJO DE SOUZA,PRACA II - ZONA URBANA,SAO FRANCISCO,47520000,-12.1787583,-43.2092133,351,Com acessibilidade,2026-09-24 13:25:00,606251692325046203005915
UE2015 (Anterior),IBOTIRAMA,173,228,1765828,UNIVERSIDADE ABERTA DO BRASIL - POLO REGIONAL DE IBOTIRAMA,"RUA BOQUIRA, S/N - ZONA URBANA",IBOTIRAMINHA,47520000,-12.1769882,-43.2210053,229,Com acessibilidade,2026-09-24 13:36:00,50796252470654221904833
UE2015 (Anterior),IBOTIRAMA,173,229,1794432,ESCOLA MUNICIPAL ANÍSIO TEIXEIRA,"LOTEAMENTO JONAS ROMEIRO, S/N - ZONA URBANA",SÃO JOÃO,47520000,-12.1988667,-43.2112767,255,Com acessibilidade,2026-09-24 13:47:00,424433731407188557483192
UE2015 (Anterior),IBOTIRAMA,173,230,1762273,ESCOLA MUNICIPAL ALTO DO CRUZEIRO,"RUA R, S/N - ZONA URBANA",ALTO DO CRUZEIRO,47520000,-12.179145,-43.1974767,334,Com acessibilidade,2026-09-24 14:00:00,81099476873101975486606
UE2015 (Anterior),IBOTIRAMA,173,231,1767455,ESCOLA MUNICIPAL CASTRO ALVES,RUA TEIXEIRA LOTT - ZONA URBANA,ALTO DO FUNDAO,47520000,-12.1686917,-43.225555,386,Com acessibilidade,2026-09-24 14:11:00,303221804595485596309632
UE2015 (Anterior),IBOTIRAMA,173,235,1833178,COLEGIO MUNICIPAL CENTRO DA ESPERANCA,"AV. J.K, S/N - ZONA URBANA",CENTRO,47520000,-12.1843583,-43.216645,290,Com acessibilidade,2026-09-24 14:21:00,858776796650128729037126
UE2015 (Anterior),IBOTIRAMA,173,238,1765850,ESCOLA MUNICIPAL ALTO DO CRUZEIRO,"RUA R, S/N - ZONA URBANA",ALTO DO CRUZEIRO,47520000,-12.179145,-43.1974767,161,Sem acessibilidade,2026-09-24 14:34:00,717362985136289186825840
UE2015 (Anterior),IGAPORÃ,168,106,1771213,ESCOLA MUNICIPAL HUGO BALTAZAR DA SILVEIRA,AV . LUIZ EDUARDO MAGALHÃES - ZONA URBANA,CENTRO,46490000,-13.7760961,-42.7196138,340,Com acessibilidade,2026-09-25 08:56:00,684107436495031645633772
UE2015 (Anterior),IGAPORÃ,168,107,1752703,ESCOLA MUNICIPAL HUGO BALTAZAR DA SILVEIRA,AV . LUIZ EDUARDO MAGALHÃES - ZONA URBANA,CENTRO,46490000,-13.7760961,-42.7196138,339,Com acessibilidade,2026-09-25 09:06:00,472086335474486183931713
UE2015 (Anterior),IGAPORÃ,168,108,1826012,ESCOLA MUNICIPAL HUGO BALTAZAR DA SILVEIRA,AV . LUIZ EDUARDO MAGALHÃES - ZONA URBANA,CENTRO,46490000,-13.7760961,-42.7196138,338,Com acessibilidade,2026-09-25 09:16:00,98248067936191378269630
UE2015 (Anterior),IGAPORÃ,168,109,1772015,ESCOLA MUNICIPAL HUGO BALTAZAR DA SILVEIRA,AV . LUIZ EDUARDO MAGALHÃES - ZONA URBANA,CENTRO,46490000,-13.7760961,-42.7196138,339,Com acessibilidade,2026-09-25 09:25:00,189157262745305318847445
UE2015 (Anterior),IGAPORÃ,168,110,1763257,CENTRO INTEGRADO DE APOIO A CRIANCA O LARANJEIRA,AV LUIZ EDUARDO MAGALHAES - ZONA URBANA,CENTRO,46490000,-13.7753501,-42.7177819,362,Com acessibilidade,2026-09-25 09:35:00,67945228933271011282292
UE2015 (Anterior),IGAPORÃ,168,111,1770241,CENTRO INTEGRADO DE APOIO A CRIANCA O LARANJEIRA,AV LUIZ EDUARDO MAGALHAES - ZONA URBANA,CENTRO,46490000,-13.7753501,-42.7177819,361,Com acessibilidade,2026-09-25 09:46:00,47743310631410580510164
UE2015 (Anterior),IGAPORÃ,168,112,1812066,CENTRO INTEGRADO DE APOIO A CRIANCA O LARANJEIRA,AV LUIZ EDUARDO MAGALHAES - ZONA URBANA,CENTRO,46490000,-13.7753501,-42.7177819,363,Com acessibilidade,2026-09-25 09:56:00,67945442033529072151290
UE2015 (Anterior),IGAPORÃ,168,113,1754709,CENTRO INTEGRADO DE APOIO A CRIANCA O LARANJEIRA,AV LUIZ EDUARDO MAGALHAES - ZONA URBANA,CENTRO,46490000,-13.7753501,-42.7177819,363,Com acessibilidade,2026-09-25 10:06:00,482187972775571339167353
UE2015 (Anterior),IGAPORÃ,168,114,1834248,CENTRO INTEGRADO DE APOIO A CRIANCA O LARANJEIRA,AV LUIZ EDUARDO MAGALHAES - ZONA URBANA,CENTRO,46490000,-13.7753501,-42.7177819,362,Com acessibilidade,2026-09-25 10:16:00,724511323699900336770246
UE2015 (Anterior),IGAPORÃ,168,115,1834377,COLEGIO ESTADUAL DE IGAPORÃ,RUA DANIEL SOARES BONFIM,ALTO DA USINA,46490000,-13.7806689,-42.713058,369,Sem acessibilidade,2026-09-25 10:27:00,391278103466732774228323
UE2015 (Anterior),IGAPORÃ,168,116,1778733,COLEGIO ESTADUAL DE IGAPORÃ,RUA DANIEL SOARES BONFIM,ALTO DA USINA,46490000,-13.7806689,-42.713058,373,Sem acessibilidade,2026-09-25 10:37:00,926531740819353399508145
UE2015 (Anterior),IGAPORÃ,168,117,1796386,COLEGIO ESTADUAL DE IGAPORÃ,RUA DANIEL SOARES BONFIM,ALTO DA USINA,46490000,-13.7806689,-42.713058,367,Sem acessibilidade,2026-09-25 11:07:00,57844987932328126016349
UE2015 (Anterior),IGAPORÃ,168,118,1813439,COLEGIO ESTADUAL DE IGAPORÃ,RUA DANIEL SOARES BONFIM,ALTO DA USINA,46490000,-13.7806689,-42.713058,375,Sem acessibilidade,2026-09-25 11:19:00,734612771800239412421330
UE2015 (Anterior),IGAPORÃ,168,119,1758616,COLEGIO ESTADUAL DE IGAPORÃ,RUA DANIEL SOARES BONFIM,ALTO DA USINA,46490000,-13.7806689,-42.713058,366,Sem acessibilidade,2026-09-25 11:41:00,603399755287810192423388
UE2015 (Anterior),IGAPORÃ,168,120,1771527,COLEGIO ESTADUAL DE IGAPORÃ,RUA DANIEL SOARES BONFIM,ALTO DA USINA,46490000,-13.7806689,-42.713058,381,Sem acessibilidade,2026-09-25 11:50:00,128551357639357924959294
UE2015 (Anterior),IGAPORÃ,168,121,1825596,COLEGIO ESTADUAL DE IGAPORÃ,RUA DANIEL SOARES BONFIM,ALTO DA USINA,46490000,-13.7806689,-42.713058,374,Sem acessibilidade,2026-09-25 12:00:00,936632271320825704613984
UE2015 (Anterior),IGAPORÃ,168,122,1757445,COLEGIO ESTADUAL DE IGAPORÃ,RUA DANIEL SOARES BONFIM,ALTO DA USINA,46490000,-13.7806689,-42.713058,370,Sem acessibilidade,2026-09-25 12:10:00,936632388620915219757237
UE2015 (Anterior),IGAPORÃ,168,123,1754583,COLEGIO ESTADUAL DE IGAPORÃ,RUA DANIEL SOARES BONFIM,ALTO DA USINA,46490000,-13.7806689,-42.713058,376,Sem acessibilidade,2026-09-25 12:20:00,118450671038188355526299
UE2015 (Anterior),IGAPORÃ,168,124,1779986,GRUPO ESCOLAR CORONEL OLIMPIO,RUA SARGENTO VALNER FAGUNDES - ZONA URBANA,CENTRO,46490000,-13.773248,-42.7099493,302,Sem acessibilidade,2026-10-03 11:29:00,754814429602027922586860
UE2015 (Anterior),IGAPORÃ,168,125,1811301,GRUPO ESCOLAR CORONEL OLIMPIO,RUA SARGENTO VALNER FAGUNDES - ZONA URBANA,CENTRO,46490000,-13.773248,-42.7099493,300,Sem acessibilidade,2026-09-25 12:39:00,441783225971237878831600
UE2015 (Anterior),IGAPORÃ,168,126,1824552,GRUPO ESCOLAR CORONEL OLIMPIO,RUA SARGENTO VALNER FAGUNDES - ZONA URBANA,CENTRO,46490000,-13.773248,-42.7099493,302,Sem acessibilidade,2026-09-25 12:50:00,855824741612193188881269
UE2015 (Anterior),IGAPORÃ,168,127,1654785,GRUPO ESCOLAR CORONEL OLIMPIO,RUA SARGENTO VALNER FAGUNDES - ZONA URBANA,CENTRO,46490000,-13.773248,-42.7099493,303,Sem acessibilidade,2026-09-25 13:01:00,37642032730109665645952
UE2015 (Anterior),IGAPORÃ,168,128,1774273,COLEGIO ESTADUAL DE IGAPORÃ,RUA DANIEL SOARES BONFIM,ALTO DA USINA,46490000,-13.7806689,-42.713058,366,Sem acessibilidade,2026-09-25 13:32:00,956834068422360803808136
UE2015 (Anterior),IGAPORÃ,168,129,1765947,COLEGIO ESTADUAL DE IGAPORÃ,RUA DANIEL SOARES BONFIM,ALTO DA USINA,46490000,-13.7806689,-42.713058,366,Sem acessibilidade,2026-09-25 13:41:00,148753365341575135579292
UE2015 (Anterior),IGAPORÃ,168,130,1771084,COLEGIO MUNICIPAL DE TAMBORIL,POVOADO TAMBORIL - ZONA RURAL,POVOADO TAMBORIL,46490000,-13.9885684,-42.8014606,181,Sem acessibilidade,2026-09-25 13:51:00,653804953392173215820535
UE2015 (Anterior),IGAPORÃ,168,132,1841222,COLEGIO MUNICIPAL DE TAMBORIL,POVOADO TAMBORIL - ZONA RURAL,POVOADO TAMBORIL,46490000,-13.9885684,-42.8014606,166,Sem acessibilidade,2026-09-25 14:00:00,290268810156402400216558
UE2015 (Anterior),IGAPORÃ,168,133,1771421,COLEGIO MUNICIPAL DE TAMBORIL,POVOADO TAMBORIL - ZONA RURAL,POVOADO TAMBORIL,46490000,-13.9885684,-42.8014606,171,Sem acessibilidade,2026-09-25 14:11:00,966935599923231356947455
UE2015 (Anterior),IGAPORÃ,168,135,1791339,COLÉGIO MUNICIPAL OSCAR TEIXEIRA DA COSTA,POVOADO ALTAMIRA - ZONA RURAL,POVOADO ALTAMIRA,46490000,-13.9884769,-42.8015056,289,Sem acessibilidade,2026-09-25 14:21:00,815420668208178767033439
UE2015 (Anterior),IGAPORÃ,168,136,1765993,COLÉGIO MUNICIPAL OSCAR TEIXEIRA DA COSTA,POVOADO ALTAMIRA - ZONA RURAL,POVOADO ALTAMIRA,46490000,-13.9884769,-42.8015056,292,Sem acessibilidade,2026-09-25 14:47:00,57844016332014640862415
UE2015 (Anterior),IGAPORÃ,168,137,1768363,COLÉGIO MUNICIPAL ANA ROSA MAGALHÃES,POVOADO CERQUINHA - ZONA RURAL,POVOADO CERQUINHA,46490000,-13.8387243,-42.5812822,360,Sem acessibilidade,2026-09-25 14:57:00,512490586178567713217369
UE2015 (Anterior),IGAPORÃ,168,138,1807104,COLÉGIO MUNICIPAL ANA ROSA MAGALHÃES,POVOADO CERQUINHA - ZONA RURAL,POVOADO CERQUINHA,46490000,-13.8387243,-42.5812822,356,Sem acessibilidade,2026-09-25 15:07:00,98248278036808526425743
UE2015 (Anterior),IGAPORÃ,168,139,1775755,COLÉGIO MUNICIPAL ANA ROSA MAGALHÃES,POVOADO CERQUINHA - ZONA RURAL,POVOADO CERQUINHA,46490000,-13.8387243,-42.5812822,352,Sem acessibilidade,2026-09-25 15:16:00,552894848482283452776166
UE2015 (Anterior),IGAPORÃ,168,140,1770454,NUCLEO ESCOLAR DE LIMEIRA,POVOADO LIMEIRA - ZONA RURAL,POVOADO LIMEIRA,46490000,-13.6701267,-42.6947445,312,Sem acessibilidade,2026-09-25 15:25:00,744713112801490478441794
UE2015 (Anterior),IGAPORÃ,168,141,1842635,NUCLEO ESCOLAR DE LIMEIRA,POVOADO LIMEIRA - ZONA RURAL,POVOADO LIMEIRA,46490000,-13.6701267,-42.6947445,316,Sem acessibilidade,2026-09-25 15:34:00,623501100989397830988276
UE2015 (Anterior),IGAPORÃ,168,142,1845198,COLÉGIO MUNICIPAL PROF.TEREZINHA P.F. CHAVES,POVOADO BARREIRO DO TATU - ZONA RURAL,POVOADO BARRIERO DO TATU,46490000,-13.863653,-42.7677189,341,Sem acessibilidade,2026-09-25 15:45:00,795218381106721870330497
UE2015 (Anterior),IGAPORÃ,168,143,1763993,COLEGIO ESTADUAL DE IGAPORÃ,RUA DANIEL SOARES BONFIM,ALTO DA USINA,46490000,-13.7806689,-42.713058,363,Com acessibilidade,2026-09-25 16:51:00,461985168673318589402007
UE2015 (Anterior),IGRAPIÚNA,32,165,1772353,ESCOLA MUNICIPAL LUZINEIDE DOS SANTOS SEIXAS,"PRACA GEOVANE DE ALMEIDA DOCIO, S/N, CENTRO - ZONA URBANA",CENTRO,45443000,-13.8199343,-39.1403849,118,Sem acessibilidade,2026-10-01 09:16:00,235066297919836546636720
UE2015 (Anterior),IGRAPIÚNA,32,167,1765938,ESCOLA MUNICIPAL LUZINEIDE DOS SANTOS SEIXAS,"PRACA GEOVANE DE ALMEIDA DOCIO, S/N, CENTRO - ZONA URBANA",CENTRO,45443000,-13.8199343,-39.1403849,120,Sem acessibilidade,2026-10-01 09:29:00,901733182786806971391642
UE2015 (Anterior),IGRAPIÚNA,32,168,1751786,ESCOLA MUNICIPAL MARIA LIMA MOREIRA,"RUA BONFIM, S/N, CENTRO - ZONA URBANA",CENTRO,45443000,-13.8214244,-39.1422152,223,Sem acessibilidade,2026-10-01 09:38:00,820925219578749424897725
UE2015 (Anterior),IGRAPIÚNA,32,169,1793406,ESCOLA MUNICIPAL MARIA LIMA MOREIRA,"RUA BONFIM, S/N, CENTRO - ZONA URBANA",CENTRO,45443000,-13.8214244,-39.1422152,223,Sem acessibilidade,2026-10-01 09:50:00,952238456191490351577162
UE2015 (Anterior),IGRAPIÚNA,32,170,1837511,ESCOLA MUNICIPAL MARIA LIMA MOREIRA,"RUA BONFIM, S/N, CENTRO - ZONA URBANA",CENTRO,45443000,-13.8214244,-39.1422152,223,Sem acessibilidade,2026-10-01 10:00:00,366379945232538342736030
UE2015 (Anterior),IGRAPIÚNA,32,171,1767175,ESCOLA MUNICIPAL MARIA LIMA MOREIRA,"RUA BONFIM, S/N, CENTRO - ZONA URBANA",CENTRO,45443000,-13.8214244,-39.1422152,223,Sem acessibilidade,2026-10-01 10:09:00,800723499676605953224842
UE2015 (Anterior),IGRAPIÚNA,32,172,1841178,COLEGIO ESTADUAL PROFESSOR NEILTON LIMA MOREIRA,"RUA JOAO PAULO II, S/N, CENTRO - ZONA URBANA",CENTRO,45443000,-13.8191033,-39.1436261,298,Sem acessibilidade,2026-10-01 10:49:00,568399363052722937384049
UE2015 (Anterior),IGRAPIÚNA,32,173,1779952,COLEGIO ESTADUAL PROFESSOR NEILTON LIMA MOREIRA,"RUA JOAO PAULO II, S/N, CENTRO - ZONA URBANA",CENTRO,45443000,-13.8191033,-39.1436261,300,Sem acessibilidade,2026-10-01 11:00:00,416884329337696123898665
UE2015 (Anterior),IGRAPIÚNA,32,174,1760377,COLEGIO ESTADUAL PROFESSOR NEILTON LIMA MOREIRA,"RUA JOAO PAULO II, S/N, CENTRO - ZONA URBANA",CENTRO,45443000,-13.8191033,-39.1436261,300,Sem acessibilidade,2026-10-01 11:31:00,709713725566326399146776
UE2015 (Anterior),IGRAPIÚNA,32,175,1770968,COLEGIO ESTADUAL PROFESSOR NEILTON LIMA MOREIRA,"RUA JOAO PAULO II, S/N, CENTRO - ZONA URBANA",CENTRO,45443000,-13.8191033,-39.1436261,298,Sem acessibilidade,2026-10-01 11:49:00,538096668949803393187344
UE2015 (Anterior),IGRAPIÚNA,32,176,1807555,COLEGIO ESTADUAL PROFESSOR NEILTON LIMA MOREIRA,"RUA JOAO PAULO II, S/N, CENTRO - ZONA URBANA",CENTRO,45443000,-13.8191033,-39.1436261,299,Sem acessibilidade,2026-10-01 11:58:00,487591721144776760180779
UE2015 (Anterior),IGRAPIÚNA,32,177,1757020,COLEGIO ESTADUAL PROFESSOR NEILTON LIMA MOREIRA,"RUA JOAO PAULO II, S/N, CENTRO - ZONA URBANA",CENTRO,45443000,-13.8191033,-39.1436261,300,Sem acessibilidade,2026-10-01 12:37:00,194662541715347169250238
UE2015 (Anterior),IGRAPIÚNA,32,178,1825737,ESCOLA MUNICIPAL DOUTOR FRANCISCO XAVIER BORGES,POVOADO DO TIMBUCA - ZONA RURAL,ILHA DO TIMBUCA,45443000,-13.8112331,-39.0559075,189,Sem acessibilidade,2026-10-01 12:49:00,942137407190323522535526
UE2015 (Anterior),IGRAPIÚNA,32,179,1795940,ESCOLA MUNICIPAL FENELON RAMOS PINTO,"AV. GEOVANE DE ALMEIDA DÓCIO, S/N - ZONA URBANA",CENTRO,45443000,-13.8202482,-39.1406752,139,Sem acessibilidade,2026-10-01 12:58:00,386581954734787134152039
UE2015 (Anterior),IGRAPIÚNA,32,181,1833192,ESCOLA MUNICIPAL FENELON RAMOS PINTO,"AV. GEOVANE DE ALMEIDA DÓCIO, S/N - ZONA URBANA",CENTRO,45443000,-13.8202482,-39.1406752,141,Sem acessibilidade,2026-10-01 13:10:00,719814472067303485133888
UE2015 (Anterior),IGRAPIÚNA,32,183,1832747,ESCOLA MUNICIPAL FENELON RAMOS PINTO,"AV. GEOVANE DE ALMEIDA DÓCIO, S/N - ZONA URBANA",CENTRO,45443000,-13.8202482,-39.1406752,140,Sem acessibilidade,2026-10-01 13:19:00,861329845882086013066191
UE2015 (Anterior),IGRAPIÚNA,32,185,1836624,ESCOLA MUNICIPAL FENELON RAMOS PINTO,"AV. GEOVANE DE ALMEIDA DÓCIO, S/N - ZONA URBANA",CENTRO,45443000,-13.8202482,-39.1406752,141,Sem acessibilidade,2026-10-01 13:34:00,103753306206153691835584
UE2015 (Anterior),IGRAPIÚNA,32,187,1766949,ESCOLA MUNICIPAL FENELON RAMOS PINTO,"AV. GEOVANE DE ALMEIDA DÓCIO, S/N - ZONA URBANA",CENTRO,45443000,-13.8202482,-39.1406752,138,Sem acessibilidade,2026-10-01 09:24:00,33046456979589385911271
UE2015 (Anterior),IGRAPIÚNA,32,190,1767170,ESCOLA MUNICIPAL FENELON RAMOS PINTO,"AV. GEOVANE DE ALMEIDA DÓCIO, S/N - ZONA URBANA",CENTRO,45443000,-13.8202482,-39.1406752,139,Sem acessibilidade,2026-10-01 09:38:00,952238676671875654253877
UE2015 (Anterior),IGRAPIÚNA,32,191,1841840,ESCOLA MUNICIPAL FENELON RAMOS PINTO,"AV. GEOVANE DE ALMEIDA DÓCIO, S/N - ZONA URBANA",CENTRO,45443000,-13.8202482,-39.1406752,139,Sem acessibilidade,2026-10-01 09:50:00,679410508543210563087861
UE2015 (Anterior),IGRAPIÚNA,32,192,1833636,ESCOLA MUNICIPAL VALENTIM RÉGIS,"POVOADO RIO DO BRAÇO, S/N - ZONA RURAL",POVOADO DO RIO DO BRACO,45443000,-13.9295313,-39.348257,281,Sem acessibilidade,2026-10-01 10:00:00,164359107092335912155514
UE2015 (Anterior),IGRAPIÚNA,32,193,1825564,ESCOLA MUNICIPAL VALENTIM RÉGIS,"POVOADO RIO DO BRAÇO, S/N - ZONA RURAL",POVOADO DO RIO DO BRACO,45443000,-13.9295313,-39.348257,283,Sem acessibilidade,2026-10-01 10:10:00,538096582229797225218378
UE2015 (Anterior),IGRAPIÚNA,32,194,1790058,ESCOLA MUNICIPAL VALENTIM RÉGIS,"POVOADO RIO DO BRAÇO, S/N - ZONA RURAL",POVOADO DO RIO DO BRACO,45443000,-13.9295313,-39.348257,277,Sem acessibilidade,2026-10-01 10:49:00,558298713931715719971398
UE2015 (Anterior),IGRAPIÚNA,32,195,1763372,ESCOLA MUNICIPAL AIDÊ SOUZA FERREIRA,DISTRITO DO CONTRATO - ZONA RURAL,ILHA DO CONTRATO,45443000,-13.8568047,-39.008806,266,Sem acessibilidade,2026-10-01 11:14:00,83551357584734458610152
UE2015 (Anterior),IGRAPIÚNA,32,197,1821766,COLÉGIO MUNICIPAL LENILTO DE JESUS CANELA,"AVENIDA GEOVANE DE ALMEIDA DÓCIO, S/N, CENTRO",CENTRO,45443000,-13.8205073,-39.1414876,180,Sem acessibilidade,2026-10-01 11:36:00,871430365263847658882387
UE2015 (Anterior),IGRAPIÚNA,32,199,1770348,COLÉGIO MUNICIPAL LENILTO DE JESUS CANELA,"AVENIDA GEOVANE DE ALMEIDA DÓCIO, S/N, CENTRO",CENTRO,45443000,-13.8205073,-39.1414876,183,Sem acessibilidade,2026-10-01 11:53:00,729915434448668278201848
UE2015 (Anterior),IGRAPIÚNA,32,200,1765569,COLÉGIO MUNICIPAL LENILTO DE JESUS CANELA,"AVENIDA GEOVANE DE ALMEIDA DÓCIO, S/N, CENTRO",CENTRO,45443000,-13.8205073,-39.1414876,183,Sem acessibilidade,2026-10-01 12:37:00,325975508308472276659655
UE2015 (Anterior),IGRAPIÚNA,32,205,1766009,ESCOLA ELOY RUFINO DE ANDRADE,"REGIÃO DA JULIANA, S/N - ZONA RURAL",REGIÃO DA JULIANA,45443000,-13.8391599,-39.3268992,332,Sem acessibilidade,2026-10-01 12:49:00,22945756178401221543061
UE2015 (Anterior),IGRAPIÚNA,32,206,1765812,ESCOLA MARIA IDALINA MIRANDA,"POVOADO DA LARANJEIRA, S/N - ZONA RURAL",POVOADO DA LARANJEIRA,45443000,-13.9056846,-39.2111431,290,Sem acessibilidade,2026-10-01 12:58:00,2743845476401186444425
UE2015 (Anterior),IGRAPIÚNA,32,207,1761952,ESCOLA MUNICIPAL JOÃO BATISTA DE OLIVEIRA FIGUEIREDO,"REGIÃO DA PONTA, S/N - ZONA RURAL",REGIÃO DA PONTA,45443000,-13.8589802,-39.0718006,322,Sem acessibilidade,2026-10-01 13:10:00,134056088289727934300091
UE2015 (Anterior),IGRAPIÚNA,32,208,1763125,PRÉDIO DO CENTRO DE REFERÊNCIA DE ASSISTÊNCIA SOCIAL CRAS,POVOADO DA LIMEIRA II - ZONA RURAL,POVOADO DA LIMEIRA II,45443000,-13.8786148,-39.1367913,374,Sem acessibilidade,2026-10-01 13:19:00,325975385708544137907964
UE2015 (Anterior),IGRAPIÚNA,32,211,1757341,ESCOLA MUNICIPAL AIDÊ SOUZA FERREIRA,DISTRITO DO CONTRATO - ZONA RURAL,ILHA DO CONTRATO,45443000,-13.8568047,-39.008806,180,Sem acessibilidade,2026-10-01 13:34:00,608703961036655027841678
UE2015 (Anterior),IGRAPIÚNA,32,215,1762865,ESCOLA MARIA IDALINA MIRANDA,"POVOADO DA LARANJEIRA, S/N - ZONA RURAL",POVOADO DA LARANJEIRA,45443000,-13.9056846,-39.2111431,63,Sem acessibilidade,2026-10-01 13:45:00,204763002996412015754577
UE2015 (Anterior),IPECAETÁ,143,19,1764524,COLÉGIO ESTADUAL ÁUREO FILHO,RUA ISAURO GONÇALVES GOMES,CENTRO,44680000,-12.3175811,-39.3038964,377,Com acessibilidade,2026-09-24 08:08:00,542124600746493597584742
UE2015 (Anterior),IPECAETÁ,143,20,1765717,COLÉGIO ESTADUAL ÁUREO FILHO,RUA ISAURO GONÇALVES GOMES,CENTRO,44680000,-12.3175811,-39.3038964,375,Com acessibilidade,2026-09-24 08:19:00,936063078585047189086138
UE2015 (Anterior),IPECAETÁ,143,21,1762410,COLÉGIO ESTADUAL ÁUREO FILHO,RUA ISAURO GONÇALVES GOMES,CENTRO,44680000,-12.3175811,-39.3038964,372,Com acessibilidade,2026-09-24 08:29:00,97679349001296591249819
UE2015 (Anterior),IPECAETÁ,143,22,1841483,COLÉGIO ESTADUAL ÁUREO FILHO,RUA ISAURO GONÇALVES GOMES,CENTRO,44680000,-12.3175811,-39.3038964,377,Com acessibilidade,2026-09-24 08:40:00,259295618617007081177247
UE2015 (Anterior),IPECAETÁ,143,23,1761950,COLÉGIO MUNICIPAL MANOEL JOSÉ  GOMES,RUA FRANCISCO GUERRA - ZONA URBANA,CENTRO,44680000,-12.315377,-39.3095061,237,Com acessibilidade,2026-09-24 08:48:00,734043202465048528618650
UE2015 (Anterior),IPECAETÁ,143,24,1765678,COLÉGIO MUNICIPAL MANOEL JOSÉ  GOMES,RUA FRANCISCO GUERRA - ZONA URBANA,CENTRO,44680000,-12.315377,-39.3095061,240,Com acessibilidade,2026-09-24 08:59:00,552225131547024497940790
UE2015 (Anterior),IPECAETÁ,143,25,1766142,COLÉGIO MUNICIPAL MANOEL JOSÉ  GOMES,RUA FRANCISCO GUERRA - ZONA URBANA,CENTRO,44680000,-12.315377,-39.3095061,242,Com acessibilidade,2026-09-24 09:09:00,289598977520417670230105
UE2015 (Anterior),IPECAETÁ,143,26,1775239,COLÉGIO MUNICIPAL MANOEL JOSÉ  GOMES,RUA FRANCISCO GUERRA - ZONA URBANA,CENTRO,44680000,-12.315377,-39.3095061,238,Com acessibilidade,2026-09-24 09:18:00,127982922004271437136457
UE2015 (Anterior),IPECAETÁ,143,27,1768098,CRECHE MUNICIPAL EROTIDES SILVA OLIVEIRA ,"AV. RUI BARBOSA, S/N, CENTRO",CENTRO,44680000,-12.3185953,-39.3049762,152,Com acessibilidade,2026-09-24 09:27:00,158285068207326083592130
UE2015 (Anterior),IPECAETÁ,143,29,1837885,ESCOLA MUNICIPAL JOÃO CERQUEIRA GOMES,RUA JOÃO PASSOS - ZONA URBANA,CENTRO,44680000,-12.3167855,-39.3064204,151,Com acessibilidade,2026-09-24 09:36:00,208790337012397718902642
UE2015 (Anterior),IPECAETÁ,143,32,1835899,ESCOLA MUNICIPAL JOÃO CERQUEIRA GOMES,RUA JOÃO PASSOS - ZONA URBANA,CENTRO,44680000,-12.3167855,-39.3064204,198,Com acessibilidade,2026-09-24 09:45:00,713841145063928570349050
UE2015 (Anterior),IPECAETÁ,143,34,1816279,ESCOLA MUNICIPAL JOÃO CERQUEIRA GOMES,RUA JOÃO PASSOS - ZONA URBANA,CENTRO,44680000,-12.3167855,-39.3064204,198,Com acessibilidade,2026-09-24 09:53:00,158285801707317493550798
UE2015 (Anterior),IPECAETÁ,143,36,1767015,CRECHE MUNICIPAL EROTIDES SILVA OLIVEIRA ,"AV. RUI BARBOSA, S/N, CENTRO",CENTRO,44680000,-12.3185953,-39.3049762,165,Com acessibilidade,2026-09-24 10:02:00,370407248029091139525381
UE2015 (Anterior),IPECAETÁ,143,38,1759743,COLÉGIO LAUDELINO GONÇALVES DE MOURA,LOTEAMENTO SINESIO AZEVEDO- CAVUNGE/IPECAETÁ-BA,DISTRITO CAVUNGE,44680000,-12.2493028,-39.3440926,365,Com acessibilidade,2026-09-24 10:16:00,117881202503209776461509
UE2015 (Anterior),IPECAETÁ,143,39,1767100,COLÉGIO LAUDELINO GONÇALVES DE MOURA,LOTEAMENTO SINESIO AZEVEDO- CAVUNGE/IPECAETÁ-BA,DISTRITO CAVUNGE,44680000,-12.2493028,-39.3440926,364,Com acessibilidade,2026-09-24 10:26:00,946164148886123179862620
UE2015 (Anterior),IPECAETÁ,143,40,1765188,COLÉGIO LAUDELINO GONÇALVES DE MOURA,LOTEAMENTO SINESIO AZEVEDO- CAVUNGE/IPECAETÁ-BA,DISTRITO CAVUNGE,44680000,-12.2493028,-39.3440926,365,Com acessibilidade,2026-09-24 10:34:00,269396546218391219861539
UE2015 (Anterior),IPECAETÁ,143,41,1769484,ESCOLA MUNICIPAL HILDO ROCHA DA TRINDADE ,DISTRITO SERROTE,POVOADO SERROTE,44680000,-12.3735869,-39.3479007,347,Com acessibilidade,2026-09-24 10:44:00,966366355388182343830830
UE2015 (Anterior),IPECAETÁ,143,42,1763153,ESCOLA MUNICIPAL HILDO ROCHA DA TRINDADE ,DISTRITO SERROTE,POVOADO SERROTE,44680000,-12.3735869,-39.3479007,352,Com acessibilidade,2026-09-24 10:56:00,552225059547005583978330
UE2015 (Anterior),IPECAETÁ,143,43,1772113,ESCOLA MUNICIPAL PROFESSOR ROBERTO FIGUEIRA SANTOS,POVOADO RIACHO FUNDO - ZONA RURAL,POVOADO RIACHO FUNDO,44680000,-12.3450633,-39.3001936,180,Com acessibilidade,2026-09-24 11:10:00,532023145145314616279118
UE2015 (Anterior),IPECAETÁ,143,45,1768717,ESCOLA MUNICIPAL MARGARIDA RODRIGUES DE OLIVEIRA,POVOADO MARIA PRETA - ZONA RURAL,POVOADO MARIA PRETA,44680000,-12.3414178,-39.3251854,305,Com acessibilidade,2026-09-24 11:17:00,663336498558937806277851
UE2015 (Anterior),IPECAETÁ,143,46,1779696,CRECHE LANDULFO ALVES PASSOS,"AV. JURACY MAGALHÃES JUNIOR, SN, ZONA RURAL",DISTRITO CAVUNGE,44680000,-12.2476753,-39.3415117,172,Com acessibilidade,2026-09-24 11:26:00,26972961394314144631748
UE2015 (Anterior),IPECAETÁ,143,47,1763927,ESCOLA MUNICIPAL SEVERINO AMÂNCIO PEREIRA,POVOADO SERRINHA - ZONA RURAL,CENTRO,44680000,-12.3743345,-39.246965,275,Com acessibilidade,2026-09-24 11:35:00,47174090396359201954953
UE2015 (Anterior),IPECAETÁ,143,48,1788332,ESCOLA LINEU CERQUEIRA DA SILVA,RUA JURACY MAGALHÃES JUNIOR- CAVUNGE,DISTRITO CAVUNGE,44680000,-12.2470164,-39.3408316,191,Com acessibilidade,2026-09-24 11:45:00,845154007476248053875514
UE2015 (Anterior),IPECAETÁ,143,49,1756890,ESCOLA MUNICIPAL ISAURO MANOEL DA SILVA,POVOADO SÍTIO DO JACARÉ - ZONA RURAL,POVOADO SÍTIO DO JACARÉ,44680000,-12.4078768,-39.3607973,224,Com acessibilidade,2026-09-24 11:54:00,774447049969190058707020
UE2015 (Anterior),IPECAETÁ,143,50,1777633,ESCOLA MUNICIPAL HILDO ROCHA DA TRINDADE ,DISTRITO SERROTE,POVOADO SERROTE,44680000,-12.3735869,-39.3479007,282,Com acessibilidade,2026-09-24 09:53:00,754245107531915308906170
UE2015 (Anterior),IPECAETÁ,143,51,1796065,ESCOLA MUNICIPAL APRIGIO SANTANA,POVOADO JACU - ZONA RURAL,POVOADO JACÚ,44680000,-12.3328206,-39.2820943,150,Com acessibilidade,2026-09-24 10:02:00,360306825892085498248266
UE2015 (Anterior),IPECAETÁ,143,53,1767017,ESCOLA MUNICIPAL VICENTE PEREIRA DA SILVA,POVOADO BENFICA - ZONA RURAL,POVOADO BENFICA 1,44680000,-12.364303,-39.2894766,317,Com acessibilidade,2026-09-24 10:12:00,77477756863887037069743
UE2015 (Anterior),IPECAETÁ,143,54,1765343,ESCOLA MUNICIPAL EDUARDO JOSÉ DA SILVA,POVOADO CAMPO DO MEIO - ZONA RURAL,POVOADO CAMPO DO MEIO,44680000,-12.3548332,-39.3510826,317,Com acessibilidade,2026-09-24 10:22:00,239093028479134092743715
UE2015 (Anterior),IPECAETÁ,143,120,1808634,COLÉGIO LAUDELINO GONÇALVES DE MOURA,LOTEAMENTO SINESIO AZEVEDO- CAVUNGE/IPECAETÁ-BA,DISTRITO CAVUNGE,44680000,-12.2493028,-39.3440926,366,Com acessibilidade,2026-09-24 10:31:00,370407608593294440086016
UE2015 (Anterior),IPECAETÁ,143,123,1822043,COLÉGIO ESTADUAL ÁUREO FILHO,RUA ISAURO GONÇALVES GOMES,CENTRO,44680000,-12.3175811,-39.3038964,374,Com acessibilidade,2026-09-24 10:46:00,936063496949299388505963
UE2015 (Anterior),IPECAETÁ,143,137,1766936,ESCOLA MUNICIPAL MARGARIDA RODRIGUES DE OLIVEIRA,POVOADO MARIA PRETA - ZONA RURAL,POVOADO MARIA PRETA,44680000,-12.3414178,-39.3251854,303,Com acessibilidade,2026-09-24 10:55:00,986568052654368921969643
UE2015 (Anterior),IPECAETÁ,143,145,1766932,ESCOLA MUNICIPAL HILDO ROCHA DA TRINDADE ,DISTRITO SERROTE,POVOADO SERROTE,44680000,-12.3735869,-39.3479007,350,Com acessibilidade,2026-09-24 11:06:00,703740626226815437666789
UE2015 (Anterior),IPECAETÁ,143,147,1771554,COLÉGIO LAUDELINO GONÇALVES DE MOURA,LOTEAMENTO SINESIO AZEVEDO- CAVUNGE/IPECAETÁ-BA,DISTRITO CAVUNGE,44680000,-12.2493028,-39.3440926,366,Com acessibilidade,2026-09-24 11:16:00,360306500692567309124530
UE2015 (Anterior),IPECAETÁ,143,148,1762921,ESCOLA MUNICIPAL PROFESSOR ROBERTO FIGUEIRA SANTOS,POVOADO RIACHO FUNDO - ZONA RURAL,POVOADO RIACHO FUNDO,44680000,-12.3450633,-39.3001936,182,Com acessibilidade,2026-09-24 11:26:00,804750051636091075429954
UE2015 (Anterior),IPECAETÁ,143,155,1765728,ESCOLA MUNICIPAL ISAURO MANOEL DA SILVA,POVOADO SÍTIO DO JACARÉ - ZONA RURAL,POVOADO SÍTIO DO JACARÉ,44680000,-12.4078768,-39.3607973,225,Com acessibilidade,2026-09-24 11:36:00,208790193276582270553203
UE2015 (Anterior),IPECAETÁ,143,158,1767803,COLÉGIO ESTADUAL ÁUREO FILHO,RUA ISAURO GONÇALVES GOMES,CENTRO,44680000,-12.3175811,-39.3038964,379,Com acessibilidade,2026-09-24 11:46:00,946164266450419749042341
UE2015 (Anterior),IPECAETÁ,143,159,1808528,ESCOLA MUNICIPAL HILDO ROCHA DA TRINDADE ,DISTRITO SERROTE,POVOADO SERROTE,44680000,-12.3735869,-39.3479007,360,Com acessibilidade,2026-09-24 11:56:00,744144174030301761983727
UE2015 (Anterior),IPECAETÁ,143,163,1825681,POSTO DE SAÚDE SATÉLITE LUIZ MEDEIROS DA SILVA,POVOADO MULUNGU - ZONA RURAL,POVOADO MULUNGU 1,44680000,-12.2974921,-39.2625744,364,Com acessibilidade,2026-09-24 12:05:00,774447614833921267779203
UE2015 (Anterior),IPECAETÁ,143,187,1775703,CRECHE MUNICIPAL EROTIDES SILVA OLIVEIRA ,"AV. RUI BARBOSA, S/N, CENTRO",CENTRO,44680000,-12.3185953,-39.3049762,156,Com acessibilidade,2026-09-24 12:19:00,895659314545414110580887
UE2015 (Anterior),IPECAETÁ,143,190,1793276,ESCOLA MUNICIPAL VICENTE PEREIRA DA SILVA,POVOADO BENFICA - ZONA RURAL,POVOADO BENFICA 1,44680000,-12.364303,-39.2894766,313,Com acessibilidade,2026-09-24 12:29:00,148184864370750171318964
UE2015 (Anterior),IPECAETÁ,143,201,1752876,CRECHE LANDULFO ALVES PASSOS,"AV. JURACY MAGALHÃES JUNIOR, SN, ZONA RURAL",DISTRITO CAVUNGE,44680000,-12.2476753,-39.3415117,360,Com acessibilidade,2026-09-24 12:38:00,410811705997049320539401
UE2015 (Anterior),IPECAETÁ,143,210,1761134,ESCOLA MUNICIPAL HILDO ROCHA DA TRINDADE ,DISTRITO SERROTE,POVOADO SERROTE,44680000,-12.3735869,-39.3479007,344,Com acessibilidade,2026-09-24 12:47:00,663336917522319609354595
UE2015 (Anterior),IPECAETÁ,143,213,1762247,ESCOLA MUNICIPAL SEVERINO AMÂNCIO PEREIRA,POVOADO SERRINHA - ZONA RURAL,CENTRO,44680000,-12.3743345,-39.246965,144,Com acessibilidade,2026-09-24 12:56:00,643134222720314624980450
UE2015 (Anterior),IPECAETÁ,143,216,1753750,CRECHE LANDULFO ALVES PASSOS,"AV. JURACY MAGALHÃES JUNIOR, SN, ZONA RURAL",DISTRITO CAVUNGE,44680000,-12.2476753,-39.3415117,346,Com acessibilidade,2026-09-24 13:10:00,976467884153978255002818
UE2015 (Anterior),IPECAETÁ,143,217,1759096,ESCOLA MUNICIPAL VICENTE PEREIRA DA SILVA,POVOADO BENFICA - ZONA RURAL,POVOADO BENFICA 1,44680000,-12.364303,-39.2894766,313,Com acessibilidade,2026-09-24 13:13:00,329902347988538968870778
UE2015 (Anterior),IPECAETÁ,143,220,1840704,COLÉGIO ESTADUAL ÁUREO FILHO,RUA ISAURO GONÇALVES GOMES,CENTRO,44680000,-12.3175811,-39.3038964,377,Sem acessibilidade,2026-09-24 13:22:00,249194561880477555774081
UE2015 (Anterior),IPECAETÁ,143,224,1778023,CRECHE LANDULFO ALVES PASSOS,"AV. JURACY MAGALHÃES JUNIOR, SN, ZONA RURAL",DISTRITO CAVUNGE,44680000,-12.2476753,-39.3415117,172,Sem acessibilidade,2026-09-24 13:32:00,461316220202786328522710
UE2015 (Anterior),IPECAETÁ,143,228,1754134,COLÉGIO ESTADUAL ÁUREO FILHO,RUA ISAURO GONÇALVES GOMES,CENTRO,44680000,-12.3175811,-39.3038964,375,Sem acessibilidade,2026-10-01 15:44:00,794649990435159538916198
UE2015 (Anterior),IRARÁ,74,20,1755671,ESCOLA MUNICIPAL ALZIRA MARTINS DANTAS DE OLIVEIRA,"RUA MANOEL MODESTO DE FREITAS, S/N - ZONA URBANA",CENTRO,44255000,-12.04320887,-38.76412403,238,Com acessibilidade,2026-09-22 12:10:00,27295168861733808103278
UE2015 (Anterior),IRARÁ,74,21,1762697,COLÉGIO ESTADUAL DE TEMPO INTEGRAL PROFESSORA MARLENE ALVES DOS SANTOS,RODOVIA BA 504,CAJUEIRO,44255000,-12.02815935,-38.77017588,362,Com acessibilidade,2026-09-22 12:09:00,340427598012595123190166
UE2015 (Anterior),IRARÁ,74,22,1775774,COLÉGIO ESTADUAL DE TEMPO INTEGRAL PROFESSORA MARLENE ALVES DOS SANTOS,RODOVIA BA 504,CAJUEIRO,44255000,-12.02815935,-38.77017588,364,Com acessibilidade,2026-09-22 12:20:00,683861041046486720028966
UE2015 (Anterior),IRARÁ,74,23,1766433,COLÉGIO ESTADUAL DE TEMPO INTEGRAL PROFESSORA MARLENE ALVES DOS SANTOS,RODOVIA BA 504,CAJUEIRO,44255000,-12.02815935,-38.77017588,364,Com acessibilidade,2026-09-22 12:30:00,178710648395060111828953
UE2015 (Anterior),IRARÁ,74,24,1759110,COLÉGIO ESTADUAL DE TEMPO INTEGRAL PROFESSORA MARLENE ALVES DOS SANTOS,RODOVIA BA 504,CAJUEIRO,44255000,-12.02815935,-38.77017588,366,Com acessibilidade,2026-09-22 14:25:00,340427924612715399029727
UE2015 (Anterior),IRARÁ,74,25,1762758,COLÉGIO ESTADUAL DE TEMPO INTEGRAL PROFESSORA MARLENE ALVES DOS SANTOS,RODOVIA BA 504,CAJUEIRO,44255000,-12.02815935,-38.77017588,364,Com acessibilidade,2026-09-22 14:35:00,572750267535039611907884
UE2015 (Anterior),IRARÁ,74,26,1766385,COLÉGIO ESTADUAL DE TEMPO INTEGRAL PROFESSORA MARLENE ALVES DOS SANTOS,RODOVIA BA 504,CAJUEIRO,44255000,-12.02815935,-38.77017588,363,Com acessibilidade,2026-09-22 14:44:00,198912995197679084745285
UE2015 (Anterior),IRARÁ,74,27,1811037,COLÉGIO ESTADUAL DE TEMPO INTEGRAL PROFESSORA MARLENE ALVES DOS SANTOS,RODOVIA BA 504,CAJUEIRO,44255000,-12.02815935,-38.77017588,359,Com acessibilidade,2026-09-22 14:55:00,986891897976623242841824
UE2015 (Anterior),IRARÁ,74,28,1764532,COLÉGIO ESTADUAL DE TEMPO INTEGRAL PROFESSORA MARLENE ALVES DOS SANTOS,RODOVIA BA 504,CAJUEIRO,44255000,-12.02815935,-38.77017588,363,Com acessibilidade,2026-09-22 15:05:00,431336458921736129496391
UE2015 (Anterior),IRARÁ,74,29,1765226,COLÉGIO ESTADUAL DE TEMPO INTEGRAL PROFESSORA MARLENE ALVES DOS SANTOS,RODOVIA BA 504,CAJUEIRO,44255000,-12.02815935,-38.77017588,358,Com acessibilidade,2026-09-22 15:20:00,128205257190252170661211
UE2015 (Anterior),IRARÁ,74,30,1785864,ESCOLA MUNICIPAL ALLAN KARDEC,AVENIDA ELÍSIO SANTANA -ZONA URBANA,CENTRO,44255000,-12.04054414,-38.76656063,306,Sem acessibilidade,2026-09-22 15:51:00,976790184675441590374178
UE2015 (Anterior),IRARÁ,74,31,1837339,ESCOLA MUNICIPAL ALLAN KARDEC,AVENIDA ELÍSIO SANTANA -ZONA URBANA,CENTRO,44255000,-12.04054414,-38.76656063,306,Sem acessibilidade,2026-09-22 16:00:00,502043824628566179502266
UE2015 (Anterior),IRARÁ,74,32,1766443,ESCOLA MUNICIPAL ALZIRA MARTINS DANTAS DE OLIVEIRA,"RUA MANOEL MODESTO DE FREITAS, S/N - ZONA URBANA",CENTRO,44255000,-12.04320887,-38.76412403,240,Com acessibilidade,2026-09-22 12:21:00,239316660082101827980771
UE2015 (Anterior),IRARÁ,74,33,1766653,ESCOLA MUNICIPAL ALZIRA MARTINS DANTAS DE OLIVEIRA,"RUA MANOEL MODESTO DE FREITAS, S/N - ZONA URBANA",CENTRO,44255000,-12.04320887,-38.76412403,238,Com acessibilidade,2026-09-22 12:31:00,289821823087248713026431
UE2015 (Anterior),IRARÁ,74,34,1765968,ESCOLA MUNICIPAL ALZIRA MARTINS DANTAS DE OLIVEIRA,"RUA MANOEL MODESTO DE FREITAS, S/N - ZONA URBANA",CENTRO,44255000,-12.04320887,-38.76412403,237,Com acessibilidade,2026-09-22 12:42:00,158508808574274762928615
UE2015 (Anterior),IRARÁ,74,35,1766770,ESCOLA MUNICIPAL ALZIRA MARTINS DANTAS DE OLIVEIRA,"RUA MANOEL MODESTO DE FREITAS, S/N - ZONA URBANA",CENTRO,44255000,-12.04320887,-38.76412403,235,Com acessibilidade,2026-09-22 14:22:00,825275588641980372917783
UE2015 (Anterior),IRARÁ,74,36,1810662,CEPI - CENTRO DE FORMAÇÃO PROFISSIONAL DE IRARÁ,AVENIDA PEDRO NOLASCO DE PINHO S/N,CENTRO,44255000,-12.03782635,-38.76749735,290,Sem acessibilidade,2026-09-22 17:56:00,97902961124132738322515
UE2015 (Anterior),IRARÁ,74,37,1765627,COLÉGIO ESTADUAL DE TEMPO INTEGRAL PROFESSORA MARLENE ALVES DOS SANTOS,RODOVIA BA 504,CAJUEIRO,44255000,-12.02815935,-38.77017588,362,Com acessibilidade,2026-09-22 15:30:00,421235403820643167712652
UE2015 (Anterior),IRARÁ,74,38,1766678,ESCOLA MUNICIPAL SÃO JUDAS TADEU,RUA PEDRO PORTELA SOBRINHO -ZONA URBANA,CENTRO,44255000,-12.04970376,-38.76583043,280,Com acessibilidade,2026-09-22 14:55:00,845477935343487831524843
UE2015 (Anterior),IRARÁ,74,39,1766683,ESCOLA MUNICIPAL SÃO JUDAS TADEU,RUA PEDRO PORTELA SOBRINHO -ZONA URBANA,CENTRO,44255000,-12.04970376,-38.76583043,281,Com acessibilidade,2026-09-22 15:00:00,906083102549858948706373
UE2015 (Anterior),IRARÁ,74,40,1839441,CRECHE PROFESSORA EDNALVA SUELI SILVA SANTOS,RUA RUY BARBOSA - ZONA URBANA,CENTRO,44255000,-12.04771688,-38.7656341,280,Com acessibilidade,2026-09-22 17:18:00,835376114361655993746573
UE2015 (Anterior),IRARÁ,74,42,1764726,CRECHE PROFESSORA EDNALVA SUELI SILVA SANTOS,RUA RUY BARBOSA - ZONA URBANA,CENTRO,44255000,-12.04771688,-38.7656341,286,Com acessibilidade,2026-09-22 17:31:00,562649064134070202933290
UE2015 (Anterior),IRARÁ,74,43,1767530,ESCOLA MUNICIPAL SÃO JUDAS TADEU,RUA PEDRO PORTELA SOBRINHO -ZONA URBANA,CENTRO,44255000,-12.04970376,-38.76583043,280,Com acessibilidade,2026-09-22 15:12:00,188811797377365524237153
UE2015 (Anterior),IRARÁ,74,44,1777972,ESCOLA MUNICIPAL SÃO JUDAS TADEU,RUA PEDRO PORTELA SOBRINHO -ZONA URBANA,CENTRO,44255000,-12.04970376,-38.76583043,280,Com acessibilidade,2026-09-22 15:27:00,996992715558614532016576
UE2015 (Anterior),IRARÁ,74,45,1762775,ESCOLA MUNICIPAL SÃO JUDAS TADEU,RUA PEDRO PORTELA SOBRINHO -ZONA URBANA,CENTRO,44255000,-12.04970376,-38.76583043,280,Com acessibilidade,2026-09-22 15:31:00,37396861662324166634969
UE2015 (Anterior),IRARÁ,74,46,1767400,ESCOLA MUNICIPAL SÃO JUDAS TADEU,RUA PEDRO PORTELA SOBRINHO -ZONA URBANA,CENTRO,44255000,-12.04970376,-38.76583043,281,Com acessibilidade,2026-09-22 15:41:00,774770719236154740083259
UE2015 (Anterior),IRARÁ,74,47,1765087,ESCOLA MUNICIPAL PROF. ANTÔNIO JOSÉ FERREIRA DE SOUZA,"RUA PEDRO PORTELA SOBRINHO, S/N - ZONA URBANA",CENTRO,44255000,-12.05458374,-38.7624107,218,Com acessibilidade,2026-09-22 15:30:00,17194062116231041120883
UE2015 (Anterior),IRARÁ,74,48,1762422,ESCOLA MUNICIPAL PROF. ANTÔNIO JOSÉ FERREIRA DE SOUZA,"RUA PEDRO PORTELA SOBRINHO, S/N - ZONA URBANA",CENTRO,44255000,-12.05458374,-38.7624107,222,Com acessibilidade,2026-09-22 15:39:00,461639625661319358834262
UE2015 (Anterior),IRARÁ,74,49,1769330,ESCOLA MUNICIPAL MARIO CAMPOS MARTINS,RUA MARIO CAMPOS MARTINS - ZONA RURAL,DISTRITO BENTO SIMOES,44255000,-12.14360208,-38.74273995,247,Com acessibilidade,2026-09-22 10:27:00,653558922480728521158637
UE2015 (Anterior),IRARÁ,74,50,1768043,ESCOLA MUNICIPAL MARIO CAMPOS MARTINS,RUA MARIO CAMPOS MARTINS - ZONA RURAL,DISTRITO BENTO SIMOES,44255000,-12.14360208,-38.74273995,249,Com acessibilidade,2026-09-22 10:37:00,996992346614157334497600
UE2015 (Anterior),IRARÁ,74,103,1766893,ESCOLA MUNICIPAL SÃO JUDAS TADEU,RUA PEDRO PORTELA SOBRINHO -ZONA URBANA,CENTRO,44255000,-12.04970376,-38.76583043,291,Sem acessibilidade,2026-09-22 15:53:00,421235840201039006286140
UE2015 (Anterior),IRARÁ,74,104,1766838,ESCOLA MUNICIPAL SÃO JUDAS TADEU,RUA PEDRO PORTELA SOBRINHO -ZONA URBANA,CENTRO,44255000,-12.04970376,-38.76583043,282,Com acessibilidade,2026-09-22 15:02:00,47497574363130292663192
UE2015 (Anterior),IRARÁ,74,105,1768315,ESCOLA MUNICIPAL MARIO CAMPOS MARTINS,RUA MARIO CAMPOS MARTINS - ZONA RURAL,DISTRITO BENTO SIMOES,44255000,-12.14360208,-38.74273995,247,Com acessibilidade,2026-09-22 10:47:00,502043142365750197201191
UE2015 (Anterior),IRARÁ,74,106,1833709,CRECHE MUNICIPAL ELÍSIO SANTANA,LOTEAMENTO ANTONIO CARLOS MAGALHÃES NETO - ZONA URBANA,CRUZEIRO DA QUEIMADA,44255000,-12.05627236,-38.75888438,215,Com acessibilidade,2026-09-22 14:58:00,128205876727972893880578
UE2015 (Anterior),IRARÁ,74,107,1765401,ESCOLINHA ARCO IRIS,RUA CAMPOS MARTINS - ZONA URBANA,CENTRO,44255000,-12.04754191,-38.76643522,216,Com acessibilidade,2026-09-22 14:26:00,582851446473023104445251
UE2015 (Anterior),IRARÁ,74,108,1769793,COLEGIO CLAUDIA PAIXÃO,RUA PEDRO DE LIMA - ZONA URBANA,CENTRO,44255000,-12.04450463,-38.76637355,275,Com acessibilidade,2026-09-22 17:50:00,320225291210945362471395
UE2015 (Anterior),IRARÁ,74,109,1767715,CRECHE MUNICIPAL MARIA EULÁLIA DOS SANTOS,"RUA ANTÔNIO HERMENEGILDO DE FREITAS, N 193 - ZONA URBANA",CENTRO,44255000,-12.02826396,-38.76687571,353,Sem acessibilidade,2026-09-22 11:55:00,360629442851672162317972
UE2015 (Anterior),IRARÁ,74,110,1810851,COLEGIO SOCIAL DE APRENDIZAGEM DE CULTURA INTEGRADA,"RUA PEDRO DE LIMA, S/N - ZONA URBANA",CENTRO,44255000,-12.04440832,-38.76715577,268,Com acessibilidade,2026-09-22 17:24:00,764669927223395139087528
UE2015 (Anterior),IRARÁ,74,111,1779604,COLEGIO CLAUDIA PAIXÃO,RUA PEDRO DE LIMA - ZONA URBANA,CENTRO,44255000,-12.04450463,-38.76637355,274,Com acessibilidade,2026-09-22 18:18:00,794972067394723985554976
UE2015 (Anterior),IRARÁ,74,125,1769578,ESCOLA MUNICIPAL MARIO CAMPOS MARTINS,RUA MARIO CAMPOS MARTINS - ZONA RURAL,DISTRITO BENTO SIMOES,44255000,-12.14360208,-38.74273995,248,Com acessibilidade,2026-09-22 11:00:00,582851364773098808444933
UE2015 (Anterior),IRARÁ,74,131,1761876,ESCOLA MUNICIPAL SÃO JUDAS TADEU,RUA PEDRO PORTELA SOBRINHO -ZONA URBANA,CENTRO,44255000,-12.04970376,-38.76583043,281,Com acessibilidade,2026-09-22 17:15:00,37396442362643849849806
UE2015 (Anterior),IRARÁ,74,158,1752744,ESCOLA MUNICIPAL SANTO ANTONIO DE PÁDUA,POVOADO SANTO ANTONIO - ZONA RURAL,POVOADO SANTO ANTONIO,44255000,-12.08160705,-38.79646876,270,Sem acessibilidade,2026-09-22 11:00:00,966689285655472341860578
UE2015 (Anterior),IRARÁ,74,159,1766744,ESCOLA MUNICIPAL SANTO ANTONIO DE PÁDUA,POVOADO SANTO ANTONIO - ZONA RURAL,POVOADO SANTO ANTONIO,44255000,-12.08160705,-38.79646876,270,Sem acessibilidade,2026-09-22 11:11:00,805073238739476653887560
UE2015 (Anterior),IRARÁ,74,160,1766553,ESCOLA MUNICIPAL PROF. ANTÔNIO JOSÉ FERREIRA DE SOUZA,"RUA PEDRO PORTELA SOBRINHO, S/N - ZONA URBANA",CENTRO,44255000,-12.05458374,-38.7624107,212,Com acessibilidade,2026-09-22 15:48:00,421235933757298922073346
UE2015 (Anterior),IRARÁ,74,161,1769969,ESCOLA MUNICIPAL MARIO CAMPOS MARTINS,RUA MARIO CAMPOS MARTINS - ZONA RURAL,DISTRITO BENTO SIMOES,44255000,-12.14360208,-38.74273995,244,Com acessibilidade,2026-09-22 11:12:00,259518874040997912500835
UE2015 (Anterior),IRARÁ,74,162,1764395,COLEGIO SOCIAL DE APRENDIZAGEM DE CULTURA INTEGRADA,"RUA PEDRO DE LIMA, S/N - ZONA URBANA",CENTRO,44255000,-12.04440832,-38.76715577,267,Com acessibilidade,2026-09-22 17:26:00,704063439585479004049844
UE2015 (Anterior),IRARÁ,74,163,1767391,ESCOLINHA ARCO IRIS,RUA CAMPOS MARTINS - ZONA URBANA,CENTRO,44255000,-12.04754191,-38.76643522,215,Com acessibilidade,2026-09-22 14:36:00,330326174948868993349023
UE2015 (Anterior),IRARÁ,74,164,1757261,ESCOLA MUNICIPAL PROF. ANTÔNIO JOSÉ FERREIRA DE SOUZA,"RUA PEDRO PORTELA SOBRINHO, S/N - ZONA URBANA",CENTRO,44255000,-12.05458374,-38.7624107,212,Com acessibilidade,2026-09-22 15:57:00,885881835303774645742574
UE2015 (Anterior),IRARÁ,74,165,1766091,CRECHE MUNICIPAL MARIA EULÁLIA DOS SANTOS,"RUA ANTÔNIO HERMENEGILDO DE FREITAS, N 193 - ZONA URBANA",CENTRO,44255000,-12.02826396,-38.76687571,352,Com acessibilidade,2026-09-22 12:07:00,976790038312082529348281
UE2015 (Anterior),IRARÁ,74,166,1817679,ESCOLA MUNICIPAL SANTA BARBARA,FAZENDA LARGO - ZONA RURAL,POVOADO LARGO VELHO,44255000,-11.96982171,-38.78118853,267,Com acessibilidade,2026-09-22 11:14:00,865679032564741303773718
UE2015 (Anterior),IRARÁ,74,167,1765624,ESCOLA MUNICIPAL SANTA BARBARA,FAZENDA LARGO - ZONA RURAL,POVOADO LARGO VELHO,44255000,-11.96982171,-38.78118853,263,Com acessibilidade,2026-09-22 11:25:00,390932670817433668193696
UE2015 (Anterior),IRARÁ,74,168,1764884,ESCOLA MUNICIPAL SANTA BARBARA,FAZENDA LARGO - ZONA RURAL,POVOADO LARGO VELHO,44255000,-11.96982171,-38.78118853,264,Com acessibilidade,2026-09-22 11:36:00,764669151654964493983133
UE2015 (Anterior),IRARÁ,74,169,1763201,ESCOLA MUNICIPAL SÃO JUDAS TADEU,RUA PEDRO PORTELA SOBRINHO -ZONA URBANA,CENTRO,44255000,-12.04970376,-38.76583043,280,Com acessibilidade,2026-09-22 17:27:00,118104618570954265811358
UE2015 (Anterior),IRARÁ,74,170,1823896,ESCOLA MUNICIPAL DOCE LAR,DISTRITO BENTO SIMÕES - ZONA RURAL,DISTRITO BENTO SIMOES,44255000,-12.14433069,-38.74348557,230,Com acessibilidade,2026-09-22 10:34:00,441437026703390739213677
UE2015 (Anterior),IRARÁ,74,171,1765660,CRECHE MUNICIPAL MARIA EULÁLIA DOS SANTOS,"RUA ANTÔNIO HERMENEGILDO DE FREITAS, N 193 - ZONA URBANA",CENTRO,44255000,-12.02826396,-38.76687571,350,Com acessibilidade,2026-09-22 12:38:00,67699758321513542105022
UE2015 (Anterior),IRARÁ,74,172,1764162,ESCOLA MUNICIPAL PROF. ANTÔNIO JOSÉ FERREIRA DE SOUZA,"RUA PEDRO PORTELA SOBRINHO, S/N - ZONA URBANA",CENTRO,44255000,-12.05458374,-38.7624107,210,Com acessibilidade,2026-09-22 16:06:00,825275623397306257987802
UE2015 (Anterior),IRARÁ,74,183,1771153,ESCOLA MUNICIPAL SANTA BARBARA,FAZENDA LARGO - ZONA RURAL,POVOADO LARGO VELHO,44255000,-11.96982171,-38.78118853,265,Com acessibilidade,2026-09-22 11:48:00,299922276207728340750919
UE2015 (Anterior),IRARÁ,74,185,1794815,COLEGIO SOCIAL DE APRENDIZAGEM DE CULTURA INTEGRADA,"RUA PEDRO DE LIMA, S/N - ZONA URBANA",CENTRO,44255000,-12.04440832,-38.76715577,271,Com acessibilidade,2026-09-22 17:36:00,249417442939109274297088
UE2015 (Anterior),IRARÁ,74,186,1768837,ESCOLA FELIPA CERQUEIRA PINHEIRO,FAZENDA SACO DO CAPIM - ZONA RURAL,POVOADO SACO DO CAPIM,44255000,-12.08574134,-38.82062279,376,Sem acessibilidade,2026-09-22 11:45:00,693962001728916844252737
UE2015 (Anterior),IRARÁ,74,187,1763642,ESCOLA MUNICIPAL IRARAZINHO,RUA JOSÉ BENEVIDES - ZONA URBANA,IRARAZINHO,44255000,-12.03046876,-38.76932824,303,Sem acessibilidade,2026-09-22 17:37:00,734366152832661558461764
UE2015 (Anterior),IRARÁ,74,217,1788537,ESCOLA MUNICIPAL SANTO ANTONIO DE PÁDUA,POVOADO SANTO ANTONIO - ZONA RURAL,POVOADO SANTO ANTONIO,44255000,-12.08160705,-38.79646876,270,Sem acessibilidade,2026-09-22 11:23:00,784871802737683339568960
UE2015 (Anterior),IRARÁ,74,220,1768794,ESCOLA MUNICIPAL SANTA BARBARA,FAZENDA LARGO - ZONA RURAL,POVOADO LARGO VELHO,44255000,-11.96982171,-38.78118853,260,Com acessibilidade,2026-09-22 11:59:00,673760994745268001897082
UE2015 (Anterior),IRARÁ,74,221,1794026,ESCOLA MUNICIPAL SÃO JUDAS TADEU,RUA PEDRO PORTELA SOBRINHO -ZONA URBANA,CENTRO,44255000,-12.04970376,-38.76583043,281,Com acessibilidade,2026-09-22 17:50:00,57598487464673213884062
UE2015 (Anterior),IRARÁ,74,238,1809776,ESCOLA MUNICIPAL SÃO JUDAS TADEU,RUA PEDRO PORTELA SOBRINHO -ZONA URBANA,CENTRO,44255000,-12.04970376,-38.76583043,280,Com acessibilidade,2026-09-22 18:00:00,633356908922914752887575
UE2015 (Anterior),IRARÁ,74,249,1763964,ESCOLA MUNICIPAL SÃO JUDAS TADEU,RUA PEDRO PORTELA SOBRINHO -ZONA URBANA,CENTRO,44255000,-12.04970376,-38.76583043,277,Com acessibilidade,2026-09-22 18:02:00,168609613275581007005548
UE2015 (Anterior),IRARÁ,74,256,1768145,ESCOLA MUNICIPAL ALLAN KARDEC,AVENIDA ELÍSIO SANTANA -ZONA URBANA,CENTRO,44255000,-12.04054414,-38.76656063,304,Sem acessibilidade,2026-09-22 16:11:00,148407330692363712088503
UE2015 (Anterior),IRARÁ,74,259,1782214,CRECHE MUNICIPAL ELÍSIO SANTANA,LOTEAMENTO ANTONIO CARLOS MAGALHÃES NETO - ZONA URBANA,CRUZEIRO DA QUEIMADA,44255000,-12.05627236,-38.75888438,214,Com acessibilidade,2026-09-22 15:08:00,300023825545811662228907
UE2015 (Anterior),IRARÁ,74,261,1788465,ESCOLA MUNICIPAL DOCE LAR,DISTRITO BENTO SIMÕES - ZONA RURAL,DISTRITO BENTO SIMOES,44255000,-12.14433069,-38.74348557,226,Com acessibilidade,2026-09-22 10:48:00,936386645052255421437414
UE2015 (Anterior),IRARÁ,74,262,1767708,ESCOLA MUNICIPAL PROF. ANTÔNIO JOSÉ FERREIRA DE SOUZA,"RUA PEDRO PORTELA SOBRINHO, S/N - ZONA URBANA",CENTRO,44255000,-12.05458374,-38.7624107,211,Com acessibilidade,2026-09-22 16:16:00,906083729805474731610396
UE2015 (Anterior),IRARÁ,74,265,1791968,ESCOLA MUNICIPAL SÃO JUDAS TADEU,RUA PEDRO PORTELA SOBRINHO -ZONA URBANA,CENTRO,44255000,-12.04970376,-38.76583043,279,Com acessibilidade,2026-09-22 18:17:00,522245671911381773693245
UE2015 (Anterior),IRARÁ,74,266,1766256,CRECHE MUNICIPAL ELÍSIO SANTANA,LOTEAMENTO ANTONIO CARLOS MAGALHÃES NETO - ZONA URBANA,CRUZEIRO DA QUEIMADA,44255000,-12.05627236,-38.75888438,211,Com acessibilidade,2026-09-22 15:19:00,17194270216686926001700
UE2015 (Anterior),IRARÁ,74,267,1766545,ESCOLINHA ARCO IRIS,RUA CAMPOS MARTINS - ZONA URBANA,CENTRO,44255000,-12.04754191,-38.76643522,212,Com acessibilidade,2026-09-22 14:48:00,229215592437982459538378
UE2015 (Anterior),IRARÁ,74,268,1752778,COLEGIO SOCIAL DE APRENDIZAGEM DE CULTURA INTEGRADA,"RUA PEDRO DE LIMA, S/N - ZONA URBANA",CENTRO,44255000,-12.04440832,-38.76715577,299,Com acessibilidade,2026-09-22 17:47:00,936386412208957444522309
UE2015 (Anterior),IRARÁ,74,269,1778009,ESCOLA MUNICIPAL IRARAZINHO,RUA JOSÉ BENEVIDES - ZONA URBANA,IRARAZINHO,44255000,-12.03046876,-38.76932824,299,Sem acessibilidade,2026-09-22 18:26:00,996992588758870557110791
UE2015 (Anterior),IRARÁ,74,275,1776182,ESCOLA MUNICIPAL SANTO ANTONIO DE PÁDUA,POVOADO SANTO ANTONIO - ZONA RURAL,POVOADO SANTO ANTONIO,44255000,-12.08160705,-38.79646876,266,Sem acessibilidade,2026-09-22 11:34:00,289821503087340706726089
UE2015 (Anterior),IRARÁ,74,283,1764933,ESCOLA FELIPA CERQUEIRA PINHEIRO,FAZENDA SACO DO CAPIM - ZONA RURAL,POVOADO SACO DO CAPIM,44255000,-12.08574134,-38.82062279,375,Sem acessibilidade,2026-09-22 11:56:00,279720341086652083223160
UE2015 (Anterior),IRARÁ,74,291,1792247,ESCOLA MUNICIPAL SÃO JUDAS TADEU,RUA PEDRO PORTELA SOBRINHO -ZONA URBANA,CENTRO,44255000,-12.04970376,-38.76583043,313,Sem acessibilidade,2026-09-22 18:36:00,724265646831690635709552
UE2015 (Anterior),IRARÁ,74,299,1762519,CRECHE MUNICIPAL MARIA EULÁLIA DOS SANTOS,"RUA ANTÔNIO HERMENEGILDO DE FREITAS, N 193 - ZONA URBANA",CENTRO,44255000,-12.02826396,-38.76687571,346,Sem acessibilidade,2026-09-22 12:50:00,491942291864569232674068
UE2015 (Anterior),IRARÁ,74,301,1763205,CRECHE PROFESSORA EDNALVA SUELI SILVA SANTOS,RUA RUY BARBOSA - ZONA URBANA,CENTRO,44255000,-12.04771688,-38.7656341,282,Com acessibilidade,2026-09-22 17:41:00,865679249664468392380672
UE2015 (Anterior),IRARÁ,74,304,1809599,EMITEC - ENS. MÉD. COM INT. TECNOLÓGICA - ANEXO DO COL. EST. J. INÁCIO,POVOADO LARGO NOVO - ZONA RURAL,POVOADO LARGO NOVO,44255000,-11.96986899,-38.76471983,339,Sem acessibilidade,2026-09-22 10:27:00,794972504057866003597924
UE2015 (Anterior),IRARÁ,74,308,1760395,COLEGIO CLAUDIA PAIXÃO,RUA PEDRO DE LIMA - ZONA URBANA,CENTRO,44255000,-12.04450463,-38.76637355,270,Com acessibilidade,2026-09-22 18:17:00,572750724635432877117991
UE2015 (Anterior),IRARÁ,74,309,1751063,ESCOLA MUNICIPAL ALLAN KARDEC,AVENIDA ELÍSIO SANTANA -ZONA URBANA,CENTRO,44255000,-12.04054414,-38.76656063,303,Sem acessibilidade,2026-09-22 16:20:00,168609423194401900550159
UE2015 (Anterior),IRARÁ,74,310,1765712,COLÉGIO ESTADUAL DE TEMPO INTEGRAL PROFESSORA MARLENE ALVES DOS SANTOS,RODOVIA BA 504,CAJUEIRO,44255000,-12.02815935,-38.77017588,365,Com acessibilidade,2026-09-22 15:41:00,401033748718783894460421
UE2015 (Anterior),IRARÁ,74,312,1766063,ESCOLA MUNICIPAL SÃO JOÃO,POVOADO FAZENDA SACO DO BOM JESUS - ZONA RURAL,POVOADO FAZENDA SACO DO BOM JESUS,44255000,-12.03731024,-38.74587247,364,Sem acessibilidade,2026-09-22 11:40:00,936386496408800819436484
UE2015 (Anterior),IRARÁ,74,313,1755724,ESCOLA MUNICIPAL SÃO CRISTOVÃO,POVOADO BROTAS - ZONA RURAL,POVOADO BROTAS,44255000,-11.95143366,-38.75452849,289,Sem acessibilidade,2026-09-22 10:54:00,299922969407422334413230
UE2015 (Anterior),IRARÁ,74,314,1804638,ESCOLA MUNICIPAL AMARO BISPO DOS SANTOS,RUA DA MANGABEIRA - ZONA URBANA,CENTRO,44255000,-12.06217983,-38.74495711,382,Com acessibilidade,2026-09-22 11:30:00,299922077744073296113846
UE2015 (Anterior),IRARÁ,74,315,1762338,ESCOLA MUNICIPAL CORONEL BALBINO FELIX,POVOADO CAROBA - ZONA RURAL,POVOADO CAROBA,44255000,-12.03975478,-38.79598244,355,Com acessibilidade,2026-09-22 11:20:00,845477735299533754620323
UE2015 (Anterior),IRARÁ,74,316,1766162,ESCOLA MUNICIPAL JORGE MARTINS DA SILVA,POVOADO BAIXINHA - ZONA RURAL,POVOADO BAIXINHA,44255000,-12.09954385,-38.7385479,248,Com acessibilidade,2026-09-22 11:03:00,532346532231250469270104
UE2015 (Anterior),IRARÁ,74,317,1842409,CEPI - CENTRO DE FORMAÇÃO PROFISSIONAL DE IRARÁ,AVENIDA PEDRO NOLASCO DE PINHO S/N,CENTRO,44255000,-12.03782635,-38.76749735,151,Sem acessibilidade,2026-09-22 18:07:00,582851699473354666255159
UE2015 (Anterior),IRARÁ,74,324,1767447,EMITEC - ENS. MÉD. COM INT. TECNOLÓGICA - ANEXO DO COL. EST. J. INÁCIO,POVOADO LARGO NOVO - ZONA RURAL,POVOADO LARGO NOVO,44255000,-11.96986899,-38.76471983,338,Sem acessibilidade,2026-09-22 10:42:00,178710023995077511255368
UE2015 (Anterior),ITAMARI,151,52,1782051,ESCOLA VASCO NETO,"RUA VASCO NETO, S/N - ZONA URBANA",ALTO DO CRUZEIRO,45455000,-13.77774097,-39.67842054,214,Com acessibilidade,2026-09-29 14:25:00,795534360745796341793916
UE2015 (Anterior),ITAMARI,151,53,1756929,ESCOLA VASCO NETO,"RUA VASCO NETO, S/N - ZONA URBANA",ALTO DO CRUZEIRO,45455000,-13.77774097,-39.67842054,215,Com acessibilidade,2026-09-29 14:33:00,623817309528571680121858
UE2015 (Anterior),ITAMARI,151,54,1767207,ESCOLA JOÃO GALVÃO SOBRINHO,"AVENIDA PRESIDENTE MEDICE, S/N - ZONA URBANA",ALTO DA INDEPENDÊNCIA,45455000,-13.77780392,-39.6834398,267,Com acessibilidade,2026-09-29 14:41:00,108665897476000249539841
UE2015 (Anterior),ITAMARI,151,55,1836598,ESCOLA JOÃO GALVÃO SOBRINHO,"AVENIDA PRESIDENTE MEDICE, S/N - ZONA URBANA",ALTO DA INDEPENDÊNCIA,45455000,-13.77780392,-39.6834398,265,Com acessibilidade,2026-09-29 14:49:00,411796319907876891510729
UE2015 (Anterior),ITAMARI,151,56,1840672,ESCOLA JOÃO GALVÃO SOBRINHO,"AVENIDA PRESIDENTE MEDICE, S/N - ZONA URBANA",ALTO DA INDEPENDÊNCIA,45455000,-13.77780392,-39.6834398,265,Com acessibilidade,2026-09-29 14:57:00,926847933858338345350220
UE2015 (Anterior),ITAMARI,151,57,1771634,ESCOLA JOÃO GALVÃO SOBRINHO,"AVENIDA PRESIDENTE MEDICE, S/N - ZONA URBANA",ALTO DA INDEPENDÊNCIA,45455000,-13.77780392,-39.6834398,265,Com acessibilidade,2026-09-29 15:05:00,664221782132593579763930
UE2015 (Anterior),ITAMARI,151,58,1795392,ESCOLA JOSE MARTINS,"AV. PRESIDENTE MEDICÍ, N 999 - ZONA URBANA",ALTO DA INDEPENDÊNCIA,45455000,-13.7785601,-39.68364003,245,Com acessibilidade,2026-09-29 15:13:00,967251193662842782984511
UE2015 (Anterior),ITAMARI,151,59,1765883,ESCOLA JOSE MARTINS,"AV. PRESIDENTE MEDICÍ, N 999 - ZONA URBANA",ALTO DA INDEPENDÊNCIA,45455000,-13.7785601,-39.68364003,246,Com acessibilidade,2026-09-29 15:21:00,17756354167842518519912
UE2015 (Anterior),ITAMARI,151,60,1809951,ESCOLA ROBERTO SANTOS,"AV. PRESIDENTE MEDICE, N 997 - ZONA URBANA",ALTO DA INDEPENDÊNCIA,45455000,-13.7788764,-39.68361752,342,Com acessibilidade,2026-09-29 15:29:00,37958457669423288005253
UE2015 (Anterior),ITAMARI,151,61,1759862,ESCOLA MUNICIPAL ANEXO POLIVALENTE,"AV. PRESIDENTE MEDICE, S/N - ZONA URBANA",ALTO DA INDEPENDÊNCIA,45455000,-13.77761137,-39.68370401,194,Com acessibilidade,2026-09-29 15:37:00,280483816294629169977195
UE2015 (Anterior),ITAMARI,151,62,1793454,ESCOLA JOÃO GALVÃO SOBRINHO,"AVENIDA PRESIDENTE MEDICE, S/N - ZONA URBANA",ALTO DA INDEPENDÊNCIA,45455000,-13.77780392,-39.6834398,268,Com acessibilidade,2026-09-29 15:45:00,270382913093565515631813
UE2015 (Anterior),ITAMARI,151,63,1768311,ESCOLA ROBERTO SANTOS,"AV. PRESIDENTE MEDICE, N 997 - ZONA URBANA",ALTO DA INDEPENDÊNCIA,45455000,-13.7788764,-39.68361752,341,Com acessibilidade,2026-09-29 15:53:00,482403238514728325500780
UE2015 (Anterior),ITAMARI,151,64,1757334,ESCOLA ROBERTO SANTOS,"AV. PRESIDENTE MEDICE, N 997 - ZONA URBANA",ALTO DA INDEPENDÊNCIA,45455000,-13.7788764,-39.68361752,343,Com acessibilidade,2026-09-29 15:00:00,856140715130434042976922
UE2015 (Anterior),ITAMARI,151,65,1773161,ESCOLA ROBERTO SANTOS,"AV. PRESIDENTE MEDICE, N 997 - ZONA URBANA",ALTO DA INDEPENDÊNCIA,45455000,-13.7788764,-39.68361752,340,Com acessibilidade,2026-09-29 15:09:00,27857994647233309161293
UE2015 (Anterior),ITAMARI,151,111,1759214,ESCOLA DIDÍMO PEREIRA DE VASCONCELOS,"RUA ANTÔNIO JACINTO DE SOUZA, S/N - ZONA URBANA",CENTRO,45455000,-13.77985046,-39.67953861,202,Com acessibilidade,2026-09-29 15:17:00,694524962414851300739338
UE2015 (Anterior),ITAMARI,151,123,1765524,ESCOLA ARLETE MAGALHÃES,POVOADO MINEIRO - ZONA RURAL,POVOADO MINEIRO,45455000,-13.84785387,-39.69794504,287,Com acessibilidade,2026-09-29 15:26:00,149069707659321134268901
UE2015 (Anterior),ITAMARI,151,134,1751616,ESCOLA MUNICIPAL PEDRA VIVA,"RUA POR DO SOL, S/N - ZONA URBANA",PÔR DO SOL,45455000,-13.78730709,-39.68870504,257,Com acessibilidade,2026-09-29 15:35:00,240079985369443613680568
UE2015 (Anterior),ITAMARI,151,135,1790400,ESCOLA DIDÍMO PEREIRA DE VASCONCELOS,"RUA ANTÔNIO JACINTO DE SOUZA, S/N - ZONA URBANA",CENTRO,45455000,-13.77985046,-39.67953861,203,Com acessibilidade,2026-09-29 15:44:00,835938686828058432958770
UE2015 (Anterior),ITAMARI,151,136,1771396,ESCOLA MUNICIPAL PEDRA VIVA,"RUA POR DO SOL, S/N - ZONA URBANA",PÔR DO SOL,45455000,-13.78730709,-39.68870504,249,Com acessibilidade,2026-09-29 15:54:00,27857982047336071345536
UE2015 (Anterior),ITAMARI,151,137,1791367,ESCOLA MUNICIPAL ANEXO POLIVALENTE,"AV. PRESIDENTE MEDICE, S/N - ZONA URBANA",ALTO DA INDEPENDÊNCIA,45455000,-13.77761137,-39.68370401,194,Com acessibilidade,2026-09-29 16:02:00,138968202958962907345964
UE2015 (Anterior),ITAMARI,151,168,1764484,ESCOLA MUNICIPAL WALDEMAR PEREIRA LUZ,"AV. PRESIDENTE MÉDICI, S/N - ZONA URBANA",ALTO DA INDEPENDÊNCIA,45455000,-13.77794449,-39.68365949,180,Com acessibilidade,2026-09-29 16:11:00,734928128518582096982094
UE2015 (Anterior),ITAMARI,151,177,1772438,ESCOLA MUNICIPAL PEDRA VIVA,"RUA POR DO SOL, S/N - ZONA URBANA",PÔR DO SOL,45455000,-13.78730709,-39.68870504,244,Com acessibilidade,2026-09-29 16:21:00,512706863796456696708169
UE2015 (Anterior),ITAMARI,151,194,1766822,ESCOLA ROBERTO SANTOS,"AV. PRESIDENTE MEDICE, N 997 - ZONA URBANA",ALTO DA INDEPENDÊNCIA,45455000,-13.7788764,-39.68361752,202,Com acessibilidade,2026-09-29 16:30:00,714726874516679003788220
UE2015 (Anterior),ITAMARI,151,207,1766493,ESCOLA VASCO NETO,"RUA VASCO NETO, S/N - ZONA URBANA",ALTO DO CRUZEIRO,45455000,-13.77774097,-39.67842054,212,Com acessibilidade,2026-09-29 16:39:00,472302427992063799677102
UE2015 (Anterior),ITAPARICA,141,1,1767280,ESCOLA MUNICIPAL BENEDICTO DE OLIVEIRA BARROS,"AVENIDA JURACY MAGALHÃES JÚNIOR, S/N. - ZONA URBANA",CENTRO,44460000,-12.885201,-38.6813429,234,Com acessibilidade,2026-09-22 08:31:00,17149129088568661251068
UE2015 (Anterior),ITAPARICA,141,2,1766000,ESCOLA MUNICIPAL BENEDICTO DE OLIVEIRA BARROS,"AVENIDA JURACY MAGALHÃES JÚNIOR, S/N. - ZONA URBANA",CENTRO,44460000,-12.885201,-38.6813429,235,Com acessibilidade,2026-09-22 08:42:00,421290642029130562495811
UE2015 (Anterior),ITAPARICA,141,3,1795265,ESCOLA MUNICIPAL BENEDICTO DE OLIVEIRA BARROS,"AVENIDA JURACY MAGALHÃES JÚNIOR, S/N. - ZONA URBANA",CENTRO,44460000,-12.885201,-38.6813429,237,Com acessibilidade,2026-09-22 08:52:00,67654393393867606788938
UE2015 (Anterior),ITAPARICA,141,4,1793528,ESCOLA MUNICIPAL BENEDICTO DE OLIVEIRA BARROS,"AVENIDA JURACY MAGALHÃES JÚNIOR, S/N. - ZONA URBANA",CENTRO,44460000,-12.885201,-38.6813429,236,Com acessibilidade,2026-09-22 09:03:00,310179754418842144314423
UE2015 (Anterior),ITAPARICA,141,5,1755467,ESCOLA MUNICIPAL BENEDICTO DE OLIVEIRA BARROS,"AVENIDA JURACY MAGALHÃES JÚNIOR, S/N. - ZONA URBANA",CENTRO,44460000,-12.885201,-38.6813429,236,Com acessibilidade,2026-09-22 09:13:00,572705127244191363594487
UE2015 (Anterior),ITAPARICA,141,6,1760156,COLÉGIO ESTADUAL DE TEMPO INTEGRAL ERNESTO CARNEIRO RIBEIRO,"RUA C - QUATRO, N. 90 - LOTEAMENTO PONTA VILLE - ZONA URBANA",ALTO DAS POMBAS,44460000,-12.900369,-38.6720557,283,Com acessibilidade,2026-09-22 09:22:00,704018361057342912886156
UE2015 (Anterior),ITAPARICA,141,7,1810081,COLÉGIO ESTADUAL DE TEMPO INTEGRAL ERNESTO CARNEIRO RIBEIRO,"RUA C - QUATRO, N. 90 - LOTEAMENTO PONTA VILLE - ZONA URBANA",ALTO DAS POMBAS,44460000,-12.900369,-38.6720557,284,Com acessibilidade,2026-09-22 09:32:00,532301302640261264757090
UE2015 (Anterior),ITAPARICA,141,8,1753297,COLÉGIO ESTADUAL DE TEMPO INTEGRAL ERNESTO CARNEIRO RIBEIRO,"RUA C - QUATRO, N. 90 - LOTEAMENTO PONTA VILLE - ZONA URBANA",ALTO DAS POMBAS,44460000,-12.900369,-38.6720557,284,Com acessibilidade,2026-09-22 09:41:00,683816568455431942877881
UE2015 (Anterior),ITAPARICA,141,9,1767023,COLÉGIO ESTADUAL DE TEMPO INTEGRAL ERNESTO CARNEIRO RIBEIRO,"RUA C - QUATRO, N. 90 - LOTEAMENTO PONTA VILLE - ZONA URBANA",ALTO DAS POMBAS,44460000,-12.900369,-38.6720557,283,Com acessibilidade,2026-09-22 09:50:00,441492438031216256149126
UE2015 (Anterior),ITAPARICA,141,10,1834339,COLÉGIO ESTADUAL DE TEMPO INTEGRAL ERNESTO CARNEIRO RIBEIRO,"RUA C - QUATRO, N. 90 - LOTEAMENTO PONTA VILLE - ZONA URBANA",ALTO DAS POMBAS,44460000,-12.900369,-38.6720557,154,Com acessibilidade,2026-09-22 10:00:00,259573329412659171028347
UE2015 (Anterior),ITAPARICA,141,12,1780177,ESCOLA MUNICIPAL ENGENHEIRO CÉZAR RÊGO ,"RUA DO RIO, S/N - ZONA RURAL ",DISTRITO DE PONTA DE AREIA,44460000,-12.8986668,-38.6609019,358,Com acessibilidade,2026-09-22 10:09:00,835331127670869249592942
UE2015 (Anterior),ITAPARICA,141,13,1766924,ESCOLA MUNICIPAL JUTAHY MAGALHÃES,"RUA DA MANGUEIRA, S/N - ZONA RURAL",DISTRITO DE AMOREIRAS,44460000,-12.9011107,-38.6510298,287,Com acessibilidade,2026-09-22 10:18:00,27250420189073144804804
UE2015 (Anterior),ITAPARICA,141,14,1808726,ESCOLA MUNICIPAL JUTAHY MAGALHÃES,"RUA DA MANGUEIRA, S/N - ZONA RURAL",DISTRITO DE AMOREIRAS,44460000,-12.9011107,-38.6510298,287,Com acessibilidade,2026-09-22 10:27:00,744422253661811744402714
UE2015 (Anterior),ITAPARICA,141,15,1775586,ESCOLA MUNICIPAL DR. JOSÉ FERNANDO MONTINEGRO FIGUEIREDO,"ESTRADA DA RODAGEM, S/N - LOT PARQUE DAS FONTES - ZONA RURAL ",DISTRITO DE AMOREIRAS,44460000,-12.9032265,-38.6478966,364,Com acessibilidade,2026-09-22 10:36:00,441492060131538271526252
UE2015 (Anterior),ITAPARICA,141,16,1825720,ESCOLA MUNICIPAL ANTONIETA MARIA DA CONCEIÇÃO DE OLIVEIRA,"RUA JOÃO MARTINS NONATO, S/N - ZONA RURAL",DISTRITO DE MANGUINHOS,44460000,-12.9055076,-38.6353107,214,Com acessibilidade,2026-09-22 10:45:00,27250750589138507870457
UE2015 (Anterior),ITAPARICA,141,17,1757581,ESCOLA MUNICIPAL PORTO DOS SANTOS,"PRAÇA NOSSA SENHORA DO AMPARO, S/N - ZONA RURAL",DISTRITO DE PORTO DOS SANTOS,44460000,-12.9164097,-38.6289104,333,Com acessibilidade,2026-09-22 10:55:00,108058941897306724607488
UE2015 (Anterior),ITAPARICA,141,18,1775088,ESCOLA ESTADUAL ENGENHEIRO MÁRIO LISBOA SAMPAIO,"RUA GETÚLIO VARGAS, S/N. - ZONA RURAL",DISTRITO DA MISERICÓRDIA,44460000,-12.9299214,-38.665195,398,Com acessibilidade,2026-09-22 11:05:00,936341883380790000648128
UE2015 (Anterior),ITAPARICA,141,19,1812841,ESCOLA ESTADUAL ENGENHEIRO MÁRIO LISBOA SAMPAIO,"RUA GETÚLIO VARGAS, S/N. - ZONA RURAL",DISTRITO DA MISERICÓRDIA,44460000,-12.9299214,-38.665195,399,Com acessibilidade,2026-09-22 11:14:00,582806646145461853559889
UE2015 (Anterior),ITAPARICA,141,59,1779985,COLÉGIO ESTADUAL DE TEMPO INTEGRAL ERNESTO CARNEIRO RIBEIRO,"RUA C - QUATRO, N. 90 - LOTEAMENTO PONTA VILLE - ZONA URBANA",ALTO DAS POMBAS,44460000,-12.900369,-38.6720557,281,Com acessibilidade,2026-09-22 11:24:00,522200866439495214294673
UE2015 (Anterior),ITAPARICA,141,60,1843900,ESCOLA MUNICIPAL ENGENHEIRO CÉZAR RÊGO ,"RUA DO RIO, S/N - ZONA RURAL ",DISTRITO DE PONTA DE AREIA,44460000,-12.8986668,-38.6609019,356,Com acessibilidade,2026-09-22 11:33:00,77755490694066386951185
UE2015 (Anterior),ITAPARICA,141,61,1841715,ESCOLA MUNICIPAL DR. JOSÉ FERNANDO MONTINEGRO FIGUEIREDO,"ESTRADA DA RODAGEM, S/N - LOT PARQUE DAS FONTES - ZONA RURAL ",DISTRITO DE AMOREIRAS,44460000,-12.9032265,-38.6478966,367,Com acessibilidade,2026-09-22 11:44:00,299977825216449013288880
UE2015 (Anterior),ITAPARICA,141,62,1757604,UNIDADE DE SAÚDE DA FAMÍLIA PEDRO ANTÔNIO MASCARENHAS,"AVENIDA BEIRA MAR, S/N - ZONA RURAL",DISTRITO DE MANGUINHOS,44460000,-12.9059711,-38.6370703,376,Com acessibilidade,2026-09-22 11:53:00,27250665689193035888725
UE2015 (Anterior),ITAPARICA,141,63,1766435,ESCOLA MUNICIPAL PORTO DOS SANTOS,"PRAÇA NOSSA SENHORA DO AMPARO, S/N - ZONA RURAL",DISTRITO DE PORTO DOS SANTOS,44460000,-12.9164097,-38.6289104,335,Com acessibilidade,2026-09-22 12:02:00,279775021114036985188950
UE2015 (Anterior),ITAPARICA,141,64,1765557,ESCOLA ESTADUAL ENGENHEIRO MÁRIO LISBOA SAMPAIO,"RUA GETÚLIO VARGAS, S/N. - ZONA RURAL",DISTRITO DA MISERICÓRDIA,44460000,-12.9299214,-38.665195,399,Com acessibilidade,2026-09-22 13:12:00,269674124813229200455382
UE2015 (Anterior),ITAPARICA,141,78,1793306,COLÉGIO ESTADUAL DE TEMPO INTEGRAL ERNESTO CARNEIRO RIBEIRO,"RUA C - QUATRO, N. 90 - LOTEAMENTO PONTA VILLE - ZONA URBANA",ALTO DAS POMBAS,44460000,-12.900369,-38.6720557,282,Com acessibilidade,2026-09-22 13:22:00,683816052755738264636893
UE2015 (Anterior),ITAPARICA,141,79,1757057,ESCOLA MUNICIPAL BENEDICTO DE OLIVEIRA BARROS,"AVENIDA JURACY MAGALHÃES JÚNIOR, S/N. - ZONA URBANA",CENTRO,44460000,-12.885201,-38.6813429,237,Com acessibilidade,2026-09-22 13:32:00,916139398578058521584919
UE2015 (Anterior),ITAPARICA,141,82,1767029,COLÉGIO ESTADUAL DE TEMPO INTEGRAL ERNESTO CARNEIRO RIBEIRO,"RUA C - QUATRO, N. 90 - LOTEAMENTO PONTA VILLE - ZONA URBANA",ALTO DAS POMBAS,44460000,-12.900369,-38.6720557,284,Com acessibilidade,2026-09-22 13:43:00,411189193128711138689671
UE2015 (Anterior),ITAPARICA,141,83,1777757,ESCOLA MUNICIPAL BENEDICTO DE OLIVEIRA BARROS,"AVENIDA JURACY MAGALHÃES JÚNIOR, S/N. - ZONA URBANA",CENTRO,44460000,-12.885201,-38.6813429,233,Com acessibilidade,2026-09-22 13:53:00,734321623860129419476290
UE2015 (Anterior),ITAPARICA,141,89,1758855,ESCOLA MUNICIPAL DESEMBARGADOR ANTÔNIO OLIVEIRA MARTINS,"ESTRADA DA RODAGEM, S/N - LOT PARQUE DAS FONTES - ZONA RURAL",DISTRITO DE AMOREIRAS,44460000,-12.9035238,-38.6478383,265,Sem acessibilidade,2026-09-22 14:03:00,855533402672902333239152
UE2015 (Anterior),ITAPARICA,141,91,1773006,ESCOLA MUNICIPAL PORTO DOS SANTOS,"PRAÇA NOSSA SENHORA DO AMPARO, S/N - ZONA RURAL",DISTRITO DE PORTO DOS SANTOS,44460000,-12.9164097,-38.6289104,334,Com acessibilidade,2026-09-22 14:13:00,582806327445726373780446
UE2015 (Anterior),ITAPARICA,141,93,1811454,ESCOLA MUNICIPAL DESEMBARGADOR ANTÔNIO OLIVEIRA MARTINS,"ESTRADA DA RODAGEM, S/N - LOT PARQUE DAS FONTES - ZONA RURAL",DISTRITO DE AMOREIRAS,44460000,-12.9035238,-38.6478383,265,Sem acessibilidade,2026-09-22 14:23:00,97957051396325237747712
UE2015 (Anterior),ITAPARICA,141,99,1843980,BIBLIOTECA JURACY MAGALHÃES JÚNIOR,"RUA RUI BARBOSA, S/N. - ZONA URBANA",CENTRO,44460000,-12.8841912,-38.6822872,253,Com acessibilidade,2026-09-22 14:33:00,87856709595403119187203
UE2015 (Anterior),ITAPARICA,141,102,1836988,FÓRUM DESEMBARGADOR ANTÔNIO BENSABATH,"AVENIDA BEIRA MAR, S/N. - ZONA URBANA",BOM DESPACHO,44460000,-12.9290067,-38.623665,370,Com acessibilidade,2026-09-22 08:32:00,764624075167383008154270
UE2015 (Anterior),ITAPARICA,141,110,1841116,COLÉGIO ESTADUAL DE TEMPO INTEGRAL ERNESTO CARNEIRO RIBEIRO,"RUA C - QUATRO, N. 90 - LOTEAMENTO PONTA VILLE - ZONA URBANA",ALTO DAS POMBAS,44460000,-12.900369,-38.6720557,156,Com acessibilidade,2026-09-22 08:43:00,461694623637243771801016
UE2015 (Anterior),ITAPARICA,141,111,1777279,COLÔNIA DE PESCADORES DE AMOREIRAS (Z-12),"RUA DO DENDEZEIRO, S/Nº - ZONA RURAL",DISTRITO DE AMOREIRAS,44460000,-12.9013535,-38.6509937,398,Com acessibilidade,2026-09-22 08:54:00,734321004364674559816762
UE2015 (Anterior),ITAPARICA,141,112,1838589,FÓRUM DESEMBARGADOR ANTÔNIO BENSABATH,"AVENIDA BEIRA MAR, S/N. - ZONA URBANA",BOM DESPACHO,44460000,-12.9290067,-38.623665,369,Com acessibilidade,2026-09-22 09:04:00,390987771330990512012405
UE2015 (Anterior),ITAPARICA,141,118,1767468,ESCOLA MUNICIPAL ANTÔNIO CARLOS MAGALHÃES,"AVENIDA ANTÔNIO CARLOS MAGALHÃES , S/N. - ZONA URBANA",ALTO DAS POMBAS,44460000,-12.8953809,-38.6790797,326,Com acessibilidade,2026-09-22 09:14:00,209068247311899126169646
UE2015 (Anterior),ITAPARICA,141,119,1834999,ESCOLA MUNICIPAL MARIA AMÉLIA SANTOS,"RUA DA RODAGEM, S/N. - ZONA RURAL",LARGO DO SENHOR DO BONFIM,44460000,-12.894264,-38.6748967,314,Com acessibilidade,2026-09-22 09:24:00,764624915367541962156682
UE2015 (Anterior),ITAPARICA,141,120,1753975,ESCOLA MUNICIPAL PROFESSOR EDILSON SOUTO FREIRE,"LOTEAMENTO NOVA ITAPARICA, S/N. - ZONA URBANA",ALTO DE SANTO ANTÔNIO,44460000,-12.8889432,-38.6768311,397,Com acessibilidade,2026-09-22 09:35:00,986846212389920717358588
UE2015 (Anterior),ITAPARICA,141,121,1809759,ESCOLA MUNICIPAL DOUTOR JOSÉ VIANA SAMPAIO,"ESTRADA DA RODAGEM, S/N. - ZONA RURAL",BARRO BRANCO,44460000,-12.9062383,-38.6678617,346,Com acessibilidade,2026-09-22 09:45:00,390987737030422133684001
UE2015 (Anterior),ITAPARICA,141,122,1766186,ESCOLA MUNICIPAL JUTAHY MAGALHÃES,"RUA DA MANGUEIRA, S/N - ZONA RURAL",DISTRITO DE AMOREIRAS,44460000,-12.9011107,-38.6510298,287,Com acessibilidade,2026-09-22 09:56:00,683816139559872845837877
UE2015 (Anterior),ITAPARICA,141,125,1791916,ESCOLA MUNICIPAL DE MANGUINHOS,"RUA DA IGREJA, S/N - ZONA RURAL",DISTRITO DE MANGUINHOS,44460000,-12.9056466,-38.6347156,380,Com acessibilidade,2026-09-22 10:06:00,360684143027181080497836
UE2015 (Anterior),ITAPARICA,141,127,1764914,FÓRUM DESEMBARGADOR ANTÔNIO BENSABATH,"AVENIDA BEIRA MAR, S/N. - ZONA URBANA",BOM DESPACHO,44460000,-12.9290067,-38.623665,370,Com acessibilidade,2026-09-22 10:17:00,461694461637447464212840
UE2015 (Anterior),ITAPARICA,141,128,1780041,ESCOLA ESTADUAL ENGENHEIRO MÁRIO LISBOA SAMPAIO,"RUA GETÚLIO VARGAS, S/N. - ZONA RURAL",DISTRITO DA MISERICÓRDIA,44460000,-12.9299214,-38.665195,397,Com acessibilidade,2026-09-22 15:22:00,724220837163992866387681
UE2015 (Anterior),ITAPARICA,141,133,1843915,ESCOLA MUNICIPAL PORTO DOS SANTOS,"PRAÇA NOSSA SENHORA DO AMPARO, S/N - ZONA RURAL",DISTRITO DE PORTO DOS SANTOS,44460000,-12.9164097,-38.6289104,333,Com acessibilidade,2026-09-22 10:39:00,198967827410492562790351
UE2015 (Anterior),ITAPARICA,141,136,1795578,ESCOLA MUNICIPAL ENGENHEIRO CÉZAR RÊGO ,"RUA DO RIO, S/N - ZONA RURAL ",DISTRITO DE PONTA DE AREIA,44460000,-12.8986668,-38.6609019,355,Com acessibilidade,2026-09-22 10:51:00,259573211116174753319699
UE2015 (Anterior),ITAPARICA,141,137,1793231,ESCOLA MUNICIPAL ANTÔNIO CARLOS MAGALHÃES,"AVENIDA ANTÔNIO CARLOS MAGALHÃES , S/N. - ZONA URBANA",ALTO DAS POMBAS,44460000,-12.8953809,-38.6790797,331,Com acessibilidade,2026-09-22 11:00:00,401088478031912708177228
UE2015 (Anterior),ITAPARICA,141,138,1847741,ESCOLA MUNICIPAL MARIA FELIPA,"CONJUNTO HABITACIONAL BOM DESPACHO, S/N - ZONA URBANA",BOM DESPACHO,44460000,-12.9292529,-38.6255791,369,Com acessibilidade,2026-09-22 11:10:00,845432025875441207002080
UE2015 (Anterior),ITAPARICA,141,139,1777355,BIBLIOTECA JURACY MAGALHÃES JÚNIOR,"RUA RUI BARBOSA, S/N. - ZONA URBANA",CENTRO,44460000,-12.8841912,-38.6822872,252,Com acessibilidade,2026-09-22 11:23:00,451593746436358594229283
UE2015 (Anterior),ITAPARICA,141,148,1821765,ESCOLA MUNICIPAL ANTONIETA MARIA DA CONCEIÇÃO DE OLIVEIRA,"RUA JOÃO MARTINS NONATO, S/N - ZONA RURAL",DISTRITO DE MANGUINHOS,44460000,-12.9055076,-38.6353107,212,Com acessibilidade,2026-09-22 11:34:00,7048255691069709811077
UE2015 (Anterior),ITAPARICA,141,149,1764770,ESCOLA MUNICIPAL ANTÔNIO CARLOS MAGALHÃES,"AVENIDA ANTÔNIO CARLOS MAGALHÃES , S/N. - ZONA URBANA",ALTO DAS POMBAS,44460000,-12.8953809,-38.6790797,329,Com acessibilidade,2026-09-22 11:44:00,704018065661857013857367
UE2015 (Anterior),ITAPARICA,141,151,1764874,ESCOLA MUNICIPAL SÉRVULO THIAGO DE SANTANA,"RUA SÃO ROQUE, S/N. - ZONA RURAL",DISTRITO DA MISERICÓRDIA,44460000,-12.9285667,-38.664825,395,Com acessibilidade,2026-09-22 11:56:00,108058653901483797003322
UE2015 (Anterior),ITAPARICA,141,153,1794256,ESCOLA MUNICIPAL DOUTOR JOSÉ VIANA SAMPAIO,"ESTRADA DA RODAGEM, S/N. - ZONA RURAL",BARRO BRANCO,44460000,-12.9062383,-38.6678617,347,Com acessibilidade,2026-09-22 12:07:00,926240690883031575871848
UE2015 (Anterior),ITAPARICA,141,154,1753781,ESCOLA MUNICIPAL MARIA AMÉLIA SANTOS,"RUA DA RODAGEM, S/N. - ZONA RURAL",LARGO DO SENHOR DO BONFIM,44460000,-12.894264,-38.6748967,320,Com acessibilidade,2026-09-22 12:19:00,259573131116592416404023
UE2015 (Anterior),ITAPARICA,141,155,1772511,ESCOLA MUNICIPAL PROFESSOR EDILSON SOUTO FREIRE,"LOTEAMENTO NOVA ITAPARICA, S/N. - ZONA URBANA",ALTO DE SANTO ANTÔNIO,44460000,-12.8889432,-38.6768311,392,Com acessibilidade,2026-09-22 13:28:00,502098495841976794194754
UE2015 (Anterior),ITAPARICA,141,156,1762043,ESCOLA MUNICIPAL ANTÔNIO CARLOS MAGALHÃES,"AVENIDA ANTÔNIO CARLOS MAGALHÃES , S/N. - ZONA URBANA",ALTO DAS POMBAS,44460000,-12.8953809,-38.6790797,337,Com acessibilidade,2026-09-22 13:38:00,57553151896618153118404
UE2015 (Anterior),ITAPARICA,141,157,1773004,ESCOLA MUNICIPAL MARIA FELIPA,"CONJUNTO HABITACIONAL BOM DESPACHO, S/N - ZONA URBANA",BOM DESPACHO,44460000,-12.9292529,-38.6255791,369,Com acessibilidade,2026-09-22 13:48:00,360684573427019267088086
UE2015 (Anterior),ITAPARICA,141,164,1761971,ESCOLA MUNICIPAL MARIA AMÉLIA SANTOS,"RUA DA RODAGEM, S/N. - ZONA RURAL",LARGO DO SENHOR DO BONFIM,44460000,-12.894264,-38.6748967,313,Com acessibilidade,2026-09-22 14:02:00,855533806776833840228220
UE2015 (Anterior),ITAPARICA,141,165,1771190,ESCOLA MUNICIPAL ANTÔNIO CARLOS MAGALHÃES,"AVENIDA ANTÔNIO CARLOS MAGALHÃES , S/N. - ZONA URBANA",ALTO DAS POMBAS,44460000,-12.8953809,-38.6790797,331,Com acessibilidade,2026-09-22 14:14:00,37351095394249655508308
UE2015 (Anterior),ITAPARICA,141,167,1752184,ESCOLA MUNICIPAL MARIA FELIPA,"CONJUNTO HABITACIONAL BOM DESPACHO, S/N - ZONA URBANA",BOM DESPACHO,44460000,-12.9292529,-38.6255791,372,Com acessibilidade,2026-09-22 14:26:00,370785659928815365651173
UE2015 (Anterior),ITAPARICA,141,171,1821261,ESCOLA MUNICIPAL MARIA FELIPA,"CONJUNTO HABITACIONAL BOM DESPACHO, S/N - ZONA URBANA",BOM DESPACHO,44460000,-12.9292529,-38.6255791,370,Sem acessibilidade,2026-09-22 14:36:00,875735567278406361347106
UE2015 (Anterior),ITAPARICA,141,174,1810722,ESCOLA MUNICIPAL MARIA AMÉLIA SANTOS,"RUA DA RODAGEM, S/N. - ZONA RURAL",LARGO DO SENHOR DO BONFIM,44460000,-12.894264,-38.6748967,297,Sem acessibilidade,2026-09-22 14:46:00,926240945783542694051093
UE2015 (Anterior),ITAPARICA,141,175,1844064,ESCOLA MUNICIPAL ANTÔNIO CARLOS MAGALHÃES,"AVENIDA ANTÔNIO CARLOS MAGALHÃES , S/N. - ZONA URBANA",ALTO DAS POMBAS,44460000,-12.8953809,-38.6790797,331,Sem acessibilidade,2026-09-22 14:56:00,219169346812923436717208
UE2015 (Anterior),ITAPARICA,141,178,1836469,ESCOLA MUNICIPAL DOUTOR JOSÉ VIANA SAMPAIO,"ESTRADA DA RODAGEM, S/N. - ZONA RURAL",BARRO BRANCO,44460000,-12.9062383,-38.6678617,129,Sem acessibilidade,2026-09-22 15:11:00,946442402185053084365142
UE2015 (Anterior),ITUBERÁ,32,1,1776085,ESCOLA MUNICIPAL DE ENSINO FUNDAMENTAL LUÍZA MARIA,"AV. DUQUE DE CAXIAS, S/N, CENTRO - ZONA URBANA",CENTRO,45435000,-13.7331708,-39.1471548,252,Sem acessibilidade,2026-10-01 09:15:00,747517859616274266991071
UE2015 (Anterior),ITUBERÁ,32,2,1781303,ESCOLA MUNICIPAL DE ENSINO FUNDAMENTAL LUÍZA MARIA,"AV. DUQUE DE CAXIAS, S/N, CENTRO - ZONA URBANA",CENTRO,45435000,-13.7331708,-39.1471548,252,Sem acessibilidade,2026-10-01 09:27:00,848527068726609525706066
UE2015 (Anterior),ITUBERÁ,32,3,1803625,ESCOLA MUNICIPAL DE ENSINO FUNDAMENTAL LUÍZA MARIA,"AV. DUQUE DE CAXIAS, S/N, CENTRO - ZONA URBANA",CENTRO,45435000,-13.7331708,-39.1471548,248,Sem acessibilidade,2026-10-01 09:36:00,30446360445810747629620
UE2015 (Anterior),ITUBERÁ,32,4,1777628,ESCOLA MUNICIPAL DE ENSINO FUNDAMENTAL LUÍZA MARIA,"AV. DUQUE DE CAXIAS, S/N, CENTRO - ZONA URBANA",CENTRO,45435000,-13.7331708,-39.1471548,249,Sem acessibilidade,2026-10-01 09:52:00,111254554553797113474080
UE2015 (Anterior),ITUBERÁ,32,5,1784697,PRESIDENTE ROOSEVELT,"AV. DUQUE DE CAXIAS, S/N, CENTRO - ZONA URBANA",CENTRO,45435000,-13.7327155,-39.1473096,298,Sem acessibilidade,2026-10-01 10:02:00,929335477834238280919413
UE2015 (Anterior),ITUBERÁ,32,6,1762150,PRESIDENTE ROOSEVELT,"AV. DUQUE DE CAXIAS, S/N, CENTRO - ZONA URBANA",CENTRO,45435000,-13.7327155,-39.1473096,291,Com acessibilidade,2026-10-01 10:13:00,151658811957624069253999
UE2015 (Anterior),ITUBERÁ,32,7,1760962,PRESIDENTE ROOSEVELT,"AV. DUQUE DE CAXIAS, S/N, CENTRO - ZONA URBANA",CENTRO,45435000,-13.7327155,-39.1473096,296,Sem acessibilidade,2026-10-01 10:22:00,949537716536431976079232
UE2015 (Anterior),ITUBERÁ,32,8,1767631,PRESIDENTE ROOSEVELT,"AV. DUQUE DE CAXIAS, S/N, CENTRO - ZONA URBANA",CENTRO,45435000,-13.7327155,-39.1473096,297,Sem acessibilidade,2026-10-01 10:31:00,50648937647560194293632
UE2015 (Anterior),ITUBERÁ,32,9,1769528,COLEGIO ESTADUAL IDELZITO ELOY DE ABREU,"RUA DR JOY LEITE CAIRO, S/N, ÍNDIOS - ZONA URBANA",NORBERTO ODEBRECHT,45435000,-13.727804,-39.143229,203,Sem acessibilidade,2026-10-01 10:40:00,303173296472833193470853
UE2015 (Anterior),ITUBERÁ,32,10,1770431,COLEGIO ESTADUAL IDELZITO ELOY DE ABREU,"RUA DR JOY LEITE CAIRO, S/N, ÍNDIOS - ZONA URBANA",NORBERTO ODEBRECHT,45435000,-13.727804,-39.143229,202,Sem acessibilidade,2026-10-01 10:50:00,70850141249692650203500
UE2015 (Anterior),ITUBERÁ,32,11,1790372,COLEGIO ESTADUAL IDELZITO ELOY DE ABREU,"RUA DR JOY LEITE CAIRO, S/N, ÍNDIOS - ZONA URBANA",NORBERTO ODEBRECHT,45435000,-13.727804,-39.143229,203,Sem acessibilidade,2026-10-01 10:59:00,616204793403860491891760
UE2015 (Anterior),ITUBERÁ,32,12,1770070,COLEGIO ESTADUAL IDELZITO ELOY DE ABREU,"RUA DR JOY LEITE CAIRO, S/N, ÍNDIOS - ZONA URBANA",NORBERTO ODEBRECHT,45435000,-13.727804,-39.143229,204,Sem acessibilidade,2026-10-01 11:10:00,252668543767626796383160
UE2015 (Anterior),ITUBERÁ,32,13,1772680,COLEGIO ESTADUAL IDELZITO ELOY DE ABREU,"RUA DR JOY LEITE CAIRO, S/N, ÍNDIOS - ZONA URBANA",NORBERTO ODEBRECHT,45435000,-13.727804,-39.143229,201,Sem acessibilidade,2026-10-01 11:19:00,626305024504627770799334
UE2015 (Anterior),ITUBERÁ,32,14,1765425,COLEGIO ESTADUAL IDELZITO ELOY DE ABREU,"RUA DR JOY LEITE CAIRO, S/N, ÍNDIOS - ZONA URBANA",NORBERTO ODEBRECHT,45435000,-13.727804,-39.143229,203,Sem acessibilidade,2026-10-01 11:28:00,313274829573338312459691
UE2015 (Anterior),ITUBERÁ,32,16,1770573,EMEF MARECHAL COSTA E SILVA,"RUA EUTRÓPIO HENRIQUE DOS ANJOS, SN, NORBERTO ODEBRECHT  - ZONA URBANA",NORBERTO ODEBRECHT,45435000,-13.7303399,-39.1434825,301,Sem acessibilidade,2026-10-01 11:38:00,50648787947161056352940
UE2015 (Anterior),ITUBERÁ,32,17,1762725,EMEF MARECHAL COSTA E SILVA,"RUA EUTRÓPIO HENRIQUE DOS ANJOS, SN, NORBERTO ODEBRECHT  - ZONA URBANA",NORBERTO ODEBRECHT,45435000,-13.7303399,-39.1434825,301,Sem acessibilidade,2026-10-01 11:48:00,252668098367453476343254
UE2015 (Anterior),ITUBERÁ,32,18,1757619,EMEF - HORÁCIO DE MATOS JUNIOR,"AV ROSENTINO BOTELHO DE ASSUNÇÃO FILHO, SN, ÍNDIOS - ZONA URBANA",NORBERTO ODEBRECHT,45435000,-13.7273715,-39.1450019,254,Sem acessibilidade,2026-10-01 11:59:00,181961132860545296368524
UE2015 (Anterior),ITUBERÁ,32,19,1795548,EMEF - HORÁCIO DE MATOS JUNIOR,"AV ROSENTINO BOTELHO DE ASSUNÇÃO FILHO, SN, ÍNDIOS - ZONA URBANA",NORBERTO ODEBRECHT,45435000,-13.7273715,-39.1450019,254,Sem acessibilidade,2026-10-01 12:09:00,242567307766264366858426
UE2015 (Anterior),ITUBERÁ,32,20,1769619,EMEF - MARIA LÚCIA DE SOUZA LOPES,"AVENIDA DUQUE DE CAXIAS, S/N, CENTRO - ZONA URBANA",CENTRO,45435000,-13.7335431,-39.1470072,291,Sem acessibilidade,2026-10-01 12:19:00,636406770205744229175632
UE2015 (Anterior),ITUBERÁ,32,21,1770525,EMEF - MARIA LÚCIA DE SOUZA LOPES,"AVENIDA DUQUE DE CAXIAS, S/N, CENTRO - ZONA URBANA",CENTRO,45435000,-13.7335431,-39.1470072,291,Sem acessibilidade,2026-10-01 12:28:00,808123051722938517099582
UE2015 (Anterior),ITUBERÁ,32,22,1766956,PRESIDENTE ROOSEVELT,"AV. DUQUE DE CAXIAS, S/N, CENTRO - ZONA URBANA",CENTRO,45435000,-13.7327155,-39.1473096,293,Sem acessibilidade,2026-10-01 12:37:00,818224173123966449785465
UE2015 (Anterior),ITUBERÁ,32,23,1838833,EMEF - NELSON DAVID RIBEIRO,"RUA SANTO ANDRÉ, S/N, JAMBEIRO - ZONA URBANA",JAMBEIRO,45435000,-13.741405,-39.1497893,354,Sem acessibilidade,2026-10-01 12:46:00,919234387733088895648414
UE2015 (Anterior),ITUBERÁ,32,24,1832738,EMEF PROFª MARIA AMÉLIA DA SILVA ASSUNÇÃO,"RUA EDES VIEIRA DO AMARAL, S/N, PINA - ZONA URBANA",PINA,45435000,-13.742244,-39.1474339,321,Sem acessibilidade,2026-10-01 12:57:00,808123385022136190538918
UE2015 (Anterior),ITUBERÁ,32,25,1825848,EMEF - MARIA LÚCIA DE SOUZA LOPES,"AVENIDA DUQUE DE CAXIAS, S/N, CENTRO - ZONA URBANA",CENTRO,45435000,-13.7335431,-39.1470072,291,Sem acessibilidade,2026-10-01 13:16:00,141557831856156807963419
UE2015 (Anterior),ITUBERÁ,32,26,1825054,PRESIDENTE ROOSEVELT,"AV. DUQUE DE CAXIAS, S/N, CENTRO - ZONA URBANA",CENTRO,45435000,-13.7327155,-39.1473096,294,Sem acessibilidade,2026-10-01 13:25:00,555698357897580176193798
UE2015 (Anterior),ITUBERÁ,32,27,1768710,EMEF - HÉLIO NUNES DE MORAES,"PRAÇA DE SANTANA, S/N, ITAJAÍ - ZONA RURAL",VILA DE ITAJAÍ,45435000,-13.7576654,-39.1541712,387,Sem acessibilidade,2026-10-01 13:34:00,222365137864277655318813
UE2015 (Anterior),ITUBERÁ,32,28,1795248,EMEF - HÉLIO NUNES DE MORAES,"PRAÇA DE SANTANA, S/N, ITAJAÍ - ZONA RURAL",VILA DE ITAJAÍ,45435000,-13.7576654,-39.1541712,392,Sem acessibilidade,2026-10-01 13:47:00,323375346474671127963180
UE2015 (Anterior),ITUBERÁ,32,29,1771205,ESCOLA MUNICIPAL JESUÍNO BERNABÉ DOS SANTOS,NÚCLEO COLONIAL DE ITUBERÁ - ZONA RURAL,NÚCLEO COLONIAL DE ITUBERÁ,45435000,-13.7321144,-39.1459231,250,Sem acessibilidade,2026-10-01 13:59:00,656608786807238365311596
UE2015 (Anterior),ITUBERÁ,32,30,1767492,ESCOLA MUNICIPAL JESUÍNO BERNABÉ DOS SANTOS,NÚCLEO COLONIAL DE ITUBERÁ - ZONA RURAL,NÚCLEO COLONIAL DE ITUBERÁ,45435000,-13.7321144,-39.1459231,248,Sem acessibilidade,2026-10-01 14:08:00,383981597080555867653713
UE2015 (Anterior),ITUBERÁ,32,31,1835317,EMEF ZUMIRA SANTOS,"RUA RAIMUNDO COSME MAGALHÃES MÁRQUES, S/N, SÃO LUIS - ZONA URBANA",SÃO LUIZ,45435000,-13.7324734,-39.1549807,362,Sem acessibilidade,2026-10-01 14:16:00,515294838993638207002246
UE2015 (Anterior),ITUBERÁ,32,32,1822985,ESCOLA MUNICIPAL ARISTIDES NOVÍS,"RODOVIA BA-001 ITUBERA/NILO, S/N, POVOADO DE ITABEROÊ - ZONA RURAL",POVOADO ITABEROÊ,45435000,-13.6794526,-39.1262642,372,Sem acessibilidade,2026-10-01 14:25:00,222365652364363422777049
UE2015 (Anterior),ITUBERÁ,32,33,1781848,ESCOLA MUNICIPAL SANTO ANTÔNIO,POVOADO DO RIO DO CAMPO - ZONA RURAL,POVOADO RIO DO CAMPO,45435000,-13.7430769,-39.052395,237,Sem acessibilidade,2026-10-01 14:58:00,545597088196166929557988
UE2015 (Anterior),ITUBERÁ,32,34,1760380,ESCOLA MUNICIPAL SENHOR DO BOMFIM,POVOADO DA BARRA DE SERINHAEM - ZONA RURAL,POVOADO BARRA DE SERINHAEM,45435000,-13.8431663,-39.0097852,370,Sem acessibilidade,2026-10-01 15:08:00,818224461423099352401160
UE2015 (Anterior),ITUBERÁ,32,44,1808574,ESCOLA MUNICIPAL DE ENSINO FUNDAMENTAL LUÍZA MARIA,"AV. DUQUE DE CAXIAS, S/N, CENTRO - ZONA URBANA",CENTRO,45435000,-13.7331708,-39.1471548,251,Sem acessibilidade,2026-10-01 09:22:00,979840698258385686164453
UE2015 (Anterior),ITUBERÁ,32,45,1841031,ESCOLA MUNICIPAL DE ENSINO FUNDAMENTAL LUÍZA MARIA,"AV. DUQUE DE CAXIAS, S/N, CENTRO - ZONA URBANA",CENTRO,45435000,-13.7331708,-39.1471548,251,Sem acessibilidade,2026-10-01 09:31:00,575800401718001784892791
UE2015 (Anterior),ITUBERÁ,32,46,1821855,EMEF PROFª SÔNIA MARIA AZEVEDO DE JESUS,"AV. JAIME LEITE CAIRO, S/N, SÃO VICENTE - ZONA URBANA",ÍNDIOS,45435000,-13.729158,-39.1464425,140,Sem acessibilidade,2026-10-01 09:40:00,111254056372565406418124
UE2015 (Anterior),ITUBERÁ,32,47,1785937,EMEF - MARIA LÚCIA DE SOUZA LOPES,"AVENIDA DUQUE DE CAXIAS, S/N, CENTRO - ZONA URBANA",CENTRO,45435000,-13.7335431,-39.1470072,304,Sem acessibilidade,2026-10-01 09:50:00,363779418697906285541437
UE2015 (Anterior),ITUBERÁ,32,48,1763319,EMEF ZUMIRA SANTOS,"RUA RAIMUNDO COSME MAGALHÃES MÁRQUES, S/N, SÃO LUIS - ZONA URBANA",SÃO LUIZ,45435000,-13.7324734,-39.1549807,357,Sem acessibilidade,2026-10-01 10:02:00,101153267471412030041887
UE2015 (Anterior),ITUBERÁ,32,51,1764644,EMEF - JAIME LEITE CAIRO,"RUA PRINCIPAL, S/N, VILA SANTO ANDRÉ - ZONA URBANA",VILA DE SANTO ANDRÉ,45435000,-13.7269859,-39.150172,286,Sem acessibilidade,2026-10-01 10:13:00,787921246039253670925487
UE2015 (Anterior),ITUBERÁ,32,52,1825601,EMEF PROFª SÔNIA MARIA AZEVEDO DE JESUS,"AV. JAIME LEITE CAIRO, S/N, SÃO VICENTE - ZONA URBANA",ÍNDIOS,45435000,-13.729158,-39.1464425,281,Sem acessibilidade,2026-10-01 10:21:00,727315295533148940234482
UE2015 (Anterior),ITUBERÁ,32,53,1757726,EMEF - NELSON DAVID RIBEIRO,"RUA SANTO ANDRÉ, S/N, JAMBEIRO - ZONA URBANA",JAMBEIRO,45435000,-13.741405,-39.1497893,355,Sem acessibilidade,2026-10-01 10:30:00,676810356828116182687308
UE2015 (Anterior),ITUBERÁ,32,58,1815588,EMEF PROFª MARIA AMÉLIA DA SILVA ASSUNÇÃO,"RUA EDES VIEIRA DO AMARAL, S/N, PINA - ZONA URBANA",PINA,45435000,-13.742244,-39.1474339,318,Sem acessibilidade,2026-10-01 10:41:00,293072524590894558035328
UE2015 (Anterior),ITUBERÁ,32,59,1770713,PRESIDENTE ROOSEVELT,"AV. DUQUE DE CAXIAS, S/N, CENTRO - ZONA URBANA",CENTRO,45435000,-13.7327155,-39.1473096,206,Sem acessibilidade,2026-10-01 10:51:00,353678695796047226682886
UE2015 (Anterior),ITUBERÁ,32,60,1831298,EMEF PROFª SÔNIA MARIA AZEVEDO DE JESUS,"AV. JAIME LEITE CAIRO, S/N, SÃO VICENTE - ZONA URBANA",ÍNDIOS,45435000,-13.729158,-39.1464425,280,Sem acessibilidade,2026-10-01 11:02:00,91052510170514628757315
UE2015 (Anterior),ITUBERÁ,32,62,1772483,COLEGIO ESTADUAL IDELZITO ELOY DE ABREU,"RUA DR JOY LEITE CAIRO, S/N, ÍNDIOS - ZONA URBANA",NORBERTO ODEBRECHT,45435000,-13.727804,-39.143229,203,Sem acessibilidade,2026-10-01 11:11:00,70850710368519084705399
UE2015 (Anterior),ITUBERÁ,32,63,1794928,EMEF - MARECHAL CASTELO BRANCO,"RUA ADONIAS DE CASTRO VIRGENS, S/N, PRAINHA II  - ZONA URBANA",PRAINHA III,45435000,-13.7466595,-39.1516903,353,Sem acessibilidade,2026-10-01 11:21:00,20345775263551312273058
UE2015 (Anterior),ITUBERÁ,32,64,1793258,PRESIDENTE ROOSEVELT,"AV. DUQUE DE CAXIAS, S/N, CENTRO - ZONA URBANA",CENTRO,45435000,-13.7327155,-39.1473096,296,Sem acessibilidade,2026-10-01 11:32:00,858628711046542818756221
UE2015 (Anterior),ITUBERÁ,32,65,1770555,EMEF - JAIME LEITE CAIRO,"RUA PRINCIPAL, S/N, VILA SANTO ANDRÉ - ZONA URBANA",VILA DE SANTO ANDRÉ,45435000,-13.7269859,-39.150172,287,Sem acessibilidade,2026-10-01 11:40:00,606103573021249412710797
UE2015 (Anterior),ITUBERÁ,32,66,1770007,PRESIDENTE ROOSEVELT,"AV. DUQUE DE CAXIAS, S/N, CENTRO - ZONA URBANA",CENTRO,45435000,-13.7327155,-39.1473096,292,Sem acessibilidade,2026-10-01 11:50:00,343577423295078130816453
UE2015 (Anterior),ITUBERÁ,32,67,1765735,COLEGIO ESTADUAL IDELZITO ELOY DE ABREU,"RUA DR JOY LEITE CAIRO, S/N, ÍNDIOS - ZONA URBANA",NORBERTO ODEBRECHT,45435000,-13.727804,-39.143229,201,Sem acessibilidade,2026-10-01 12:00:00,323375512893713880321784
UE2015 (Anterior),ITUBERÁ,32,126,1844089,COLEGIO ESTADUAL IDELZITO ELOY DE ABREU,"RUA DR JOY LEITE CAIRO, S/N, ÍNDIOS - ZONA URBANA",NORBERTO ODEBRECHT,45435000,-13.727804,-39.143229,201,Sem acessibilidade,2026-10-01 12:12:00,585901477219209378054117
UE2015 (Anterior),ITUBERÁ,32,127,1766299,ESCOLA MUNICIPAL JESUÍNO BERNABÉ DOS SANTOS,NÚCLEO COLONIAL DE ITUBERÁ - ZONA RURAL,NÚCLEO COLONIAL DE ITUBERÁ,45435000,-13.7321144,-39.1459231,250,Sem acessibilidade,2026-10-01 12:23:00,949537946655726155883624
UE2015 (Anterior),ITUBERÁ,32,128,1795175,EMEF - MARECHAL CASTELO BRANCO,"RUA ADONIAS DE CASTRO VIRGENS, S/N, PRAINHA II  - ZONA URBANA",PRAINHA III,45435000,-13.7466595,-39.1516903,351,Sem acessibilidade,2026-10-01 12:32:00,525395638313321025984742
UE2015 (Anterior),ITUBERÁ,32,129,1837169,COLEGIO ESTADUAL IDELZITO ELOY DE ABREU,"RUA DR JOY LEITE CAIRO, S/N, ÍNDIOS - ZONA URBANA",NORBERTO ODEBRECHT,45435000,-13.727804,-39.143229,200,Sem acessibilidade,2026-10-01 12:41:00,737416958834552779197746
UE2015 (Anterior),ITUBERÁ,32,143,1765746,PRESIDENTE ROOSEVELT,"AV. DUQUE DE CAXIAS, S/N, CENTRO - ZONA URBANA",CENTRO,45435000,-13.7327155,-39.1473096,207,Sem acessibilidade,2026-10-01 12:50:00,717214418732557103481073
UE2015 (Anterior),ITUBERÁ,32,145,1750709,PRESIDENTE ROOSEVELT,"AV. DUQUE DE CAXIAS, S/N, CENTRO - ZONA URBANA",CENTRO,45435000,-13.7327155,-39.1473096,206,Sem acessibilidade,2026-10-01 13:04:00,454688378806233483678664
UE2015 (Anterior),ITUBERÁ,32,146,1810213,CMEI - EMILIA RODRIGUES CAIRO,"RUA ADONIAS DE CASTRO VIRGENS, S/N, PRAINHA II - ZONA URBANA",PRAINHA II,45435000,-13.7467372,-39.151562,213,Sem acessibilidade,2026-10-01 13:14:00,20345053063895065899958
UE2015 (Anterior),ITUBERÁ,32,147,1772037,PRESIDENTE ROOSEVELT,"AV. DUQUE DE CAXIAS, S/N, CENTRO - ZONA URBANA",CENTRO,45435000,-13.7327155,-39.1473096,206,Sem acessibilidade,2026-10-01 13:23:00,717214852032608285468915
UE2015 (Anterior),ITUBERÁ,32,153,1780891,CMEI - EMILIA RODRIGUES CAIRO,"RUA ADONIAS DE CASTRO VIRGENS, S/N, PRAINHA II - ZONA URBANA",PRAINHA II,45435000,-13.7467372,-39.151562,213,Sem acessibilidade,2026-10-01 13:31:00,636406407324478211220018
UE2015 (Anterior),ITUBERÁ,32,154,1764762,EMEF PROFª MARIA AMÉLIA DA SILVA ASSUNÇÃO,"RUA EDES VIEIRA DO AMARAL, S/N, PINA - ZONA URBANA",PINA,45435000,-13.742244,-39.1474339,318,Sem acessibilidade,2026-10-01 13:42:00,424385303503422081899781
UE2015 (Anterior),ITUBERÁ,32,155,1824037,EMEF - HÉLIO NUNES DE MORAES,"PRAÇA DE SANTANA, S/N, ITAJAÍ - ZONA RURAL",VILA DE ITAJAÍ,45435000,-13.7576654,-39.1541712,390,Sem acessibilidade,2026-10-01 13:51:00,121355113173149767775440
UE2015 (Anterior),ITUBERÁ,32,156,1777739,EMEF - JAIME LEITE CAIRO,"RUA PRINCIPAL, S/N, VILA SANTO ANDRÉ - ZONA URBANA",VILA DE SANTO ANDRÉ,45435000,-13.7269859,-39.150172,286,Sem acessibilidade,2026-10-01 14:00:00,121355227373735069669032
UE2015 (Anterior),ITUBERÁ,32,163,1832190,CMEI - EMILIA RODRIGUES CAIRO,"RUA ADONIAS DE CASTRO VIRGENS, S/N, PRAINHA II - ZONA URBANA",PRAINHA II,45435000,-13.7467372,-39.151562,212,Sem acessibilidade,2026-10-01 14:09:00,414284256302652286082583
UE2015 (Anterior),ITUBERÁ,32,202,1834953,EMEF MARECHAL COSTA E SILVA,"RUA EUTRÓPIO HENRIQUE DOS ANJOS, SN, NORBERTO ODEBRECHT  - ZONA URBANA",NORBERTO ODEBRECHT,45435000,-13.7303399,-39.1434825,302,Sem acessibilidade,2026-10-01 14:18:00,707113104931960169868201
UE2015 (Anterior),ITUBERÁ,32,209,1751349,EMEF - HORÁCIO DE MATOS JUNIOR,"AV ROSENTINO BOTELHO DE ASSUNÇÃO FILHO, SN, ÍNDIOS - ZONA URBANA",NORBERTO ODEBRECHT,45435000,-13.7273715,-39.1450019,254,Sem acessibilidade,2026-10-01 14:28:00,737416904134089164848747
UE2015 (Anterior),JABORANDI,61,40,1756921,COLEGIO ESTADUAL NECY NOVAIS,RUA NECY NOVAES - ZONA URBANA,CENTRO,47655000,-13.6245819,-44.4684744,376,Com acessibilidade,2026-09-28 08:12:00,143867427528129542557707
UE2015 (Anterior),JABORANDI,61,41,1811004,COLEGIO ESTADUAL NECY NOVAIS,RUA NECY NOVAES - ZONA URBANA,CENTRO,47655000,-13.6245819,-44.4684744,376,Com acessibilidade,2026-09-28 08:13:00,679120068802727067052867
UE2015 (Anterior),JABORANDI,61,42,1769904,COLEGIO ESTADUAL NECY NOVAIS,RUA NECY NOVAES - ZONA URBANA,CENTRO,47655000,-13.6245819,-44.4684744,376,Com acessibilidade,2026-09-28 08:24:00,658918156979868183421202
UE2015 (Anterior),JABORANDI,61,43,1751263,ESCOLA MARIA APARECIDA REGO MOURA ALENCAR,AVENIDA 12 DE MAIO,CENTRO,47655000,-13.6257709,-44.4641401,341,Com acessibilidade,2026-09-28 08:23:00,608413218995744822219737
UE2015 (Anterior),JABORANDI,61,44,1842100,PREDIO ESCOLAR MUNICIPAL DE GATOS,PRACA DA IGREJA - ZONA RURAL           ,POVOADO GATOS,47655000,-13.7090933,-44.6341017,319,Sem acessibilidade,2026-09-28 10:12:00,598312319394761013404049
UE2015 (Anterior),JABORANDI,61,45,1837218,ESCOLA PIO XII,POVOADO ARRODEADOR - ZONA RURAL,POVOADO ARRODEADOR,47655000,-13.66914,-44.5577983,277,Com acessibilidade,2026-09-28 08:34:00,881241714602180489350899
UE2015 (Anterior),JABORANDI,61,46,1771537,ESCOLA PIO XII,POVOADO ARRODEADOR - ZONA RURAL,POVOADO ARRODEADOR,47655000,-13.66914,-44.5577983,278,Com acessibilidade,2026-09-28 08:44:00,214574159635605160783707
UE2015 (Anterior),JABORANDI,61,47,1778533,POSTO DE ATENDIMENTO ZÉ ALVES - POSTO DE SAÚDE,LOTEAMENTO AGROPECUARIO DO FORMOSO - ZONA RURAL,FAZENDA ZE ALVES,47655000,-13.494795,-44.26842,338,Sem acessibilidade,2026-09-28 08:44:00,507403555285897751711389
UE2015 (Anterior),JABORANDI,61,48,1771431,POSTO DE ATENDIMENTO ZÉ ALVES - POSTO DE SAÚDE,LOTEAMENTO AGROPECUARIO DO FORMOSO - ZONA RURAL,FAZENDA ZE ALVES,47655000,-13.494795,-44.26842,343,Sem acessibilidade,2026-09-28 08:55:00,22655181637576742074972
UE2015 (Anterior),JABORANDI,61,49,1765786,PREDIO ESCOLAR 15 DE NOVEMBRO,"PRACA DA IGREJA, S/N - ZONA RURAL",POVOADO SAO MANOEL DE CIMA,47655000,-13.4745916,-44.49692,228,Sem acessibilidade,2026-09-28 08:55:00,618514882175169211977781
UE2015 (Anterior),JABORANDI,61,50,1834737,PREDIO ESCOLAR 15 DE NOVEMBRO,"PRACA DA IGREJA, S/N - ZONA RURAL",POVOADO SAO MANOEL DE CIMA,47655000,-13.4745916,-44.49692,228,Sem acessibilidade,2026-09-28 09:05:00,820635176196034821866611
UE2015 (Anterior),JABORANDI,61,51,1824143,ESCOLA MARIA APARECIDA REGO MOURA ALENCAR,AVENIDA 12 DE MAIO,CENTRO,47655000,-13.6257709,-44.4641401,343,Com acessibilidade,2026-09-28 09:05:00,254978712660464081816366
UE2015 (Anterior),JABORANDI,61,52,1837053,ESCOLA MARIA APARECIDA REGO MOURA ALENCAR,AVENIDA 12 DE MAIO,CENTRO,47655000,-13.6257709,-44.4641401,341,Com acessibilidade,2026-09-28 09:15:00,133766705648439189517034
UE2015 (Anterior),JABORANDI,61,53,1835889,MARIA DO SOCORRO PEREIRA DE MATOS ,RUA ARATICON ALTO PARAÍSO- ZONA URBANA,CENTRO,47656782,-13.6174821,-44.4646639,352,Com acessibilidade,2026-09-28 09:15:00,234776919137534504100909
UE2015 (Anterior),JABORANDI,61,54,1769809,MARIA DO SOCORRO PEREIRA DE MATOS ,RUA ARATICON ALTO PARAÍSO- ZONA URBANA,CENTRO,47656782,-13.6174821,-44.4646639,372,Com acessibilidade,2026-09-28 10:52:00,366089157871892176124129
UE2015 (Anterior),JABORANDI,61,55,1764378,MARIA DO SOCORRO PEREIRA DE MATOS ,RUA ARATICON ALTO PARAÍSO- ZONA URBANA,CENTRO,47656782,-13.6174821,-44.4646639,363,Com acessibilidade,2026-09-28 11:00:00,770130670791822316028256
UE2015 (Anterior),JABORANDI,61,56,1765758,MARIA DO SOCORRO PEREIRA DE MATOS ,RUA ARATICON ALTO PARAÍSO- ZONA URBANA,CENTRO,47656782,-13.6174821,-44.4646639,367,Com acessibilidade,2026-09-28 11:03:00,22655034737286942206879
UE2015 (Anterior),JABORANDI,61,57,1791734,ESCOLA PIO XII,POVOADO ARRODEADOR - ZONA RURAL,POVOADO ARRODEADOR,47655000,-13.66914,-44.5577983,279,Com acessibilidade,2026-09-28 11:10:00,153968279929294062521987
UE2015 (Anterior),JABORANDI,61,58,1826011,PREDIO ESCOLAR 15 DE NOVEMBRO,"PRACA DA IGREJA, S/N - ZONA RURAL",POVOADO SAO MANOEL DE CIMA,47655000,-13.4745916,-44.49692,227,Sem acessibilidade,2026-09-28 11:12:00,648817872599920092050153
UE2015 (Anterior),JABORANDI,61,59,1753625,PREDIO ESCOLAR DA BARRIGUDA,POVOADO BARRIGUDA - ZONA RURAL,POVOADO BARRIGUDA,47655000,-13.4325352,-44.4249774,278,Sem acessibilidade,2026-09-28 11:20:00,325685668146552118460042
UE2015 (Anterior),JABORANDI,61,60,1789337,PREDIO ESCOLAR DA BARRIGUDA,POVOADO BARRIGUDA - ZONA RURAL,POVOADO BARRIGUDA,47655000,-13.4325352,-44.4249774,279,Sem acessibilidade,2026-09-28 11:21:00,547807969889845753320307
UE2015 (Anterior),JABORANDI,61,61,1773116,PREDIO ESCOLAR PADRE VICTOR,POVOADO BREJAO - ZONA RURAL,POVOADO BREJAO,47655000,-14.0990045,-45.6143488,223,Sem acessibilidade,2026-09-28 11:30:00,487201018262803958487067
UE2015 (Anterior),JABORANDI,61,62,1780046,PREDIO ESCOLAR DE SANTA CLARA,POVOADO SANTA CLARA - ZONA RURAL,POVOADO SANTA CLARA,47655000,-13.4149089,-44.2711471,193,Sem acessibilidade,2026-09-28 11:31:00,749827381809134335064328
UE2015 (Anterior),JABORANDI,61,64,1765464,PREDIO ESCOLAR PADRE VICTOR,POVOADO BREJAO - ZONA RURAL,POVOADO BREJAO,47655000,-14.0990045,-45.6143488,222,Sem acessibilidade,2026-09-28 11:42:00,861039728500411750323674
UE2015 (Anterior),JABORANDI,61,65,1763250,COLÉGIO CARLOS CHAGAS,"RUA JOAQUIM CARVALHO, S/N - ZONA URBANA",CENTRO,47655000,-13.6219033,-44.467295,332,Com acessibilidade,2026-09-28 11:42:00,568009537691118603217817
UE2015 (Anterior),JABORANDI,61,66,1807611,PREDIO ESCOLAR PADRE VICTOR,POVOADO BREJAO - ZONA RURAL,POVOADO BREJAO,47655000,-14.0990045,-45.6143488,226,Sem acessibilidade,2026-09-28 11:54:00,790332876914579789673792
UE2015 (Anterior),JABORANDI,61,105,1764499,COLEGIO ESTADUAL NECY NOVAIS,RUA NECY NOVAES - ZONA URBANA,CENTRO,47655000,-13.6245819,-44.4684744,376,Sem acessibilidade,2026-09-28 11:54:00,790332434793575055459445
UE2015 (Anterior),JABORANDI,61,108,1788560,MARIA DO SOCORRO PEREIRA DE MATOS ,RUA ARATICON ALTO PARAÍSO- ZONA URBANA,CENTRO,47656782,-13.6174821,-44.4646639,356,Com acessibilidade,2026-09-28 12:03:00,749827719309119986533544
UE2015 (Anterior),JABORANDI,61,119,1824882,ESCOLA MUNICIPAL 19 DE NOVEMBRO,POVOADO BARBOSA - ZONA RURAL,POVOADO BARBOSA,47655000,-13.4932183,-44.397445,239,Sem acessibilidade,2026-09-28 12:04:00,113564269625555276163233
UE2015 (Anterior),JABORANDI,61,123,1752023,MARIA DO SOCORRO PEREIRA DE MATOS ,RUA ARATICON ALTO PARAÍSO- ZONA URBANA,CENTRO,47656782,-13.6174821,-44.4646639,360,Com acessibilidade,2026-09-28 12:14:00,164069729651693184146454
UE2015 (Anterior),JABORANDI,61,139,1764174,ESCOLA MARIA APARECIDA REGO MOURA ALENCAR,AVENIDA 12 DE MAIO,CENTRO,47655000,-13.6257709,-44.4641401,336,Com acessibilidade,2026-09-28 12:15:00,749827035488347018622779
UE2015 (Anterior),JABORANDI,61,140,1810684,POSTO DE SAÚDE SR.NINO PLANALTO,POVOADO DO PLANALTO,JABORANDI,47655000,-13.6051341,-44.5100904,230,Sem acessibilidade,2026-09-28 12:24:00,73160444942693625267023
UE2015 (Anterior),JABORANDI,61,141,1790597,COLÉGIO CARLOS CHAGAS,"RUA JOAQUIM CARVALHO, S/N - ZONA URBANA",CENTRO,47655000,-13.6219033,-44.467295,142,Sem acessibilidade,2026-09-28 12:26:00,133766616727899420756841
UE2015 (Anterior),JABORANDI,61,142,1807047,MARIA DO SOCORRO PEREIRA DE MATOS ,RUA ARATICON ALTO PARAÍSO- ZONA URBANA,CENTRO,47656782,-13.6174821,-44.4646639,282,Sem acessibilidade,2026-09-28 12:34:00,153968745050860292017043
UE2015 (Anterior),JAGUARIPE,30,80,1766804,ESCOLA MUNICIPAL MUNIZ BARRETO,AVENIDA DA RENOVAÇÃO - ZONA URBANA,CENTRO,44480000,-13.1151381,-38.8912919,296,Com acessibilidade,2026-09-25 09:11:00,583879142869338369510420
UE2015 (Anterior),JAGUARIPE,30,81,1765454,ESCOLA MUNICIPAL MUNIZ BARRETO,AVENIDA DA RENOVAÇÃO - ZONA URBANA,CENTRO,44480000,-13.1151381,-38.8912919,317,Com acessibilidade,2026-09-25 09:20:00,149435810225916233849723
UE2015 (Anterior),JAGUARIPE,30,82,1778075,ESCOLA MUNICIPAL MUNIZ BARRETO,AVENIDA DA RENOVAÇÃO - ZONA URBANA,CENTRO,44480000,-13.1151381,-38.8912919,313,Com acessibilidade,2026-09-25 09:30:00,452566237456319285610081
UE2015 (Anterior),JAGUARIPE,30,83,1808694,ESCOLA ESTADUAL ARISTIDES MALTEZ,RUA NOVA DO AREAL - ZONA URBANA,CENTRO,44480000,-13.1153572,-38.8934203,348,Com acessibilidade,2026-09-25 09:38:00,270748164138691569030107
UE2015 (Anterior),JAGUARIPE,30,84,1771646,ESCOLA ESTADUAL ARISTIDES MALTEZ,RUA NOVA DO AREAL - ZONA URBANA,CENTRO,44480000,-13.1153572,-38.8934203,350,Com acessibilidade,2026-09-25 09:47:00,624283624673065517265705
UE2015 (Anterior),JAGUARIPE,30,85,1842475,ESCOLA ESTADUAL ARISTIDES MALTEZ,RUA NOVA DO AREAL - ZONA URBANA,CENTRO,44480000,-13.1153572,-38.8934203,345,Com acessibilidade,2026-09-25 09:57:00,876708986498406374752293
